type,id,addr,size,len,wstrb
AR,0,0x30000000,64,1,
AR,0,0x30000800,64,1,
AR,0,0x30001000,64,1,
AR,0,0x30001800,64,1,
AR,0,0x30002000,64,1,
AR,0,0x30002800,64,1,
AR,0,0x30003000,64,1,
AR,0,0x30003800,64,1,
AR,0,0x30004000,64,1,
AR,0,0x30004800,64,1,
AR,0,0x30005000,64,1,
AR,0,0x30005800,64,1,
AR,0,0x30006000,64,1,
AR,0,0x30006800,64,1,
AR,0,0x30007000,64,1,
AR,0,0x30007800,64,1,
AR,0,0x30008000,64,1,
AR,0,0x30008800,64,1,
AR,0,0x30009000,64,1,
AR,0,0x30009800,64,1,
AR,0,0x3000A000,64,1,
AR,0,0x3000A800,64,1,
AR,0,0x3000B000,64,1,
AR,0,0x3000B800,64,1,
AR,0,0x3000C000,64,1,
AR,0,0x3000C800,64,1,
AR,0,0x3000D000,64,1,
AR,0,0x3000D800,64,1,
AR,0,0x3000E000,64,1,
AR,0,0x3000E800,64,1,
AR,0,0x3000F000,64,1,
AR,0,0x3000F800,64,1,
AR,0,0x30010000,64,1,
AR,0,0x30010800,64,1,
AR,0,0x30011000,64,1,
AR,0,0x30011800,64,1,
AR,0,0x30012000,64,1,
AR,0,0x30012800,64,1,
AR,0,0x30013000,64,1,
AR,0,0x30013800,64,1,
AR,0,0x30014000,64,1,
AR,0,0x30014800,64,1,
AR,0,0x30015000,64,1,
AR,0,0x30015800,64,1,
AR,0,0x30016000,64,1,
AR,0,0x30016800,64,1,
AR,0,0x30017000,64,1,
AR,0,0x30017800,64,1,
AR,0,0x30018000,64,1,
AR,0,0x30018800,64,1,
AR,0,0x30019000,64,1,
AR,0,0x30019800,64,1,
AR,0,0x3001A000,64,1,
AR,0,0x3001A800,64,1,
AR,0,0x3001B000,64,1,
AR,0,0x3001B800,64,1,
AR,0,0x3001C000,64,1,
AR,0,0x3001C800,64,1,
AR,0,0x3001D000,64,1,
AR,0,0x3001D800,64,1,
AR,0,0x3001E000,64,1,
AR,0,0x3001E800,64,1,
AR,0,0x3001F000,64,1,
AR,0,0x3001F800,64,1,
AR,0,0x30020000,64,1,
AR,0,0x30020800,64,1,
AR,0,0x30021000,64,1,
AR,0,0x30021800,64,1,
AR,0,0x30022000,64,1,
AR,0,0x30022800,64,1,
AR,0,0x30023000,64,1,
AR,0,0x30023800,64,1,
AR,0,0x30024000,64,1,
AR,0,0x30024800,64,1,
AR,0,0x30025000,64,1,
AR,0,0x30025800,64,1,
AR,0,0x30026000,64,1,
AR,0,0x30026800,64,1,
AR,0,0x30027000,64,1,
AR,0,0x30027800,64,1,
AR,0,0x30028000,64,1,
AR,0,0x30028800,64,1,
AR,0,0x30029000,64,1,
AR,0,0x30029800,64,1,
AR,0,0x3002A000,64,1,
AR,0,0x3002A800,64,1,
AR,0,0x3002B000,64,1,
AR,0,0x3002B800,64,1,
AR,0,0x3002C000,64,1,
AR,0,0x3002C800,64,1,
AR,0,0x3002D000,64,1,
AR,0,0x3002D800,64,1,
AR,0,0x3002E000,64,1,
AR,0,0x3002E800,64,1,
AR,0,0x3002F000,64,1,
AR,0,0x3002F800,64,1,
AR,0,0x30030000,64,1,
AR,0,0x30030800,64,1,
AR,0,0x30031000,64,1,
AR,0,0x30031800,64,1,
AR,0,0x30032000,64,1,
AR,0,0x30032800,64,1,
AR,0,0x30033000,64,1,
AR,0,0x30033800,64,1,
AR,0,0x30034000,64,1,
AR,0,0x30034800,64,1,
AR,0,0x30035000,64,1,
AR,0,0x30035800,64,1,
AR,0,0x30036000,64,1,
AR,0,0x30036800,64,1,
AR,0,0x30037000,64,1,
AR,0,0x30037800,64,1,
AR,0,0x30038000,64,1,
AR,0,0x30038800,64,1,
AR,0,0x30039000,64,1,
AR,0,0x30039800,64,1,
AR,0,0x3003A000,64,1,
AR,0,0x3003A800,64,1,
AR,0,0x3003B000,64,1,
AR,0,0x3003B800,64,1,
AR,0,0x3003C000,64,1,
AR,0,0x3003C800,64,1,
AR,0,0x3003D000,64,1,
AR,0,0x3003D800,64,1,
AR,0,0x3003E000,64,1,
AR,0,0x3003E800,64,1,
AR,0,0x3003F000,64,1,
AR,0,0x3003F800,64,1,
AR,0,0x30040000,64,1,
AR,0,0x30040800,64,1,
AR,0,0x30041000,64,1,
AR,0,0x30041800,64,1,
AR,0,0x30042000,64,1,
AR,0,0x30042800,64,1,
AR,0,0x30043000,64,1,
AR,0,0x30043800,64,1,
AR,0,0x30044000,64,1,
AR,0,0x30044800,64,1,
AR,0,0x30045000,64,1,
AR,0,0x30045800,64,1,
AR,0,0x30046000,64,1,
AR,0,0x30046800,64,1,
AR,0,0x30047000,64,1,
AR,0,0x30047800,64,1,
AR,0,0x30048000,64,1,
AR,0,0x30048800,64,1,
AR,0,0x30049000,64,1,
AR,0,0x30049800,64,1,
AR,0,0x3004A000,64,1,
AR,0,0x3004A800,64,1,
AR,0,0x3004B000,64,1,
AR,0,0x3004B800,64,1,
AR,0,0x3004C000,64,1,
AR,0,0x3004C800,64,1,
AR,0,0x3004D000,64,1,
AR,0,0x3004D800,64,1,
AR,0,0x3004E000,64,1,
AR,0,0x3004E800,64,1,
AR,0,0x3004F000,64,1,
AR,0,0x3004F800,64,1,
AR,0,0x30050000,64,1,
AR,0,0x30050800,64,1,
AR,0,0x30051000,64,1,
AR,0,0x30051800,64,1,
AR,0,0x30052000,64,1,
AR,0,0x30052800,64,1,
AR,0,0x30053000,64,1,
AR,0,0x30053800,64,1,
AR,0,0x30054000,64,1,
AR,0,0x30054800,64,1,
AR,0,0x30055000,64,1,
AR,0,0x30055800,64,1,
AR,0,0x30056000,64,1,
AR,0,0x30056800,64,1,
AR,0,0x30057000,64,1,
AR,0,0x30057800,64,1,
AR,0,0x30058000,64,1,
AR,0,0x30058800,64,1,
AR,0,0x30059000,64,1,
AR,0,0x30059800,64,1,
AR,0,0x3005A000,64,1,
AR,0,0x3005A800,64,1,
AR,0,0x3005B000,64,1,
AR,0,0x3005B800,64,1,
AR,0,0x3005C000,64,1,
AR,0,0x3005C800,64,1,
AR,0,0x3005D000,64,1,
AR,0,0x3005D800,64,1,
AR,0,0x3005E000,64,1,
AR,0,0x3005E800,64,1,
AR,0,0x3005F000,64,1,
AR,0,0x3005F800,64,1,
AR,0,0x30060000,64,1,
AR,0,0x30060800,64,1,
AR,0,0x30061000,64,1,
AR,0,0x30061800,64,1,
AR,0,0x30062000,64,1,
AR,0,0x30062800,64,1,
AR,0,0x30063000,64,1,
AR,0,0x30063800,64,1,
AR,0,0x30064000,64,1,
AR,0,0x30064800,64,1,
AR,0,0x30065000,64,1,
AR,0,0x30065800,64,1,
AR,0,0x30066000,64,1,
AR,0,0x30066800,64,1,
AR,0,0x30067000,64,1,
AR,0,0x30067800,64,1,
AR,0,0x30068000,64,1,
AR,0,0x30068800,64,1,
AR,0,0x30069000,64,1,
AR,0,0x30069800,64,1,
AR,0,0x3006A000,64,1,
AR,0,0x3006A800,64,1,
AR,0,0x3006B000,64,1,
AR,0,0x3006B800,64,1,
AR,0,0x3006C000,64,1,
AR,0,0x3006C800,64,1,
AR,0,0x3006D000,64,1,
AR,0,0x3006D800,64,1,
AR,0,0x3006E000,64,1,
AR,0,0x3006E800,64,1,
AR,0,0x3006F000,64,1,
AR,0,0x3006F800,64,1,
AR,0,0x30070000,64,1,
AR,0,0x30070800,64,1,
AR,0,0x30071000,64,1,
AR,0,0x30071800,64,1,
AR,0,0x30072000,64,1,
AR,0,0x30072800,64,1,
AR,0,0x30073000,64,1,
AR,0,0x30073800,64,1,
AR,0,0x30074000,64,1,
AR,0,0x30074800,64,1,
AR,0,0x30075000,64,1,
AR,0,0x30075800,64,1,
AR,0,0x30076000,64,1,
AR,0,0x30076800,64,1,
AR,0,0x30077000,64,1,
AR,0,0x30077800,64,1,
AR,0,0x30078000,64,1,
AR,0,0x30078800,64,1,
AR,0,0x30079000,64,1,
AR,0,0x30079800,64,1,
AR,0,0x3007A000,64,1,
AR,0,0x3007A800,64,1,
AR,0,0x3007B000,64,1,
AR,0,0x3007B800,64,1,
AR,0,0x3007C000,64,1,
AR,0,0x3007C800,64,1,
AR,0,0x3007D000,64,1,
AR,0,0x3007D800,64,1,
AR,0,0x3007E000,64,1,
AR,0,0x3007E800,64,1,
AR,0,0x3007F000,64,1,
AR,0,0x3007F800,64,1,
AR,0,0x30080000,64,1,
AR,0,0x30080800,64,1,
AR,0,0x30081000,64,1,
AR,0,0x30081800,64,1,
AR,0,0x30082000,64,1,
AR,0,0x30082800,64,1,
AR,0,0x30083000,64,1,
AR,0,0x30083800,64,1,
AR,0,0x30084000,64,1,
AR,0,0x30084800,64,1,
AR,0,0x30085000,64,1,
AR,0,0x30085800,64,1,
AR,0,0x30086000,64,1,
AR,0,0x30086800,64,1,
AR,0,0x30087000,64,1,
AR,0,0x30087800,64,1,
AR,0,0x30088000,64,1,
AR,0,0x30088800,64,1,
AR,0,0x30089000,64,1,
AR,0,0x30089800,64,1,
AR,0,0x3008A000,64,1,
AR,0,0x3008A800,64,1,
AR,0,0x3008B000,64,1,
AR,0,0x3008B800,64,1,
AR,0,0x3008C000,64,1,
AR,0,0x3008C800,64,1,
AR,0,0x3008D000,64,1,
AR,0,0x3008D800,64,1,
AR,0,0x3008E000,64,1,
AR,0,0x3008E800,64,1,
AR,0,0x3008F000,64,1,
AR,0,0x3008F800,64,1,
AR,0,0x30090000,64,1,
AR,0,0x30090800,64,1,
AR,0,0x30091000,64,1,
AR,0,0x30091800,64,1,
AR,0,0x30092000,64,1,
AR,0,0x30092800,64,1,
AR,0,0x30093000,64,1,
AR,0,0x30093800,64,1,
AR,0,0x30094000,64,1,
AR,0,0x30094800,64,1,
AR,0,0x30095000,64,1,
AR,0,0x30095800,64,1,
AR,0,0x30096000,64,1,
AR,0,0x30096800,64,1,
AR,0,0x30097000,64,1,
AR,0,0x30097800,64,1,
AR,0,0x30098000,64,1,
AR,0,0x30098800,64,1,
AR,0,0x30099000,64,1,
AR,0,0x30099800,64,1,
AR,0,0x3009A000,64,1,
AR,0,0x3009A800,64,1,
AR,0,0x3009B000,64,1,
AR,0,0x3009B800,64,1,
AR,0,0x3009C000,64,1,
AR,0,0x3009C800,64,1,
AR,0,0x3009D000,64,1,
AR,0,0x3009D800,64,1,
AR,0,0x3009E000,64,1,
AR,0,0x3009E800,64,1,
AR,0,0x3009F000,64,1,
AR,0,0x3009F800,64,1,
AR,0,0x300A0000,64,1,
AR,0,0x300A0800,64,1,
AR,0,0x300A1000,64,1,
AR,0,0x300A1800,64,1,
AR,0,0x300A2000,64,1,
AR,0,0x300A2800,64,1,
AR,0,0x300A3000,64,1,
AR,0,0x300A3800,64,1,
AR,0,0x300A4000,64,1,
AR,0,0x300A4800,64,1,
AR,0,0x300A5000,64,1,
AR,0,0x300A5800,64,1,
AR,0,0x300A6000,64,1,
AR,0,0x300A6800,64,1,
AR,0,0x300A7000,64,1,
AR,0,0x300A7800,64,1,
AR,0,0x300A8000,64,1,
AR,0,0x300A8800,64,1,
AR,0,0x300A9000,64,1,
AR,0,0x300A9800,64,1,
AR,0,0x300AA000,64,1,
AR,0,0x300AA800,64,1,
AR,0,0x300AB000,64,1,
AR,0,0x300AB800,64,1,
AR,0,0x300AC000,64,1,
AR,0,0x300AC800,64,1,
AR,0,0x300AD000,64,1,
AR,0,0x300AD800,64,1,
AR,0,0x300AE000,64,1,
AR,0,0x300AE800,64,1,
AR,0,0x300AF000,64,1,
AR,0,0x300AF800,64,1,
AR,0,0x300B0000,64,1,
AR,0,0x300B0800,64,1,
AR,0,0x300B1000,64,1,
AR,0,0x300B1800,64,1,
AR,0,0x300B2000,64,1,
AR,0,0x300B2800,64,1,
AR,0,0x300B3000,64,1,
AR,0,0x300B3800,64,1,
AR,0,0x300B4000,64,1,
AR,0,0x300B4800,64,1,
AR,0,0x300B5000,64,1,
AR,0,0x300B5800,64,1,
AR,0,0x300B6000,64,1,
AR,0,0x300B6800,64,1,
AR,0,0x300B7000,64,1,
AR,0,0x300B7800,64,1,
AR,0,0x300B8000,64,1,
AR,0,0x300B8800,64,1,
AR,0,0x300B9000,64,1,
AR,0,0x300B9800,64,1,
AR,0,0x300BA000,64,1,
AR,0,0x300BA800,64,1,
AR,0,0x300BB000,64,1,
AR,0,0x300BB800,64,1,
AR,0,0x300BC000,64,1,
AR,0,0x300BC800,64,1,
AR,0,0x300BD000,64,1,
AR,0,0x300BD800,64,1,
AR,0,0x300BE000,64,1,
AR,0,0x300BE800,64,1,
AR,0,0x300BF000,64,1,
AR,0,0x300BF800,64,1,
AR,0,0x300C0000,64,1,
AR,0,0x300C0800,64,1,
AR,0,0x300C1000,64,1,
AR,0,0x300C1800,64,1,
AR,0,0x300C2000,64,1,
AR,0,0x300C2800,64,1,
AR,0,0x300C3000,64,1,
AR,0,0x300C3800,64,1,
AR,0,0x300C4000,64,1,
AR,0,0x300C4800,64,1,
AR,0,0x300C5000,64,1,
AR,0,0x300C5800,64,1,
AR,0,0x300C6000,64,1,
AR,0,0x300C6800,64,1,
AR,0,0x300C7000,64,1,
AR,0,0x300C7800,64,1,
AR,0,0x300C8000,64,1,
AR,0,0x300C8800,64,1,
AR,0,0x300C9000,64,1,
AR,0,0x300C9800,64,1,
AR,0,0x300CA000,64,1,
AR,0,0x300CA800,64,1,
AR,0,0x300CB000,64,1,
AR,0,0x300CB800,64,1,
AR,0,0x300CC000,64,1,
AR,0,0x300CC800,64,1,
AR,0,0x300CD000,64,1,
AR,0,0x300CD800,64,1,
AR,0,0x300CE000,64,1,
AR,0,0x300CE800,64,1,
AR,0,0x300CF000,64,1,
AR,0,0x300CF800,64,1,
AR,0,0x300D0000,64,1,
AR,0,0x300D0800,64,1,
AR,0,0x300D1000,64,1,
AR,0,0x300D1800,64,1,
AR,0,0x300D2000,64,1,
AR,0,0x300D2800,64,1,
AR,0,0x300D3000,64,1,
AR,0,0x300D3800,64,1,
AR,0,0x300D4000,64,1,
AR,0,0x300D4800,64,1,
AR,0,0x300D5000,64,1,
AR,0,0x300D5800,64,1,
AR,0,0x300D6000,64,1,
AR,0,0x300D6800,64,1,
AR,0,0x300D7000,64,1,
AR,0,0x300D7800,64,1,
AR,0,0x300D8000,64,1,
AR,0,0x300D8800,64,1,
AR,0,0x300D9000,64,1,
AR,0,0x300D9800,64,1,
AR,0,0x300DA000,64,1,
AR,0,0x300DA800,64,1,
AR,0,0x300DB000,64,1,
AR,0,0x300DB800,64,1,
AR,0,0x300DC000,64,1,
AR,0,0x300DC800,64,1,
AR,0,0x300DD000,64,1,
AR,0,0x300DD800,64,1,
AR,0,0x300DE000,64,1,
AR,0,0x300DE800,64,1,
AR,0,0x300DF000,64,1,
AR,0,0x300DF800,64,1,
AR,0,0x300E0000,64,1,
AR,0,0x300E0800,64,1,
AR,0,0x300E1000,64,1,
AR,0,0x300E1800,64,1,
AR,0,0x300E2000,64,1,
AR,0,0x300E2800,64,1,
AR,0,0x300E3000,64,1,
AR,0,0x300E3800,64,1,
AR,0,0x300E4000,64,1,
AR,0,0x300E4800,64,1,
AR,0,0x300E5000,64,1,
AR,0,0x300E5800,64,1,
AR,0,0x300E6000,64,1,
AR,0,0x300E6800,64,1,
AR,0,0x300E7000,64,1,
AR,0,0x300E7800,64,1,
AR,0,0x300E8000,64,1,
AR,0,0x300E8800,64,1,
AR,0,0x300E9000,64,1,
AR,0,0x300E9800,64,1,
AR,0,0x300EA000,64,1,
AR,0,0x300EA800,64,1,
AR,0,0x300EB000,64,1,
AR,0,0x300EB800,64,1,
AR,0,0x300EC000,64,1,
AR,0,0x300EC800,64,1,
AR,0,0x300ED000,64,1,
AR,0,0x300ED800,64,1,
AR,0,0x300EE000,64,1,
AR,0,0x300EE800,64,1,
AR,0,0x300EF000,64,1,
AR,0,0x300EF800,64,1,
AR,0,0x300F0000,64,1,
AR,0,0x300F0800,64,1,
AR,0,0x300F1000,64,1,
AR,0,0x300F1800,64,1,
AR,0,0x300F2000,64,1,
AR,0,0x300F2800,64,1,
AR,0,0x300F3000,64,1,
AR,0,0x300F3800,64,1,
AR,0,0x300F4000,64,1,
AR,0,0x300F4800,64,1,
AR,0,0x300F5000,64,1,
AR,0,0x300F5800,64,1,
AR,0,0x300F6000,64,1,
AR,0,0x300F6800,64,1,
AR,0,0x300F7000,64,1,
AR,0,0x300F7800,64,1,
AR,0,0x300F8000,64,1,
AR,0,0x300F8800,64,1,
AR,0,0x300F9000,64,1,
AR,0,0x300F9800,64,1,
AR,0,0x300FA000,64,1,
AR,0,0x300FA800,64,1,
AR,0,0x300FB000,64,1,
AR,0,0x300FB800,64,1,
AR,0,0x300FC000,64,1,
AR,0,0x300FC800,64,1,
AR,0,0x300FD000,64,1,
AR,0,0x300FD800,64,1,
AR,0,0x300FE000,64,1,
AR,0,0x300FE800,64,1,
AR,0,0x300FF000,64,1,
AR,0,0x300FF800,64,1,
AR,0,0x30100000,64,1,
AR,0,0x30100800,64,1,
AR,0,0x30101000,64,1,
AR,0,0x30101800,64,1,
AR,0,0x30102000,64,1,
AR,0,0x30102800,64,1,
AR,0,0x30103000,64,1,
AR,0,0x30103800,64,1,
AR,0,0x30104000,64,1,
AR,0,0x30104800,64,1,
AR,0,0x30105000,64,1,
AR,0,0x30105800,64,1,
AR,0,0x30106000,64,1,
AR,0,0x30106800,64,1,
AR,0,0x30107000,64,1,
AR,0,0x30107800,64,1,
AR,0,0x30108000,64,1,
AR,0,0x30108800,64,1,
AR,0,0x30109000,64,1,
AR,0,0x30109800,64,1,
AR,0,0x3010A000,64,1,
AR,0,0x3010A800,64,1,
AR,0,0x3010B000,64,1,
AR,0,0x3010B800,64,1,
AR,0,0x3010C000,64,1,
AR,0,0x3010C800,64,1,
AR,0,0x3010D000,64,1,
AR,0,0x3010D800,64,1,
AR,0,0x3010E000,64,1,
AR,0,0x3010E800,64,1,
AR,0,0x3010F000,64,1,
AR,0,0x3010F800,64,1,
AR,0,0x30110000,64,1,
AR,0,0x30110800,64,1,
AR,0,0x30111000,64,1,
AR,0,0x30111800,64,1,
AR,0,0x30112000,64,1,
AR,0,0x30112800,64,1,
AR,0,0x30113000,64,1,
AR,0,0x30113800,64,1,
AR,0,0x30114000,64,1,
AR,0,0x30114800,64,1,
AR,0,0x30115000,64,1,
AR,0,0x30115800,64,1,
AR,0,0x30116000,64,1,
AR,0,0x30116800,64,1,
AR,0,0x30117000,64,1,
AR,0,0x30117800,64,1,
AR,0,0x30118000,64,1,
AR,0,0x30118800,64,1,
AR,0,0x30119000,64,1,
AR,0,0x30119800,64,1,
AR,0,0x3011A000,64,1,
AR,0,0x3011A800,64,1,
AR,0,0x3011B000,64,1,
AR,0,0x3011B800,64,1,
AR,0,0x3011C000,64,1,
AR,0,0x3011C800,64,1,
AR,0,0x3011D000,64,1,
AR,0,0x3011D800,64,1,
AR,0,0x3011E000,64,1,
AR,0,0x3011E800,64,1,
AR,0,0x3011F000,64,1,
AR,0,0x3011F800,64,1,
AR,0,0x30120000,64,1,
AR,0,0x30120800,64,1,
AR,0,0x30121000,64,1,
AR,0,0x30121800,64,1,
AR,0,0x30122000,64,1,
AR,0,0x30122800,64,1,
AR,0,0x30123000,64,1,
AR,0,0x30123800,64,1,
AR,0,0x30124000,64,1,
AR,0,0x30124800,64,1,
AR,0,0x30125000,64,1,
AR,0,0x30125800,64,1,
AR,0,0x30126000,64,1,
AR,0,0x30126800,64,1,
AR,0,0x30127000,64,1,
AR,0,0x30127800,64,1,
AR,0,0x30128000,64,1,
AR,0,0x30128800,64,1,
AR,0,0x30129000,64,1,
AR,0,0x30129800,64,1,
AR,0,0x3012A000,64,1,
AR,0,0x3012A800,64,1,
AR,0,0x3012B000,64,1,
AR,0,0x3012B800,64,1,
AR,0,0x3012C000,64,1,
AR,0,0x3012C800,64,1,
AR,0,0x3012D000,64,1,
AR,0,0x3012D800,64,1,
AR,0,0x3012E000,64,1,
AR,0,0x3012E800,64,1,
AR,0,0x3012F000,64,1,
AR,0,0x3012F800,64,1,
AR,0,0x30130000,64,1,
AR,0,0x30130800,64,1,
AR,0,0x30131000,64,1,
AR,0,0x30131800,64,1,
AR,0,0x30132000,64,1,
AR,0,0x30132800,64,1,
AR,0,0x30133000,64,1,
AR,0,0x30133800,64,1,
AR,0,0x30134000,64,1,
AR,0,0x30134800,64,1,
AR,0,0x30135000,64,1,
AR,0,0x30135800,64,1,
AR,0,0x30136000,64,1,
AR,0,0x30136800,64,1,
AR,0,0x30137000,64,1,
AR,0,0x30137800,64,1,
AR,0,0x30138000,64,1,
AR,0,0x30138800,64,1,
AR,0,0x30139000,64,1,
AR,0,0x30139800,64,1,
AR,0,0x3013A000,64,1,
AR,0,0x3013A800,64,1,
AR,0,0x3013B000,64,1,
AR,0,0x3013B800,64,1,
AR,0,0x3013C000,64,1,
AR,0,0x3013C800,64,1,
AR,0,0x3013D000,64,1,
AR,0,0x3013D800,64,1,
AR,0,0x3013E000,64,1,
AR,0,0x3013E800,64,1,
AR,0,0x3013F000,64,1,
AR,0,0x3013F800,64,1,
AR,0,0x30140000,64,1,
AR,0,0x30140800,64,1,
AR,0,0x30141000,64,1,
AR,0,0x30141800,64,1,
AR,0,0x30142000,64,1,
AR,0,0x30142800,64,1,
AR,0,0x30143000,64,1,
AR,0,0x30143800,64,1,
AR,0,0x30144000,64,1,
AR,0,0x30144800,64,1,
AR,0,0x30145000,64,1,
AR,0,0x30145800,64,1,
AR,0,0x30146000,64,1,
AR,0,0x30146800,64,1,
AR,0,0x30147000,64,1,
AR,0,0x30147800,64,1,
AR,0,0x30148000,64,1,
AR,0,0x30148800,64,1,
AR,0,0x30149000,64,1,
AR,0,0x30149800,64,1,
AR,0,0x3014A000,64,1,
AR,0,0x3014A800,64,1,
AR,0,0x3014B000,64,1,
AR,0,0x3014B800,64,1,
AR,0,0x3014C000,64,1,
AR,0,0x3014C800,64,1,
AR,0,0x3014D000,64,1,
AR,0,0x3014D800,64,1,
AR,0,0x3014E000,64,1,
AR,0,0x3014E800,64,1,
AR,0,0x3014F000,64,1,
AR,0,0x3014F800,64,1,
AR,0,0x30150000,64,1,
AR,0,0x30150800,64,1,
AR,0,0x30151000,64,1,
AR,0,0x30151800,64,1,
AR,0,0x30152000,64,1,
AR,0,0x30152800,64,1,
AR,0,0x30153000,64,1,
AR,0,0x30153800,64,1,
AR,0,0x30154000,64,1,
AR,0,0x30154800,64,1,
AR,0,0x30155000,64,1,
AR,0,0x30155800,64,1,
AR,0,0x30156000,64,1,
AR,0,0x30156800,64,1,
AR,0,0x30157000,64,1,
AR,0,0x30157800,64,1,
AR,0,0x30158000,64,1,
AR,0,0x30158800,64,1,
AR,0,0x30159000,64,1,
AR,0,0x30159800,64,1,
AR,0,0x3015A000,64,1,
AR,0,0x3015A800,64,1,
AR,0,0x3015B000,64,1,
AR,0,0x3015B800,64,1,
AR,0,0x3015C000,64,1,
AR,0,0x3015C800,64,1,
AR,0,0x3015D000,64,1,
AR,0,0x3015D800,64,1,
AR,0,0x3015E000,64,1,
AR,0,0x3015E800,64,1,
AR,0,0x3015F000,64,1,
AR,0,0x3015F800,64,1,
AR,0,0x30160000,64,1,
AR,0,0x30160800,64,1,
AR,0,0x30161000,64,1,
AR,0,0x30161800,64,1,
AR,0,0x30162000,64,1,
AR,0,0x30162800,64,1,
AR,0,0x30163000,64,1,
AR,0,0x30163800,64,1,
AR,0,0x30164000,64,1,
AR,0,0x30164800,64,1,
AR,0,0x30165000,64,1,
AR,0,0x30165800,64,1,
AR,0,0x30166000,64,1,
AR,0,0x30166800,64,1,
AR,0,0x30167000,64,1,
AR,0,0x30167800,64,1,
AR,0,0x30168000,64,1,
AR,0,0x30168800,64,1,
AR,0,0x30169000,64,1,
AR,0,0x30169800,64,1,
AR,0,0x3016A000,64,1,
AR,0,0x3016A800,64,1,
AR,0,0x3016B000,64,1,
AR,0,0x3016B800,64,1,
AR,0,0x3016C000,64,1,
AR,0,0x3016C800,64,1,
AR,0,0x3016D000,64,1,
AR,0,0x3016D800,64,1,
AR,0,0x3016E000,64,1,
AR,0,0x3016E800,64,1,
AR,0,0x3016F000,64,1,
AR,0,0x3016F800,64,1,
AR,0,0x30170000,64,1,
AR,0,0x30170800,64,1,
AR,0,0x30171000,64,1,
AR,0,0x30171800,64,1,
AR,0,0x30172000,64,1,
AR,0,0x30172800,64,1,
AR,0,0x30173000,64,1,
AR,0,0x30173800,64,1,
AR,0,0x30174000,64,1,
AR,0,0x30174800,64,1,
AR,0,0x30175000,64,1,
AR,0,0x30175800,64,1,
AR,0,0x30176000,64,1,
AR,0,0x30176800,64,1,
AR,0,0x30177000,64,1,
AR,0,0x30177800,64,1,
AR,0,0x30178000,64,1,
AR,0,0x30178800,64,1,
AR,0,0x30179000,64,1,
AR,0,0x30179800,64,1,
AR,0,0x3017A000,64,1,
AR,0,0x3017A800,64,1,
AR,0,0x3017B000,64,1,
AR,0,0x3017B800,64,1,
AR,0,0x3017C000,64,1,
AR,0,0x3017C800,64,1,
AR,0,0x3017D000,64,1,
AR,0,0x3017D800,64,1,
AR,0,0x3017E000,64,1,
AR,0,0x3017E800,64,1,
AR,0,0x3017F000,64,1,
AR,0,0x3017F800,64,1,
AR,0,0x30180000,64,1,
AR,0,0x30180800,64,1,
AR,0,0x30181000,64,1,
AR,0,0x30181800,64,1,
AR,0,0x30182000,64,1,
AR,0,0x30182800,64,1,
AR,0,0x30183000,64,1,
AR,0,0x30183800,64,1,
AR,0,0x30184000,64,1,
AR,0,0x30184800,64,1,
AR,0,0x30185000,64,1,
AR,0,0x30185800,64,1,
AR,0,0x30186000,64,1,
AR,0,0x30186800,64,1,
AR,0,0x30187000,64,1,
AR,0,0x30187800,64,1,
AR,0,0x30188000,64,1,
AR,0,0x30188800,64,1,
AR,0,0x30189000,64,1,
AR,0,0x30189800,64,1,
AR,0,0x3018A000,64,1,
AR,0,0x3018A800,64,1,
AR,0,0x3018B000,64,1,
AR,0,0x3018B800,64,1,
AR,0,0x3018C000,64,1,
AR,0,0x3018C800,64,1,
AR,0,0x3018D000,64,1,
AR,0,0x3018D800,64,1,
AR,0,0x3018E000,64,1,
AR,0,0x3018E800,64,1,
AR,0,0x3018F000,64,1,
AR,0,0x3018F800,64,1,
AR,0,0x30190000,64,1,
AR,0,0x30190800,64,1,
AR,0,0x30191000,64,1,
AR,0,0x30191800,64,1,
AR,0,0x30192000,64,1,
AR,0,0x30192800,64,1,
AR,0,0x30193000,64,1,
AR,0,0x30193800,64,1,
AR,0,0x30194000,64,1,
AR,0,0x30194800,64,1,
AR,0,0x30195000,64,1,
AR,0,0x30195800,64,1,
AR,0,0x30196000,64,1,
AR,0,0x30196800,64,1,
AR,0,0x30197000,64,1,
AR,0,0x30197800,64,1,
AR,0,0x30198000,64,1,
AR,0,0x30198800,64,1,
AR,0,0x30199000,64,1,
AR,0,0x30199800,64,1,
AR,0,0x3019A000,64,1,
AR,0,0x3019A800,64,1,
AR,0,0x3019B000,64,1,
AR,0,0x3019B800,64,1,
AR,0,0x3019C000,64,1,
AR,0,0x3019C800,64,1,
AR,0,0x3019D000,64,1,
AR,0,0x3019D800,64,1,
AR,0,0x3019E000,64,1,
AR,0,0x3019E800,64,1,
AR,0,0x3019F000,64,1,
AR,0,0x3019F800,64,1,
AR,0,0x301A0000,64,1,
AR,0,0x301A0800,64,1,
AR,0,0x301A1000,64,1,
AR,0,0x301A1800,64,1,
AR,0,0x301A2000,64,1,
AR,0,0x301A2800,64,1,
AR,0,0x301A3000,64,1,
AR,0,0x301A3800,64,1,
AR,0,0x301A4000,64,1,
AR,0,0x301A4800,64,1,
AR,0,0x301A5000,64,1,
AR,0,0x301A5800,64,1,
AR,0,0x301A6000,64,1,
AR,0,0x301A6800,64,1,
AR,0,0x301A7000,64,1,
AR,0,0x301A7800,64,1,
AR,0,0x301A8000,64,1,
AR,0,0x301A8800,64,1,
AR,0,0x301A9000,64,1,
AR,0,0x301A9800,64,1,
AR,0,0x301AA000,64,1,
AR,0,0x301AA800,64,1,
AR,0,0x301AB000,64,1,
AR,0,0x301AB800,64,1,
AR,0,0x301AC000,64,1,
AR,0,0x301AC800,64,1,
AR,0,0x301AD000,64,1,
AR,0,0x301AD800,64,1,
AR,0,0x301AE000,64,1,
AR,0,0x301AE800,64,1,
AR,0,0x301AF000,64,1,
AR,0,0x301AF800,64,1,
AR,0,0x301B0000,64,1,
AR,0,0x301B0800,64,1,
AR,0,0x301B1000,64,1,
AR,0,0x301B1800,64,1,
AR,0,0x301B2000,64,1,
AR,0,0x301B2800,64,1,
AR,0,0x301B3000,64,1,
AR,0,0x301B3800,64,1,
AR,0,0x301B4000,64,1,
AR,0,0x301B4800,64,1,
AR,0,0x301B5000,64,1,
AR,0,0x301B5800,64,1,
AR,0,0x301B6000,64,1,
AR,0,0x301B6800,64,1,
AR,0,0x301B7000,64,1,
AR,0,0x301B7800,64,1,
AR,0,0x301B8000,64,1,
AR,0,0x301B8800,64,1,
AR,0,0x301B9000,64,1,
AR,0,0x301B9800,64,1,
AR,0,0x301BA000,64,1,
AR,0,0x301BA800,64,1,
AR,0,0x301BB000,64,1,
AR,0,0x301BB800,64,1,
AR,0,0x301BC000,64,1,
AR,0,0x301BC800,64,1,
AR,0,0x301BD000,64,1,
AR,0,0x301BD800,64,1,
AR,0,0x301BE000,64,1,
AR,0,0x301BE800,64,1,
AR,0,0x301BF000,64,1,
AR,0,0x301BF800,64,1,
AR,0,0x301C0000,64,1,
AR,0,0x301C0800,64,1,
AR,0,0x301C1000,64,1,
AR,0,0x301C1800,64,1,
AR,0,0x301C2000,64,1,
AR,0,0x301C2800,64,1,
AR,0,0x301C3000,64,1,
AR,0,0x301C3800,64,1,
AR,0,0x301C4000,64,1,
AR,0,0x301C4800,64,1,
AR,0,0x301C5000,64,1,
AR,0,0x301C5800,64,1,
AR,0,0x301C6000,64,1,
AR,0,0x301C6800,64,1,
AR,0,0x301C7000,64,1,
AR,0,0x301C7800,64,1,
AR,0,0x301C8000,64,1,
AR,0,0x301C8800,64,1,
AR,0,0x301C9000,64,1,
AR,0,0x301C9800,64,1,
AR,0,0x301CA000,64,1,
AR,0,0x301CA800,64,1,
AR,0,0x301CB000,64,1,
AR,0,0x301CB800,64,1,
AR,0,0x301CC000,64,1,
AR,0,0x301CC800,64,1,
AR,0,0x301CD000,64,1,
AR,0,0x301CD800,64,1,
AR,0,0x301CE000,64,1,
AR,0,0x301CE800,64,1,
AR,0,0x301CF000,64,1,
AR,0,0x301CF800,64,1,
AR,0,0x301D0000,64,1,
AR,0,0x301D0800,64,1,
AR,0,0x301D1000,64,1,
AR,0,0x301D1800,64,1,
AR,0,0x301D2000,64,1,
AR,0,0x301D2800,64,1,
AR,0,0x301D3000,64,1,
AR,0,0x301D3800,64,1,
AR,0,0x301D4000,64,1,
AR,0,0x301D4800,64,1,
AR,0,0x301D5000,64,1,
AR,0,0x301D5800,64,1,
AR,0,0x301D6000,64,1,
AR,0,0x301D6800,64,1,
AR,0,0x301D7000,64,1,
AR,0,0x301D7800,64,1,
AR,0,0x301D8000,64,1,
AR,0,0x301D8800,64,1,
AR,0,0x301D9000,64,1,
AR,0,0x301D9800,64,1,
AR,0,0x301DA000,64,1,
AR,0,0x301DA800,64,1,
AR,0,0x301DB000,64,1,
AR,0,0x301DB800,64,1,
AR,0,0x301DC000,64,1,
AR,0,0x301DC800,64,1,
AR,0,0x301DD000,64,1,
AR,0,0x301DD800,64,1,
AR,0,0x301DE000,64,1,
AR,0,0x301DE800,64,1,
AR,0,0x301DF000,64,1,
AR,0,0x301DF800,64,1,
AR,0,0x301E0000,64,1,
AR,0,0x301E0800,64,1,
AR,0,0x301E1000,64,1,
AR,0,0x301E1800,64,1,
AR,0,0x301E2000,64,1,
AR,0,0x301E2800,64,1,
AR,0,0x301E3000,64,1,
AR,0,0x301E3800,64,1,
AR,0,0x301E4000,64,1,
AR,0,0x301E4800,64,1,
AR,0,0x301E5000,64,1,
AR,0,0x301E5800,64,1,
AR,0,0x301E6000,64,1,
AR,0,0x301E6800,64,1,
AR,0,0x301E7000,64,1,
AR,0,0x301E7800,64,1,
AR,0,0x301E8000,64,1,
AR,0,0x301E8800,64,1,
AR,0,0x301E9000,64,1,
AR,0,0x301E9800,64,1,
AR,0,0x301EA000,64,1,
AR,0,0x301EA800,64,1,
AR,0,0x301EB000,64,1,
AR,0,0x301EB800,64,1,
AR,0,0x301EC000,64,1,
AR,0,0x301EC800,64,1,
AR,0,0x301ED000,64,1,
AR,0,0x301ED800,64,1,
AR,0,0x301EE000,64,1,
AR,0,0x301EE800,64,1,
AR,0,0x301EF000,64,1,
AR,0,0x301EF800,64,1,
AR,0,0x301F0000,64,1,
AR,0,0x301F0800,64,1,
AR,0,0x301F1000,64,1,
AR,0,0x301F1800,64,1,
AR,0,0x301F2000,64,1,
AR,0,0x301F2800,64,1,
AR,0,0x301F3000,64,1,
AR,0,0x301F3800,64,1,
AR,0,0x301F4000,64,1,
AR,0,0x301F4800,64,1,
AR,0,0x301F5000,64,1,
AR,0,0x301F5800,64,1,
AR,0,0x301F6000,64,1,
AR,0,0x301F6800,64,1,
AR,0,0x301F7000,64,1,
AR,0,0x301F7800,64,1,
AR,0,0x301F8000,64,1,
AR,0,0x301F8800,64,1,
AR,0,0x301F9000,64,1,
AR,0,0x301F9800,64,1,
AR,0,0x301FA000,64,1,
AR,0,0x301FA800,64,1,
AR,0,0x301FB000,64,1,
AR,0,0x301FB800,64,1,
AR,0,0x301FC000,64,1,
AR,0,0x301FC800,64,1,
AR,0,0x301FD000,64,1,
AR,0,0x301FD800,64,1,
AR,0,0x301FE000,64,1,
AR,0,0x301FE800,64,1,
AR,0,0x301FF000,64,1,
AR,0,0x301FF800,64,1,
AR,0,0x30200000,64,1,
AR,0,0x30200800,64,1,
AR,0,0x30201000,64,1,
AR,0,0x30201800,64,1,
AR,0,0x30202000,64,1,
AR,0,0x30202800,64,1,
AR,0,0x30203000,64,1,
AR,0,0x30203800,64,1,
AR,0,0x30204000,64,1,
AR,0,0x30204800,64,1,
AR,0,0x30205000,64,1,
AR,0,0x30205800,64,1,
AR,0,0x30206000,64,1,
AR,0,0x30206800,64,1,
AR,0,0x30207000,64,1,
AR,0,0x30207800,64,1,
AR,0,0x30208000,64,1,
AR,0,0x30208800,64,1,
AR,0,0x30209000,64,1,
AR,0,0x30209800,64,1,
AR,0,0x3020A000,64,1,
AR,0,0x3020A800,64,1,
AR,0,0x3020B000,64,1,
AR,0,0x3020B800,64,1,
AR,0,0x3020C000,64,1,
AR,0,0x3020C800,64,1,
AR,0,0x3020D000,64,1,
AR,0,0x3020D800,64,1,
AR,0,0x3020E000,64,1,
AR,0,0x3020E800,64,1,
AR,0,0x3020F000,64,1,
AR,0,0x3020F800,64,1,
AR,0,0x30210000,64,1,
AR,0,0x30210800,64,1,
AR,0,0x30211000,64,1,
AR,0,0x30211800,64,1,
AR,0,0x30212000,64,1,
AR,0,0x30212800,64,1,
AR,0,0x30213000,64,1,
AR,0,0x30213800,64,1,
AR,0,0x30214000,64,1,
AR,0,0x30214800,64,1,
AR,0,0x30215000,64,1,
AR,0,0x30215800,64,1,
AR,0,0x30216000,64,1,
AR,0,0x30216800,64,1,
AR,0,0x30217000,64,1,
AR,0,0x30217800,64,1,
AR,0,0x30218000,64,1,
AR,0,0x30218800,64,1,
AR,0,0x30219000,64,1,
AR,0,0x30219800,64,1,
AR,0,0x3021A000,64,1,
AR,0,0x3021A800,64,1,
AR,0,0x3021B000,64,1,
AR,0,0x3021B800,64,1,
AR,0,0x3021C000,64,1,
AR,0,0x3021C800,64,1,
AR,0,0x3021D000,64,1,
AR,0,0x3021D800,64,1,
AR,0,0x3021E000,64,1,
AR,0,0x3021E800,64,1,
AR,0,0x3021F000,64,1,
AR,0,0x3021F800,64,1,
AR,0,0x30220000,64,1,
AR,0,0x30220800,64,1,
AR,0,0x30221000,64,1,
AR,0,0x30221800,64,1,
AR,0,0x30222000,64,1,
AR,0,0x30222800,64,1,
AR,0,0x30223000,64,1,
AR,0,0x30223800,64,1,
AR,0,0x30224000,64,1,
AR,0,0x30224800,64,1,
AR,0,0x30225000,64,1,
AR,0,0x30225800,64,1,
AR,0,0x30226000,64,1,
AR,0,0x30226800,64,1,
AR,0,0x30227000,64,1,
AR,0,0x30227800,64,1,
AR,0,0x30228000,64,1,
AR,0,0x30228800,64,1,
AR,0,0x30229000,64,1,
AR,0,0x30229800,64,1,
AR,0,0x3022A000,64,1,
AR,0,0x3022A800,64,1,
AR,0,0x3022B000,64,1,
AR,0,0x3022B800,64,1,
AR,0,0x3022C000,64,1,
AR,0,0x3022C800,64,1,
AR,0,0x3022D000,64,1,
AR,0,0x3022D800,64,1,
AR,0,0x3022E000,64,1,
AR,0,0x3022E800,64,1,
AR,0,0x3022F000,64,1,
AR,0,0x3022F800,64,1,
AR,0,0x30230000,64,1,
AR,0,0x30230800,64,1,
AR,0,0x30231000,64,1,
AR,0,0x30231800,64,1,
AR,0,0x30232000,64,1,
AR,0,0x30232800,64,1,
AR,0,0x30233000,64,1,
AR,0,0x30233800,64,1,
AR,0,0x30234000,64,1,
AR,0,0x30234800,64,1,
AR,0,0x30235000,64,1,
AR,0,0x30235800,64,1,
AR,0,0x30236000,64,1,
AR,0,0x30236800,64,1,
AR,0,0x30237000,64,1,
AR,0,0x30237800,64,1,
AR,0,0x30238000,64,1,
AR,0,0x30238800,64,1,
AR,0,0x30239000,64,1,
AR,0,0x30239800,64,1,
AR,0,0x3023A000,64,1,
AR,0,0x3023A800,64,1,
AR,0,0x3023B000,64,1,
AR,0,0x3023B800,64,1,
AR,0,0x3023C000,64,1,
AR,0,0x3023C800,64,1,
AR,0,0x3023D000,64,1,
AR,0,0x3023D800,64,1,
AR,0,0x3023E000,64,1,
AR,0,0x3023E800,64,1,
AR,0,0x3023F000,64,1,
AR,0,0x3023F800,64,1,
AR,0,0x30240000,64,1,
AR,0,0x30240800,64,1,
AR,0,0x30241000,64,1,
AR,0,0x30241800,64,1,
AR,0,0x30242000,64,1,
AR,0,0x30242800,64,1,
AR,0,0x30243000,64,1,
AR,0,0x30243800,64,1,
AR,0,0x30244000,64,1,
AR,0,0x30244800,64,1,
AR,0,0x30245000,64,1,
AR,0,0x30245800,64,1,
AR,0,0x30246000,64,1,
AR,0,0x30246800,64,1,
AR,0,0x30247000,64,1,
AR,0,0x30247800,64,1,
AR,0,0x30248000,64,1,
AR,0,0x30248800,64,1,
AR,0,0x30249000,64,1,
AR,0,0x30249800,64,1,
AR,0,0x3024A000,64,1,
AR,0,0x3024A800,64,1,
AR,0,0x3024B000,64,1,
AR,0,0x3024B800,64,1,
AR,0,0x3024C000,64,1,
AR,0,0x3024C800,64,1,
AR,0,0x3024D000,64,1,
AR,0,0x3024D800,64,1,
AR,0,0x3024E000,64,1,
AR,0,0x3024E800,64,1,
AR,0,0x3024F000,64,1,
AR,0,0x3024F800,64,1,
AR,0,0x30250000,64,1,
AR,0,0x30250800,64,1,
AR,0,0x30251000,64,1,
AR,0,0x30251800,64,1,
AR,0,0x30252000,64,1,
AR,0,0x30252800,64,1,
AR,0,0x30253000,64,1,
AR,0,0x30253800,64,1,
AR,0,0x30254000,64,1,
AR,0,0x30254800,64,1,
AR,0,0x30255000,64,1,
AR,0,0x30255800,64,1,
AR,0,0x30256000,64,1,
AR,0,0x30256800,64,1,
AR,0,0x30257000,64,1,
AR,0,0x30257800,64,1,
AR,0,0x30258000,64,1,
AR,0,0x30258800,64,1,
AR,0,0x30259000,64,1,
AR,0,0x30259800,64,1,
AR,0,0x3025A000,64,1,
AR,0,0x3025A800,64,1,
AR,0,0x3025B000,64,1,
AR,0,0x3025B800,64,1,
AR,0,0x3025C000,64,1,
AR,0,0x3025C800,64,1,
AR,0,0x3025D000,64,1,
AR,0,0x3025D800,64,1,
AR,0,0x3025E000,64,1,
AR,0,0x3025E800,64,1,
AR,0,0x3025F000,64,1,
AR,0,0x3025F800,64,1,
AR,0,0x30260000,64,1,
AR,0,0x30260800,64,1,
AR,0,0x30261000,64,1,
AR,0,0x30261800,64,1,
AR,0,0x30262000,64,1,
AR,0,0x30262800,64,1,
AR,0,0x30263000,64,1,
AR,0,0x30263800,64,1,
AR,0,0x30264000,64,1,
AR,0,0x30264800,64,1,
AR,0,0x30265000,64,1,
AR,0,0x30265800,64,1,
AR,0,0x30266000,64,1,
AR,0,0x30266800,64,1,
AR,0,0x30267000,64,1,
AR,0,0x30267800,64,1,
AR,0,0x30268000,64,1,
AR,0,0x30268800,64,1,
AR,0,0x30269000,64,1,
AR,0,0x30269800,64,1,
AR,0,0x3026A000,64,1,
AR,0,0x3026A800,64,1,
AR,0,0x3026B000,64,1,
AR,0,0x3026B800,64,1,
AR,0,0x3026C000,64,1,
AR,0,0x3026C800,64,1,
AR,0,0x3026D000,64,1,
AR,0,0x3026D800,64,1,
AR,0,0x3026E000,64,1,
AR,0,0x3026E800,64,1,
AR,0,0x3026F000,64,1,
AR,0,0x3026F800,64,1,
AR,0,0x30270000,64,1,
AR,0,0x30270800,64,1,
AR,0,0x30271000,64,1,
AR,0,0x30271800,64,1,
AR,0,0x30272000,64,1,
AR,0,0x30272800,64,1,
AR,0,0x30273000,64,1,
AR,0,0x30273800,64,1,
AR,0,0x30274000,64,1,
AR,0,0x30274800,64,1,
AR,0,0x30275000,64,1,
AR,0,0x30275800,64,1,
AR,0,0x30276000,64,1,
AR,0,0x30276800,64,1,
AR,0,0x30277000,64,1,
AR,0,0x30277800,64,1,
AR,0,0x30278000,64,1,
AR,0,0x30278800,64,1,
AR,0,0x30279000,64,1,
AR,0,0x30279800,64,1,
AR,0,0x3027A000,64,1,
AR,0,0x3027A800,64,1,
AR,0,0x3027B000,64,1,
AR,0,0x3027B800,64,1,
AR,0,0x3027C000,64,1,
AR,0,0x3027C800,64,1,
AR,0,0x3027D000,64,1,
AR,0,0x3027D800,64,1,
AR,0,0x3027E000,64,1,
AR,0,0x3027E800,64,1,
AR,0,0x3027F000,64,1,
AR,0,0x3027F800,64,1,
AR,0,0x30280000,64,1,
AR,0,0x30280800,64,1,
AR,0,0x30281000,64,1,
AR,0,0x30281800,64,1,
AR,0,0x30282000,64,1,
AR,0,0x30282800,64,1,
AR,0,0x30283000,64,1,
AR,0,0x30283800,64,1,
AR,0,0x30284000,64,1,
AR,0,0x30284800,64,1,
AR,0,0x30285000,64,1,
AR,0,0x30285800,64,1,
AR,0,0x30286000,64,1,
AR,0,0x30286800,64,1,
AR,0,0x30287000,64,1,
AR,0,0x30287800,64,1,
AR,0,0x30288000,64,1,
AR,0,0x30288800,64,1,
AR,0,0x30289000,64,1,
AR,0,0x30289800,64,1,
AR,0,0x3028A000,64,1,
AR,0,0x3028A800,64,1,
AR,0,0x3028B000,64,1,
AR,0,0x3028B800,64,1,
AR,0,0x3028C000,64,1,
AR,0,0x3028C800,64,1,
AR,0,0x3028D000,64,1,
AR,0,0x3028D800,64,1,
AR,0,0x3028E000,64,1,
AR,0,0x3028E800,64,1,
AR,0,0x3028F000,64,1,
AR,0,0x3028F800,64,1,
AR,0,0x30290000,64,1,
AR,0,0x30290800,64,1,
AR,0,0x30291000,64,1,
AR,0,0x30291800,64,1,
AR,0,0x30292000,64,1,
AR,0,0x30292800,64,1,
AR,0,0x30293000,64,1,
AR,0,0x30293800,64,1,
AR,0,0x30294000,64,1,
AR,0,0x30294800,64,1,
AR,0,0x30295000,64,1,
AR,0,0x30295800,64,1,
AR,0,0x30296000,64,1,
AR,0,0x30296800,64,1,
AR,0,0x30297000,64,1,
AR,0,0x30297800,64,1,
AR,0,0x30298000,64,1,
AR,0,0x30298800,64,1,
AR,0,0x30299000,64,1,
AR,0,0x30299800,64,1,
AR,0,0x3029A000,64,1,
AR,0,0x3029A800,64,1,
AR,0,0x3029B000,64,1,
AR,0,0x3029B800,64,1,
AR,0,0x3029C000,64,1,
AR,0,0x3029C800,64,1,
AR,0,0x3029D000,64,1,
AR,0,0x3029D800,64,1,
AR,0,0x3029E000,64,1,
AR,0,0x3029E800,64,1,
AR,0,0x3029F000,64,1,
AR,0,0x3029F800,64,1,
AR,0,0x302A0000,64,1,
AR,0,0x302A0800,64,1,
AR,0,0x302A1000,64,1,
AR,0,0x302A1800,64,1,
AR,0,0x302A2000,64,1,
AR,0,0x302A2800,64,1,
AR,0,0x302A3000,64,1,
AR,0,0x302A3800,64,1,
AR,0,0x302A4000,64,1,
AR,0,0x302A4800,64,1,
AR,0,0x302A5000,64,1,
AR,0,0x302A5800,64,1,
AR,0,0x302A6000,64,1,
AR,0,0x302A6800,64,1,
AR,0,0x302A7000,64,1,
AR,0,0x302A7800,64,1,
AR,0,0x302A8000,64,1,
AR,0,0x302A8800,64,1,
AR,0,0x302A9000,64,1,
AR,0,0x302A9800,64,1,
AR,0,0x302AA000,64,1,
AR,0,0x302AA800,64,1,
AR,0,0x302AB000,64,1,
AR,0,0x302AB800,64,1,
AR,0,0x302AC000,64,1,
AR,0,0x302AC800,64,1,
AR,0,0x302AD000,64,1,
AR,0,0x302AD800,64,1,
AR,0,0x302AE000,64,1,
AR,0,0x302AE800,64,1,
AR,0,0x302AF000,64,1,
AR,0,0x302AF800,64,1,
AR,0,0x302B0000,64,1,
AR,0,0x302B0800,64,1,
AR,0,0x302B1000,64,1,
AR,0,0x302B1800,64,1,
AR,0,0x302B2000,64,1,
AR,0,0x302B2800,64,1,
AR,0,0x302B3000,64,1,
AR,0,0x302B3800,64,1,
AR,0,0x302B4000,64,1,
AR,0,0x302B4800,64,1,
AR,0,0x302B5000,64,1,
AR,0,0x302B5800,64,1,
AR,0,0x302B6000,64,1,
AR,0,0x302B6800,64,1,
AR,0,0x302B7000,64,1,
AR,0,0x302B7800,64,1,
AR,0,0x302B8000,64,1,
AR,0,0x302B8800,64,1,
AR,0,0x302B9000,64,1,
AR,0,0x302B9800,64,1,
AR,0,0x302BA000,64,1,
AR,0,0x302BA800,64,1,
AR,0,0x302BB000,64,1,
AR,0,0x302BB800,64,1,
AR,0,0x302BC000,64,1,
AR,0,0x302BC800,64,1,
AR,0,0x302BD000,64,1,
AR,0,0x302BD800,64,1,
AR,0,0x302BE000,64,1,
AR,0,0x302BE800,64,1,
AR,0,0x302BF000,64,1,
AR,0,0x302BF800,64,1,
AR,0,0x302C0000,64,1,
AR,0,0x302C0800,64,1,
AR,0,0x302C1000,64,1,
AR,0,0x302C1800,64,1,
AR,0,0x302C2000,64,1,
AR,0,0x302C2800,64,1,
AR,0,0x302C3000,64,1,
AR,0,0x302C3800,64,1,
AR,0,0x302C4000,64,1,
AR,0,0x302C4800,64,1,
AR,0,0x302C5000,64,1,
AR,0,0x302C5800,64,1,
AR,0,0x302C6000,64,1,
AR,0,0x302C6800,64,1,
AR,0,0x302C7000,64,1,
AR,0,0x302C7800,64,1,
AR,0,0x302C8000,64,1,
AR,0,0x302C8800,64,1,
AR,0,0x302C9000,64,1,
AR,0,0x302C9800,64,1,
AR,0,0x302CA000,64,1,
AR,0,0x302CA800,64,1,
AR,0,0x302CB000,64,1,
AR,0,0x302CB800,64,1,
AR,0,0x302CC000,64,1,
AR,0,0x302CC800,64,1,
AR,0,0x302CD000,64,1,
AR,0,0x302CD800,64,1,
AR,0,0x302CE000,64,1,
AR,0,0x302CE800,64,1,
AR,0,0x302CF000,64,1,
AR,0,0x302CF800,64,1,
AR,0,0x302D0000,64,1,
AR,0,0x302D0800,64,1,
AR,0,0x302D1000,64,1,
AR,0,0x302D1800,64,1,
AR,0,0x302D2000,64,1,
AR,0,0x302D2800,64,1,
AR,0,0x302D3000,64,1,
AR,0,0x302D3800,64,1,
AR,0,0x302D4000,64,1,
AR,0,0x302D4800,64,1,
AR,0,0x302D5000,64,1,
AR,0,0x302D5800,64,1,
AR,0,0x302D6000,64,1,
AR,0,0x302D6800,64,1,
AR,0,0x302D7000,64,1,
AR,0,0x302D7800,64,1,
AR,0,0x302D8000,64,1,
AR,0,0x302D8800,64,1,
AR,0,0x302D9000,64,1,
AR,0,0x302D9800,64,1,
AR,0,0x302DA000,64,1,
AR,0,0x302DA800,64,1,
AR,0,0x302DB000,64,1,
AR,0,0x302DB800,64,1,
AR,0,0x302DC000,64,1,
AR,0,0x302DC800,64,1,
AR,0,0x302DD000,64,1,
AR,0,0x302DD800,64,1,
AR,0,0x302DE000,64,1,
AR,0,0x302DE800,64,1,
AR,0,0x302DF000,64,1,
AR,0,0x302DF800,64,1,
AR,0,0x302E0000,64,1,
AR,0,0x302E0800,64,1,
AR,0,0x302E1000,64,1,
AR,0,0x302E1800,64,1,
AR,0,0x302E2000,64,1,
AR,0,0x302E2800,64,1,
AR,0,0x302E3000,64,1,
AR,0,0x302E3800,64,1,
AR,0,0x302E4000,64,1,
AR,0,0x302E4800,64,1,
AR,0,0x302E5000,64,1,
AR,0,0x302E5800,64,1,
AR,0,0x302E6000,64,1,
AR,0,0x302E6800,64,1,
AR,0,0x302E7000,64,1,
AR,0,0x302E7800,64,1,
AR,0,0x302E8000,64,1,
AR,0,0x302E8800,64,1,
AR,0,0x302E9000,64,1,
AR,0,0x302E9800,64,1,
AR,0,0x302EA000,64,1,
AR,0,0x302EA800,64,1,
AR,0,0x302EB000,64,1,
AR,0,0x302EB800,64,1,
AR,0,0x302EC000,64,1,
AR,0,0x302EC800,64,1,
AR,0,0x302ED000,64,1,
AR,0,0x302ED800,64,1,
AR,0,0x302EE000,64,1,
AR,0,0x302EE800,64,1,
AR,0,0x302EF000,64,1,
AR,0,0x302EF800,64,1,
AR,0,0x302F0000,64,1,
AR,0,0x302F0800,64,1,
AR,0,0x302F1000,64,1,
AR,0,0x302F1800,64,1,
AR,0,0x302F2000,64,1,
AR,0,0x302F2800,64,1,
AR,0,0x302F3000,64,1,
AR,0,0x302F3800,64,1,
AR,0,0x302F4000,64,1,
AR,0,0x302F4800,64,1,
AR,0,0x302F5000,64,1,
AR,0,0x302F5800,64,1,
AR,0,0x302F6000,64,1,
AR,0,0x302F6800,64,1,
AR,0,0x302F7000,64,1,
AR,0,0x302F7800,64,1,
AR,0,0x302F8000,64,1,
AR,0,0x302F8800,64,1,
AR,0,0x302F9000,64,1,
AR,0,0x302F9800,64,1,
AR,0,0x302FA000,64,1,
AR,0,0x302FA800,64,1,
AR,0,0x302FB000,64,1,
AR,0,0x302FB800,64,1,
AR,0,0x302FC000,64,1,
AR,0,0x302FC800,64,1,
AR,0,0x302FD000,64,1,
AR,0,0x302FD800,64,1,
AR,0,0x302FE000,64,1,
AR,0,0x302FE800,64,1,
AR,0,0x302FF000,64,1,
AR,0,0x302FF800,64,1,
AR,0,0x30300000,64,1,
AR,0,0x30300800,64,1,
AR,0,0x30301000,64,1,
AR,0,0x30301800,64,1,
AR,0,0x30302000,64,1,
AR,0,0x30302800,64,1,
AR,0,0x30303000,64,1,
AR,0,0x30303800,64,1,
AR,0,0x30304000,64,1,
AR,0,0x30304800,64,1,
AR,0,0x30305000,64,1,
AR,0,0x30305800,64,1,
AR,0,0x30306000,64,1,
AR,0,0x30306800,64,1,
AR,0,0x30307000,64,1,
AR,0,0x30307800,64,1,
AR,0,0x30308000,64,1,
AR,0,0x30308800,64,1,
AR,0,0x30309000,64,1,
AR,0,0x30309800,64,1,
AR,0,0x3030A000,64,1,
AR,0,0x3030A800,64,1,
AR,0,0x3030B000,64,1,
AR,0,0x3030B800,64,1,
AR,0,0x3030C000,64,1,
AR,0,0x3030C800,64,1,
AR,0,0x3030D000,64,1,
AR,0,0x3030D800,64,1,
AR,0,0x3030E000,64,1,
AR,0,0x3030E800,64,1,
AR,0,0x3030F000,64,1,
AR,0,0x3030F800,64,1,
AR,0,0x30310000,64,1,
AR,0,0x30310800,64,1,
AR,0,0x30311000,64,1,
AR,0,0x30311800,64,1,
AR,0,0x30312000,64,1,
AR,0,0x30312800,64,1,
AR,0,0x30313000,64,1,
AR,0,0x30313800,64,1,
AR,0,0x30314000,64,1,
AR,0,0x30314800,64,1,
AR,0,0x30315000,64,1,
AR,0,0x30315800,64,1,
AR,0,0x30316000,64,1,
AR,0,0x30316800,64,1,
AR,0,0x30317000,64,1,
AR,0,0x30317800,64,1,
AR,0,0x30318000,64,1,
AR,0,0x30318800,64,1,
AR,0,0x30319000,64,1,
AR,0,0x30319800,64,1,
AR,0,0x3031A000,64,1,
AR,0,0x3031A800,64,1,
AR,0,0x3031B000,64,1,
AR,0,0x3031B800,64,1,
AR,0,0x3031C000,64,1,
AR,0,0x3031C800,64,1,
AR,0,0x3031D000,64,1,
AR,0,0x3031D800,64,1,
AR,0,0x3031E000,64,1,
AR,0,0x3031E800,64,1,
AR,0,0x3031F000,64,1,
AR,0,0x3031F800,64,1,
AR,0,0x30320000,64,1,
AR,0,0x30320800,64,1,
AR,0,0x30321000,64,1,
AR,0,0x30321800,64,1,
AR,0,0x30322000,64,1,
AR,0,0x30322800,64,1,
AR,0,0x30323000,64,1,
AR,0,0x30323800,64,1,
AR,0,0x30324000,64,1,
AR,0,0x30324800,64,1,
AR,0,0x30325000,64,1,
AR,0,0x30325800,64,1,
AR,0,0x30326000,64,1,
AR,0,0x30326800,64,1,
AR,0,0x30327000,64,1,
AR,0,0x30327800,64,1,
AR,0,0x30328000,64,1,
AR,0,0x30328800,64,1,
AR,0,0x30329000,64,1,
AR,0,0x30329800,64,1,
AR,0,0x3032A000,64,1,
AR,0,0x3032A800,64,1,
AR,0,0x3032B000,64,1,
AR,0,0x3032B800,64,1,
AR,0,0x3032C000,64,1,
AR,0,0x3032C800,64,1,
AR,0,0x3032D000,64,1,
AR,0,0x3032D800,64,1,
AR,0,0x3032E000,64,1,
AR,0,0x3032E800,64,1,
AR,0,0x3032F000,64,1,
AR,0,0x3032F800,64,1,
AR,0,0x30330000,64,1,
AR,0,0x30330800,64,1,
AR,0,0x30331000,64,1,
AR,0,0x30331800,64,1,
AR,0,0x30332000,64,1,
AR,0,0x30332800,64,1,
AR,0,0x30333000,64,1,
AR,0,0x30333800,64,1,
AR,0,0x30334000,64,1,
AR,0,0x30334800,64,1,
AR,0,0x30335000,64,1,
AR,0,0x30335800,64,1,
AR,0,0x30336000,64,1,
AR,0,0x30336800,64,1,
AR,0,0x30337000,64,1,
AR,0,0x30337800,64,1,
AR,0,0x30338000,64,1,
AR,0,0x30338800,64,1,
AR,0,0x30339000,64,1,
AR,0,0x30339800,64,1,
AR,0,0x3033A000,64,1,
AR,0,0x3033A800,64,1,
AR,0,0x3033B000,64,1,
AR,0,0x3033B800,64,1,
AR,0,0x3033C000,64,1,
AR,0,0x3033C800,64,1,
AR,0,0x3033D000,64,1,
AR,0,0x3033D800,64,1,
AR,0,0x3033E000,64,1,
AR,0,0x3033E800,64,1,
AR,0,0x3033F000,64,1,
AR,0,0x3033F800,64,1,
AR,0,0x30340000,64,1,
AR,0,0x30340800,64,1,
AR,0,0x30341000,64,1,
AR,0,0x30341800,64,1,
AR,0,0x30342000,64,1,
AR,0,0x30342800,64,1,
AR,0,0x30343000,64,1,
AR,0,0x30343800,64,1,
AR,0,0x30344000,64,1,
AR,0,0x30344800,64,1,
AR,0,0x30345000,64,1,
AR,0,0x30345800,64,1,
AR,0,0x30346000,64,1,
AR,0,0x30346800,64,1,
AR,0,0x30347000,64,1,
AR,0,0x30347800,64,1,
AR,0,0x30348000,64,1,
AR,0,0x30348800,64,1,
AR,0,0x30349000,64,1,
AR,0,0x30349800,64,1,
AR,0,0x3034A000,64,1,
AR,0,0x3034A800,64,1,
AR,0,0x3034B000,64,1,
AR,0,0x3034B800,64,1,
AR,0,0x3034C000,64,1,
AR,0,0x3034C800,64,1,
AR,0,0x3034D000,64,1,
AR,0,0x3034D800,64,1,
AR,0,0x3034E000,64,1,
AR,0,0x3034E800,64,1,
AR,0,0x3034F000,64,1,
AR,0,0x3034F800,64,1,
AR,0,0x30350000,64,1,
AR,0,0x30350800,64,1,
AR,0,0x30351000,64,1,
AR,0,0x30351800,64,1,
AR,0,0x30352000,64,1,
AR,0,0x30352800,64,1,
AR,0,0x30353000,64,1,
AR,0,0x30353800,64,1,
AR,0,0x30354000,64,1,
AR,0,0x30354800,64,1,
AR,0,0x30355000,64,1,
AR,0,0x30355800,64,1,
AR,0,0x30356000,64,1,
AR,0,0x30356800,64,1,
AR,0,0x30357000,64,1,
AR,0,0x30357800,64,1,
AR,0,0x30358000,64,1,
AR,0,0x30358800,64,1,
AR,0,0x30359000,64,1,
AR,0,0x30359800,64,1,
AR,0,0x3035A000,64,1,
AR,0,0x3035A800,64,1,
AR,0,0x3035B000,64,1,
AR,0,0x3035B800,64,1,
AR,0,0x3035C000,64,1,
AR,0,0x3035C800,64,1,
AR,0,0x3035D000,64,1,
AR,0,0x3035D800,64,1,
AR,0,0x3035E000,64,1,
AR,0,0x3035E800,64,1,
AR,0,0x3035F000,64,1,
AR,0,0x3035F800,64,1,
AR,0,0x30360000,64,1,
AR,0,0x30360800,64,1,
AR,0,0x30361000,64,1,
AR,0,0x30361800,64,1,
AR,0,0x30362000,64,1,
AR,0,0x30362800,64,1,
AR,0,0x30363000,64,1,
AR,0,0x30363800,64,1,
AR,0,0x30364000,64,1,
AR,0,0x30364800,64,1,
AR,0,0x30365000,64,1,
AR,0,0x30365800,64,1,
AR,0,0x30366000,64,1,
AR,0,0x30366800,64,1,
AR,0,0x30367000,64,1,
AR,0,0x30367800,64,1,
AR,0,0x30368000,64,1,
AR,0,0x30368800,64,1,
AR,0,0x30369000,64,1,
AR,0,0x30369800,64,1,
AR,0,0x3036A000,64,1,
AR,0,0x3036A800,64,1,
AR,0,0x3036B000,64,1,
AR,0,0x3036B800,64,1,
AR,0,0x3036C000,64,1,
AR,0,0x3036C800,64,1,
AR,0,0x3036D000,64,1,
AR,0,0x3036D800,64,1,
AR,0,0x3036E000,64,1,
AR,0,0x3036E800,64,1,
AR,0,0x3036F000,64,1,
AR,0,0x3036F800,64,1,
AR,0,0x30370000,64,1,
AR,0,0x30370800,64,1,
AR,0,0x30371000,64,1,
AR,0,0x30371800,64,1,
AR,0,0x30372000,64,1,
AR,0,0x30372800,64,1,
AR,0,0x30373000,64,1,
AR,0,0x30373800,64,1,
AR,0,0x30374000,64,1,
AR,0,0x30374800,64,1,
AR,0,0x30375000,64,1,
AR,0,0x30375800,64,1,
AR,0,0x30376000,64,1,
AR,0,0x30376800,64,1,
AR,0,0x30377000,64,1,
AR,0,0x30377800,64,1,
AR,0,0x30378000,64,1,
AR,0,0x30378800,64,1,
AR,0,0x30379000,64,1,
AR,0,0x30379800,64,1,
AR,0,0x3037A000,64,1,
AR,0,0x3037A800,64,1,
AR,0,0x3037B000,64,1,
AR,0,0x3037B800,64,1,
AR,0,0x3037C000,64,1,
AR,0,0x3037C800,64,1,
AR,0,0x3037D000,64,1,
AR,0,0x3037D800,64,1,
AR,0,0x3037E000,64,1,
AR,0,0x3037E800,64,1,
AR,0,0x3037F000,64,1,
AR,0,0x3037F800,64,1,
AR,0,0x30380000,64,1,
AR,0,0x30380800,64,1,
AR,0,0x30381000,64,1,
AR,0,0x30381800,64,1,
AR,0,0x30382000,64,1,
AR,0,0x30382800,64,1,
AR,0,0x30383000,64,1,
AR,0,0x30383800,64,1,
AR,0,0x30384000,64,1,
AR,0,0x30384800,64,1,
AR,0,0x30385000,64,1,
AR,0,0x30385800,64,1,
AR,0,0x30386000,64,1,
AR,0,0x30386800,64,1,
AR,0,0x30387000,64,1,
AR,0,0x30387800,64,1,
AR,0,0x30388000,64,1,
AR,0,0x30388800,64,1,
AR,0,0x30389000,64,1,
AR,0,0x30389800,64,1,
AR,0,0x3038A000,64,1,
AR,0,0x3038A800,64,1,
AR,0,0x3038B000,64,1,
AR,0,0x3038B800,64,1,
AR,0,0x3038C000,64,1,
AR,0,0x3038C800,64,1,
AR,0,0x3038D000,64,1,
AR,0,0x3038D800,64,1,
AR,0,0x3038E000,64,1,
AR,0,0x3038E800,64,1,
AR,0,0x3038F000,64,1,
AR,0,0x3038F800,64,1,
AR,0,0x30390000,64,1,
AR,0,0x30390800,64,1,
AR,0,0x30391000,64,1,
AR,0,0x30391800,64,1,
AR,0,0x30392000,64,1,
AR,0,0x30392800,64,1,
AR,0,0x30393000,64,1,
AR,0,0x30393800,64,1,
AR,0,0x30394000,64,1,
AR,0,0x30394800,64,1,
AR,0,0x30395000,64,1,
AR,0,0x30395800,64,1,
AR,0,0x30396000,64,1,
AR,0,0x30396800,64,1,
AR,0,0x30397000,64,1,
AR,0,0x30397800,64,1,
AR,0,0x30398000,64,1,
AR,0,0x30398800,64,1,
AR,0,0x30399000,64,1,
AR,0,0x30399800,64,1,
AR,0,0x3039A000,64,1,
AR,0,0x3039A800,64,1,
AR,0,0x3039B000,64,1,
AR,0,0x3039B800,64,1,
AR,0,0x3039C000,64,1,
AR,0,0x3039C800,64,1,
AR,0,0x3039D000,64,1,
AR,0,0x3039D800,64,1,
AR,0,0x3039E000,64,1,
AR,0,0x3039E800,64,1,
AR,0,0x3039F000,64,1,
AR,0,0x3039F800,64,1,
AR,0,0x303A0000,64,1,
AR,0,0x303A0800,64,1,
AR,0,0x303A1000,64,1,
AR,0,0x303A1800,64,1,
AR,0,0x303A2000,64,1,
AR,0,0x303A2800,64,1,
AR,0,0x303A3000,64,1,
AR,0,0x303A3800,64,1,
AR,0,0x303A4000,64,1,
AR,0,0x303A4800,64,1,
AR,0,0x303A5000,64,1,
AR,0,0x303A5800,64,1,
AR,0,0x303A6000,64,1,
AR,0,0x303A6800,64,1,
AR,0,0x303A7000,64,1,
AR,0,0x303A7800,64,1,
AR,0,0x303A8000,64,1,
AR,0,0x303A8800,64,1,
AR,0,0x303A9000,64,1,
AR,0,0x303A9800,64,1,
AR,0,0x303AA000,64,1,
AR,0,0x303AA800,64,1,
AR,0,0x303AB000,64,1,
AR,0,0x303AB800,64,1,
AR,0,0x303AC000,64,1,
AR,0,0x303AC800,64,1,
AR,0,0x303AD000,64,1,
AR,0,0x303AD800,64,1,
AR,0,0x303AE000,64,1,
AR,0,0x303AE800,64,1,
AR,0,0x303AF000,64,1,
AR,0,0x303AF800,64,1,
AR,0,0x303B0000,64,1,
AR,0,0x303B0800,64,1,
AR,0,0x303B1000,64,1,
AR,0,0x303B1800,64,1,
AR,0,0x303B2000,64,1,
AR,0,0x303B2800,64,1,
AR,0,0x303B3000,64,1,
AR,0,0x303B3800,64,1,
AR,0,0x303B4000,64,1,
AR,0,0x303B4800,64,1,
AR,0,0x303B5000,64,1,
AR,0,0x303B5800,64,1,
AR,0,0x303B6000,64,1,
AR,0,0x303B6800,64,1,
AR,0,0x303B7000,64,1,
AR,0,0x303B7800,64,1,
AR,0,0x303B8000,64,1,
AR,0,0x303B8800,64,1,
AR,0,0x303B9000,64,1,
AR,0,0x303B9800,64,1,
AR,0,0x303BA000,64,1,
AR,0,0x303BA800,64,1,
AR,0,0x303BB000,64,1,
AR,0,0x303BB800,64,1,
AR,0,0x303BC000,64,1,
AR,0,0x303BC800,64,1,
AR,0,0x303BD000,64,1,
AR,0,0x303BD800,64,1,
AR,0,0x303BE000,64,1,
AR,0,0x303BE800,64,1,
AR,0,0x303BF000,64,1,
AR,0,0x303BF800,64,1,
AR,0,0x303C0000,64,1,
AR,0,0x303C0800,64,1,
AR,0,0x303C1000,64,1,
AR,0,0x303C1800,64,1,
AR,0,0x303C2000,64,1,
AR,0,0x303C2800,64,1,
AR,0,0x303C3000,64,1,
AR,0,0x303C3800,64,1,
AR,0,0x303C4000,64,1,
AR,0,0x303C4800,64,1,
AR,0,0x303C5000,64,1,
AR,0,0x303C5800,64,1,
AR,0,0x303C6000,64,1,
AR,0,0x303C6800,64,1,
AR,0,0x303C7000,64,1,
AR,0,0x303C7800,64,1,
AR,0,0x303C8000,64,1,
AR,0,0x303C8800,64,1,
AR,0,0x303C9000,64,1,
AR,0,0x303C9800,64,1,
AR,0,0x303CA000,64,1,
AR,0,0x303CA800,64,1,
AR,0,0x303CB000,64,1,
AR,0,0x303CB800,64,1,
AR,0,0x303CC000,64,1,
AR,0,0x303CC800,64,1,
AR,0,0x303CD000,64,1,
AR,0,0x303CD800,64,1,
AR,0,0x303CE000,64,1,
AR,0,0x303CE800,64,1,
AR,0,0x303CF000,64,1,
AR,0,0x303CF800,64,1,
AR,0,0x303D0000,64,1,
AR,0,0x303D0800,64,1,
AR,0,0x303D1000,64,1,
AR,0,0x303D1800,64,1,
AR,0,0x303D2000,64,1,
AR,0,0x303D2800,64,1,
AR,0,0x303D3000,64,1,
AR,0,0x303D3800,64,1,
AR,0,0x303D4000,64,1,
AR,0,0x303D4800,64,1,
AR,0,0x303D5000,64,1,
AR,0,0x303D5800,64,1,
AR,0,0x303D6000,64,1,
AR,0,0x303D6800,64,1,
AR,0,0x303D7000,64,1,
AR,0,0x303D7800,64,1,
AR,0,0x303D8000,64,1,
AR,0,0x303D8800,64,1,
AR,0,0x303D9000,64,1,
AR,0,0x303D9800,64,1,
AR,0,0x303DA000,64,1,
AR,0,0x303DA800,64,1,
AR,0,0x303DB000,64,1,
AR,0,0x303DB800,64,1,
AR,0,0x303DC000,64,1,
AR,0,0x303DC800,64,1,
AR,0,0x303DD000,64,1,
AR,0,0x303DD800,64,1,
AR,0,0x303DE000,64,1,
AR,0,0x303DE800,64,1,
AR,0,0x303DF000,64,1,
AR,0,0x303DF800,64,1,
AR,0,0x303E0000,64,1,
AR,0,0x303E0800,64,1,
AR,0,0x303E1000,64,1,
AR,0,0x303E1800,64,1,
AR,0,0x303E2000,64,1,
AR,0,0x303E2800,64,1,
AR,0,0x303E3000,64,1,
AR,0,0x303E3800,64,1,
AR,0,0x303E4000,64,1,
AR,0,0x303E4800,64,1,
AR,0,0x303E5000,64,1,
AR,0,0x303E5800,64,1,
AR,0,0x303E6000,64,1,
AR,0,0x303E6800,64,1,
AR,0,0x303E7000,64,1,
AR,0,0x303E7800,64,1,
AR,0,0x303E8000,64,1,
AR,0,0x303E8800,64,1,
AR,0,0x303E9000,64,1,
AR,0,0x303E9800,64,1,
AR,0,0x303EA000,64,1,
AR,0,0x303EA800,64,1,
AR,0,0x303EB000,64,1,
AR,0,0x303EB800,64,1,
AR,0,0x303EC000,64,1,
AR,0,0x303EC800,64,1,
AR,0,0x303ED000,64,1,
AR,0,0x303ED800,64,1,
AR,0,0x303EE000,64,1,
AR,0,0x303EE800,64,1,
AR,0,0x303EF000,64,1,
AR,0,0x303EF800,64,1,
AR,0,0x303F0000,64,1,
AR,0,0x303F0800,64,1,
AR,0,0x303F1000,64,1,
AR,0,0x303F1800,64,1,
AR,0,0x303F2000,64,1,
AR,0,0x303F2800,64,1,
AR,0,0x303F3000,64,1,
AR,0,0x303F3800,64,1,
AR,0,0x303F4000,64,1,
AR,0,0x303F4800,64,1,
AR,0,0x303F5000,64,1,
AR,0,0x303F5800,64,1,
AR,0,0x303F6000,64,1,
AR,0,0x303F6800,64,1,
AR,0,0x303F7000,64,1,
AR,0,0x303F7800,64,1,
AR,0,0x303F8000,64,1,
AR,0,0x303F8800,64,1,
AR,0,0x303F9000,64,1,
AR,0,0x303F9800,64,1,
AR,0,0x303FA000,64,1,
AR,0,0x303FA800,64,1,
AR,0,0x303FB000,64,1,
AR,0,0x303FB800,64,1,
AR,0,0x303FC000,64,1,
AR,0,0x303FC800,64,1,
AR,0,0x303FD000,64,1,
AR,0,0x303FD800,64,1,
AR,0,0x303FE000,64,1,
AR,0,0x303FE800,64,1,
AR,0,0x303FF000,64,1,
AR,0,0x303FF800,64,1,
AR,0,0x30400000,64,1,
AR,0,0x30400800,64,1,
AR,0,0x30401000,64,1,
AR,0,0x30401800,64,1,
AR,0,0x30402000,64,1,
AR,0,0x30402800,64,1,
AR,0,0x30403000,64,1,
AR,0,0x30403800,64,1,
AR,0,0x30404000,64,1,
AR,0,0x30404800,64,1,
AR,0,0x30405000,64,1,
AR,0,0x30405800,64,1,
AR,0,0x30406000,64,1,
AR,0,0x30406800,64,1,
AR,0,0x30407000,64,1,
AR,0,0x30407800,64,1,
AR,0,0x30408000,64,1,
AR,0,0x30408800,64,1,
AR,0,0x30409000,64,1,
AR,0,0x30409800,64,1,
AR,0,0x3040A000,64,1,
AR,0,0x3040A800,64,1,
AR,0,0x3040B000,64,1,
AR,0,0x3040B800,64,1,
AR,0,0x3040C000,64,1,
AR,0,0x3040C800,64,1,
AR,0,0x3040D000,64,1,
AR,0,0x3040D800,64,1,
AR,0,0x3040E000,64,1,
AR,0,0x3040E800,64,1,
AR,0,0x3040F000,64,1,
AR,0,0x3040F800,64,1,
AR,0,0x30410000,64,1,
AR,0,0x30410800,64,1,
AR,0,0x30411000,64,1,
AR,0,0x30411800,64,1,
AR,0,0x30412000,64,1,
AR,0,0x30412800,64,1,
AR,0,0x30413000,64,1,
AR,0,0x30413800,64,1,
AR,0,0x30414000,64,1,
AR,0,0x30414800,64,1,
AR,0,0x30415000,64,1,
AR,0,0x30415800,64,1,
AR,0,0x30416000,64,1,
AR,0,0x30416800,64,1,
AR,0,0x30417000,64,1,
AR,0,0x30417800,64,1,
AR,0,0x30418000,64,1,
AR,0,0x30418800,64,1,
AR,0,0x30419000,64,1,
AR,0,0x30419800,64,1,
AR,0,0x3041A000,64,1,
AR,0,0x3041A800,64,1,
AR,0,0x3041B000,64,1,
AR,0,0x3041B800,64,1,
AR,0,0x3041C000,64,1,
AR,0,0x3041C800,64,1,
AR,0,0x3041D000,64,1,
AR,0,0x3041D800,64,1,
AR,0,0x3041E000,64,1,
AR,0,0x3041E800,64,1,
AR,0,0x3041F000,64,1,
AR,0,0x3041F800,64,1,
AR,0,0x30420000,64,1,
AR,0,0x30420800,64,1,
AR,0,0x30421000,64,1,
AR,0,0x30421800,64,1,
AR,0,0x30422000,64,1,
AR,0,0x30422800,64,1,
AR,0,0x30423000,64,1,
AR,0,0x30423800,64,1,
AR,0,0x30424000,64,1,
AR,0,0x30424800,64,1,
AR,0,0x30425000,64,1,
AR,0,0x30425800,64,1,
AR,0,0x30426000,64,1,
AR,0,0x30426800,64,1,
AR,0,0x30427000,64,1,
AR,0,0x30427800,64,1,
AR,0,0x30428000,64,1,
AR,0,0x30428800,64,1,
AR,0,0x30429000,64,1,
AR,0,0x30429800,64,1,
AR,0,0x3042A000,64,1,
AR,0,0x3042A800,64,1,
AR,0,0x3042B000,64,1,
AR,0,0x3042B800,64,1,
AR,0,0x3042C000,64,1,
AR,0,0x3042C800,64,1,
AR,0,0x3042D000,64,1,
AR,0,0x3042D800,64,1,
AR,0,0x3042E000,64,1,
AR,0,0x3042E800,64,1,
AR,0,0x3042F000,64,1,
AR,0,0x3042F800,64,1,
AR,0,0x30430000,64,1,
AR,0,0x30430800,64,1,
AR,0,0x30431000,64,1,
AR,0,0x30431800,64,1,
AR,0,0x30432000,64,1,
AR,0,0x30432800,64,1,
AR,0,0x30433000,64,1,
AR,0,0x30433800,64,1,
AR,0,0x30434000,64,1,
AR,0,0x30434800,64,1,
AR,0,0x30435000,64,1,
AR,0,0x30435800,64,1,
AR,0,0x30436000,64,1,
AR,0,0x30436800,64,1,
AR,0,0x30437000,64,1,
AR,0,0x30437800,64,1,
AR,0,0x30438000,64,1,
AR,0,0x30438800,64,1,
AR,0,0x30439000,64,1,
AR,0,0x30439800,64,1,
AR,0,0x3043A000,64,1,
AR,0,0x3043A800,64,1,
AR,0,0x3043B000,64,1,
AR,0,0x3043B800,64,1,
AR,0,0x3043C000,64,1,
AR,0,0x3043C800,64,1,
AR,0,0x3043D000,64,1,
AR,0,0x3043D800,64,1,
AR,0,0x3043E000,64,1,
AR,0,0x3043E800,64,1,
AR,0,0x3043F000,64,1,
AR,0,0x3043F800,64,1,
AR,0,0x30440000,64,1,
AR,0,0x30440800,64,1,
AR,0,0x30441000,64,1,
AR,0,0x30441800,64,1,
AR,0,0x30442000,64,1,
AR,0,0x30442800,64,1,
AR,0,0x30443000,64,1,
AR,0,0x30443800,64,1,
AR,0,0x30444000,64,1,
AR,0,0x30444800,64,1,
AR,0,0x30445000,64,1,
AR,0,0x30445800,64,1,
AR,0,0x30446000,64,1,
AR,0,0x30446800,64,1,
AR,0,0x30447000,64,1,
AR,0,0x30447800,64,1,
AR,0,0x30448000,64,1,
AR,0,0x30448800,64,1,
AR,0,0x30449000,64,1,
AR,0,0x30449800,64,1,
AR,0,0x3044A000,64,1,
AR,0,0x3044A800,64,1,
AR,0,0x3044B000,64,1,
AR,0,0x3044B800,64,1,
AR,0,0x3044C000,64,1,
AR,0,0x3044C800,64,1,
AR,0,0x3044D000,64,1,
AR,0,0x3044D800,64,1,
AR,0,0x3044E000,64,1,
AR,0,0x3044E800,64,1,
AR,0,0x3044F000,64,1,
AR,0,0x3044F800,64,1,
AR,0,0x30450000,64,1,
AR,0,0x30450800,64,1,
AR,0,0x30451000,64,1,
AR,0,0x30451800,64,1,
AR,0,0x30452000,64,1,
AR,0,0x30452800,64,1,
AR,0,0x30453000,64,1,
AR,0,0x30453800,64,1,
AR,0,0x30454000,64,1,
AR,0,0x30454800,64,1,
AR,0,0x30455000,64,1,
AR,0,0x30455800,64,1,
AR,0,0x30456000,64,1,
AR,0,0x30456800,64,1,
AR,0,0x30457000,64,1,
AR,0,0x30457800,64,1,
AR,0,0x30458000,64,1,
AR,0,0x30458800,64,1,
AR,0,0x30459000,64,1,
AR,0,0x30459800,64,1,
AR,0,0x3045A000,64,1,
AR,0,0x3045A800,64,1,
AR,0,0x3045B000,64,1,
AR,0,0x3045B800,64,1,
AR,0,0x3045C000,64,1,
AR,0,0x3045C800,64,1,
AR,0,0x3045D000,64,1,
AR,0,0x3045D800,64,1,
AR,0,0x3045E000,64,1,
AR,0,0x3045E800,64,1,
AR,0,0x3045F000,64,1,
AR,0,0x3045F800,64,1,
AR,0,0x30460000,64,1,
AR,0,0x30460800,64,1,
AR,0,0x30461000,64,1,
AR,0,0x30461800,64,1,
AR,0,0x30462000,64,1,
AR,0,0x30462800,64,1,
AR,0,0x30463000,64,1,
AR,0,0x30463800,64,1,
AR,0,0x30464000,64,1,
AR,0,0x30464800,64,1,
AR,0,0x30465000,64,1,
AR,0,0x30465800,64,1,
AR,0,0x30466000,64,1,
AR,0,0x30466800,64,1,
AR,0,0x30467000,64,1,
AR,0,0x30467800,64,1,
AR,0,0x30468000,64,1,
AR,0,0x30468800,64,1,
AR,0,0x30469000,64,1,
AR,0,0x30469800,64,1,
AR,0,0x3046A000,64,1,
AR,0,0x3046A800,64,1,
AR,0,0x3046B000,64,1,
AR,0,0x3046B800,64,1,
AR,0,0x3046C000,64,1,
AR,0,0x3046C800,64,1,
AR,0,0x3046D000,64,1,
AR,0,0x3046D800,64,1,
AR,0,0x3046E000,64,1,
AR,0,0x3046E800,64,1,
AR,0,0x3046F000,64,1,
AR,0,0x3046F800,64,1,
AR,0,0x30470000,64,1,
AR,0,0x30470800,64,1,
AR,0,0x30471000,64,1,
AR,0,0x30471800,64,1,
AR,0,0x30472000,64,1,
AR,0,0x30472800,64,1,
AR,0,0x30473000,64,1,
AR,0,0x30473800,64,1,
AR,0,0x30474000,64,1,
AR,0,0x30474800,64,1,
AR,0,0x30475000,64,1,
AR,0,0x30475800,64,1,
AR,0,0x30476000,64,1,
AR,0,0x30476800,64,1,
AR,0,0x30477000,64,1,
AR,0,0x30477800,64,1,
AR,0,0x30478000,64,1,
AR,0,0x30478800,64,1,
AR,0,0x30479000,64,1,
AR,0,0x30479800,64,1,
AR,0,0x3047A000,64,1,
AR,0,0x3047A800,64,1,
AR,0,0x3047B000,64,1,
AR,0,0x3047B800,64,1,
AR,0,0x3047C000,64,1,
AR,0,0x3047C800,64,1,
AR,0,0x3047D000,64,1,
AR,0,0x3047D800,64,1,
AR,0,0x3047E000,64,1,
AR,0,0x3047E800,64,1,
AR,0,0x3047F000,64,1,
AR,0,0x3047F800,64,1,
AR,0,0x30480000,64,1,
AR,0,0x30480800,64,1,
AR,0,0x30481000,64,1,
AR,0,0x30481800,64,1,
AR,0,0x30482000,64,1,
AR,0,0x30482800,64,1,
AR,0,0x30483000,64,1,
AR,0,0x30483800,64,1,
AR,0,0x30484000,64,1,
AR,0,0x30484800,64,1,
AR,0,0x30485000,64,1,
AR,0,0x30485800,64,1,
AR,0,0x30486000,64,1,
AR,0,0x30486800,64,1,
AR,0,0x30487000,64,1,
AR,0,0x30487800,64,1,
AR,0,0x30488000,64,1,
AR,0,0x30488800,64,1,
AR,0,0x30489000,64,1,
AR,0,0x30489800,64,1,
AR,0,0x3048A000,64,1,
AR,0,0x3048A800,64,1,
AR,0,0x3048B000,64,1,
AR,0,0x3048B800,64,1,
AR,0,0x3048C000,64,1,
AR,0,0x3048C800,64,1,
AR,0,0x3048D000,64,1,
AR,0,0x3048D800,64,1,
AR,0,0x3048E000,64,1,
AR,0,0x3048E800,64,1,
AR,0,0x3048F000,64,1,
AR,0,0x3048F800,64,1,
AR,0,0x30490000,64,1,
AR,0,0x30490800,64,1,
AR,0,0x30491000,64,1,
AR,0,0x30491800,64,1,
AR,0,0x30492000,64,1,
AR,0,0x30492800,64,1,
AR,0,0x30493000,64,1,
AR,0,0x30493800,64,1,
AR,0,0x30494000,64,1,
AR,0,0x30494800,64,1,
AR,0,0x30495000,64,1,
AR,0,0x30495800,64,1,
AR,0,0x30496000,64,1,
AR,0,0x30496800,64,1,
AR,0,0x30497000,64,1,
AR,0,0x30497800,64,1,
AR,0,0x30498000,64,1,
AR,0,0x30498800,64,1,
AR,0,0x30499000,64,1,
AR,0,0x30499800,64,1,
AR,0,0x3049A000,64,1,
AR,0,0x3049A800,64,1,
AR,0,0x3049B000,64,1,
AR,0,0x3049B800,64,1,
AR,0,0x3049C000,64,1,
AR,0,0x3049C800,64,1,
AR,0,0x3049D000,64,1,
AR,0,0x3049D800,64,1,
AR,0,0x3049E000,64,1,
AR,0,0x3049E800,64,1,
AR,0,0x3049F000,64,1,
AR,0,0x3049F800,64,1,
AR,0,0x304A0000,64,1,
AR,0,0x304A0800,64,1,
AR,0,0x304A1000,64,1,
AR,0,0x304A1800,64,1,
AR,0,0x304A2000,64,1,
AR,0,0x304A2800,64,1,
AR,0,0x304A3000,64,1,
AR,0,0x304A3800,64,1,
AR,0,0x304A4000,64,1,
AR,0,0x304A4800,64,1,
AR,0,0x304A5000,64,1,
AR,0,0x304A5800,64,1,
AR,0,0x304A6000,64,1,
AR,0,0x304A6800,64,1,
AR,0,0x304A7000,64,1,
AR,0,0x304A7800,64,1,
AR,0,0x304A8000,64,1,
AR,0,0x304A8800,64,1,
AR,0,0x304A9000,64,1,
AR,0,0x304A9800,64,1,
AR,0,0x304AA000,64,1,
AR,0,0x304AA800,64,1,
AR,0,0x304AB000,64,1,
AR,0,0x304AB800,64,1,
AR,0,0x304AC000,64,1,
AR,0,0x304AC800,64,1,
AR,0,0x304AD000,64,1,
AR,0,0x304AD800,64,1,
AR,0,0x304AE000,64,1,
AR,0,0x304AE800,64,1,
AR,0,0x304AF000,64,1,
AR,0,0x304AF800,64,1,
AR,0,0x304B0000,64,1,
AR,0,0x304B0800,64,1,
AR,0,0x304B1000,64,1,
AR,0,0x304B1800,64,1,
AR,0,0x304B2000,64,1,
AR,0,0x304B2800,64,1,
AR,0,0x304B3000,64,1,
AR,0,0x304B3800,64,1,
AR,0,0x304B4000,64,1,
AR,0,0x304B4800,64,1,
AR,0,0x304B5000,64,1,
AR,0,0x304B5800,64,1,
AR,0,0x304B6000,64,1,
AR,0,0x304B6800,64,1,
AR,0,0x304B7000,64,1,
AR,0,0x304B7800,64,1,
AR,0,0x304B8000,64,1,
AR,0,0x304B8800,64,1,
AR,0,0x304B9000,64,1,
AR,0,0x304B9800,64,1,
AR,0,0x304BA000,64,1,
AR,0,0x304BA800,64,1,
AR,0,0x304BB000,64,1,
AR,0,0x304BB800,64,1,
AR,0,0x304BC000,64,1,
AR,0,0x304BC800,64,1,
AR,0,0x304BD000,64,1,
AR,0,0x304BD800,64,1,
AR,0,0x304BE000,64,1,
AR,0,0x304BE800,64,1,
AR,0,0x304BF000,64,1,
AR,0,0x304BF800,64,1,
AR,0,0x304C0000,64,1,
AR,0,0x304C0800,64,1,
AR,0,0x304C1000,64,1,
AR,0,0x304C1800,64,1,
AR,0,0x304C2000,64,1,
AR,0,0x304C2800,64,1,
AR,0,0x304C3000,64,1,
AR,0,0x304C3800,64,1,
AR,0,0x304C4000,64,1,
AR,0,0x304C4800,64,1,
AR,0,0x304C5000,64,1,
AR,0,0x304C5800,64,1,
AR,0,0x304C6000,64,1,
AR,0,0x304C6800,64,1,
AR,0,0x304C7000,64,1,
AR,0,0x304C7800,64,1,
AR,0,0x304C8000,64,1,
AR,0,0x304C8800,64,1,
AR,0,0x304C9000,64,1,
AR,0,0x304C9800,64,1,
AR,0,0x304CA000,64,1,
AR,0,0x304CA800,64,1,
AR,0,0x304CB000,64,1,
AR,0,0x304CB800,64,1,
AR,0,0x304CC000,64,1,
AR,0,0x304CC800,64,1,
AR,0,0x304CD000,64,1,
AR,0,0x304CD800,64,1,
AR,0,0x304CE000,64,1,
AR,0,0x304CE800,64,1,
AR,0,0x304CF000,64,1,
AR,0,0x304CF800,64,1,
AR,0,0x304D0000,64,1,
AR,0,0x304D0800,64,1,
AR,0,0x304D1000,64,1,
AR,0,0x304D1800,64,1,
AR,0,0x304D2000,64,1,
AR,0,0x304D2800,64,1,
AR,0,0x304D3000,64,1,
AR,0,0x304D3800,64,1,
AR,0,0x304D4000,64,1,
AR,0,0x304D4800,64,1,
AR,0,0x304D5000,64,1,
AR,0,0x304D5800,64,1,
AR,0,0x304D6000,64,1,
AR,0,0x304D6800,64,1,
AR,0,0x304D7000,64,1,
AR,0,0x304D7800,64,1,
AR,0,0x304D8000,64,1,
AR,0,0x304D8800,64,1,
AR,0,0x304D9000,64,1,
AR,0,0x304D9800,64,1,
AR,0,0x304DA000,64,1,
AR,0,0x304DA800,64,1,
AR,0,0x304DB000,64,1,
AR,0,0x304DB800,64,1,
AR,0,0x304DC000,64,1,
AR,0,0x304DC800,64,1,
AR,0,0x304DD000,64,1,
AR,0,0x304DD800,64,1,
AR,0,0x304DE000,64,1,
AR,0,0x304DE800,64,1,
AR,0,0x304DF000,64,1,
AR,0,0x304DF800,64,1,
AR,0,0x304E0000,64,1,
AR,0,0x304E0800,64,1,
AR,0,0x304E1000,64,1,
AR,0,0x304E1800,64,1,
AR,0,0x304E2000,64,1,
AR,0,0x304E2800,64,1,
AR,0,0x304E3000,64,1,
AR,0,0x304E3800,64,1,
AR,0,0x304E4000,64,1,
AR,0,0x304E4800,64,1,
AR,0,0x304E5000,64,1,
AR,0,0x304E5800,64,1,
AR,0,0x304E6000,64,1,
AR,0,0x304E6800,64,1,
AR,0,0x304E7000,64,1,
AR,0,0x304E7800,64,1,
AR,0,0x304E8000,64,1,
AR,0,0x304E8800,64,1,
AR,0,0x304E9000,64,1,
AR,0,0x304E9800,64,1,
AR,0,0x304EA000,64,1,
AR,0,0x304EA800,64,1,
AR,0,0x304EB000,64,1,
AR,0,0x304EB800,64,1,
AR,0,0x304EC000,64,1,
AR,0,0x304EC800,64,1,
AR,0,0x304ED000,64,1,
AR,0,0x304ED800,64,1,
AR,0,0x304EE000,64,1,
AR,0,0x304EE800,64,1,
AR,0,0x304EF000,64,1,
AR,0,0x304EF800,64,1,
AR,0,0x304F0000,64,1,
AR,0,0x304F0800,64,1,
AR,0,0x304F1000,64,1,
AR,0,0x304F1800,64,1,
AR,0,0x304F2000,64,1,
AR,0,0x304F2800,64,1,
AR,0,0x304F3000,64,1,
AR,0,0x304F3800,64,1,
AR,0,0x304F4000,64,1,
AR,0,0x304F4800,64,1,
AR,0,0x304F5000,64,1,
AR,0,0x304F5800,64,1,
AR,0,0x304F6000,64,1,
AR,0,0x304F6800,64,1,
AR,0,0x304F7000,64,1,
AR,0,0x304F7800,64,1,
AR,0,0x304F8000,64,1,
AR,0,0x304F8800,64,1,
AR,0,0x304F9000,64,1,
AR,0,0x304F9800,64,1,
AR,0,0x304FA000,64,1,
AR,0,0x304FA800,64,1,
AR,0,0x304FB000,64,1,
AR,0,0x304FB800,64,1,
AR,0,0x304FC000,64,1,
AR,0,0x304FC800,64,1,
AR,0,0x304FD000,64,1,
AR,0,0x304FD800,64,1,
AR,0,0x304FE000,64,1,
AR,0,0x304FE800,64,1,
AR,0,0x304FF000,64,1,
AR,0,0x304FF800,64,1,
AR,0,0x30500000,64,1,
AR,0,0x30500800,64,1,
AR,0,0x30501000,64,1,
AR,0,0x30501800,64,1,
AR,0,0x30502000,64,1,
AR,0,0x30502800,64,1,
AR,0,0x30503000,64,1,
AR,0,0x30503800,64,1,
AR,0,0x30504000,64,1,
AR,0,0x30504800,64,1,
AR,0,0x30505000,64,1,
AR,0,0x30505800,64,1,
AR,0,0x30506000,64,1,
AR,0,0x30506800,64,1,
AR,0,0x30507000,64,1,
AR,0,0x30507800,64,1,
AR,0,0x30508000,64,1,
AR,0,0x30508800,64,1,
AR,0,0x30509000,64,1,
AR,0,0x30509800,64,1,
AR,0,0x3050A000,64,1,
AR,0,0x3050A800,64,1,
AR,0,0x3050B000,64,1,
AR,0,0x3050B800,64,1,
AR,0,0x3050C000,64,1,
AR,0,0x3050C800,64,1,
AR,0,0x3050D000,64,1,
AR,0,0x3050D800,64,1,
AR,0,0x3050E000,64,1,
AR,0,0x3050E800,64,1,
AR,0,0x3050F000,64,1,
AR,0,0x3050F800,64,1,
AR,0,0x30510000,64,1,
AR,0,0x30510800,64,1,
AR,0,0x30511000,64,1,
AR,0,0x30511800,64,1,
AR,0,0x30512000,64,1,
AR,0,0x30512800,64,1,
AR,0,0x30513000,64,1,
AR,0,0x30513800,64,1,
AR,0,0x30514000,64,1,
AR,0,0x30514800,64,1,
AR,0,0x30515000,64,1,
AR,0,0x30515800,64,1,
AR,0,0x30516000,64,1,
AR,0,0x30516800,64,1,
AR,0,0x30517000,64,1,
AR,0,0x30517800,64,1,
AR,0,0x30518000,64,1,
AR,0,0x30518800,64,1,
AR,0,0x30519000,64,1,
AR,0,0x30519800,64,1,
AR,0,0x3051A000,64,1,
AR,0,0x3051A800,64,1,
AR,0,0x3051B000,64,1,
AR,0,0x3051B800,64,1,
AR,0,0x3051C000,64,1,
AR,0,0x3051C800,64,1,
AR,0,0x3051D000,64,1,
AR,0,0x3051D800,64,1,
AR,0,0x3051E000,64,1,
AR,0,0x3051E800,64,1,
AR,0,0x3051F000,64,1,
AR,0,0x3051F800,64,1,
AR,0,0x30520000,64,1,
AR,0,0x30520800,64,1,
AR,0,0x30521000,64,1,
AR,0,0x30521800,64,1,
AR,0,0x30522000,64,1,
AR,0,0x30522800,64,1,
AR,0,0x30523000,64,1,
AR,0,0x30523800,64,1,
AR,0,0x30524000,64,1,
AR,0,0x30524800,64,1,
AR,0,0x30525000,64,1,
AR,0,0x30525800,64,1,
AR,0,0x30526000,64,1,
AR,0,0x30526800,64,1,
AR,0,0x30527000,64,1,
AR,0,0x30527800,64,1,
AR,0,0x30528000,64,1,
AR,0,0x30528800,64,1,
AR,0,0x30529000,64,1,
AR,0,0x30529800,64,1,
AR,0,0x3052A000,64,1,
AR,0,0x3052A800,64,1,
AR,0,0x3052B000,64,1,
AR,0,0x3052B800,64,1,
AR,0,0x3052C000,64,1,
AR,0,0x3052C800,64,1,
AR,0,0x3052D000,64,1,
AR,0,0x3052D800,64,1,
AR,0,0x3052E000,64,1,
AR,0,0x3052E800,64,1,
AR,0,0x3052F000,64,1,
AR,0,0x3052F800,64,1,
AR,0,0x30530000,64,1,
AR,0,0x30530800,64,1,
AR,0,0x30531000,64,1,
AR,0,0x30531800,64,1,
AR,0,0x30532000,64,1,
AR,0,0x30532800,64,1,
AR,0,0x30533000,64,1,
AR,0,0x30533800,64,1,
AR,0,0x30534000,64,1,
AR,0,0x30534800,64,1,
AR,0,0x30535000,64,1,
AR,0,0x30535800,64,1,
AR,0,0x30536000,64,1,
AR,0,0x30536800,64,1,
AR,0,0x30537000,64,1,
AR,0,0x30537800,64,1,
AR,0,0x30538000,64,1,
AR,0,0x30538800,64,1,
AR,0,0x30539000,64,1,
AR,0,0x30539800,64,1,
AR,0,0x3053A000,64,1,
AR,0,0x3053A800,64,1,
AR,0,0x3053B000,64,1,
AR,0,0x3053B800,64,1,
AR,0,0x3053C000,64,1,
AR,0,0x3053C800,64,1,
AR,0,0x3053D000,64,1,
AR,0,0x3053D800,64,1,
AR,0,0x3053E000,64,1,
AR,0,0x3053E800,64,1,
AR,0,0x3053F000,64,1,
AR,0,0x3053F800,64,1,
AR,0,0x30540000,64,1,
AR,0,0x30540800,64,1,
AR,0,0x30541000,64,1,
AR,0,0x30541800,64,1,
AR,0,0x30542000,64,1,
AR,0,0x30542800,64,1,
AR,0,0x30543000,64,1,
AR,0,0x30543800,64,1,
AR,0,0x30544000,64,1,
AR,0,0x30544800,64,1,
AR,0,0x30545000,64,1,
AR,0,0x30545800,64,1,
AR,0,0x30546000,64,1,
AR,0,0x30546800,64,1,
AR,0,0x30547000,64,1,
AR,0,0x30547800,64,1,
AR,0,0x30548000,64,1,
AR,0,0x30548800,64,1,
AR,0,0x30549000,64,1,
AR,0,0x30549800,64,1,
AR,0,0x3054A000,64,1,
AR,0,0x3054A800,64,1,
AR,0,0x3054B000,64,1,
AR,0,0x3054B800,64,1,
AR,0,0x3054C000,64,1,
AR,0,0x3054C800,64,1,
AR,0,0x3054D000,64,1,
AR,0,0x3054D800,64,1,
AR,0,0x3054E000,64,1,
AR,0,0x3054E800,64,1,
AR,0,0x3054F000,64,1,
AR,0,0x3054F800,64,1,
AR,0,0x30550000,64,1,
AR,0,0x30550800,64,1,
AR,0,0x30551000,64,1,
AR,0,0x30551800,64,1,
AR,0,0x30552000,64,1,
AR,0,0x30552800,64,1,
AR,0,0x30553000,64,1,
AR,0,0x30553800,64,1,
AR,0,0x30554000,64,1,
AR,0,0x30554800,64,1,
AR,0,0x30555000,64,1,
AR,0,0x30555800,64,1,
AR,0,0x30556000,64,1,
AR,0,0x30556800,64,1,
AR,0,0x30557000,64,1,
AR,0,0x30557800,64,1,
AR,0,0x30558000,64,1,
AR,0,0x30558800,64,1,
AR,0,0x30559000,64,1,
AR,0,0x30559800,64,1,
AR,0,0x3055A000,64,1,
AR,0,0x3055A800,64,1,
AR,0,0x3055B000,64,1,
AR,0,0x3055B800,64,1,
AR,0,0x3055C000,64,1,
AR,0,0x3055C800,64,1,
AR,0,0x3055D000,64,1,
AR,0,0x3055D800,64,1,
AR,0,0x3055E000,64,1,
AR,0,0x3055E800,64,1,
AR,0,0x3055F000,64,1,
AR,0,0x3055F800,64,1,
AR,0,0x30560000,64,1,
AR,0,0x30560800,64,1,
AR,0,0x30561000,64,1,
AR,0,0x30561800,64,1,
AR,0,0x30562000,64,1,
AR,0,0x30562800,64,1,
AR,0,0x30563000,64,1,
AR,0,0x30563800,64,1,
AR,0,0x30564000,64,1,
AR,0,0x30564800,64,1,
AR,0,0x30565000,64,1,
AR,0,0x30565800,64,1,
AR,0,0x30566000,64,1,
AR,0,0x30566800,64,1,
AR,0,0x30567000,64,1,
AR,0,0x30567800,64,1,
AR,0,0x30568000,64,1,
AR,0,0x30568800,64,1,
AR,0,0x30569000,64,1,
AR,0,0x30569800,64,1,
AR,0,0x3056A000,64,1,
AR,0,0x3056A800,64,1,
AR,0,0x3056B000,64,1,
AR,0,0x3056B800,64,1,
AR,0,0x3056C000,64,1,
AR,0,0x3056C800,64,1,
AR,0,0x3056D000,64,1,
AR,0,0x3056D800,64,1,
AR,0,0x3056E000,64,1,
AR,0,0x3056E800,64,1,
AR,0,0x3056F000,64,1,
AR,0,0x3056F800,64,1,
AR,0,0x30570000,64,1,
AR,0,0x30570800,64,1,
AR,0,0x30571000,64,1,
AR,0,0x30571800,64,1,
AR,0,0x30572000,64,1,
AR,0,0x30572800,64,1,
AR,0,0x30573000,64,1,
AR,0,0x30573800,64,1,
AR,0,0x30574000,64,1,
AR,0,0x30574800,64,1,
AR,0,0x30575000,64,1,
AR,0,0x30575800,64,1,
AR,0,0x30576000,64,1,
AR,0,0x30576800,64,1,
AR,0,0x30577000,64,1,
AR,0,0x30577800,64,1,
AR,0,0x30578000,64,1,
AR,0,0x30578800,64,1,
AR,0,0x30579000,64,1,
AR,0,0x30579800,64,1,
AR,0,0x3057A000,64,1,
AR,0,0x3057A800,64,1,
AR,0,0x3057B000,64,1,
AR,0,0x3057B800,64,1,
AR,0,0x3057C000,64,1,
AR,0,0x3057C800,64,1,
AR,0,0x3057D000,64,1,
AR,0,0x3057D800,64,1,
AR,0,0x3057E000,64,1,
AR,0,0x3057E800,64,1,
AR,0,0x3057F000,64,1,
AR,0,0x3057F800,64,1,
AR,0,0x30580000,64,1,
AR,0,0x30580800,64,1,
AR,0,0x30581000,64,1,
AR,0,0x30581800,64,1,
AR,0,0x30582000,64,1,
AR,0,0x30582800,64,1,
AR,0,0x30583000,64,1,
AR,0,0x30583800,64,1,
AR,0,0x30584000,64,1,
AR,0,0x30584800,64,1,
AR,0,0x30585000,64,1,
AR,0,0x30585800,64,1,
AR,0,0x30586000,64,1,
AR,0,0x30586800,64,1,
AR,0,0x30587000,64,1,
AR,0,0x30587800,64,1,
AR,0,0x30588000,64,1,
AR,0,0x30588800,64,1,
AR,0,0x30589000,64,1,
AR,0,0x30589800,64,1,
AR,0,0x3058A000,64,1,
AR,0,0x3058A800,64,1,
AR,0,0x3058B000,64,1,
AR,0,0x3058B800,64,1,
AR,0,0x3058C000,64,1,
AR,0,0x3058C800,64,1,
AR,0,0x3058D000,64,1,
AR,0,0x3058D800,64,1,
AR,0,0x3058E000,64,1,
AR,0,0x3058E800,64,1,
AR,0,0x3058F000,64,1,
AR,0,0x3058F800,64,1,
AR,0,0x30590000,64,1,
AR,0,0x30590800,64,1,
AR,0,0x30591000,64,1,
AR,0,0x30591800,64,1,
AR,0,0x30592000,64,1,
AR,0,0x30592800,64,1,
AR,0,0x30593000,64,1,
AR,0,0x30593800,64,1,
AR,0,0x30594000,64,1,
AR,0,0x30594800,64,1,
AR,0,0x30595000,64,1,
AR,0,0x30595800,64,1,
AR,0,0x30596000,64,1,
AR,0,0x30596800,64,1,
AR,0,0x30597000,64,1,
AR,0,0x30597800,64,1,
AR,0,0x30598000,64,1,
AR,0,0x30598800,64,1,
AR,0,0x30599000,64,1,
AR,0,0x30599800,64,1,
AR,0,0x3059A000,64,1,
AR,0,0x3059A800,64,1,
AR,0,0x3059B000,64,1,
AR,0,0x3059B800,64,1,
AR,0,0x3059C000,64,1,
AR,0,0x3059C800,64,1,
AR,0,0x3059D000,64,1,
AR,0,0x3059D800,64,1,
AR,0,0x3059E000,64,1,
AR,0,0x3059E800,64,1,
AR,0,0x3059F000,64,1,
AR,0,0x3059F800,64,1,
AR,0,0x305A0000,64,1,
AR,0,0x305A0800,64,1,
AR,0,0x305A1000,64,1,
AR,0,0x305A1800,64,1,
AR,0,0x305A2000,64,1,
AR,0,0x305A2800,64,1,
AR,0,0x305A3000,64,1,
AR,0,0x305A3800,64,1,
AR,0,0x305A4000,64,1,
AR,0,0x305A4800,64,1,
AR,0,0x305A5000,64,1,
AR,0,0x305A5800,64,1,
AR,0,0x305A6000,64,1,
AR,0,0x305A6800,64,1,
AR,0,0x305A7000,64,1,
AR,0,0x305A7800,64,1,
AR,0,0x305A8000,64,1,
AR,0,0x305A8800,64,1,
AR,0,0x305A9000,64,1,
AR,0,0x305A9800,64,1,
AR,0,0x305AA000,64,1,
AR,0,0x305AA800,64,1,
AR,0,0x305AB000,64,1,
AR,0,0x305AB800,64,1,
AR,0,0x305AC000,64,1,
AR,0,0x305AC800,64,1,
AR,0,0x305AD000,64,1,
AR,0,0x305AD800,64,1,
AR,0,0x305AE000,64,1,
AR,0,0x305AE800,64,1,
AR,0,0x305AF000,64,1,
AR,0,0x305AF800,64,1,
AR,0,0x305B0000,64,1,
AR,0,0x305B0800,64,1,
AR,0,0x305B1000,64,1,
AR,0,0x305B1800,64,1,
AR,0,0x305B2000,64,1,
AR,0,0x305B2800,64,1,
AR,0,0x305B3000,64,1,
AR,0,0x305B3800,64,1,
AR,0,0x305B4000,64,1,
AR,0,0x305B4800,64,1,
AR,0,0x305B5000,64,1,
AR,0,0x305B5800,64,1,
AR,0,0x305B6000,64,1,
AR,0,0x305B6800,64,1,
AR,0,0x305B7000,64,1,
AR,0,0x305B7800,64,1,
AR,0,0x305B8000,64,1,
AR,0,0x305B8800,64,1,
AR,0,0x305B9000,64,1,
AR,0,0x305B9800,64,1,
AR,0,0x305BA000,64,1,
AR,0,0x305BA800,64,1,
AR,0,0x305BB000,64,1,
AR,0,0x305BB800,64,1,
AR,0,0x305BC000,64,1,
AR,0,0x305BC800,64,1,
AR,0,0x305BD000,64,1,
AR,0,0x305BD800,64,1,
AR,0,0x305BE000,64,1,
AR,0,0x305BE800,64,1,
AR,0,0x305BF000,64,1,
AR,0,0x305BF800,64,1,
AR,0,0x305C0000,64,1,
AR,0,0x305C0800,64,1,
AR,0,0x305C1000,64,1,
AR,0,0x305C1800,64,1,
AR,0,0x305C2000,64,1,
AR,0,0x305C2800,64,1,
AR,0,0x305C3000,64,1,
AR,0,0x305C3800,64,1,
AR,0,0x305C4000,64,1,
AR,0,0x305C4800,64,1,
AR,0,0x305C5000,64,1,
AR,0,0x305C5800,64,1,
AR,0,0x305C6000,64,1,
AR,0,0x305C6800,64,1,
AR,0,0x305C7000,64,1,
AR,0,0x305C7800,64,1,
AR,0,0x305C8000,64,1,
AR,0,0x305C8800,64,1,
AR,0,0x305C9000,64,1,
AR,0,0x305C9800,64,1,
AR,0,0x305CA000,64,1,
AR,0,0x305CA800,64,1,
AR,0,0x305CB000,64,1,
AR,0,0x305CB800,64,1,
AR,0,0x305CC000,64,1,
AR,0,0x305CC800,64,1,
AR,0,0x305CD000,64,1,
AR,0,0x305CD800,64,1,
AR,0,0x305CE000,64,1,
AR,0,0x305CE800,64,1,
AR,0,0x305CF000,64,1,
AR,0,0x305CF800,64,1,
AR,0,0x305D0000,64,1,
AR,0,0x305D0800,64,1,
AR,0,0x305D1000,64,1,
AR,0,0x305D1800,64,1,
AR,0,0x305D2000,64,1,
AR,0,0x305D2800,64,1,
AR,0,0x305D3000,64,1,
AR,0,0x305D3800,64,1,
AR,0,0x305D4000,64,1,
AR,0,0x305D4800,64,1,
AR,0,0x305D5000,64,1,
AR,0,0x305D5800,64,1,
AR,0,0x305D6000,64,1,
AR,0,0x305D6800,64,1,
AR,0,0x305D7000,64,1,
AR,0,0x305D7800,64,1,
AR,0,0x305D8000,64,1,
AR,0,0x305D8800,64,1,
AR,0,0x305D9000,64,1,
AR,0,0x305D9800,64,1,
AR,0,0x305DA000,64,1,
AR,0,0x305DA800,64,1,
AR,0,0x305DB000,64,1,
AR,0,0x305DB800,64,1,
AR,0,0x305DC000,64,1,
AR,0,0x305DC800,64,1,
AR,0,0x305DD000,64,1,
AR,0,0x305DD800,64,1,
AR,0,0x305DE000,64,1,
AR,0,0x305DE800,64,1,
AR,0,0x305DF000,64,1,
AR,0,0x305DF800,64,1,
AR,0,0x305E0000,64,1,
AR,0,0x305E0800,64,1,
AR,0,0x305E1000,64,1,
AR,0,0x305E1800,64,1,
AR,0,0x305E2000,64,1,
AR,0,0x305E2800,64,1,
AR,0,0x305E3000,64,1,
AR,0,0x305E3800,64,1,
AR,0,0x305E4000,64,1,
AR,0,0x305E4800,64,1,
AR,0,0x305E5000,64,1,
AR,0,0x305E5800,64,1,
AR,0,0x305E6000,64,1,
AR,0,0x305E6800,64,1,
AR,0,0x305E7000,64,1,
AR,0,0x305E7800,64,1,
AR,0,0x305E8000,64,1,
AR,0,0x305E8800,64,1,
AR,0,0x305E9000,64,1,
AR,0,0x305E9800,64,1,
AR,0,0x305EA000,64,1,
AR,0,0x305EA800,64,1,
AR,0,0x305EB000,64,1,
AR,0,0x305EB800,64,1,
AR,0,0x305EC000,64,1,
AR,0,0x305EC800,64,1,
AR,0,0x305ED000,64,1,
AR,0,0x305ED800,64,1,
AR,0,0x305EE000,64,1,
AR,0,0x305EE800,64,1,
AR,0,0x305EF000,64,1,
AR,0,0x305EF800,64,1,
AR,0,0x305F0000,64,1,
AR,0,0x305F0800,64,1,
AR,0,0x305F1000,64,1,
AR,0,0x305F1800,64,1,
AR,0,0x305F2000,64,1,
AR,0,0x305F2800,64,1,
AR,0,0x305F3000,64,1,
AR,0,0x305F3800,64,1,
AR,0,0x305F4000,64,1,
AR,0,0x305F4800,64,1,
AR,0,0x305F5000,64,1,
AR,0,0x305F5800,64,1,
AR,0,0x305F6000,64,1,
AR,0,0x305F6800,64,1,
AR,0,0x305F7000,64,1,
AR,0,0x305F7800,64,1,
AR,0,0x305F8000,64,1,
AR,0,0x305F8800,64,1,
AR,0,0x305F9000,64,1,
AR,0,0x305F9800,64,1,
AR,0,0x305FA000,64,1,
AR,0,0x305FA800,64,1,
AR,0,0x305FB000,64,1,
AR,0,0x305FB800,64,1,
AR,0,0x305FC000,64,1,
AR,0,0x305FC800,64,1,
AR,0,0x305FD000,64,1,
AR,0,0x305FD800,64,1,
AR,0,0x305FE000,64,1,
AR,0,0x305FE800,64,1,
AR,0,0x305FF000,64,1,
AR,0,0x305FF800,64,1,
AR,0,0x30600000,64,1,
AR,0,0x30600800,64,1,
AR,0,0x30601000,64,1,
AR,0,0x30601800,64,1,
AR,0,0x30602000,64,1,
AR,0,0x30602800,64,1,
AR,0,0x30603000,64,1,
AR,0,0x30603800,64,1,
AR,0,0x30604000,64,1,
AR,0,0x30604800,64,1,
AR,0,0x30605000,64,1,
AR,0,0x30605800,64,1,
AR,0,0x30606000,64,1,
AR,0,0x30606800,64,1,
AR,0,0x30607000,64,1,
AR,0,0x30607800,64,1,
AR,0,0x30608000,64,1,
AR,0,0x30608800,64,1,
AR,0,0x30609000,64,1,
AR,0,0x30609800,64,1,
AR,0,0x3060A000,64,1,
AR,0,0x3060A800,64,1,
AR,0,0x3060B000,64,1,
AR,0,0x3060B800,64,1,
AR,0,0x3060C000,64,1,
AR,0,0x3060C800,64,1,
AR,0,0x3060D000,64,1,
AR,0,0x3060D800,64,1,
AR,0,0x3060E000,64,1,
AR,0,0x3060E800,64,1,
AR,0,0x3060F000,64,1,
AR,0,0x3060F800,64,1,
AR,0,0x30610000,64,1,
AR,0,0x30610800,64,1,
AR,0,0x30611000,64,1,
AR,0,0x30611800,64,1,
AR,0,0x30612000,64,1,
AR,0,0x30612800,64,1,
AR,0,0x30613000,64,1,
AR,0,0x30613800,64,1,
AR,0,0x30614000,64,1,
AR,0,0x30614800,64,1,
AR,0,0x30615000,64,1,
AR,0,0x30615800,64,1,
AR,0,0x30616000,64,1,
AR,0,0x30616800,64,1,
AR,0,0x30617000,64,1,
AR,0,0x30617800,64,1,
AR,0,0x30618000,64,1,
AR,0,0x30618800,64,1,
AR,0,0x30619000,64,1,
AR,0,0x30619800,64,1,
AR,0,0x3061A000,64,1,
AR,0,0x3061A800,64,1,
AR,0,0x3061B000,64,1,
AR,0,0x3061B800,64,1,
AR,0,0x3061C000,64,1,
AR,0,0x3061C800,64,1,
AR,0,0x3061D000,64,1,
AR,0,0x3061D800,64,1,
AR,0,0x3061E000,64,1,
AR,0,0x3061E800,64,1,
AR,0,0x3061F000,64,1,
AR,0,0x3061F800,64,1,
AR,0,0x30620000,64,1,
AR,0,0x30620800,64,1,
AR,0,0x30621000,64,1,
AR,0,0x30621800,64,1,
AR,0,0x30622000,64,1,
AR,0,0x30622800,64,1,
AR,0,0x30623000,64,1,
AR,0,0x30623800,64,1,
AR,0,0x30624000,64,1,
AR,0,0x30624800,64,1,
AR,0,0x30625000,64,1,
AR,0,0x30625800,64,1,
AR,0,0x30626000,64,1,
AR,0,0x30626800,64,1,
AR,0,0x30627000,64,1,
AR,0,0x30627800,64,1,
AR,0,0x30628000,64,1,
AR,0,0x30628800,64,1,
AR,0,0x30629000,64,1,
AR,0,0x30629800,64,1,
AR,0,0x3062A000,64,1,
AR,0,0x3062A800,64,1,
AR,0,0x3062B000,64,1,
AR,0,0x3062B800,64,1,
AR,0,0x3062C000,64,1,
AR,0,0x3062C800,64,1,
AR,0,0x3062D000,64,1,
AR,0,0x3062D800,64,1,
AR,0,0x3062E000,64,1,
AR,0,0x3062E800,64,1,
AR,0,0x3062F000,64,1,
AR,0,0x3062F800,64,1,
AR,0,0x30630000,64,1,
AR,0,0x30630800,64,1,
AR,0,0x30631000,64,1,
AR,0,0x30631800,64,1,
AR,0,0x30632000,64,1,
AR,0,0x30632800,64,1,
AR,0,0x30633000,64,1,
AR,0,0x30633800,64,1,
AR,0,0x30634000,64,1,
AR,0,0x30634800,64,1,
AR,0,0x30635000,64,1,
AR,0,0x30635800,64,1,
AR,0,0x30636000,64,1,
AR,0,0x30636800,64,1,
AR,0,0x30637000,64,1,
AR,0,0x30637800,64,1,
AR,0,0x30638000,64,1,
AR,0,0x30638800,64,1,
AR,0,0x30639000,64,1,
AR,0,0x30639800,64,1,
AR,0,0x3063A000,64,1,
AR,0,0x3063A800,64,1,
AR,0,0x3063B000,64,1,
AR,0,0x3063B800,64,1,
AR,0,0x3063C000,64,1,
AR,0,0x3063C800,64,1,
AR,0,0x3063D000,64,1,
AR,0,0x3063D800,64,1,
AR,0,0x3063E000,64,1,
AR,0,0x3063E800,64,1,
AR,0,0x3063F000,64,1,
AR,0,0x3063F800,64,1,
AR,0,0x30640000,64,1,
AR,0,0x30640800,64,1,
AR,0,0x30641000,64,1,
AR,0,0x30641800,64,1,
AR,0,0x30642000,64,1,
AR,0,0x30642800,64,1,
AR,0,0x30643000,64,1,
AR,0,0x30643800,64,1,
AR,0,0x30644000,64,1,
AR,0,0x30644800,64,1,
AR,0,0x30645000,64,1,
AR,0,0x30645800,64,1,
AR,0,0x30646000,64,1,
AR,0,0x30646800,64,1,
AR,0,0x30647000,64,1,
AR,0,0x30647800,64,1,
AR,0,0x30648000,64,1,
AR,0,0x30648800,64,1,
AR,0,0x30649000,64,1,
AR,0,0x30649800,64,1,
AR,0,0x3064A000,64,1,
AR,0,0x3064A800,64,1,
AR,0,0x3064B000,64,1,
AR,0,0x3064B800,64,1,
AR,0,0x3064C000,64,1,
AR,0,0x3064C800,64,1,
AR,0,0x3064D000,64,1,
AR,0,0x3064D800,64,1,
AR,0,0x3064E000,64,1,
AR,0,0x3064E800,64,1,
AR,0,0x3064F000,64,1,
AR,0,0x3064F800,64,1,
AR,0,0x30650000,64,1,
AR,0,0x30650800,64,1,
AR,0,0x30651000,64,1,
AR,0,0x30651800,64,1,
AR,0,0x30652000,64,1,
AR,0,0x30652800,64,1,
AR,0,0x30653000,64,1,
AR,0,0x30653800,64,1,
AR,0,0x30654000,64,1,
AR,0,0x30654800,64,1,
AR,0,0x30655000,64,1,
AR,0,0x30655800,64,1,
AR,0,0x30656000,64,1,
AR,0,0x30656800,64,1,
AR,0,0x30657000,64,1,
AR,0,0x30657800,64,1,
AR,0,0x30658000,64,1,
AR,0,0x30658800,64,1,
AR,0,0x30659000,64,1,
AR,0,0x30659800,64,1,
AR,0,0x3065A000,64,1,
AR,0,0x3065A800,64,1,
AR,0,0x3065B000,64,1,
AR,0,0x3065B800,64,1,
AR,0,0x3065C000,64,1,
AR,0,0x3065C800,64,1,
AR,0,0x3065D000,64,1,
AR,0,0x3065D800,64,1,
AR,0,0x3065E000,64,1,
AR,0,0x3065E800,64,1,
AR,0,0x3065F000,64,1,
AR,0,0x3065F800,64,1,
AR,0,0x30660000,64,1,
AR,0,0x30660800,64,1,
AR,0,0x30661000,64,1,
AR,0,0x30661800,64,1,
AR,0,0x30662000,64,1,
AR,0,0x30662800,64,1,
AR,0,0x30663000,64,1,
AR,0,0x30663800,64,1,
AR,0,0x30664000,64,1,
AR,0,0x30664800,64,1,
AR,0,0x30665000,64,1,
AR,0,0x30665800,64,1,
AR,0,0x30666000,64,1,
AR,0,0x30666800,64,1,
AR,0,0x30667000,64,1,
AR,0,0x30667800,64,1,
AR,0,0x30668000,64,1,
AR,0,0x30668800,64,1,
AR,0,0x30669000,64,1,
AR,0,0x30669800,64,1,
AR,0,0x3066A000,64,1,
AR,0,0x3066A800,64,1,
AR,0,0x3066B000,64,1,
AR,0,0x3066B800,64,1,
AR,0,0x3066C000,64,1,
AR,0,0x3066C800,64,1,
AR,0,0x3066D000,64,1,
AR,0,0x3066D800,64,1,
AR,0,0x3066E000,64,1,
AR,0,0x3066E800,64,1,
AR,0,0x3066F000,64,1,
AR,0,0x3066F800,64,1,
AR,0,0x30670000,64,1,
AR,0,0x30670800,64,1,
AR,0,0x30671000,64,1,
AR,0,0x30671800,64,1,
AR,0,0x30672000,64,1,
AR,0,0x30672800,64,1,
AR,0,0x30673000,64,1,
AR,0,0x30673800,64,1,
AR,0,0x30674000,64,1,
AR,0,0x30674800,64,1,
AR,0,0x30675000,64,1,
AR,0,0x30675800,64,1,
AR,0,0x30676000,64,1,
AR,0,0x30676800,64,1,
AR,0,0x30677000,64,1,
AR,0,0x30677800,64,1,
AR,0,0x30678000,64,1,
AR,0,0x30678800,64,1,
AR,0,0x30679000,64,1,
AR,0,0x30679800,64,1,
AR,0,0x3067A000,64,1,
AR,0,0x3067A800,64,1,
AR,0,0x3067B000,64,1,
AR,0,0x3067B800,64,1,
AR,0,0x3067C000,64,1,
AR,0,0x3067C800,64,1,
AR,0,0x3067D000,64,1,
AR,0,0x3067D800,64,1,
AR,0,0x3067E000,64,1,
AR,0,0x3067E800,64,1,
AR,0,0x3067F000,64,1,
AR,0,0x3067F800,64,1,
AR,0,0x30680000,64,1,
AR,0,0x30680800,64,1,
AR,0,0x30681000,64,1,
AR,0,0x30681800,64,1,
AR,0,0x30682000,64,1,
AR,0,0x30682800,64,1,
AR,0,0x30683000,64,1,
AR,0,0x30683800,64,1,
AR,0,0x30684000,64,1,
AR,0,0x30684800,64,1,
AR,0,0x30685000,64,1,
AR,0,0x30685800,64,1,
AR,0,0x30686000,64,1,
AR,0,0x30686800,64,1,
AR,0,0x30687000,64,1,
AR,0,0x30687800,64,1,
AR,0,0x30688000,64,1,
AR,0,0x30688800,64,1,
AR,0,0x30689000,64,1,
AR,0,0x30689800,64,1,
AR,0,0x3068A000,64,1,
AR,0,0x3068A800,64,1,
AR,0,0x3068B000,64,1,
AR,0,0x3068B800,64,1,
AR,0,0x3068C000,64,1,
AR,0,0x3068C800,64,1,
AR,0,0x3068D000,64,1,
AR,0,0x3068D800,64,1,
AR,0,0x3068E000,64,1,
AR,0,0x3068E800,64,1,
AR,0,0x3068F000,64,1,
AR,0,0x3068F800,64,1,
AR,0,0x30690000,64,1,
AR,0,0x30690800,64,1,
AR,0,0x30691000,64,1,
AR,0,0x30691800,64,1,
AR,0,0x30692000,64,1,
AR,0,0x30692800,64,1,
AR,0,0x30693000,64,1,
AR,0,0x30693800,64,1,
AR,0,0x30694000,64,1,
AR,0,0x30694800,64,1,
AR,0,0x30695000,64,1,
AR,0,0x30695800,64,1,
AR,0,0x30696000,64,1,
AR,0,0x30696800,64,1,
AR,0,0x30697000,64,1,
AR,0,0x30697800,64,1,
AR,0,0x30698000,64,1,
AR,0,0x30698800,64,1,
AR,0,0x30699000,64,1,
AR,0,0x30699800,64,1,
AR,0,0x3069A000,64,1,
AR,0,0x3069A800,64,1,
AR,0,0x3069B000,64,1,
AR,0,0x3069B800,64,1,
AR,0,0x3069C000,64,1,
AR,0,0x3069C800,64,1,
AR,0,0x3069D000,64,1,
AR,0,0x3069D800,64,1,
AR,0,0x3069E000,64,1,
AR,0,0x3069E800,64,1,
AR,0,0x3069F000,64,1,
AR,0,0x3069F800,64,1,
AR,0,0x306A0000,64,1,
AR,0,0x306A0800,64,1,
AR,0,0x306A1000,64,1,
AR,0,0x306A1800,64,1,
AR,0,0x306A2000,64,1,
AR,0,0x306A2800,64,1,
AR,0,0x306A3000,64,1,
AR,0,0x306A3800,64,1,
AR,0,0x306A4000,64,1,
AR,0,0x306A4800,64,1,
AR,0,0x306A5000,64,1,
AR,0,0x306A5800,64,1,
AR,0,0x306A6000,64,1,
AR,0,0x306A6800,64,1,
AR,0,0x306A7000,64,1,
AR,0,0x306A7800,64,1,
AR,0,0x306A8000,64,1,
AR,0,0x306A8800,64,1,
AR,0,0x306A9000,64,1,
AR,0,0x306A9800,64,1,
AR,0,0x306AA000,64,1,
AR,0,0x306AA800,64,1,
AR,0,0x306AB000,64,1,
AR,0,0x306AB800,64,1,
AR,0,0x306AC000,64,1,
AR,0,0x306AC800,64,1,
AR,0,0x306AD000,64,1,
AR,0,0x306AD800,64,1,
AR,0,0x306AE000,64,1,
AR,0,0x306AE800,64,1,
AR,0,0x306AF000,64,1,
AR,0,0x306AF800,64,1,
AR,0,0x306B0000,64,1,
AR,0,0x306B0800,64,1,
AR,0,0x306B1000,64,1,
AR,0,0x306B1800,64,1,
AR,0,0x306B2000,64,1,
AR,0,0x306B2800,64,1,
AR,0,0x306B3000,64,1,
AR,0,0x306B3800,64,1,
AR,0,0x306B4000,64,1,
AR,0,0x306B4800,64,1,
AR,0,0x306B5000,64,1,
AR,0,0x306B5800,64,1,
AR,0,0x306B6000,64,1,
AR,0,0x306B6800,64,1,
AR,0,0x306B7000,64,1,
AR,0,0x306B7800,64,1,
AR,0,0x306B8000,64,1,
AR,0,0x306B8800,64,1,
AR,0,0x306B9000,64,1,
AR,0,0x306B9800,64,1,
AR,0,0x306BA000,64,1,
AR,0,0x306BA800,64,1,
AR,0,0x306BB000,64,1,
AR,0,0x306BB800,64,1,
AR,0,0x306BC000,64,1,
AR,0,0x306BC800,64,1,
AR,0,0x306BD000,64,1,
AR,0,0x306BD800,64,1,
AR,0,0x306BE000,64,1,
AR,0,0x306BE800,64,1,
AR,0,0x306BF000,64,1,
AR,0,0x306BF800,64,1,
AR,0,0x306C0000,64,1,
AR,0,0x306C0800,64,1,
AR,0,0x306C1000,64,1,
AR,0,0x306C1800,64,1,
AR,0,0x306C2000,64,1,
AR,0,0x306C2800,64,1,
AR,0,0x306C3000,64,1,
AR,0,0x306C3800,64,1,
AR,0,0x306C4000,64,1,
AR,0,0x306C4800,64,1,
AR,0,0x306C5000,64,1,
AR,0,0x306C5800,64,1,
AR,0,0x306C6000,64,1,
AR,0,0x306C6800,64,1,
AR,0,0x306C7000,64,1,
AR,0,0x306C7800,64,1,
AR,0,0x306C8000,64,1,
AR,0,0x306C8800,64,1,
AR,0,0x306C9000,64,1,
AR,0,0x306C9800,64,1,
AR,0,0x306CA000,64,1,
AR,0,0x306CA800,64,1,
AR,0,0x306CB000,64,1,
AR,0,0x306CB800,64,1,
AR,0,0x306CC000,64,1,
AR,0,0x306CC800,64,1,
AR,0,0x306CD000,64,1,
AR,0,0x306CD800,64,1,
AR,0,0x306CE000,64,1,
AR,0,0x306CE800,64,1,
AR,0,0x306CF000,64,1,
AR,0,0x306CF800,64,1,
AR,0,0x306D0000,64,1,
AR,0,0x306D0800,64,1,
AR,0,0x306D1000,64,1,
AR,0,0x306D1800,64,1,
AR,0,0x306D2000,64,1,
AR,0,0x306D2800,64,1,
AR,0,0x306D3000,64,1,
AR,0,0x306D3800,64,1,
AR,0,0x306D4000,64,1,
AR,0,0x306D4800,64,1,
AR,0,0x306D5000,64,1,
AR,0,0x306D5800,64,1,
AR,0,0x306D6000,64,1,
AR,0,0x306D6800,64,1,
AR,0,0x306D7000,64,1,
AR,0,0x306D7800,64,1,
AR,0,0x306D8000,64,1,
AR,0,0x306D8800,64,1,
AR,0,0x306D9000,64,1,
AR,0,0x306D9800,64,1,
AR,0,0x306DA000,64,1,
AR,0,0x306DA800,64,1,
AR,0,0x306DB000,64,1,
AR,0,0x306DB800,64,1,
AR,0,0x306DC000,64,1,
AR,0,0x306DC800,64,1,
AR,0,0x306DD000,64,1,
AR,0,0x306DD800,64,1,
AR,0,0x306DE000,64,1,
AR,0,0x306DE800,64,1,
AR,0,0x306DF000,64,1,
AR,0,0x306DF800,64,1,
AR,0,0x306E0000,64,1,
AR,0,0x306E0800,64,1,
AR,0,0x306E1000,64,1,
AR,0,0x306E1800,64,1,
AR,0,0x306E2000,64,1,
AR,0,0x306E2800,64,1,
AR,0,0x306E3000,64,1,
AR,0,0x306E3800,64,1,
AR,0,0x306E4000,64,1,
AR,0,0x306E4800,64,1,
AR,0,0x306E5000,64,1,
AR,0,0x306E5800,64,1,
AR,0,0x306E6000,64,1,
AR,0,0x306E6800,64,1,
AR,0,0x306E7000,64,1,
AR,0,0x306E7800,64,1,
AR,0,0x306E8000,64,1,
AR,0,0x306E8800,64,1,
AR,0,0x306E9000,64,1,
AR,0,0x306E9800,64,1,
AR,0,0x306EA000,64,1,
AR,0,0x306EA800,64,1,
AR,0,0x306EB000,64,1,
AR,0,0x306EB800,64,1,
AR,0,0x306EC000,64,1,
AR,0,0x306EC800,64,1,
AR,0,0x306ED000,64,1,
AR,0,0x306ED800,64,1,
AR,0,0x306EE000,64,1,
AR,0,0x306EE800,64,1,
AR,0,0x306EF000,64,1,
AR,0,0x306EF800,64,1,
AR,0,0x306F0000,64,1,
AR,0,0x306F0800,64,1,
AR,0,0x306F1000,64,1,
AR,0,0x306F1800,64,1,
AR,0,0x306F2000,64,1,
AR,0,0x306F2800,64,1,
AR,0,0x306F3000,64,1,
AR,0,0x306F3800,64,1,
AR,0,0x306F4000,64,1,
AR,0,0x306F4800,64,1,
AR,0,0x306F5000,64,1,
AR,0,0x306F5800,64,1,
AR,0,0x306F6000,64,1,
AR,0,0x306F6800,64,1,
AR,0,0x306F7000,64,1,
AR,0,0x306F7800,64,1,
AR,0,0x306F8000,64,1,
AR,0,0x306F8800,64,1,
AR,0,0x306F9000,64,1,
AR,0,0x306F9800,64,1,
AR,0,0x306FA000,64,1,
AR,0,0x306FA800,64,1,
AR,0,0x306FB000,64,1,
AR,0,0x306FB800,64,1,
AR,0,0x306FC000,64,1,
AR,0,0x306FC800,64,1,
AR,0,0x306FD000,64,1,
AR,0,0x306FD800,64,1,
AR,0,0x306FE000,64,1,
AR,0,0x306FE800,64,1,
AR,0,0x306FF000,64,1,
AR,0,0x306FF800,64,1,
AR,0,0x30700000,64,1,
AR,0,0x30700800,64,1,
AR,0,0x30701000,64,1,
AR,0,0x30701800,64,1,
AR,0,0x30702000,64,1,
AR,0,0x30702800,64,1,
AR,0,0x30703000,64,1,
AR,0,0x30703800,64,1,
AR,0,0x30704000,64,1,
AR,0,0x30704800,64,1,
AR,0,0x30705000,64,1,
AR,0,0x30705800,64,1,
AR,0,0x30706000,64,1,
AR,0,0x30706800,64,1,
AR,0,0x30707000,64,1,
AR,0,0x30707800,64,1,
AR,0,0x30708000,64,1,
AR,0,0x30708800,64,1,
AR,0,0x30709000,64,1,
AR,0,0x30709800,64,1,
AR,0,0x3070A000,64,1,
AR,0,0x3070A800,64,1,
AR,0,0x3070B000,64,1,
AR,0,0x3070B800,64,1,
AR,0,0x3070C000,64,1,
AR,0,0x3070C800,64,1,
AR,0,0x3070D000,64,1,
AR,0,0x3070D800,64,1,
AR,0,0x3070E000,64,1,
AR,0,0x3070E800,64,1,
AR,0,0x3070F000,64,1,
AR,0,0x3070F800,64,1,
AR,0,0x30710000,64,1,
AR,0,0x30710800,64,1,
AR,0,0x30711000,64,1,
AR,0,0x30711800,64,1,
AR,0,0x30712000,64,1,
AR,0,0x30712800,64,1,
AR,0,0x30713000,64,1,
AR,0,0x30713800,64,1,
AR,0,0x30714000,64,1,
AR,0,0x30714800,64,1,
AR,0,0x30715000,64,1,
AR,0,0x30715800,64,1,
AR,0,0x30716000,64,1,
AR,0,0x30716800,64,1,
AR,0,0x30717000,64,1,
AR,0,0x30717800,64,1,
AR,0,0x30718000,64,1,
AR,0,0x30718800,64,1,
AR,0,0x30719000,64,1,
AR,0,0x30719800,64,1,
AR,0,0x3071A000,64,1,
AR,0,0x3071A800,64,1,
AR,0,0x3071B000,64,1,
AR,0,0x3071B800,64,1,
AR,0,0x3071C000,64,1,
AR,0,0x3071C800,64,1,
AR,0,0x3071D000,64,1,
AR,0,0x3071D800,64,1,
AR,0,0x3071E000,64,1,
AR,0,0x3071E800,64,1,
AR,0,0x3071F000,64,1,
AR,0,0x3071F800,64,1,
AR,0,0x30720000,64,1,
AR,0,0x30720800,64,1,
AR,0,0x30721000,64,1,
AR,0,0x30721800,64,1,
AR,0,0x30722000,64,1,
AR,0,0x30722800,64,1,
AR,0,0x30723000,64,1,
AR,0,0x30723800,64,1,
AR,0,0x30724000,64,1,
AR,0,0x30724800,64,1,
AR,0,0x30725000,64,1,
AR,0,0x30725800,64,1,
AR,0,0x30726000,64,1,
AR,0,0x30726800,64,1,
AR,0,0x30727000,64,1,
AR,0,0x30727800,64,1,
AR,0,0x30728000,64,1,
AR,0,0x30728800,64,1,
AR,0,0x30729000,64,1,
AR,0,0x30729800,64,1,
AR,0,0x3072A000,64,1,
AR,0,0x3072A800,64,1,
AR,0,0x3072B000,64,1,
AR,0,0x3072B800,64,1,
AR,0,0x3072C000,64,1,
AR,0,0x3072C800,64,1,
AR,0,0x3072D000,64,1,
AR,0,0x3072D800,64,1,
AR,0,0x3072E000,64,1,
AR,0,0x3072E800,64,1,
AR,0,0x3072F000,64,1,
AR,0,0x3072F800,64,1,
AR,0,0x30730000,64,1,
AR,0,0x30730800,64,1,
AR,0,0x30731000,64,1,
AR,0,0x30731800,64,1,
AR,0,0x30732000,64,1,
AR,0,0x30732800,64,1,
AR,0,0x30733000,64,1,
AR,0,0x30733800,64,1,
AR,0,0x30734000,64,1,
AR,0,0x30734800,64,1,
AR,0,0x30735000,64,1,
AR,0,0x30735800,64,1,
AR,0,0x30736000,64,1,
AR,0,0x30736800,64,1,
AR,0,0x30737000,64,1,
AR,0,0x30737800,64,1,
AR,0,0x30738000,64,1,
AR,0,0x30738800,64,1,
AR,0,0x30739000,64,1,
AR,0,0x30739800,64,1,
AR,0,0x3073A000,64,1,
AR,0,0x3073A800,64,1,
AR,0,0x3073B000,64,1,
AR,0,0x3073B800,64,1,
AR,0,0x3073C000,64,1,
AR,0,0x3073C800,64,1,
AR,0,0x3073D000,64,1,
AR,0,0x3073D800,64,1,
AR,0,0x3073E000,64,1,
AR,0,0x3073E800,64,1,
AR,0,0x3073F000,64,1,
AR,0,0x3073F800,64,1,
AR,0,0x30740000,64,1,
AR,0,0x30740800,64,1,
AR,0,0x30741000,64,1,
AR,0,0x30741800,64,1,
AR,0,0x30742000,64,1,
AR,0,0x30742800,64,1,
AR,0,0x30743000,64,1,
AR,0,0x30743800,64,1,
AR,0,0x30744000,64,1,
AR,0,0x30744800,64,1,
AR,0,0x30745000,64,1,
AR,0,0x30745800,64,1,
AR,0,0x30746000,64,1,
AR,0,0x30746800,64,1,
AR,0,0x30747000,64,1,
AR,0,0x30747800,64,1,
AR,0,0x30748000,64,1,
AR,0,0x30748800,64,1,
AR,0,0x30749000,64,1,
AR,0,0x30749800,64,1,
AR,0,0x3074A000,64,1,
AR,0,0x3074A800,64,1,
AR,0,0x3074B000,64,1,
AR,0,0x3074B800,64,1,
AR,0,0x3074C000,64,1,
AR,0,0x3074C800,64,1,
AR,0,0x3074D000,64,1,
AR,0,0x3074D800,64,1,
AR,0,0x3074E000,64,1,
AR,0,0x3074E800,64,1,
AR,0,0x3074F000,64,1,
AR,0,0x3074F800,64,1,
AR,0,0x30750000,64,1,
AR,0,0x30750800,64,1,
AR,0,0x30751000,64,1,
AR,0,0x30751800,64,1,
AR,0,0x30752000,64,1,
AR,0,0x30752800,64,1,
AR,0,0x30753000,64,1,
AR,0,0x30753800,64,1,
AR,0,0x30754000,64,1,
AR,0,0x30754800,64,1,
AR,0,0x30755000,64,1,
AR,0,0x30755800,64,1,
AR,0,0x30756000,64,1,
AR,0,0x30756800,64,1,
AR,0,0x30757000,64,1,
AR,0,0x30757800,64,1,
AR,0,0x30758000,64,1,
AR,0,0x30758800,64,1,
AR,0,0x30759000,64,1,
AR,0,0x30759800,64,1,
AR,0,0x3075A000,64,1,
AR,0,0x3075A800,64,1,
AR,0,0x3075B000,64,1,
AR,0,0x3075B800,64,1,
AR,0,0x3075C000,64,1,
AR,0,0x3075C800,64,1,
AR,0,0x3075D000,64,1,
AR,0,0x3075D800,64,1,
AR,0,0x3075E000,64,1,
AR,0,0x3075E800,64,1,
AR,0,0x3075F000,64,1,
AR,0,0x3075F800,64,1,
AR,0,0x30760000,64,1,
AR,0,0x30760800,64,1,
AR,0,0x30761000,64,1,
AR,0,0x30761800,64,1,
AR,0,0x30762000,64,1,
AR,0,0x30762800,64,1,
AR,0,0x30763000,64,1,
AR,0,0x30763800,64,1,
AR,0,0x30764000,64,1,
AR,0,0x30764800,64,1,
AR,0,0x30765000,64,1,
AR,0,0x30765800,64,1,
AR,0,0x30766000,64,1,
AR,0,0x30766800,64,1,
AR,0,0x30767000,64,1,
AR,0,0x30767800,64,1,
AR,0,0x30768000,64,1,
AR,0,0x30768800,64,1,
AR,0,0x30769000,64,1,
AR,0,0x30769800,64,1,
AR,0,0x3076A000,64,1,
AR,0,0x3076A800,64,1,
AR,0,0x3076B000,64,1,
AR,0,0x3076B800,64,1,
AR,0,0x3076C000,64,1,
AR,0,0x3076C800,64,1,
AR,0,0x3076D000,64,1,
AR,0,0x3076D800,64,1,
AR,0,0x3076E000,64,1,
AR,0,0x3076E800,64,1,
AR,0,0x3076F000,64,1,
AR,0,0x3076F800,64,1,
AR,0,0x30770000,64,1,
AR,0,0x30770800,64,1,
AR,0,0x30771000,64,1,
AR,0,0x30771800,64,1,
AR,0,0x30772000,64,1,
AR,0,0x30772800,64,1,
AR,0,0x30773000,64,1,
AR,0,0x30773800,64,1,
AR,0,0x30774000,64,1,
AR,0,0x30774800,64,1,
AR,0,0x30775000,64,1,
AR,0,0x30775800,64,1,
AR,0,0x30776000,64,1,
AR,0,0x30776800,64,1,
AR,0,0x30777000,64,1,
AR,0,0x30777800,64,1,
AR,0,0x30778000,64,1,
AR,0,0x30778800,64,1,
AR,0,0x30779000,64,1,
AR,0,0x30779800,64,1,
AR,0,0x3077A000,64,1,
AR,0,0x3077A800,64,1,
AR,0,0x3077B000,64,1,
AR,0,0x3077B800,64,1,
AR,0,0x3077C000,64,1,
AR,0,0x3077C800,64,1,
AR,0,0x3077D000,64,1,
AR,0,0x3077D800,64,1,
AR,0,0x3077E000,64,1,
AR,0,0x3077E800,64,1,
AR,0,0x3077F000,64,1,
AR,0,0x3077F800,64,1,
AR,0,0x30780000,64,1,
AR,0,0x30780800,64,1,
AR,0,0x30781000,64,1,
AR,0,0x30781800,64,1,
AR,0,0x30782000,64,1,
AR,0,0x30782800,64,1,
AR,0,0x30783000,64,1,
AR,0,0x30783800,64,1,
AR,0,0x30784000,64,1,
AR,0,0x30784800,64,1,
AR,0,0x30785000,64,1,
AR,0,0x30785800,64,1,
AR,0,0x30786000,64,1,
AR,0,0x30786800,64,1,
AR,0,0x30787000,64,1,
AR,0,0x30787800,64,1,
AR,0,0x30788000,64,1,
AR,0,0x30788800,64,1,
AR,0,0x30789000,64,1,
AR,0,0x30789800,64,1,
AR,0,0x3078A000,64,1,
AR,0,0x3078A800,64,1,
AR,0,0x3078B000,64,1,
AR,0,0x3078B800,64,1,
AR,0,0x3078C000,64,1,
AR,0,0x3078C800,64,1,
AR,0,0x3078D000,64,1,
AR,0,0x3078D800,64,1,
AR,0,0x3078E000,64,1,
AR,0,0x3078E800,64,1,
AR,0,0x3078F000,64,1,
AR,0,0x3078F800,64,1,
AR,0,0x30790000,64,1,
AR,0,0x30790800,64,1,
AR,0,0x30791000,64,1,
AR,0,0x30791800,64,1,
AR,0,0x30792000,64,1,
AR,0,0x30792800,64,1,
AR,0,0x30793000,64,1,
AR,0,0x30793800,64,1,
AR,0,0x30794000,64,1,
AR,0,0x30794800,64,1,
AR,0,0x30795000,64,1,
AR,0,0x30795800,64,1,
AR,0,0x30796000,64,1,
AR,0,0x30796800,64,1,
AR,0,0x30797000,64,1,
AR,0,0x30797800,64,1,
AR,0,0x30798000,64,1,
AR,0,0x30798800,64,1,
AR,0,0x30799000,64,1,
AR,0,0x30799800,64,1,
AR,0,0x3079A000,64,1,
AR,0,0x3079A800,64,1,
AR,0,0x3079B000,64,1,
AR,0,0x3079B800,64,1,
AR,0,0x3079C000,64,1,
AR,0,0x3079C800,64,1,
AR,0,0x3079D000,64,1,
AR,0,0x3079D800,64,1,
AR,0,0x3079E000,64,1,
AR,0,0x3079E800,64,1,
AR,0,0x3079F000,64,1,
AR,0,0x3079F800,64,1,
AR,0,0x307A0000,64,1,
AR,0,0x307A0800,64,1,
AR,0,0x307A1000,64,1,
AR,0,0x307A1800,64,1,
AR,0,0x307A2000,64,1,
AR,0,0x307A2800,64,1,
AR,0,0x307A3000,64,1,
AR,0,0x307A3800,64,1,
AR,0,0x307A4000,64,1,
AR,0,0x307A4800,64,1,
AR,0,0x307A5000,64,1,
AR,0,0x307A5800,64,1,
AR,0,0x307A6000,64,1,
AR,0,0x307A6800,64,1,
AR,0,0x307A7000,64,1,
AR,0,0x307A7800,64,1,
AR,0,0x307A8000,64,1,
AR,0,0x307A8800,64,1,
AR,0,0x307A9000,64,1,
AR,0,0x307A9800,64,1,
AR,0,0x307AA000,64,1,
AR,0,0x307AA800,64,1,
AR,0,0x307AB000,64,1,
AR,0,0x307AB800,64,1,
AR,0,0x307AC000,64,1,
AR,0,0x307AC800,64,1,
AR,0,0x307AD000,64,1,
AR,0,0x307AD800,64,1,
AR,0,0x307AE000,64,1,
AR,0,0x307AE800,64,1,
AR,0,0x307AF000,64,1,
AR,0,0x307AF800,64,1,
AR,0,0x307B0000,64,1,
AR,0,0x307B0800,64,1,
AR,0,0x307B1000,64,1,
AR,0,0x307B1800,64,1,
AR,0,0x307B2000,64,1,
AR,0,0x307B2800,64,1,
AR,0,0x307B3000,64,1,
AR,0,0x307B3800,64,1,
AR,0,0x307B4000,64,1,
AR,0,0x307B4800,64,1,
AR,0,0x307B5000,64,1,
AR,0,0x307B5800,64,1,
AR,0,0x307B6000,64,1,
AR,0,0x307B6800,64,1,
AR,0,0x307B7000,64,1,
AR,0,0x307B7800,64,1,
AR,0,0x307B8000,64,1,
AR,0,0x307B8800,64,1,
AR,0,0x307B9000,64,1,
AR,0,0x307B9800,64,1,
AR,0,0x307BA000,64,1,
AR,0,0x307BA800,64,1,
AR,0,0x307BB000,64,1,
AR,0,0x307BB800,64,1,
AR,0,0x307BC000,64,1,
AR,0,0x307BC800,64,1,
AR,0,0x307BD000,64,1,
AR,0,0x307BD800,64,1,
AR,0,0x307BE000,64,1,
AR,0,0x307BE800,64,1,
AR,0,0x307BF000,64,1,
AR,0,0x307BF800,64,1,
AR,0,0x307C0000,64,1,
AR,0,0x307C0800,64,1,
AR,0,0x307C1000,64,1,
AR,0,0x307C1800,64,1,
AR,0,0x307C2000,64,1,
AR,0,0x307C2800,64,1,
AR,0,0x307C3000,64,1,
AR,0,0x307C3800,64,1,
AR,0,0x307C4000,64,1,
AR,0,0x307C4800,64,1,
AR,0,0x307C5000,64,1,
AR,0,0x307C5800,64,1,
AR,0,0x307C6000,64,1,
AR,0,0x307C6800,64,1,
AR,0,0x307C7000,64,1,
AR,0,0x307C7800,64,1,
AR,0,0x307C8000,64,1,
AR,0,0x307C8800,64,1,
AR,0,0x307C9000,64,1,
AR,0,0x307C9800,64,1,
AR,0,0x307CA000,64,1,
AR,0,0x307CA800,64,1,
AR,0,0x307CB000,64,1,
AR,0,0x307CB800,64,1,
AR,0,0x307CC000,64,1,
AR,0,0x307CC800,64,1,
AR,0,0x307CD000,64,1,
AR,0,0x307CD800,64,1,
AR,0,0x307CE000,64,1,
AR,0,0x307CE800,64,1,
AR,0,0x307CF000,64,1,
AR,0,0x307CF800,64,1,
AR,0,0x307D0000,64,1,
AR,0,0x307D0800,64,1,
AR,0,0x307D1000,64,1,
AR,0,0x307D1800,64,1,
AR,0,0x307D2000,64,1,
AR,0,0x307D2800,64,1,
AR,0,0x307D3000,64,1,
AR,0,0x307D3800,64,1,
AR,0,0x307D4000,64,1,
AR,0,0x307D4800,64,1,
AR,0,0x307D5000,64,1,
AR,0,0x307D5800,64,1,
AR,0,0x307D6000,64,1,
AR,0,0x307D6800,64,1,
AR,0,0x307D7000,64,1,
AR,0,0x307D7800,64,1,
AR,0,0x307D8000,64,1,
AR,0,0x307D8800,64,1,
AR,0,0x307D9000,64,1,
AR,0,0x307D9800,64,1,
AR,0,0x307DA000,64,1,
AR,0,0x307DA800,64,1,
AR,0,0x307DB000,64,1,
AR,0,0x307DB800,64,1,
AR,0,0x307DC000,64,1,
AR,0,0x307DC800,64,1,
AR,0,0x307DD000,64,1,
AR,0,0x307DD800,64,1,
AR,0,0x307DE000,64,1,
AR,0,0x307DE800,64,1,
AR,0,0x307DF000,64,1,
AR,0,0x307DF800,64,1,
AR,0,0x307E0000,64,1,
AR,0,0x307E0800,64,1,
AR,0,0x307E1000,64,1,
AR,0,0x307E1800,64,1,
AR,0,0x307E2000,64,1,
AR,0,0x307E2800,64,1,
AR,0,0x307E3000,64,1,
AR,0,0x307E3800,64,1,
AR,0,0x307E4000,64,1,
AR,0,0x307E4800,64,1,
AR,0,0x307E5000,64,1,
AR,0,0x307E5800,64,1,
AR,0,0x307E6000,64,1,
AR,0,0x307E6800,64,1,
AR,0,0x307E7000,64,1,
AR,0,0x307E7800,64,1,
AR,0,0x307E8000,64,1,
AR,0,0x307E8800,64,1,
AR,0,0x307E9000,64,1,
AR,0,0x307E9800,64,1,
AR,0,0x307EA000,64,1,
AR,0,0x307EA800,64,1,
AR,0,0x307EB000,64,1,
AR,0,0x307EB800,64,1,
AR,0,0x307EC000,64,1,
AR,0,0x307EC800,64,1,
AR,0,0x307ED000,64,1,
AR,0,0x307ED800,64,1,
AR,0,0x307EE000,64,1,
AR,0,0x307EE800,64,1,
AR,0,0x307EF000,64,1,
AR,0,0x307EF800,64,1,
AR,0,0x307F0000,64,1,
AR,0,0x307F0800,64,1,
AR,0,0x307F1000,64,1,
AR,0,0x307F1800,64,1,
AR,0,0x307F2000,64,1,
AR,0,0x307F2800,64,1,
AR,0,0x307F3000,64,1,
AR,0,0x307F3800,64,1,
AR,0,0x307F4000,64,1,
AR,0,0x307F4800,64,1,
AR,0,0x307F5000,64,1,
AR,0,0x307F5800,64,1,
AR,0,0x307F6000,64,1,
AR,0,0x307F6800,64,1,
AR,0,0x307F7000,64,1,
AR,0,0x307F7800,64,1,
AR,0,0x307F8000,64,1,
AR,0,0x307F8800,64,1,
AR,0,0x307F9000,64,1,
AR,0,0x307F9800,64,1,
AR,0,0x307FA000,64,1,
AR,0,0x307FA800,64,1,
AR,0,0x307FB000,64,1,
AR,0,0x307FB800,64,1,
AR,0,0x307FC000,64,1,
AR,0,0x307FC800,64,1,
AR,0,0x307FD000,64,1,
AR,0,0x307FD800,64,1,
AR,0,0x307FE000,64,1,
AR,0,0x307FE800,64,1,
AR,0,0x307FF000,64,1,
AR,0,0x307FF800,64,1,
AR,0,0x30800000,64,1,
AR,0,0x30800800,64,1,
AR,0,0x30801000,64,1,
AR,0,0x30801800,64,1,
AR,0,0x30802000,64,1,
AR,0,0x30802800,64,1,
AR,0,0x30803000,64,1,
AR,0,0x30803800,64,1,
AR,0,0x30804000,64,1,
AR,0,0x30804800,64,1,
AR,0,0x30805000,64,1,
AR,0,0x30805800,64,1,
AR,0,0x30806000,64,1,
AR,0,0x30806800,64,1,
AR,0,0x30807000,64,1,
AR,0,0x30807800,64,1,
AR,0,0x30808000,64,1,
AR,0,0x30808800,64,1,
AR,0,0x30809000,64,1,
AR,0,0x30809800,64,1,
AR,0,0x3080A000,64,1,
AR,0,0x3080A800,64,1,
AR,0,0x3080B000,64,1,
AR,0,0x3080B800,64,1,
AR,0,0x3080C000,64,1,
AR,0,0x3080C800,64,1,
AR,0,0x3080D000,64,1,
AR,0,0x3080D800,64,1,
AR,0,0x3080E000,64,1,
AR,0,0x3080E800,64,1,
AR,0,0x3080F000,64,1,
AR,0,0x3080F800,64,1,
AR,0,0x30810000,64,1,
AR,0,0x30810800,64,1,
AR,0,0x30811000,64,1,
AR,0,0x30811800,64,1,
AR,0,0x30812000,64,1,
AR,0,0x30812800,64,1,
AR,0,0x30813000,64,1,
AR,0,0x30813800,64,1,
AR,0,0x30814000,64,1,
AR,0,0x30814800,64,1,
AR,0,0x30815000,64,1,
AR,0,0x30815800,64,1,
AR,0,0x30816000,64,1,
AR,0,0x30816800,64,1,
AR,0,0x30817000,64,1,
AR,0,0x30817800,64,1,
AR,0,0x30818000,64,1,
AR,0,0x30818800,64,1,
AR,0,0x30819000,64,1,
AR,0,0x30819800,64,1,
AR,0,0x3081A000,64,1,
AR,0,0x3081A800,64,1,
AR,0,0x3081B000,64,1,
AR,0,0x3081B800,64,1,
AR,0,0x3081C000,64,1,
AR,0,0x3081C800,64,1,
AR,0,0x3081D000,64,1,
AR,0,0x3081D800,64,1,
AR,0,0x3081E000,64,1,
AR,0,0x3081E800,64,1,
AR,0,0x3081F000,64,1,
AR,0,0x3081F800,64,1,
AR,0,0x30820000,64,1,
AR,0,0x30820800,64,1,
AR,0,0x30821000,64,1,
AR,0,0x30821800,64,1,
AR,0,0x30822000,64,1,
AR,0,0x30822800,64,1,
AR,0,0x30823000,64,1,
AR,0,0x30823800,64,1,
AR,0,0x30824000,64,1,
AR,0,0x30824800,64,1,
AR,0,0x30825000,64,1,
AR,0,0x30825800,64,1,
AR,0,0x30826000,64,1,
AR,0,0x30826800,64,1,
AR,0,0x30827000,64,1,
AR,0,0x30827800,64,1,
AR,0,0x30828000,64,1,
AR,0,0x30828800,64,1,
AR,0,0x30829000,64,1,
AR,0,0x30829800,64,1,
AR,0,0x3082A000,64,1,
AR,0,0x3082A800,64,1,
AR,0,0x3082B000,64,1,
AR,0,0x3082B800,64,1,
AR,0,0x3082C000,64,1,
AR,0,0x3082C800,64,1,
AR,0,0x3082D000,64,1,
AR,0,0x3082D800,64,1,
AR,0,0x3082E000,64,1,
AR,0,0x3082E800,64,1,
AR,0,0x3082F000,64,1,
AR,0,0x3082F800,64,1,
AR,0,0x30830000,64,1,
AR,0,0x30830800,64,1,
AR,0,0x30831000,64,1,
AR,0,0x30831800,64,1,
AR,0,0x30832000,64,1,
AR,0,0x30832800,64,1,
AR,0,0x30833000,64,1,
AR,0,0x30833800,64,1,
AR,0,0x30834000,64,1,
AR,0,0x30834800,64,1,
AR,0,0x30835000,64,1,
AR,0,0x30835800,64,1,
AR,0,0x30836000,64,1,
AR,0,0x30836800,64,1,
AR,0,0x30837000,64,1,
AR,0,0x30837800,64,1,
AR,0,0x30838000,64,1,
AR,0,0x30838800,64,1,
AR,0,0x30839000,64,1,
AR,0,0x30839800,64,1,
AR,0,0x3083A000,64,1,
AR,0,0x3083A800,64,1,
AR,0,0x3083B000,64,1,
AR,0,0x3083B800,64,1,
AR,0,0x3083C000,64,1,
AR,0,0x3083C800,64,1,
AR,0,0x3083D000,64,1,
AR,0,0x3083D800,64,1,
AR,0,0x3083E000,64,1,
AR,0,0x3083E800,64,1,
AR,0,0x3083F000,64,1,
AR,0,0x3083F800,64,1,
AR,0,0x30840000,64,1,
AR,0,0x30840800,64,1,
AR,0,0x30841000,64,1,
AR,0,0x30841800,64,1,
AR,0,0x30842000,64,1,
AR,0,0x30842800,64,1,
AR,0,0x30843000,64,1,
AR,0,0x30843800,64,1,
AR,0,0x30844000,64,1,
AR,0,0x30844800,64,1,
AR,0,0x30845000,64,1,
AR,0,0x30845800,64,1,
AR,0,0x30846000,64,1,
AR,0,0x30846800,64,1,
AR,0,0x30847000,64,1,
AR,0,0x30847800,64,1,
AR,0,0x30848000,64,1,
AR,0,0x30848800,64,1,
AR,0,0x30849000,64,1,
AR,0,0x30849800,64,1,
AR,0,0x3084A000,64,1,
AR,0,0x3084A800,64,1,
AR,0,0x3084B000,64,1,
AR,0,0x3084B800,64,1,
AR,0,0x3084C000,64,1,
AR,0,0x3084C800,64,1,
AR,0,0x3084D000,64,1,
AR,0,0x3084D800,64,1,
AR,0,0x3084E000,64,1,
AR,0,0x3084E800,64,1,
AR,0,0x3084F000,64,1,
AR,0,0x3084F800,64,1,
AR,0,0x30850000,64,1,
AR,0,0x30850800,64,1,
AR,0,0x30851000,64,1,
AR,0,0x30851800,64,1,
AR,0,0x30852000,64,1,
AR,0,0x30852800,64,1,
AR,0,0x30853000,64,1,
AR,0,0x30853800,64,1,
AR,0,0x30854000,64,1,
AR,0,0x30854800,64,1,
AR,0,0x30855000,64,1,
AR,0,0x30855800,64,1,
AR,0,0x30856000,64,1,
AR,0,0x30856800,64,1,
AR,0,0x30857000,64,1,
AR,0,0x30857800,64,1,
AR,0,0x30858000,64,1,
AR,0,0x30858800,64,1,
AR,0,0x30859000,64,1,
AR,0,0x30859800,64,1,
AR,0,0x3085A000,64,1,
AR,0,0x3085A800,64,1,
AR,0,0x3085B000,64,1,
AR,0,0x3085B800,64,1,
AR,0,0x3085C000,64,1,
AR,0,0x3085C800,64,1,
AR,0,0x3085D000,64,1,
AR,0,0x3085D800,64,1,
AR,0,0x3085E000,64,1,
AR,0,0x3085E800,64,1,
AR,0,0x3085F000,64,1,
AR,0,0x3085F800,64,1,
AR,0,0x30860000,64,1,
AR,0,0x30860800,64,1,
AR,0,0x30861000,64,1,
AR,0,0x30861800,64,1,
AR,0,0x30862000,64,1,
AR,0,0x30862800,64,1,
AR,0,0x30863000,64,1,
AR,0,0x30863800,64,1,
AR,0,0x30864000,64,1,
AR,0,0x30864800,64,1,
AR,0,0x30865000,64,1,
AR,0,0x30865800,64,1,
AR,0,0x30866000,64,1,
AR,0,0x30866800,64,1,
AR,0,0x30867000,64,1,
AR,0,0x30867800,64,1,
AR,0,0x30868000,64,1,
AR,0,0x30868800,64,1,
AR,0,0x30869000,64,1,
AR,0,0x30869800,64,1,
AR,0,0x3086A000,64,1,
AR,0,0x3086A800,64,1,
AR,0,0x3086B000,64,1,
AR,0,0x3086B800,64,1,
AR,0,0x3086C000,64,1,
AR,0,0x3086C800,64,1,
AR,0,0x3086D000,64,1,
AR,0,0x3086D800,64,1,
AR,0,0x3086E000,64,1,
AR,0,0x3086E800,64,1,
AR,0,0x3086F000,64,1,
AR,0,0x3086F800,64,1,
AR,0,0x30870000,64,1,
AR,0,0x30870800,64,1,
AR,0,0x30871000,64,1,
AR,0,0x30871800,64,1,
AR,0,0x30872000,64,1,
AR,0,0x30872800,64,1,
AR,0,0x30873000,64,1,
AR,0,0x30873800,64,1,
AR,0,0x30874000,64,1,
AR,0,0x30874800,64,1,
AR,0,0x30875000,64,1,
AR,0,0x30875800,64,1,
AR,0,0x30876000,64,1,
AR,0,0x30876800,64,1,
AR,0,0x30877000,64,1,
AR,0,0x30877800,64,1,
AR,0,0x30878000,64,1,
AR,0,0x30878800,64,1,
AR,0,0x30879000,64,1,
AR,0,0x30879800,64,1,
AR,0,0x3087A000,64,1,
AR,0,0x3087A800,64,1,
AR,0,0x3087B000,64,1,
AR,0,0x3087B800,64,1,
AR,0,0x3087C000,64,1,
AR,0,0x3087C800,64,1,
AR,0,0x3087D000,64,1,
AR,0,0x3087D800,64,1,
AR,0,0x3087E000,64,1,
AR,0,0x3087E800,64,1,
AR,0,0x3087F000,64,1,
AR,0,0x3087F800,64,1,
AR,0,0x30880000,64,1,
AR,0,0x30880800,64,1,
AR,0,0x30881000,64,1,
AR,0,0x30881800,64,1,
AR,0,0x30882000,64,1,
AR,0,0x30882800,64,1,
AR,0,0x30883000,64,1,
AR,0,0x30883800,64,1,
AR,0,0x30884000,64,1,
AR,0,0x30884800,64,1,
AR,0,0x30885000,64,1,
AR,0,0x30885800,64,1,
AR,0,0x30886000,64,1,
AR,0,0x30886800,64,1,
AR,0,0x30887000,64,1,
AR,0,0x30887800,64,1,
AR,0,0x30888000,64,1,
AR,0,0x30888800,64,1,
AR,0,0x30889000,64,1,
AR,0,0x30889800,64,1,
AR,0,0x3088A000,64,1,
AR,0,0x3088A800,64,1,
AR,0,0x3088B000,64,1,
AR,0,0x3088B800,64,1,
AR,0,0x3088C000,64,1,
AR,0,0x3088C800,64,1,
AR,0,0x3088D000,64,1,
AR,0,0x3088D800,64,1,
AR,0,0x3088E000,64,1,
AR,0,0x3088E800,64,1,
AR,0,0x3088F000,64,1,
AR,0,0x3088F800,64,1,
AR,0,0x30890000,64,1,
AR,0,0x30890800,64,1,
AR,0,0x30891000,64,1,
AR,0,0x30891800,64,1,
AR,0,0x30892000,64,1,
AR,0,0x30892800,64,1,
AR,0,0x30893000,64,1,
AR,0,0x30893800,64,1,
AR,0,0x30894000,64,1,
AR,0,0x30894800,64,1,
AR,0,0x30895000,64,1,
AR,0,0x30895800,64,1,
AR,0,0x30896000,64,1,
AR,0,0x30896800,64,1,
AR,0,0x30897000,64,1,
AR,0,0x30897800,64,1,
AR,0,0x30898000,64,1,
AR,0,0x30898800,64,1,
AR,0,0x30899000,64,1,
AR,0,0x30899800,64,1,
AR,0,0x3089A000,64,1,
AR,0,0x3089A800,64,1,
AR,0,0x3089B000,64,1,
AR,0,0x3089B800,64,1,
AR,0,0x3089C000,64,1,
AR,0,0x3089C800,64,1,
AR,0,0x3089D000,64,1,
AR,0,0x3089D800,64,1,
AR,0,0x3089E000,64,1,
AR,0,0x3089E800,64,1,
AR,0,0x3089F000,64,1,
AR,0,0x3089F800,64,1,
AR,0,0x308A0000,64,1,
AR,0,0x308A0800,64,1,
AR,0,0x308A1000,64,1,
AR,0,0x308A1800,64,1,
AR,0,0x308A2000,64,1,
AR,0,0x308A2800,64,1,
AR,0,0x308A3000,64,1,
AR,0,0x308A3800,64,1,
AR,0,0x308A4000,64,1,
AR,0,0x308A4800,64,1,
AR,0,0x308A5000,64,1,
AR,0,0x308A5800,64,1,
AR,0,0x308A6000,64,1,
AR,0,0x308A6800,64,1,
AR,0,0x308A7000,64,1,
AR,0,0x308A7800,64,1,
AR,0,0x308A8000,64,1,
AR,0,0x308A8800,64,1,
AR,0,0x308A9000,64,1,
AR,0,0x308A9800,64,1,
AR,0,0x308AA000,64,1,
AR,0,0x308AA800,64,1,
AR,0,0x308AB000,64,1,
AR,0,0x308AB800,64,1,
AR,0,0x308AC000,64,1,
AR,0,0x308AC800,64,1,
AR,0,0x308AD000,64,1,
AR,0,0x308AD800,64,1,
AR,0,0x308AE000,64,1,
AR,0,0x308AE800,64,1,
AR,0,0x308AF000,64,1,
AR,0,0x308AF800,64,1,
AR,0,0x308B0000,64,1,
AR,0,0x308B0800,64,1,
AR,0,0x308B1000,64,1,
AR,0,0x308B1800,64,1,
AR,0,0x308B2000,64,1,
AR,0,0x308B2800,64,1,
AR,0,0x308B3000,64,1,
AR,0,0x308B3800,64,1,
AR,0,0x308B4000,64,1,
AR,0,0x308B4800,64,1,
AR,0,0x308B5000,64,1,
AR,0,0x308B5800,64,1,
AR,0,0x308B6000,64,1,
AR,0,0x308B6800,64,1,
AR,0,0x308B7000,64,1,
AR,0,0x308B7800,64,1,
AR,0,0x308B8000,64,1,
AR,0,0x308B8800,64,1,
AR,0,0x308B9000,64,1,
AR,0,0x308B9800,64,1,
AR,0,0x308BA000,64,1,
AR,0,0x308BA800,64,1,
AR,0,0x308BB000,64,1,
AR,0,0x308BB800,64,1,
AR,0,0x308BC000,64,1,
AR,0,0x308BC800,64,1,
AR,0,0x308BD000,64,1,
AR,0,0x308BD800,64,1,
AR,0,0x308BE000,64,1,
AR,0,0x308BE800,64,1,
AR,0,0x308BF000,64,1,
AR,0,0x308BF800,64,1,
AR,0,0x308C0000,64,1,
AR,0,0x308C0800,64,1,
AR,0,0x308C1000,64,1,
AR,0,0x308C1800,64,1,
AR,0,0x308C2000,64,1,
AR,0,0x308C2800,64,1,
AR,0,0x308C3000,64,1,
AR,0,0x308C3800,64,1,
AR,0,0x308C4000,64,1,
AR,0,0x308C4800,64,1,
AR,0,0x308C5000,64,1,
AR,0,0x308C5800,64,1,
AR,0,0x308C6000,64,1,
AR,0,0x308C6800,64,1,
AR,0,0x308C7000,64,1,
AR,0,0x308C7800,64,1,
AR,0,0x308C8000,64,1,
AR,0,0x308C8800,64,1,
AR,0,0x308C9000,64,1,
AR,0,0x308C9800,64,1,
AR,0,0x308CA000,64,1,
AR,0,0x308CA800,64,1,
AR,0,0x308CB000,64,1,
AR,0,0x308CB800,64,1,
AR,0,0x308CC000,64,1,
AR,0,0x308CC800,64,1,
AR,0,0x308CD000,64,1,
AR,0,0x308CD800,64,1,
AR,0,0x308CE000,64,1,
AR,0,0x308CE800,64,1,
AR,0,0x308CF000,64,1,
AR,0,0x308CF800,64,1,
AR,0,0x308D0000,64,1,
AR,0,0x308D0800,64,1,
AR,0,0x308D1000,64,1,
AR,0,0x308D1800,64,1,
AR,0,0x308D2000,64,1,
AR,0,0x308D2800,64,1,
AR,0,0x308D3000,64,1,
AR,0,0x308D3800,64,1,
AR,0,0x308D4000,64,1,
AR,0,0x308D4800,64,1,
AR,0,0x308D5000,64,1,
AR,0,0x308D5800,64,1,
AR,0,0x308D6000,64,1,
AR,0,0x308D6800,64,1,
AR,0,0x308D7000,64,1,
AR,0,0x308D7800,64,1,
AR,0,0x308D8000,64,1,
AR,0,0x308D8800,64,1,
AR,0,0x308D9000,64,1,
AR,0,0x308D9800,64,1,
AR,0,0x308DA000,64,1,
AR,0,0x308DA800,64,1,
AR,0,0x308DB000,64,1,
AR,0,0x308DB800,64,1,
AR,0,0x308DC000,64,1,
AR,0,0x308DC800,64,1,
AR,0,0x308DD000,64,1,
AR,0,0x308DD800,64,1,
AR,0,0x308DE000,64,1,
AR,0,0x308DE800,64,1,
AR,0,0x308DF000,64,1,
AR,0,0x308DF800,64,1,
AR,0,0x308E0000,64,1,
AR,0,0x308E0800,64,1,
AR,0,0x308E1000,64,1,
AR,0,0x308E1800,64,1,
AR,0,0x308E2000,64,1,
AR,0,0x308E2800,64,1,
AR,0,0x308E3000,64,1,
AR,0,0x308E3800,64,1,
AR,0,0x308E4000,64,1,
AR,0,0x308E4800,64,1,
AR,0,0x308E5000,64,1,
AR,0,0x308E5800,64,1,
AR,0,0x308E6000,64,1,
AR,0,0x308E6800,64,1,
AR,0,0x308E7000,64,1,
AR,0,0x308E7800,64,1,
AR,0,0x308E8000,64,1,
AR,0,0x308E8800,64,1,
AR,0,0x308E9000,64,1,
AR,0,0x308E9800,64,1,
AR,0,0x308EA000,64,1,
AR,0,0x308EA800,64,1,
AR,0,0x308EB000,64,1,
AR,0,0x308EB800,64,1,
AR,0,0x308EC000,64,1,
AR,0,0x308EC800,64,1,
AR,0,0x308ED000,64,1,
AR,0,0x308ED800,64,1,
AR,0,0x308EE000,64,1,
AR,0,0x308EE800,64,1,
AR,0,0x308EF000,64,1,
AR,0,0x308EF800,64,1,
AR,0,0x308F0000,64,1,
AR,0,0x308F0800,64,1,
AR,0,0x308F1000,64,1,
AR,0,0x308F1800,64,1,
AR,0,0x308F2000,64,1,
AR,0,0x308F2800,64,1,
AR,0,0x308F3000,64,1,
AR,0,0x308F3800,64,1,
AR,0,0x308F4000,64,1,
AR,0,0x308F4800,64,1,
AR,0,0x308F5000,64,1,
AR,0,0x308F5800,64,1,
AR,0,0x308F6000,64,1,
AR,0,0x308F6800,64,1,
AR,0,0x308F7000,64,1,
AR,0,0x308F7800,64,1,
AR,0,0x308F8000,64,1,
AR,0,0x308F8800,64,1,
AR,0,0x308F9000,64,1,
AR,0,0x308F9800,64,1,
AR,0,0x308FA000,64,1,
AR,0,0x308FA800,64,1,
AR,0,0x308FB000,64,1,
AR,0,0x308FB800,64,1,
AR,0,0x308FC000,64,1,
AR,0,0x308FC800,64,1,
AR,0,0x308FD000,64,1,
AR,0,0x308FD800,64,1,
AR,0,0x308FE000,64,1,
AR,0,0x308FE800,64,1,
AR,0,0x308FF000,64,1,
AR,0,0x308FF800,64,1,
AR,0,0x30900000,64,1,
AR,0,0x30900800,64,1,
AR,0,0x30901000,64,1,
AR,0,0x30901800,64,1,
AR,0,0x30902000,64,1,
AR,0,0x30902800,64,1,
AR,0,0x30903000,64,1,
AR,0,0x30903800,64,1,
AR,0,0x30904000,64,1,
AR,0,0x30904800,64,1,
AR,0,0x30905000,64,1,
AR,0,0x30905800,64,1,
AR,0,0x30906000,64,1,
AR,0,0x30906800,64,1,
AR,0,0x30907000,64,1,
AR,0,0x30907800,64,1,
AR,0,0x30908000,64,1,
AR,0,0x30908800,64,1,
AR,0,0x30909000,64,1,
AR,0,0x30909800,64,1,
AR,0,0x3090A000,64,1,
AR,0,0x3090A800,64,1,
AR,0,0x3090B000,64,1,
AR,0,0x3090B800,64,1,
AR,0,0x3090C000,64,1,
AR,0,0x3090C800,64,1,
AR,0,0x3090D000,64,1,
AR,0,0x3090D800,64,1,
AR,0,0x3090E000,64,1,
AR,0,0x3090E800,64,1,
AR,0,0x3090F000,64,1,
AR,0,0x3090F800,64,1,
AR,0,0x30910000,64,1,
AR,0,0x30910800,64,1,
AR,0,0x30911000,64,1,
AR,0,0x30911800,64,1,
AR,0,0x30912000,64,1,
AR,0,0x30912800,64,1,
AR,0,0x30913000,64,1,
AR,0,0x30913800,64,1,
AR,0,0x30914000,64,1,
AR,0,0x30914800,64,1,
AR,0,0x30915000,64,1,
AR,0,0x30915800,64,1,
AR,0,0x30916000,64,1,
AR,0,0x30916800,64,1,
AR,0,0x30917000,64,1,
AR,0,0x30917800,64,1,
AR,0,0x30918000,64,1,
AR,0,0x30918800,64,1,
AR,0,0x30919000,64,1,
AR,0,0x30919800,64,1,
AR,0,0x3091A000,64,1,
AR,0,0x3091A800,64,1,
AR,0,0x3091B000,64,1,
AR,0,0x3091B800,64,1,
AR,0,0x3091C000,64,1,
AR,0,0x3091C800,64,1,
AR,0,0x3091D000,64,1,
AR,0,0x3091D800,64,1,
AR,0,0x3091E000,64,1,
AR,0,0x3091E800,64,1,
AR,0,0x3091F000,64,1,
AR,0,0x3091F800,64,1,
AR,0,0x30920000,64,1,
AR,0,0x30920800,64,1,
AR,0,0x30921000,64,1,
AR,0,0x30921800,64,1,
AR,0,0x30922000,64,1,
AR,0,0x30922800,64,1,
AR,0,0x30923000,64,1,
AR,0,0x30923800,64,1,
AR,0,0x30924000,64,1,
AR,0,0x30924800,64,1,
AR,0,0x30925000,64,1,
AR,0,0x30925800,64,1,
AR,0,0x30926000,64,1,
AR,0,0x30926800,64,1,
AR,0,0x30927000,64,1,
AR,0,0x30927800,64,1,
AR,0,0x30928000,64,1,
AR,0,0x30928800,64,1,
AR,0,0x30929000,64,1,
AR,0,0x30929800,64,1,
AR,0,0x3092A000,64,1,
AR,0,0x3092A800,64,1,
AR,0,0x3092B000,64,1,
AR,0,0x3092B800,64,1,
AR,0,0x3092C000,64,1,
AR,0,0x3092C800,64,1,
AR,0,0x3092D000,64,1,
AR,0,0x3092D800,64,1,
AR,0,0x3092E000,64,1,
AR,0,0x3092E800,64,1,
AR,0,0x3092F000,64,1,
AR,0,0x3092F800,64,1,
AR,0,0x30930000,64,1,
AR,0,0x30930800,64,1,
AR,0,0x30931000,64,1,
AR,0,0x30931800,64,1,
AR,0,0x30932000,64,1,
AR,0,0x30932800,64,1,
AR,0,0x30933000,64,1,
AR,0,0x30933800,64,1,
AR,0,0x30934000,64,1,
AR,0,0x30934800,64,1,
AR,0,0x30935000,64,1,
AR,0,0x30935800,64,1,
AR,0,0x30936000,64,1,
AR,0,0x30936800,64,1,
AR,0,0x30937000,64,1,
AR,0,0x30937800,64,1,
AR,0,0x30938000,64,1,
AR,0,0x30938800,64,1,
AR,0,0x30939000,64,1,
AR,0,0x30939800,64,1,
AR,0,0x3093A000,64,1,
AR,0,0x3093A800,64,1,
AR,0,0x3093B000,64,1,
AR,0,0x3093B800,64,1,
AR,0,0x3093C000,64,1,
AR,0,0x3093C800,64,1,
AR,0,0x3093D000,64,1,
AR,0,0x3093D800,64,1,
AR,0,0x3093E000,64,1,
AR,0,0x3093E800,64,1,
AR,0,0x3093F000,64,1,
AR,0,0x3093F800,64,1,
AR,0,0x30940000,64,1,
AR,0,0x30940800,64,1,
AR,0,0x30941000,64,1,
AR,0,0x30941800,64,1,
AR,0,0x30942000,64,1,
AR,0,0x30942800,64,1,
AR,0,0x30943000,64,1,
AR,0,0x30943800,64,1,
AR,0,0x30944000,64,1,
AR,0,0x30944800,64,1,
AR,0,0x30945000,64,1,
AR,0,0x30945800,64,1,
AR,0,0x30946000,64,1,
AR,0,0x30946800,64,1,
AR,0,0x30947000,64,1,
AR,0,0x30947800,64,1,
AR,0,0x30948000,64,1,
AR,0,0x30948800,64,1,
AR,0,0x30949000,64,1,
AR,0,0x30949800,64,1,
AR,0,0x3094A000,64,1,
AR,0,0x3094A800,64,1,
AR,0,0x3094B000,64,1,
AR,0,0x3094B800,64,1,
AR,0,0x3094C000,64,1,
AR,0,0x3094C800,64,1,
AR,0,0x3094D000,64,1,
AR,0,0x3094D800,64,1,
AR,0,0x3094E000,64,1,
AR,0,0x3094E800,64,1,
AR,0,0x3094F000,64,1,
AR,0,0x3094F800,64,1,
AR,0,0x30950000,64,1,
AR,0,0x30950800,64,1,
AR,0,0x30951000,64,1,
AR,0,0x30951800,64,1,
AR,0,0x30952000,64,1,
AR,0,0x30952800,64,1,
AR,0,0x30953000,64,1,
AR,0,0x30953800,64,1,
AR,0,0x30954000,64,1,
AR,0,0x30954800,64,1,
AR,0,0x30955000,64,1,
AR,0,0x30955800,64,1,
AR,0,0x30956000,64,1,
AR,0,0x30956800,64,1,
AR,0,0x30957000,64,1,
AR,0,0x30957800,64,1,
AR,0,0x30958000,64,1,
AR,0,0x30958800,64,1,
AR,0,0x30959000,64,1,
AR,0,0x30959800,64,1,
AR,0,0x3095A000,64,1,
AR,0,0x3095A800,64,1,
AR,0,0x3095B000,64,1,
AR,0,0x3095B800,64,1,
AR,0,0x3095C000,64,1,
AR,0,0x3095C800,64,1,
AR,0,0x3095D000,64,1,
AR,0,0x3095D800,64,1,
AR,0,0x3095E000,64,1,
AR,0,0x3095E800,64,1,
AR,0,0x3095F000,64,1,
AR,0,0x3095F800,64,1,
AR,0,0x30960000,64,1,
AR,0,0x30960800,64,1,
AR,0,0x30961000,64,1,
AR,0,0x30961800,64,1,
AR,0,0x30962000,64,1,
AR,0,0x30962800,64,1,
AR,0,0x30963000,64,1,
AR,0,0x30963800,64,1,
AR,0,0x30964000,64,1,
AR,0,0x30964800,64,1,
AR,0,0x30965000,64,1,
AR,0,0x30965800,64,1,
AR,0,0x30966000,64,1,
AR,0,0x30966800,64,1,
AR,0,0x30967000,64,1,
AR,0,0x30967800,64,1,
AR,0,0x30968000,64,1,
AR,0,0x30968800,64,1,
AR,0,0x30969000,64,1,
AR,0,0x30969800,64,1,
AR,0,0x3096A000,64,1,
AR,0,0x3096A800,64,1,
AR,0,0x3096B000,64,1,
AR,0,0x3096B800,64,1,
AR,0,0x3096C000,64,1,
AR,0,0x3096C800,64,1,
AR,0,0x3096D000,64,1,
AR,0,0x3096D800,64,1,
AR,0,0x3096E000,64,1,
AR,0,0x3096E800,64,1,
AR,0,0x3096F000,64,1,
AR,0,0x3096F800,64,1,
AR,0,0x30970000,64,1,
AR,0,0x30970800,64,1,
AR,0,0x30971000,64,1,
AR,0,0x30971800,64,1,
AR,0,0x30972000,64,1,
AR,0,0x30972800,64,1,
AR,0,0x30973000,64,1,
AR,0,0x30973800,64,1,
AR,0,0x30974000,64,1,
AR,0,0x30974800,64,1,
AR,0,0x30975000,64,1,
AR,0,0x30975800,64,1,
AR,0,0x30976000,64,1,
AR,0,0x30976800,64,1,
AR,0,0x30977000,64,1,
AR,0,0x30977800,64,1,
AR,0,0x30978000,64,1,
AR,0,0x30978800,64,1,
AR,0,0x30979000,64,1,
AR,0,0x30979800,64,1,
AR,0,0x3097A000,64,1,
AR,0,0x3097A800,64,1,
AR,0,0x3097B000,64,1,
AR,0,0x3097B800,64,1,
AR,0,0x3097C000,64,1,
AR,0,0x3097C800,64,1,
AR,0,0x3097D000,64,1,
AR,0,0x3097D800,64,1,
AR,0,0x3097E000,64,1,
AR,0,0x3097E800,64,1,
AR,0,0x3097F000,64,1,
AR,0,0x3097F800,64,1,
AR,0,0x30980000,64,1,
AR,0,0x30980800,64,1,
AR,0,0x30981000,64,1,
AR,0,0x30981800,64,1,
AR,0,0x30982000,64,1,
AR,0,0x30982800,64,1,
AR,0,0x30983000,64,1,
AR,0,0x30983800,64,1,
AR,0,0x30984000,64,1,
AR,0,0x30984800,64,1,
AR,0,0x30985000,64,1,
AR,0,0x30985800,64,1,
AR,0,0x30986000,64,1,
AR,0,0x30986800,64,1,
AR,0,0x30987000,64,1,
AR,0,0x30987800,64,1,
AR,0,0x30988000,64,1,
AR,0,0x30988800,64,1,
AR,0,0x30989000,64,1,
AR,0,0x30989800,64,1,
AR,0,0x3098A000,64,1,
AR,0,0x3098A800,64,1,
AR,0,0x3098B000,64,1,
AR,0,0x3098B800,64,1,
AR,0,0x3098C000,64,1,
AR,0,0x3098C800,64,1,
AR,0,0x3098D000,64,1,
AR,0,0x3098D800,64,1,
AR,0,0x3098E000,64,1,
AR,0,0x3098E800,64,1,
AR,0,0x3098F000,64,1,
AR,0,0x3098F800,64,1,
AR,0,0x30990000,64,1,
AR,0,0x30990800,64,1,
AR,0,0x30991000,64,1,
AR,0,0x30991800,64,1,
AR,0,0x30992000,64,1,
AR,0,0x30992800,64,1,
AR,0,0x30993000,64,1,
AR,0,0x30993800,64,1,
AR,0,0x30994000,64,1,
AR,0,0x30994800,64,1,
AR,0,0x30995000,64,1,
AR,0,0x30995800,64,1,
AR,0,0x30996000,64,1,
AR,0,0x30996800,64,1,
AR,0,0x30997000,64,1,
AR,0,0x30997800,64,1,
AR,0,0x30998000,64,1,
AR,0,0x30998800,64,1,
AR,0,0x30999000,64,1,
AR,0,0x30999800,64,1,
AR,0,0x3099A000,64,1,
AR,0,0x3099A800,64,1,
AR,0,0x3099B000,64,1,
AR,0,0x3099B800,64,1,
AR,0,0x3099C000,64,1,
AR,0,0x3099C800,64,1,
AR,0,0x3099D000,64,1,
AR,0,0x3099D800,64,1,
AR,0,0x3099E000,64,1,
AR,0,0x3099E800,64,1,
AR,0,0x3099F000,64,1,
AR,0,0x3099F800,64,1,
AR,0,0x309A0000,64,1,
AR,0,0x309A0800,64,1,
AR,0,0x309A1000,64,1,
AR,0,0x309A1800,64,1,
AR,0,0x309A2000,64,1,
AR,0,0x309A2800,64,1,
AR,0,0x309A3000,64,1,
AR,0,0x309A3800,64,1,
AR,0,0x309A4000,64,1,
AR,0,0x309A4800,64,1,
AR,0,0x309A5000,64,1,
AR,0,0x309A5800,64,1,
AR,0,0x309A6000,64,1,
AR,0,0x309A6800,64,1,
AR,0,0x309A7000,64,1,
AR,0,0x309A7800,64,1,
AR,0,0x309A8000,64,1,
AR,0,0x309A8800,64,1,
AR,0,0x309A9000,64,1,
AR,0,0x309A9800,64,1,
AR,0,0x309AA000,64,1,
AR,0,0x309AA800,64,1,
AR,0,0x309AB000,64,1,
AR,0,0x309AB800,64,1,
AR,0,0x309AC000,64,1,
AR,0,0x309AC800,64,1,
AR,0,0x309AD000,64,1,
AR,0,0x309AD800,64,1,
AR,0,0x309AE000,64,1,
AR,0,0x309AE800,64,1,
AR,0,0x309AF000,64,1,
AR,0,0x309AF800,64,1,
AR,0,0x309B0000,64,1,
AR,0,0x309B0800,64,1,
AR,0,0x309B1000,64,1,
AR,0,0x309B1800,64,1,
AR,0,0x309B2000,64,1,
AR,0,0x309B2800,64,1,
AR,0,0x309B3000,64,1,
AR,0,0x309B3800,64,1,
AR,0,0x309B4000,64,1,
AR,0,0x309B4800,64,1,
AR,0,0x309B5000,64,1,
AR,0,0x309B5800,64,1,
AR,0,0x309B6000,64,1,
AR,0,0x309B6800,64,1,
AR,0,0x309B7000,64,1,
AR,0,0x309B7800,64,1,
AR,0,0x309B8000,64,1,
AR,0,0x309B8800,64,1,
AR,0,0x309B9000,64,1,
AR,0,0x309B9800,64,1,
AR,0,0x309BA000,64,1,
AR,0,0x309BA800,64,1,
AR,0,0x309BB000,64,1,
AR,0,0x309BB800,64,1,
AR,0,0x309BC000,64,1,
AR,0,0x309BC800,64,1,
AR,0,0x309BD000,64,1,
AR,0,0x309BD800,64,1,
AR,0,0x309BE000,64,1,
AR,0,0x309BE800,64,1,
AR,0,0x309BF000,64,1,
AR,0,0x309BF800,64,1,
AR,0,0x309C0000,64,1,
AR,0,0x309C0800,64,1,
AR,0,0x309C1000,64,1,
AR,0,0x309C1800,64,1,
AR,0,0x309C2000,64,1,
AR,0,0x309C2800,64,1,
AR,0,0x309C3000,64,1,
AR,0,0x309C3800,64,1,
AR,0,0x309C4000,64,1,
AR,0,0x309C4800,64,1,
AR,0,0x309C5000,64,1,
AR,0,0x309C5800,64,1,
AR,0,0x309C6000,64,1,
AR,0,0x309C6800,64,1,
AR,0,0x309C7000,64,1,
AR,0,0x309C7800,64,1,
AR,0,0x309C8000,64,1,
AR,0,0x309C8800,64,1,
AR,0,0x309C9000,64,1,
AR,0,0x309C9800,64,1,
AR,0,0x309CA000,64,1,
AR,0,0x309CA800,64,1,
AR,0,0x309CB000,64,1,
AR,0,0x309CB800,64,1,
AR,0,0x309CC000,64,1,
AR,0,0x309CC800,64,1,
AR,0,0x309CD000,64,1,
AR,0,0x309CD800,64,1,
AR,0,0x309CE000,64,1,
AR,0,0x309CE800,64,1,
AR,0,0x309CF000,64,1,
AR,0,0x309CF800,64,1,
AR,0,0x309D0000,64,1,
AR,0,0x309D0800,64,1,
AR,0,0x309D1000,64,1,
AR,0,0x309D1800,64,1,
AR,0,0x309D2000,64,1,
AR,0,0x309D2800,64,1,
AR,0,0x309D3000,64,1,
AR,0,0x309D3800,64,1,
AR,0,0x309D4000,64,1,
AR,0,0x309D4800,64,1,
AR,0,0x309D5000,64,1,
AR,0,0x309D5800,64,1,
AR,0,0x309D6000,64,1,
AR,0,0x309D6800,64,1,
AR,0,0x309D7000,64,1,
AR,0,0x309D7800,64,1,
AR,0,0x309D8000,64,1,
AR,0,0x309D8800,64,1,
AR,0,0x309D9000,64,1,
AR,0,0x309D9800,64,1,
AR,0,0x309DA000,64,1,
AR,0,0x309DA800,64,1,
AR,0,0x309DB000,64,1,
AR,0,0x309DB800,64,1,
AR,0,0x309DC000,64,1,
AR,0,0x309DC800,64,1,
AR,0,0x309DD000,64,1,
AR,0,0x309DD800,64,1,
AR,0,0x309DE000,64,1,
AR,0,0x309DE800,64,1,
AR,0,0x309DF000,64,1,
AR,0,0x309DF800,64,1,
AR,0,0x309E0000,64,1,
AR,0,0x309E0800,64,1,
AR,0,0x309E1000,64,1,
AR,0,0x309E1800,64,1,
AR,0,0x309E2000,64,1,
AR,0,0x309E2800,64,1,
AR,0,0x309E3000,64,1,
AR,0,0x309E3800,64,1,
AR,0,0x309E4000,64,1,
AR,0,0x309E4800,64,1,
AR,0,0x309E5000,64,1,
AR,0,0x309E5800,64,1,
AR,0,0x309E6000,64,1,
AR,0,0x309E6800,64,1,
AR,0,0x309E7000,64,1,
AR,0,0x309E7800,64,1,
AR,0,0x309E8000,64,1,
AR,0,0x309E8800,64,1,
AR,0,0x309E9000,64,1,
AR,0,0x309E9800,64,1,
AR,0,0x309EA000,64,1,
AR,0,0x309EA800,64,1,
AR,0,0x309EB000,64,1,
AR,0,0x309EB800,64,1,
AR,0,0x309EC000,64,1,
AR,0,0x309EC800,64,1,
AR,0,0x309ED000,64,1,
AR,0,0x309ED800,64,1,
AR,0,0x309EE000,64,1,
AR,0,0x309EE800,64,1,
AR,0,0x309EF000,64,1,
AR,0,0x309EF800,64,1,
AR,0,0x309F0000,64,1,
AR,0,0x309F0800,64,1,
AR,0,0x309F1000,64,1,
AR,0,0x309F1800,64,1,
AR,0,0x309F2000,64,1,
AR,0,0x309F2800,64,1,
AR,0,0x309F3000,64,1,
AR,0,0x309F3800,64,1,
AR,0,0x309F4000,64,1,
AR,0,0x309F4800,64,1,
AR,0,0x309F5000,64,1,
AR,0,0x309F5800,64,1,
AR,0,0x309F6000,64,1,
AR,0,0x309F6800,64,1,
AR,0,0x309F7000,64,1,
AR,0,0x309F7800,64,1,
AR,0,0x309F8000,64,1,
AR,0,0x309F8800,64,1,
AR,0,0x309F9000,64,1,
AR,0,0x309F9800,64,1,
AR,0,0x309FA000,64,1,
AR,0,0x309FA800,64,1,
AR,0,0x309FB000,64,1,
AR,0,0x309FB800,64,1,
AR,0,0x309FC000,64,1,
AR,0,0x309FC800,64,1,
AR,0,0x309FD000,64,1,
AR,0,0x309FD800,64,1,
AR,0,0x309FE000,64,1,
AR,0,0x309FE800,64,1,
AR,0,0x309FF000,64,1,
AR,0,0x309FF800,64,1,
AR,0,0x30A00000,64,1,
AR,0,0x30A00800,64,1,
AR,0,0x30A01000,64,1,
AR,0,0x30A01800,64,1,
AR,0,0x30A02000,64,1,
AR,0,0x30A02800,64,1,
AR,0,0x30A03000,64,1,
AR,0,0x30A03800,64,1,
AR,0,0x30A04000,64,1,
AR,0,0x30A04800,64,1,
AR,0,0x30A05000,64,1,
AR,0,0x30A05800,64,1,
AR,0,0x30A06000,64,1,
AR,0,0x30A06800,64,1,
AR,0,0x30A07000,64,1,
AR,0,0x30A07800,64,1,
AR,0,0x30A08000,64,1,
AR,0,0x30A08800,64,1,
AR,0,0x30A09000,64,1,
AR,0,0x30A09800,64,1,
AR,0,0x30A0A000,64,1,
AR,0,0x30A0A800,64,1,
AR,0,0x30A0B000,64,1,
AR,0,0x30A0B800,64,1,
AR,0,0x30A0C000,64,1,
AR,0,0x30A0C800,64,1,
AR,0,0x30A0D000,64,1,
AR,0,0x30A0D800,64,1,
AR,0,0x30A0E000,64,1,
AR,0,0x30A0E800,64,1,
AR,0,0x30A0F000,64,1,
AR,0,0x30A0F800,64,1,
AR,0,0x30A10000,64,1,
AR,0,0x30A10800,64,1,
AR,0,0x30A11000,64,1,
AR,0,0x30A11800,64,1,
AR,0,0x30A12000,64,1,
AR,0,0x30A12800,64,1,
AR,0,0x30A13000,64,1,
AR,0,0x30A13800,64,1,
AR,0,0x30A14000,64,1,
AR,0,0x30A14800,64,1,
AR,0,0x30A15000,64,1,
AR,0,0x30A15800,64,1,
AR,0,0x30A16000,64,1,
AR,0,0x30A16800,64,1,
AR,0,0x30A17000,64,1,
AR,0,0x30A17800,64,1,
AR,0,0x30A18000,64,1,
AR,0,0x30A18800,64,1,
AR,0,0x30A19000,64,1,
AR,0,0x30A19800,64,1,
AR,0,0x30A1A000,64,1,
AR,0,0x30A1A800,64,1,
AR,0,0x30A1B000,64,1,
AR,0,0x30A1B800,64,1,
AR,0,0x30A1C000,64,1,
AR,0,0x30A1C800,64,1,
AR,0,0x30A1D000,64,1,
AR,0,0x30A1D800,64,1,
AR,0,0x30A1E000,64,1,
AR,0,0x30A1E800,64,1,
AR,0,0x30A1F000,64,1,
AR,0,0x30A1F800,64,1,
AR,0,0x30A20000,64,1,
AR,0,0x30A20800,64,1,
AR,0,0x30A21000,64,1,
AR,0,0x30A21800,64,1,
AR,0,0x30A22000,64,1,
AR,0,0x30A22800,64,1,
AR,0,0x30A23000,64,1,
AR,0,0x30A23800,64,1,
AR,0,0x30A24000,64,1,
AR,0,0x30A24800,64,1,
AR,0,0x30A25000,64,1,
AR,0,0x30A25800,64,1,
AR,0,0x30A26000,64,1,
AR,0,0x30A26800,64,1,
AR,0,0x30A27000,64,1,
AR,0,0x30A27800,64,1,
AR,0,0x30A28000,64,1,
AR,0,0x30A28800,64,1,
AR,0,0x30A29000,64,1,
AR,0,0x30A29800,64,1,
AR,0,0x30A2A000,64,1,
AR,0,0x30A2A800,64,1,
AR,0,0x30A2B000,64,1,
AR,0,0x30A2B800,64,1,
AR,0,0x30A2C000,64,1,
AR,0,0x30A2C800,64,1,
AR,0,0x30A2D000,64,1,
AR,0,0x30A2D800,64,1,
AR,0,0x30A2E000,64,1,
AR,0,0x30A2E800,64,1,
AR,0,0x30A2F000,64,1,
AR,0,0x30A2F800,64,1,
AR,0,0x30A30000,64,1,
AR,0,0x30A30800,64,1,
AR,0,0x30A31000,64,1,
AR,0,0x30A31800,64,1,
AR,0,0x30A32000,64,1,
AR,0,0x30A32800,64,1,
AR,0,0x30A33000,64,1,
AR,0,0x30A33800,64,1,
AR,0,0x30A34000,64,1,
AR,0,0x30A34800,64,1,
AR,0,0x30A35000,64,1,
AR,0,0x30A35800,64,1,
AR,0,0x30A36000,64,1,
AR,0,0x30A36800,64,1,
AR,0,0x30A37000,64,1,
AR,0,0x30A37800,64,1,
AR,0,0x30A38000,64,1,
AR,0,0x30A38800,64,1,
AR,0,0x30A39000,64,1,
AR,0,0x30A39800,64,1,
AR,0,0x30A3A000,64,1,
AR,0,0x30A3A800,64,1,
AR,0,0x30A3B000,64,1,
AR,0,0x30A3B800,64,1,
AR,0,0x30A3C000,64,1,
AR,0,0x30A3C800,64,1,
AR,0,0x30A3D000,64,1,
AR,0,0x30A3D800,64,1,
AR,0,0x30A3E000,64,1,
AR,0,0x30A3E800,64,1,
AR,0,0x30A3F000,64,1,
AR,0,0x30A3F800,64,1,
AR,0,0x30A40000,64,1,
AR,0,0x30A40800,64,1,
AR,0,0x30A41000,64,1,
AR,0,0x30A41800,64,1,
AR,0,0x30A42000,64,1,
AR,0,0x30A42800,64,1,
AR,0,0x30A43000,64,1,
AR,0,0x30A43800,64,1,
AR,0,0x30A44000,64,1,
AR,0,0x30A44800,64,1,
AR,0,0x30A45000,64,1,
AR,0,0x30A45800,64,1,
AR,0,0x30A46000,64,1,
AR,0,0x30A46800,64,1,
AR,0,0x30A47000,64,1,
AR,0,0x30A47800,64,1,
AR,0,0x30A48000,64,1,
AR,0,0x30A48800,64,1,
AR,0,0x30A49000,64,1,
AR,0,0x30A49800,64,1,
AR,0,0x30A4A000,64,1,
AR,0,0x30A4A800,64,1,
AR,0,0x30A4B000,64,1,
AR,0,0x30A4B800,64,1,
AR,0,0x30A4C000,64,1,
AR,0,0x30A4C800,64,1,
AR,0,0x30A4D000,64,1,
AR,0,0x30A4D800,64,1,
AR,0,0x30A4E000,64,1,
AR,0,0x30A4E800,64,1,
AR,0,0x30A4F000,64,1,
AR,0,0x30A4F800,64,1,
AR,0,0x30A50000,64,1,
AR,0,0x30A50800,64,1,
AR,0,0x30A51000,64,1,
AR,0,0x30A51800,64,1,
AR,0,0x30A52000,64,1,
AR,0,0x30A52800,64,1,
AR,0,0x30A53000,64,1,
AR,0,0x30A53800,64,1,
AR,0,0x30A54000,64,1,
AR,0,0x30A54800,64,1,
AR,0,0x30A55000,64,1,
AR,0,0x30A55800,64,1,
AR,0,0x30A56000,64,1,
AR,0,0x30A56800,64,1,
AR,0,0x30A57000,64,1,
AR,0,0x30A57800,64,1,
AR,0,0x30A58000,64,1,
AR,0,0x30A58800,64,1,
AR,0,0x30A59000,64,1,
AR,0,0x30A59800,64,1,
AR,0,0x30A5A000,64,1,
AR,0,0x30A5A800,64,1,
AR,0,0x30A5B000,64,1,
AR,0,0x30A5B800,64,1,
AR,0,0x30A5C000,64,1,
AR,0,0x30A5C800,64,1,
AR,0,0x30A5D000,64,1,
AR,0,0x30A5D800,64,1,
AR,0,0x30A5E000,64,1,
AR,0,0x30A5E800,64,1,
AR,0,0x30A5F000,64,1,
AR,0,0x30A5F800,64,1,
AR,0,0x30A60000,64,1,
AR,0,0x30A60800,64,1,
AR,0,0x30A61000,64,1,
AR,0,0x30A61800,64,1,
AR,0,0x30A62000,64,1,
AR,0,0x30A62800,64,1,
AR,0,0x30A63000,64,1,
AR,0,0x30A63800,64,1,
AR,0,0x30A64000,64,1,
AR,0,0x30A64800,64,1,
AR,0,0x30A65000,64,1,
AR,0,0x30A65800,64,1,
AR,0,0x30A66000,64,1,
AR,0,0x30A66800,64,1,
AR,0,0x30A67000,64,1,
AR,0,0x30A67800,64,1,
AR,0,0x30A68000,64,1,
AR,0,0x30A68800,64,1,
AR,0,0x30A69000,64,1,
AR,0,0x30A69800,64,1,
AR,0,0x30A6A000,64,1,
AR,0,0x30A6A800,64,1,
AR,0,0x30A6B000,64,1,
AR,0,0x30A6B800,64,1,
AR,0,0x30A6C000,64,1,
AR,0,0x30A6C800,64,1,
AR,0,0x30A6D000,64,1,
AR,0,0x30A6D800,64,1,
AR,0,0x30A6E000,64,1,
AR,0,0x30A6E800,64,1,
AR,0,0x30A6F000,64,1,
AR,0,0x30A6F800,64,1,
AR,0,0x30A70000,64,1,
AR,0,0x30A70800,64,1,
AR,0,0x30A71000,64,1,
AR,0,0x30A71800,64,1,
AR,0,0x30A72000,64,1,
AR,0,0x30A72800,64,1,
AR,0,0x30A73000,64,1,
AR,0,0x30A73800,64,1,
AR,0,0x30A74000,64,1,
AR,0,0x30A74800,64,1,
AR,0,0x30A75000,64,1,
AR,0,0x30A75800,64,1,
AR,0,0x30A76000,64,1,
AR,0,0x30A76800,64,1,
AR,0,0x30A77000,64,1,
AR,0,0x30A77800,64,1,
AR,0,0x30A78000,64,1,
AR,0,0x30A78800,64,1,
AR,0,0x30A79000,64,1,
AR,0,0x30A79800,64,1,
AR,0,0x30A7A000,64,1,
AR,0,0x30A7A800,64,1,
AR,0,0x30A7B000,64,1,
AR,0,0x30A7B800,64,1,
AR,0,0x30A7C000,64,1,
AR,0,0x30A7C800,64,1,
AR,0,0x30A7D000,64,1,
AR,0,0x30A7D800,64,1,
AR,0,0x30A7E000,64,1,
AR,0,0x30A7E800,64,1,
AR,0,0x30A7F000,64,1,
AR,0,0x30A7F800,64,1,
AR,0,0x30A80000,64,1,
AR,0,0x30A80800,64,1,
AR,0,0x30A81000,64,1,
AR,0,0x30A81800,64,1,
AR,0,0x30A82000,64,1,
AR,0,0x30A82800,64,1,
AR,0,0x30A83000,64,1,
AR,0,0x30A83800,64,1,
AR,0,0x30A84000,64,1,
AR,0,0x30A84800,64,1,
AR,0,0x30A85000,64,1,
AR,0,0x30A85800,64,1,
AR,0,0x30A86000,64,1,
AR,0,0x30A86800,64,1,
AR,0,0x30A87000,64,1,
AR,0,0x30A87800,64,1,
AR,0,0x30A88000,64,1,
AR,0,0x30A88800,64,1,
AR,0,0x30A89000,64,1,
AR,0,0x30A89800,64,1,
AR,0,0x30A8A000,64,1,
AR,0,0x30A8A800,64,1,
AR,0,0x30A8B000,64,1,
AR,0,0x30A8B800,64,1,
AR,0,0x30A8C000,64,1,
AR,0,0x30A8C800,64,1,
AR,0,0x30A8D000,64,1,
AR,0,0x30A8D800,64,1,
AR,0,0x30A8E000,64,1,
AR,0,0x30A8E800,64,1,
AR,0,0x30A8F000,64,1,
AR,0,0x30A8F800,64,1,
AR,0,0x30A90000,64,1,
AR,0,0x30A90800,64,1,
AR,0,0x30A91000,64,1,
AR,0,0x30A91800,64,1,
AR,0,0x30A92000,64,1,
AR,0,0x30A92800,64,1,
AR,0,0x30A93000,64,1,
AR,0,0x30A93800,64,1,
AR,0,0x30A94000,64,1,
AR,0,0x30A94800,64,1,
AR,0,0x30A95000,64,1,
AR,0,0x30A95800,64,1,
AR,0,0x30A96000,64,1,
AR,0,0x30A96800,64,1,
AR,0,0x30A97000,64,1,
AR,0,0x30A97800,64,1,
AR,0,0x30A98000,64,1,
AR,0,0x30A98800,64,1,
AR,0,0x30A99000,64,1,
AR,0,0x30A99800,64,1,
AR,0,0x30A9A000,64,1,
AR,0,0x30A9A800,64,1,
AR,0,0x30A9B000,64,1,
AR,0,0x30A9B800,64,1,
AR,0,0x30A9C000,64,1,
AR,0,0x30A9C800,64,1,
AR,0,0x30A9D000,64,1,
AR,0,0x30A9D800,64,1,
AR,0,0x30A9E000,64,1,
AR,0,0x30A9E800,64,1,
AR,0,0x30A9F000,64,1,
AR,0,0x30A9F800,64,1,
AR,0,0x30AA0000,64,1,
AR,0,0x30AA0800,64,1,
AR,0,0x30AA1000,64,1,
AR,0,0x30AA1800,64,1,
AR,0,0x30AA2000,64,1,
AR,0,0x30AA2800,64,1,
AR,0,0x30AA3000,64,1,
AR,0,0x30AA3800,64,1,
AR,0,0x30AA4000,64,1,
AR,0,0x30AA4800,64,1,
AR,0,0x30AA5000,64,1,
AR,0,0x30AA5800,64,1,
AR,0,0x30AA6000,64,1,
AR,0,0x30AA6800,64,1,
AR,0,0x30AA7000,64,1,
AR,0,0x30AA7800,64,1,
AR,0,0x30AA8000,64,1,
AR,0,0x30AA8800,64,1,
AR,0,0x30AA9000,64,1,
AR,0,0x30AA9800,64,1,
AR,0,0x30AAA000,64,1,
AR,0,0x30AAA800,64,1,
AR,0,0x30AAB000,64,1,
AR,0,0x30AAB800,64,1,
AR,0,0x30AAC000,64,1,
AR,0,0x30AAC800,64,1,
AR,0,0x30AAD000,64,1,
AR,0,0x30AAD800,64,1,
AR,0,0x30AAE000,64,1,
AR,0,0x30AAE800,64,1,
AR,0,0x30AAF000,64,1,
AR,0,0x30AAF800,64,1,
AR,0,0x30AB0000,64,1,
AR,0,0x30AB0800,64,1,
AR,0,0x30AB1000,64,1,
AR,0,0x30AB1800,64,1,
AR,0,0x30AB2000,64,1,
AR,0,0x30AB2800,64,1,
AR,0,0x30AB3000,64,1,
AR,0,0x30AB3800,64,1,
AR,0,0x30AB4000,64,1,
AR,0,0x30AB4800,64,1,
AR,0,0x30AB5000,64,1,
AR,0,0x30AB5800,64,1,
AR,0,0x30AB6000,64,1,
AR,0,0x30AB6800,64,1,
AR,0,0x30AB7000,64,1,
AR,0,0x30AB7800,64,1,
AR,0,0x30AB8000,64,1,
AR,0,0x30AB8800,64,1,
AR,0,0x30AB9000,64,1,
AR,0,0x30AB9800,64,1,
AR,0,0x30ABA000,64,1,
AR,0,0x30ABA800,64,1,
AR,0,0x30ABB000,64,1,
AR,0,0x30ABB800,64,1,
AR,0,0x30ABC000,64,1,
AR,0,0x30ABC800,64,1,
AR,0,0x30ABD000,64,1,
AR,0,0x30ABD800,64,1,
AR,0,0x30ABE000,64,1,
AR,0,0x30ABE800,64,1,
AR,0,0x30ABF000,64,1,
AR,0,0x30ABF800,64,1,
AR,0,0x30AC0000,64,1,
AR,0,0x30AC0800,64,1,
AR,0,0x30AC1000,64,1,
AR,0,0x30AC1800,64,1,
AR,0,0x30AC2000,64,1,
AR,0,0x30AC2800,64,1,
AR,0,0x30AC3000,64,1,
AR,0,0x30AC3800,64,1,
AR,0,0x30AC4000,64,1,
AR,0,0x30AC4800,64,1,
AR,0,0x30AC5000,64,1,
AR,0,0x30AC5800,64,1,
AR,0,0x30AC6000,64,1,
AR,0,0x30AC6800,64,1,
AR,0,0x30AC7000,64,1,
AR,0,0x30AC7800,64,1,
AR,0,0x30AC8000,64,1,
AR,0,0x30AC8800,64,1,
AR,0,0x30AC9000,64,1,
AR,0,0x30AC9800,64,1,
AR,0,0x30ACA000,64,1,
AR,0,0x30ACA800,64,1,
AR,0,0x30ACB000,64,1,
AR,0,0x30ACB800,64,1,
AR,0,0x30ACC000,64,1,
AR,0,0x30ACC800,64,1,
AR,0,0x30ACD000,64,1,
AR,0,0x30ACD800,64,1,
AR,0,0x30ACE000,64,1,
AR,0,0x30ACE800,64,1,
AR,0,0x30ACF000,64,1,
AR,0,0x30ACF800,64,1,
AR,0,0x30AD0000,64,1,
AR,0,0x30AD0800,64,1,
AR,0,0x30AD1000,64,1,
AR,0,0x30AD1800,64,1,
AR,0,0x30AD2000,64,1,
AR,0,0x30AD2800,64,1,
AR,0,0x30AD3000,64,1,
AR,0,0x30AD3800,64,1,
AR,0,0x30AD4000,64,1,
AR,0,0x30AD4800,64,1,
AR,0,0x30AD5000,64,1,
AR,0,0x30AD5800,64,1,
AR,0,0x30AD6000,64,1,
AR,0,0x30AD6800,64,1,
AR,0,0x30AD7000,64,1,
AR,0,0x30AD7800,64,1,
AR,0,0x30AD8000,64,1,
AR,0,0x30AD8800,64,1,
AR,0,0x30AD9000,64,1,
AR,0,0x30AD9800,64,1,
AR,0,0x30ADA000,64,1,
AR,0,0x30ADA800,64,1,
AR,0,0x30ADB000,64,1,
AR,0,0x30ADB800,64,1,
AR,0,0x30ADC000,64,1,
AR,0,0x30ADC800,64,1,
AR,0,0x30ADD000,64,1,
AR,0,0x30ADD800,64,1,
AR,0,0x30ADE000,64,1,
AR,0,0x30ADE800,64,1,
AR,0,0x30ADF000,64,1,
AR,0,0x30ADF800,64,1,
AR,0,0x30AE0000,64,1,
AR,0,0x30AE0800,64,1,
AR,0,0x30AE1000,64,1,
AR,0,0x30AE1800,64,1,
AR,0,0x30AE2000,64,1,
AR,0,0x30AE2800,64,1,
AR,0,0x30AE3000,64,1,
AR,0,0x30AE3800,64,1,
AR,0,0x30AE4000,64,1,
AR,0,0x30AE4800,64,1,
AR,0,0x30AE5000,64,1,
AR,0,0x30AE5800,64,1,
AR,0,0x30AE6000,64,1,
AR,0,0x30AE6800,64,1,
AR,0,0x30AE7000,64,1,
AR,0,0x30AE7800,64,1,
AR,0,0x30AE8000,64,1,
AR,0,0x30AE8800,64,1,
AR,0,0x30AE9000,64,1,
AR,0,0x30AE9800,64,1,
AR,0,0x30AEA000,64,1,
AR,0,0x30AEA800,64,1,
AR,0,0x30AEB000,64,1,
AR,0,0x30AEB800,64,1,
AR,0,0x30AEC000,64,1,
AR,0,0x30AEC800,64,1,
AR,0,0x30AED000,64,1,
AR,0,0x30AED800,64,1,
AR,0,0x30AEE000,64,1,
AR,0,0x30AEE800,64,1,
AR,0,0x30AEF000,64,1,
AR,0,0x30AEF800,64,1,
AR,0,0x30AF0000,64,1,
AR,0,0x30AF0800,64,1,
AR,0,0x30AF1000,64,1,
AR,0,0x30AF1800,64,1,
AR,0,0x30AF2000,64,1,
AR,0,0x30AF2800,64,1,
AR,0,0x30AF3000,64,1,
AR,0,0x30AF3800,64,1,
AR,0,0x30AF4000,64,1,
AR,0,0x30AF4800,64,1,
AR,0,0x30AF5000,64,1,
AR,0,0x30AF5800,64,1,
AR,0,0x30AF6000,64,1,
AR,0,0x30AF6800,64,1,
AR,0,0x30AF7000,64,1,
AR,0,0x30AF7800,64,1,
AR,0,0x30AF8000,64,1,
AR,0,0x30AF8800,64,1,
AR,0,0x30AF9000,64,1,
AR,0,0x30AF9800,64,1,
AR,0,0x30AFA000,64,1,
AR,0,0x30AFA800,64,1,
AR,0,0x30AFB000,64,1,
AR,0,0x30AFB800,64,1,
AR,0,0x30AFC000,64,1,
AR,0,0x30AFC800,64,1,
AR,0,0x30AFD000,64,1,
AR,0,0x30AFD800,64,1,
AR,0,0x30AFE000,64,1,
AR,0,0x30AFE800,64,1,
AR,0,0x30AFF000,64,1,
AR,0,0x30AFF800,64,1,
AR,0,0x30B00000,64,1,
AR,0,0x30B00800,64,1,
AR,0,0x30B01000,64,1,
AR,0,0x30B01800,64,1,
AR,0,0x30B02000,64,1,
AR,0,0x30B02800,64,1,
AR,0,0x30B03000,64,1,
AR,0,0x30B03800,64,1,
AR,0,0x30B04000,64,1,
AR,0,0x30B04800,64,1,
AR,0,0x30B05000,64,1,
AR,0,0x30B05800,64,1,
AR,0,0x30B06000,64,1,
AR,0,0x30B06800,64,1,
AR,0,0x30B07000,64,1,
AR,0,0x30B07800,64,1,
AR,0,0x30B08000,64,1,
AR,0,0x30B08800,64,1,
AR,0,0x30B09000,64,1,
AR,0,0x30B09800,64,1,
AR,0,0x30B0A000,64,1,
AR,0,0x30B0A800,64,1,
AR,0,0x30B0B000,64,1,
AR,0,0x30B0B800,64,1,
AR,0,0x30B0C000,64,1,
AR,0,0x30B0C800,64,1,
AR,0,0x30B0D000,64,1,
AR,0,0x30B0D800,64,1,
AR,0,0x30B0E000,64,1,
AR,0,0x30B0E800,64,1,
AR,0,0x30B0F000,64,1,
AR,0,0x30B0F800,64,1,
AR,0,0x30B10000,64,1,
AR,0,0x30B10800,64,1,
AR,0,0x30B11000,64,1,
AR,0,0x30B11800,64,1,
AR,0,0x30B12000,64,1,
AR,0,0x30B12800,64,1,
AR,0,0x30B13000,64,1,
AR,0,0x30B13800,64,1,
AR,0,0x30B14000,64,1,
AR,0,0x30B14800,64,1,
AR,0,0x30B15000,64,1,
AR,0,0x30B15800,64,1,
AR,0,0x30B16000,64,1,
AR,0,0x30B16800,64,1,
AR,0,0x30B17000,64,1,
AR,0,0x30B17800,64,1,
AR,0,0x30B18000,64,1,
AR,0,0x30B18800,64,1,
AR,0,0x30B19000,64,1,
AR,0,0x30B19800,64,1,
AR,0,0x30B1A000,64,1,
AR,0,0x30B1A800,64,1,
AR,0,0x30B1B000,64,1,
AR,0,0x30B1B800,64,1,
AR,0,0x30B1C000,64,1,
AR,0,0x30B1C800,64,1,
AR,0,0x30B1D000,64,1,
AR,0,0x30B1D800,64,1,
AR,0,0x30B1E000,64,1,
AR,0,0x30B1E800,64,1,
AR,0,0x30B1F000,64,1,
AR,0,0x30B1F800,64,1,
AR,0,0x30B20000,64,1,
AR,0,0x30B20800,64,1,
AR,0,0x30B21000,64,1,
AR,0,0x30B21800,64,1,
AR,0,0x30B22000,64,1,
AR,0,0x30B22800,64,1,
AR,0,0x30B23000,64,1,
AR,0,0x30B23800,64,1,
AR,0,0x30B24000,64,1,
AR,0,0x30B24800,64,1,
AR,0,0x30B25000,64,1,
AR,0,0x30B25800,64,1,
AR,0,0x30B26000,64,1,
AR,0,0x30B26800,64,1,
AR,0,0x30B27000,64,1,
AR,0,0x30B27800,64,1,
AR,0,0x30B28000,64,1,
AR,0,0x30B28800,64,1,
AR,0,0x30B29000,64,1,
AR,0,0x30B29800,64,1,
AR,0,0x30B2A000,64,1,
AR,0,0x30B2A800,64,1,
AR,0,0x30B2B000,64,1,
AR,0,0x30B2B800,64,1,
AR,0,0x30B2C000,64,1,
AR,0,0x30B2C800,64,1,
AR,0,0x30B2D000,64,1,
AR,0,0x30B2D800,64,1,
AR,0,0x30B2E000,64,1,
AR,0,0x30B2E800,64,1,
AR,0,0x30B2F000,64,1,
AR,0,0x30B2F800,64,1,
AR,0,0x30B30000,64,1,
AR,0,0x30B30800,64,1,
AR,0,0x30B31000,64,1,
AR,0,0x30B31800,64,1,
AR,0,0x30B32000,64,1,
AR,0,0x30B32800,64,1,
AR,0,0x30B33000,64,1,
AR,0,0x30B33800,64,1,
AR,0,0x30B34000,64,1,
AR,0,0x30B34800,64,1,
AR,0,0x30B35000,64,1,
AR,0,0x30B35800,64,1,
AR,0,0x30B36000,64,1,
AR,0,0x30B36800,64,1,
AR,0,0x30B37000,64,1,
AR,0,0x30B37800,64,1,
AR,0,0x30B38000,64,1,
AR,0,0x30B38800,64,1,
AR,0,0x30B39000,64,1,
AR,0,0x30B39800,64,1,
AR,0,0x30B3A000,64,1,
AR,0,0x30B3A800,64,1,
AR,0,0x30B3B000,64,1,
AR,0,0x30B3B800,64,1,
AR,0,0x30B3C000,64,1,
AR,0,0x30B3C800,64,1,
AR,0,0x30B3D000,64,1,
AR,0,0x30B3D800,64,1,
AR,0,0x30B3E000,64,1,
AR,0,0x30B3E800,64,1,
AR,0,0x30B3F000,64,1,
AR,0,0x30B3F800,64,1,
AR,0,0x30B40000,64,1,
AR,0,0x30B40800,64,1,
AR,0,0x30B41000,64,1,
AR,0,0x30B41800,64,1,
AR,0,0x30B42000,64,1,
AR,0,0x30B42800,64,1,
AR,0,0x30B43000,64,1,
AR,0,0x30B43800,64,1,
AR,0,0x30B44000,64,1,
AR,0,0x30B44800,64,1,
AR,0,0x30B45000,64,1,
AR,0,0x30B45800,64,1,
AR,0,0x30B46000,64,1,
AR,0,0x30B46800,64,1,
AR,0,0x30B47000,64,1,
AR,0,0x30B47800,64,1,
AR,0,0x30B48000,64,1,
AR,0,0x30B48800,64,1,
AR,0,0x30B49000,64,1,
AR,0,0x30B49800,64,1,
AR,0,0x30B4A000,64,1,
AR,0,0x30B4A800,64,1,
AR,0,0x30B4B000,64,1,
AR,0,0x30B4B800,64,1,
AR,0,0x30B4C000,64,1,
AR,0,0x30B4C800,64,1,
AR,0,0x30B4D000,64,1,
AR,0,0x30B4D800,64,1,
AR,0,0x30B4E000,64,1,
AR,0,0x30B4E800,64,1,
AR,0,0x30B4F000,64,1,
AR,0,0x30B4F800,64,1,
AR,0,0x30B50000,64,1,
AR,0,0x30B50800,64,1,
AR,0,0x30B51000,64,1,
AR,0,0x30B51800,64,1,
AR,0,0x30B52000,64,1,
AR,0,0x30B52800,64,1,
AR,0,0x30B53000,64,1,
AR,0,0x30B53800,64,1,
AR,0,0x30B54000,64,1,
AR,0,0x30B54800,64,1,
AR,0,0x30B55000,64,1,
AR,0,0x30B55800,64,1,
AR,0,0x30B56000,64,1,
AR,0,0x30B56800,64,1,
AR,0,0x30B57000,64,1,
AR,0,0x30B57800,64,1,
AR,0,0x30B58000,64,1,
AR,0,0x30B58800,64,1,
AR,0,0x30B59000,64,1,
AR,0,0x30B59800,64,1,
AR,0,0x30B5A000,64,1,
AR,0,0x30B5A800,64,1,
AR,0,0x30B5B000,64,1,
AR,0,0x30B5B800,64,1,
AR,0,0x30B5C000,64,1,
AR,0,0x30B5C800,64,1,
AR,0,0x30B5D000,64,1,
AR,0,0x30B5D800,64,1,
AR,0,0x30B5E000,64,1,
AR,0,0x30B5E800,64,1,
AR,0,0x30B5F000,64,1,
AR,0,0x30B5F800,64,1,
AR,0,0x30B60000,64,1,
AR,0,0x30B60800,64,1,
AR,0,0x30B61000,64,1,
AR,0,0x30B61800,64,1,
AR,0,0x30B62000,64,1,
AR,0,0x30B62800,64,1,
AR,0,0x30B63000,64,1,
AR,0,0x30B63800,64,1,
AR,0,0x30B64000,64,1,
AR,0,0x30B64800,64,1,
AR,0,0x30B65000,64,1,
AR,0,0x30B65800,64,1,
AR,0,0x30B66000,64,1,
AR,0,0x30B66800,64,1,
AR,0,0x30B67000,64,1,
AR,0,0x30B67800,64,1,
AR,0,0x30B68000,64,1,
AR,0,0x30B68800,64,1,
AR,0,0x30B69000,64,1,
AR,0,0x30B69800,64,1,
AR,0,0x30B6A000,64,1,
AR,0,0x30B6A800,64,1,
AR,0,0x30B6B000,64,1,
AR,0,0x30B6B800,64,1,
AR,0,0x30B6C000,64,1,
AR,0,0x30B6C800,64,1,
AR,0,0x30B6D000,64,1,
AR,0,0x30B6D800,64,1,
AR,0,0x30B6E000,64,1,
AR,0,0x30B6E800,64,1,
AR,0,0x30B6F000,64,1,
AR,0,0x30B6F800,64,1,
AR,0,0x30B70000,64,1,
AR,0,0x30B70800,64,1,
AR,0,0x30B71000,64,1,
AR,0,0x30B71800,64,1,
AR,0,0x30B72000,64,1,
AR,0,0x30B72800,64,1,
AR,0,0x30B73000,64,1,
AR,0,0x30B73800,64,1,
AR,0,0x30B74000,64,1,
AR,0,0x30B74800,64,1,
AR,0,0x30B75000,64,1,
AR,0,0x30B75800,64,1,
AR,0,0x30B76000,64,1,
AR,0,0x30B76800,64,1,
AR,0,0x30B77000,64,1,
AR,0,0x30B77800,64,1,
AR,0,0x30B78000,64,1,
AR,0,0x30B78800,64,1,
AR,0,0x30B79000,64,1,
AR,0,0x30B79800,64,1,
AR,0,0x30B7A000,64,1,
AR,0,0x30B7A800,64,1,
AR,0,0x30B7B000,64,1,
AR,0,0x30B7B800,64,1,
AR,0,0x30B7C000,64,1,
AR,0,0x30B7C800,64,1,
AR,0,0x30B7D000,64,1,
AR,0,0x30B7D800,64,1,
AR,0,0x30B7E000,64,1,
AR,0,0x30B7E800,64,1,
AR,0,0x30B7F000,64,1,
AR,0,0x30B7F800,64,1,
AR,0,0x30B80000,64,1,
AR,0,0x30B80800,64,1,
AR,0,0x30B81000,64,1,
AR,0,0x30B81800,64,1,
AR,0,0x30B82000,64,1,
AR,0,0x30B82800,64,1,
AR,0,0x30B83000,64,1,
AR,0,0x30B83800,64,1,
AR,0,0x30B84000,64,1,
AR,0,0x30B84800,64,1,
AR,0,0x30B85000,64,1,
AR,0,0x30B85800,64,1,
AR,0,0x30B86000,64,1,
AR,0,0x30B86800,64,1,
AR,0,0x30B87000,64,1,
AR,0,0x30B87800,64,1,
AR,0,0x30B88000,64,1,
AR,0,0x30B88800,64,1,
AR,0,0x30B89000,64,1,
AR,0,0x30B89800,64,1,
AR,0,0x30B8A000,64,1,
AR,0,0x30B8A800,64,1,
AR,0,0x30B8B000,64,1,
AR,0,0x30B8B800,64,1,
AR,0,0x30B8C000,64,1,
AR,0,0x30B8C800,64,1,
AR,0,0x30B8D000,64,1,
AR,0,0x30B8D800,64,1,
AR,0,0x30B8E000,64,1,
AR,0,0x30B8E800,64,1,
AR,0,0x30B8F000,64,1,
AR,0,0x30B8F800,64,1,
AR,0,0x30B90000,64,1,
AR,0,0x30B90800,64,1,
AR,0,0x30B91000,64,1,
AR,0,0x30B91800,64,1,
AR,0,0x30B92000,64,1,
AR,0,0x30B92800,64,1,
AR,0,0x30B93000,64,1,
AR,0,0x30B93800,64,1,
AR,0,0x30B94000,64,1,
AR,0,0x30B94800,64,1,
AR,0,0x30B95000,64,1,
AR,0,0x30B95800,64,1,
AR,0,0x30B96000,64,1,
AR,0,0x30B96800,64,1,
AR,0,0x30B97000,64,1,
AR,0,0x30B97800,64,1,
AR,0,0x30B98000,64,1,
AR,0,0x30B98800,64,1,
AR,0,0x30B99000,64,1,
AR,0,0x30B99800,64,1,
AR,0,0x30B9A000,64,1,
AR,0,0x30B9A800,64,1,
AR,0,0x30B9B000,64,1,
AR,0,0x30B9B800,64,1,
AR,0,0x30B9C000,64,1,
AR,0,0x30B9C800,64,1,
AR,0,0x30B9D000,64,1,
AR,0,0x30B9D800,64,1,
AR,0,0x30B9E000,64,1,
AR,0,0x30B9E800,64,1,
AR,0,0x30B9F000,64,1,
AR,0,0x30B9F800,64,1,
AR,0,0x30BA0000,64,1,
AR,0,0x30BA0800,64,1,
AR,0,0x30BA1000,64,1,
AR,0,0x30BA1800,64,1,
AR,0,0x30BA2000,64,1,
AR,0,0x30BA2800,64,1,
AR,0,0x30BA3000,64,1,
AR,0,0x30BA3800,64,1,
AR,0,0x30BA4000,64,1,
AR,0,0x30BA4800,64,1,
AR,0,0x30BA5000,64,1,
AR,0,0x30BA5800,64,1,
AR,0,0x30BA6000,64,1,
AR,0,0x30BA6800,64,1,
AR,0,0x30BA7000,64,1,
AR,0,0x30BA7800,64,1,
AR,0,0x30BA8000,64,1,
AR,0,0x30BA8800,64,1,
AR,0,0x30BA9000,64,1,
AR,0,0x30BA9800,64,1,
AR,0,0x30BAA000,64,1,
AR,0,0x30BAA800,64,1,
AR,0,0x30BAB000,64,1,
AR,0,0x30BAB800,64,1,
AR,0,0x30BAC000,64,1,
AR,0,0x30BAC800,64,1,
AR,0,0x30BAD000,64,1,
AR,0,0x30BAD800,64,1,
AR,0,0x30BAE000,64,1,
AR,0,0x30BAE800,64,1,
AR,0,0x30BAF000,64,1,
AR,0,0x30BAF800,64,1,
AR,0,0x30BB0000,64,1,
AR,0,0x30BB0800,64,1,
AR,0,0x30BB1000,64,1,
AR,0,0x30BB1800,64,1,
AR,0,0x30BB2000,64,1,
AR,0,0x30BB2800,64,1,
AR,0,0x30BB3000,64,1,
AR,0,0x30BB3800,64,1,
AR,0,0x30BB4000,64,1,
AR,0,0x30BB4800,64,1,
AR,0,0x30BB5000,64,1,
AR,0,0x30BB5800,64,1,
AR,0,0x30BB6000,64,1,
AR,0,0x30BB6800,64,1,
AR,0,0x30BB7000,64,1,
AR,0,0x30BB7800,64,1,
