type,id,addr,size,len,wstrb
AR,0,0x20000000,64,1,
AW,1,0x20000040,64,1,FFFFFFFFFFFFFFFF
AR,0,0x20000080,64,1,
AW,1,0x200000C0,64,1,FFFFFFFFFFFFFFFF
AR,0,0x20000100,64,1,
AW,1,0x20000140,64,1,FFFFFFFFFFFFFFFF
AR,0,0x20000180,64,1,
AW,1,0x200001C0,64,1,FFFFFFFFFFFFFFFF
AR,0,0x20000200,64,1,
AW,1,0x20000240,64,1,FFFFFFFFFFFFFFFF
AR,0,0x20000280,64,1,
AW,1,0x200002C0,64,1,FFFFFFFFFFFFFFFF
AR,0,0x20000300,64,1,
AW,1,0x20000340,64,1,FFFFFFFFFFFFFFFF
AR,0,0x20000380,64,1,
AW,1,0x200003C0,64,1,FFFFFFFFFFFFFFFF
AR,0,0x20000400,64,1,
AW,1,0x20000440,64,1,FFFFFFFFFFFFFFFF
AR,0,0x20000480,64,1,
AW,1,0x200004C0,64,1,FFFFFFFFFFFFFFFF
AR,0,0x20000500,64,1,
AW,1,0x20000540,64,1,FFFFFFFFFFFFFFFF
AR,0,0x20000580,64,1,
AW,1,0x200005C0,64,1,FFFFFFFFFFFFFFFF
AR,0,0x20000600,64,1,
AW,1,0x20000640,64,1,FFFFFFFFFFFFFFFF
AR,0,0x20000680,64,1,
AW,1,0x200006C0,64,1,FFFFFFFFFFFFFFFF
AR,0,0x20000700,64,1,
AW,1,0x20000740,64,1,FFFFFFFFFFFFFFFF
AR,0,0x20000780,64,1,
AW,1,0x200007C0,64,1,FFFFFFFFFFFFFFFF
AR,0,0x20000800,64,1,
AW,1,0x20000840,64,1,FFFFFFFFFFFFFFFF
AR,0,0x20000880,64,1,
AW,1,0x200008C0,64,1,FFFFFFFFFFFFFFFF
AR,0,0x20000900,64,1,
AW,1,0x20000940,64,1,FFFFFFFFFFFFFFFF
AR,0,0x20000980,64,1,
AW,1,0x200009C0,64,1,FFFFFFFFFFFFFFFF
AR,0,0x20000A00,64,1,
AW,1,0x20000A40,64,1,FFFFFFFFFFFFFFFF
AR,0,0x20000A80,64,1,
AW,1,0x20000AC0,64,1,FFFFFFFFFFFFFFFF
AR,0,0x20000B00,64,1,
AW,1,0x20000B40,64,1,FFFFFFFFFFFFFFFF
AR,0,0x20000B80,64,1,
AW,1,0x20000BC0,64,1,FFFFFFFFFFFFFFFF
AR,0,0x20000C00,64,1,
AW,1,0x20000C40,64,1,FFFFFFFFFFFFFFFF
AR,0,0x20000C80,64,1,
AW,1,0x20000CC0,64,1,FFFFFFFFFFFFFFFF
AR,0,0x20000D00,64,1,
AW,1,0x20000D40,64,1,FFFFFFFFFFFFFFFF
AR,0,0x20000D80,64,1,
AW,1,0x20000DC0,64,1,FFFFFFFFFFFFFFFF
AR,0,0x20000E00,64,1,
AW,1,0x20000E40,64,1,FFFFFFFFFFFFFFFF
AR,0,0x20000E80,64,1,
AW,1,0x20000EC0,64,1,FFFFFFFFFFFFFFFF
AR,0,0x20000F00,64,1,
AW,1,0x20000F40,64,1,FFFFFFFFFFFFFFFF
AR,0,0x20000F80,64,1,
AW,1,0x20000FC0,64,1,FFFFFFFFFFFFFFFF
AR,0,0x20001000,64,1,
AW,1,0x20001040,64,1,FFFFFFFFFFFFFFFF
AR,0,0x20001080,64,1,
AW,1,0x200010C0,64,1,FFFFFFFFFFFFFFFF
AR,0,0x20001100,64,1,
AW,1,0x20001140,64,1,FFFFFFFFFFFFFFFF
AR,0,0x20001180,64,1,
AW,1,0x200011C0,64,1,FFFFFFFFFFFFFFFF
AR,0,0x20001200,64,1,
AW,1,0x20001240,64,1,FFFFFFFFFFFFFFFF
AR,0,0x20001280,64,1,
AW,1,0x200012C0,64,1,FFFFFFFFFFFFFFFF
AR,0,0x20001300,64,1,
AW,1,0x20001340,64,1,FFFFFFFFFFFFFFFF
AR,0,0x20001380,64,1,
AW,1,0x200013C0,64,1,FFFFFFFFFFFFFFFF
AR,0,0x20001400,64,1,
AW,1,0x20001440,64,1,FFFFFFFFFFFFFFFF
AR,0,0x20001480,64,1,
AW,1,0x200014C0,64,1,FFFFFFFFFFFFFFFF
AR,0,0x20001500,64,1,
AW,1,0x20001540,64,1,FFFFFFFFFFFFFFFF
AR,0,0x20001580,64,1,
AW,1,0x200015C0,64,1,FFFFFFFFFFFFFFFF
AR,0,0x20001600,64,1,
AW,1,0x20001640,64,1,FFFFFFFFFFFFFFFF
AR,0,0x20001680,64,1,
AW,1,0x200016C0,64,1,FFFFFFFFFFFFFFFF
AR,0,0x20001700,64,1,
AW,1,0x20001740,64,1,FFFFFFFFFFFFFFFF
AR,0,0x20001780,64,1,
AW,1,0x200017C0,64,1,FFFFFFFFFFFFFFFF
AR,0,0x20001800,64,1,
AW,1,0x20001840,64,1,FFFFFFFFFFFFFFFF
AR,0,0x20001880,64,1,
AW,1,0x200018C0,64,1,FFFFFFFFFFFFFFFF
AR,0,0x20001900,64,1,
AW,1,0x20001940,64,1,FFFFFFFFFFFFFFFF
AR,0,0x20001980,64,1,
AW,1,0x200019C0,64,1,FFFFFFFFFFFFFFFF
AR,0,0x20001A00,64,1,
AW,1,0x20001A40,64,1,FFFFFFFFFFFFFFFF
AR,0,0x20001A80,64,1,
AW,1,0x20001AC0,64,1,FFFFFFFFFFFFFFFF
AR,0,0x20001B00,64,1,
AW,1,0x20001B40,64,1,FFFFFFFFFFFFFFFF
AR,0,0x20001B80,64,1,
AW,1,0x20001BC0,64,1,FFFFFFFFFFFFFFFF
AR,0,0x20001C00,64,1,
AW,1,0x20001C40,64,1,FFFFFFFFFFFFFFFF
AR,0,0x20001C80,64,1,
AW,1,0x20001CC0,64,1,FFFFFFFFFFFFFFFF
AR,0,0x20001D00,64,1,
AW,1,0x20001D40,64,1,FFFFFFFFFFFFFFFF
AR,0,0x20001D80,64,1,
AW,1,0x20001DC0,64,1,FFFFFFFFFFFFFFFF
AR,0,0x20001E00,64,1,
AW,1,0x20001E40,64,1,FFFFFFFFFFFFFFFF
AR,0,0x20001E80,64,1,
AW,1,0x20001EC0,64,1,FFFFFFFFFFFFFFFF
AR,0,0x20001F00,64,1,
AW,1,0x20001F40,64,1,FFFFFFFFFFFFFFFF
AR,0,0x20001F80,64,1,
AW,1,0x20001FC0,64,1,FFFFFFFFFFFFFFFF
AR,0,0x20002000,64,1,
AW,1,0x20002040,64,1,FFFFFFFFFFFFFFFF
AR,0,0x20002080,64,1,
AW,1,0x200020C0,64,1,FFFFFFFFFFFFFFFF
AR,0,0x20002100,64,1,
AW,1,0x20002140,64,1,FFFFFFFFFFFFFFFF
AR,0,0x20002180,64,1,
AW,1,0x200021C0,64,1,FFFFFFFFFFFFFFFF
AR,0,0x20002200,64,1,
AW,1,0x20002240,64,1,FFFFFFFFFFFFFFFF
AR,0,0x20002280,64,1,
AW,1,0x200022C0,64,1,FFFFFFFFFFFFFFFF
AR,0,0x20002300,64,1,
AW,1,0x20002340,64,1,FFFFFFFFFFFFFFFF
AR,0,0x20002380,64,1,
AW,1,0x200023C0,64,1,FFFFFFFFFFFFFFFF
AR,0,0x20002400,64,1,
AW,1,0x20002440,64,1,FFFFFFFFFFFFFFFF
AR,0,0x20002480,64,1,
AW,1,0x200024C0,64,1,FFFFFFFFFFFFFFFF
AR,0,0x20002500,64,1,
AW,1,0x20002540,64,1,FFFFFFFFFFFFFFFF
AR,0,0x20002580,64,1,
AW,1,0x200025C0,64,1,FFFFFFFFFFFFFFFF
AR,0,0x20002600,64,1,
AW,1,0x20002640,64,1,FFFFFFFFFFFFFFFF
AR,0,0x20002680,64,1,
AW,1,0x200026C0,64,1,FFFFFFFFFFFFFFFF
AR,0,0x20002700,64,1,
AW,1,0x20002740,64,1,FFFFFFFFFFFFFFFF
AR,0,0x20002780,64,1,
AW,1,0x200027C0,64,1,FFFFFFFFFFFFFFFF
AR,0,0x20002800,64,1,
AW,1,0x20002840,64,1,FFFFFFFFFFFFFFFF
AR,0,0x20002880,64,1,
AW,1,0x200028C0,64,1,FFFFFFFFFFFFFFFF
AR,0,0x20002900,64,1,
AW,1,0x20002940,64,1,FFFFFFFFFFFFFFFF
AR,0,0x20002980,64,1,
AW,1,0x200029C0,64,1,FFFFFFFFFFFFFFFF
AR,0,0x20002A00,64,1,
AW,1,0x20002A40,64,1,FFFFFFFFFFFFFFFF
AR,0,0x20002A80,64,1,
AW,1,0x20002AC0,64,1,FFFFFFFFFFFFFFFF
AR,0,0x20002B00,64,1,
AW,1,0x20002B40,64,1,FFFFFFFFFFFFFFFF
AR,0,0x20002B80,64,1,
AW,1,0x20002BC0,64,1,FFFFFFFFFFFFFFFF
AR,0,0x20002C00,64,1,
AW,1,0x20002C40,64,1,FFFFFFFFFFFFFFFF
AR,0,0x20002C80,64,1,
AW,1,0x20002CC0,64,1,FFFFFFFFFFFFFFFF
AR,0,0x20002D00,64,1,
AW,1,0x20002D40,64,1,FFFFFFFFFFFFFFFF
AR,0,0x20002D80,64,1,
AW,1,0x20002DC0,64,1,FFFFFFFFFFFFFFFF
AR,0,0x20002E00,64,1,
AW,1,0x20002E40,64,1,FFFFFFFFFFFFFFFF
AR,0,0x20002E80,64,1,
AW,1,0x20002EC0,64,1,FFFFFFFFFFFFFFFF
AR,0,0x20002F00,64,1,
AW,1,0x20002F40,64,1,FFFFFFFFFFFFFFFF
AR,0,0x20002F80,64,1,
AW,1,0x20002FC0,64,1,FFFFFFFFFFFFFFFF
AR,0,0x20003000,64,1,
AW,1,0x20003040,64,1,FFFFFFFFFFFFFFFF
AR,0,0x20003080,64,1,
AW,1,0x200030C0,64,1,FFFFFFFFFFFFFFFF
AR,0,0x20003100,64,1,
AW,1,0x20003140,64,1,FFFFFFFFFFFFFFFF
AR,0,0x20003180,64,1,
AW,1,0x200031C0,64,1,FFFFFFFFFFFFFFFF
AR,0,0x20003200,64,1,
AW,1,0x20003240,64,1,FFFFFFFFFFFFFFFF
AR,0,0x20003280,64,1,
AW,1,0x200032C0,64,1,FFFFFFFFFFFFFFFF
AR,0,0x20003300,64,1,
AW,1,0x20003340,64,1,FFFFFFFFFFFFFFFF
AR,0,0x20003380,64,1,
AW,1,0x200033C0,64,1,FFFFFFFFFFFFFFFF
AR,0,0x20003400,64,1,
AW,1,0x20003440,64,1,FFFFFFFFFFFFFFFF
AR,0,0x20003480,64,1,
AW,1,0x200034C0,64,1,FFFFFFFFFFFFFFFF
AR,0,0x20003500,64,1,
AW,1,0x20003540,64,1,FFFFFFFFFFFFFFFF
AR,0,0x20003580,64,1,
AW,1,0x200035C0,64,1,FFFFFFFFFFFFFFFF
AR,0,0x20003600,64,1,
AW,1,0x20003640,64,1,FFFFFFFFFFFFFFFF
AR,0,0x20003680,64,1,
AW,1,0x200036C0,64,1,FFFFFFFFFFFFFFFF
AR,0,0x20003700,64,1,
AW,1,0x20003740,64,1,FFFFFFFFFFFFFFFF
AR,0,0x20003780,64,1,
AW,1,0x200037C0,64,1,FFFFFFFFFFFFFFFF
AR,0,0x20003800,64,1,
AW,1,0x20003840,64,1,FFFFFFFFFFFFFFFF
AR,0,0x20003880,64,1,
AW,1,0x200038C0,64,1,FFFFFFFFFFFFFFFF
AR,0,0x20003900,64,1,
AW,1,0x20003940,64,1,FFFFFFFFFFFFFFFF
AR,0,0x20003980,64,1,
AW,1,0x200039C0,64,1,FFFFFFFFFFFFFFFF
AR,0,0x20003A00,64,1,
AW,1,0x20003A40,64,1,FFFFFFFFFFFFFFFF
AR,0,0x20003A80,64,1,
AW,1,0x20003AC0,64,1,FFFFFFFFFFFFFFFF
AR,0,0x20003B00,64,1,
AW,1,0x20003B40,64,1,FFFFFFFFFFFFFFFF
AR,0,0x20003B80,64,1,
AW,1,0x20003BC0,64,1,FFFFFFFFFFFFFFFF
AR,0,0x20003C00,64,1,
AW,1,0x20003C40,64,1,FFFFFFFFFFFFFFFF
AR,0,0x20003C80,64,1,
AW,1,0x20003CC0,64,1,FFFFFFFFFFFFFFFF
AR,0,0x20003D00,64,1,
AW,1,0x20003D40,64,1,FFFFFFFFFFFFFFFF
AR,0,0x20003D80,64,1,
AW,1,0x20003DC0,64,1,FFFFFFFFFFFFFFFF
AR,0,0x20003E00,64,1,
AW,1,0x20003E40,64,1,FFFFFFFFFFFFFFFF
AR,0,0x20003E80,64,1,
AW,1,0x20003EC0,64,1,FFFFFFFFFFFFFFFF
AR,0,0x20003F00,64,1,
AW,1,0x20003F40,64,1,FFFFFFFFFFFFFFFF
AR,0,0x20003F80,64,1,
AW,1,0x20003FC0,64,1,FFFFFFFFFFFFFFFF
AR,0,0x20004000,64,1,
AW,1,0x20004040,64,1,FFFFFFFFFFFFFFFF
AR,0,0x20004080,64,1,
AW,1,0x200040C0,64,1,FFFFFFFFFFFFFFFF
AR,0,0x20004100,64,1,
AW,1,0x20004140,64,1,FFFFFFFFFFFFFFFF
AR,0,0x20004180,64,1,
AW,1,0x200041C0,64,1,FFFFFFFFFFFFFFFF
AR,0,0x20004200,64,1,
AW,1,0x20004240,64,1,FFFFFFFFFFFFFFFF
AR,0,0x20004280,64,1,
AW,1,0x200042C0,64,1,FFFFFFFFFFFFFFFF
AR,0,0x20004300,64,1,
AW,1,0x20004340,64,1,FFFFFFFFFFFFFFFF
AR,0,0x20004380,64,1,
AW,1,0x200043C0,64,1,FFFFFFFFFFFFFFFF
AR,0,0x20004400,64,1,
AW,1,0x20004440,64,1,FFFFFFFFFFFFFFFF
AR,0,0x20004480,64,1,
AW,1,0x200044C0,64,1,FFFFFFFFFFFFFFFF
AR,0,0x20004500,64,1,
AW,1,0x20004540,64,1,FFFFFFFFFFFFFFFF
AR,0,0x20004580,64,1,
AW,1,0x200045C0,64,1,FFFFFFFFFFFFFFFF
AR,0,0x20004600,64,1,
AW,1,0x20004640,64,1,FFFFFFFFFFFFFFFF
AR,0,0x20004680,64,1,
AW,1,0x200046C0,64,1,FFFFFFFFFFFFFFFF
AR,0,0x20004700,64,1,
AW,1,0x20004740,64,1,FFFFFFFFFFFFFFFF
AR,0,0x20004780,64,1,
AW,1,0x200047C0,64,1,FFFFFFFFFFFFFFFF
AR,0,0x20004800,64,1,
AW,1,0x20004840,64,1,FFFFFFFFFFFFFFFF
AR,0,0x20004880,64,1,
AW,1,0x200048C0,64,1,FFFFFFFFFFFFFFFF
AR,0,0x20004900,64,1,
AW,1,0x20004940,64,1,FFFFFFFFFFFFFFFF
AR,0,0x20004980,64,1,
AW,1,0x200049C0,64,1,FFFFFFFFFFFFFFFF
AR,0,0x20004A00,64,1,
AW,1,0x20004A40,64,1,FFFFFFFFFFFFFFFF
AR,0,0x20004A80,64,1,
AW,1,0x20004AC0,64,1,FFFFFFFFFFFFFFFF
AR,0,0x20004B00,64,1,
AW,1,0x20004B40,64,1,FFFFFFFFFFFFFFFF
AR,0,0x20004B80,64,1,
AW,1,0x20004BC0,64,1,FFFFFFFFFFFFFFFF
AR,0,0x20004C00,64,1,
AW,1,0x20004C40,64,1,FFFFFFFFFFFFFFFF
AR,0,0x20004C80,64,1,
AW,1,0x20004CC0,64,1,FFFFFFFFFFFFFFFF
AR,0,0x20004D00,64,1,
AW,1,0x20004D40,64,1,FFFFFFFFFFFFFFFF
AR,0,0x20004D80,64,1,
AW,1,0x20004DC0,64,1,FFFFFFFFFFFFFFFF
AR,0,0x20004E00,64,1,
AW,1,0x20004E40,64,1,FFFFFFFFFFFFFFFF
AR,0,0x20004E80,64,1,
AW,1,0x20004EC0,64,1,FFFFFFFFFFFFFFFF
AR,0,0x20004F00,64,1,
AW,1,0x20004F40,64,1,FFFFFFFFFFFFFFFF
AR,0,0x20004F80,64,1,
AW,1,0x20004FC0,64,1,FFFFFFFFFFFFFFFF
AR,0,0x20005000,64,1,
AW,1,0x20005040,64,1,FFFFFFFFFFFFFFFF
AR,0,0x20005080,64,1,
AW,1,0x200050C0,64,1,FFFFFFFFFFFFFFFF
AR,0,0x20005100,64,1,
AW,1,0x20005140,64,1,FFFFFFFFFFFFFFFF
AR,0,0x20005180,64,1,
AW,1,0x200051C0,64,1,FFFFFFFFFFFFFFFF
AR,0,0x20005200,64,1,
AW,1,0x20005240,64,1,FFFFFFFFFFFFFFFF
AR,0,0x20005280,64,1,
AW,1,0x200052C0,64,1,FFFFFFFFFFFFFFFF
AR,0,0x20005300,64,1,
AW,1,0x20005340,64,1,FFFFFFFFFFFFFFFF
AR,0,0x20005380,64,1,
AW,1,0x200053C0,64,1,FFFFFFFFFFFFFFFF
AR,0,0x20005400,64,1,
AW,1,0x20005440,64,1,FFFFFFFFFFFFFFFF
AR,0,0x20005480,64,1,
AW,1,0x200054C0,64,1,FFFFFFFFFFFFFFFF
AR,0,0x20005500,64,1,
AW,1,0x20005540,64,1,FFFFFFFFFFFFFFFF
AR,0,0x20005580,64,1,
AW,1,0x200055C0,64,1,FFFFFFFFFFFFFFFF
AR,0,0x20005600,64,1,
AW,1,0x20005640,64,1,FFFFFFFFFFFFFFFF
AR,0,0x20005680,64,1,
AW,1,0x200056C0,64,1,FFFFFFFFFFFFFFFF
AR,0,0x20005700,64,1,
AW,1,0x20005740,64,1,FFFFFFFFFFFFFFFF
AR,0,0x20005780,64,1,
AW,1,0x200057C0,64,1,FFFFFFFFFFFFFFFF
AR,0,0x20005800,64,1,
AW,1,0x20005840,64,1,FFFFFFFFFFFFFFFF
AR,0,0x20005880,64,1,
AW,1,0x200058C0,64,1,FFFFFFFFFFFFFFFF
AR,0,0x20005900,64,1,
AW,1,0x20005940,64,1,FFFFFFFFFFFFFFFF
AR,0,0x20005980,64,1,
AW,1,0x200059C0,64,1,FFFFFFFFFFFFFFFF
AR,0,0x20005A00,64,1,
AW,1,0x20005A40,64,1,FFFFFFFFFFFFFFFF
AR,0,0x20005A80,64,1,
AW,1,0x20005AC0,64,1,FFFFFFFFFFFFFFFF
AR,0,0x20005B00,64,1,
AW,1,0x20005B40,64,1,FFFFFFFFFFFFFFFF
AR,0,0x20005B80,64,1,
AW,1,0x20005BC0,64,1,FFFFFFFFFFFFFFFF
AR,0,0x20005C00,64,1,
AW,1,0x20005C40,64,1,FFFFFFFFFFFFFFFF
AR,0,0x20005C80,64,1,
AW,1,0x20005CC0,64,1,FFFFFFFFFFFFFFFF
AR,0,0x20005D00,64,1,
AW,1,0x20005D40,64,1,FFFFFFFFFFFFFFFF
AR,0,0x20005D80,64,1,
AW,1,0x20005DC0,64,1,FFFFFFFFFFFFFFFF
AR,0,0x20005E00,64,1,
AW,1,0x20005E40,64,1,FFFFFFFFFFFFFFFF
AR,0,0x20005E80,64,1,
AW,1,0x20005EC0,64,1,FFFFFFFFFFFFFFFF
AR,0,0x20005F00,64,1,
AW,1,0x20005F40,64,1,FFFFFFFFFFFFFFFF
AR,0,0x20005F80,64,1,
AW,1,0x20005FC0,64,1,FFFFFFFFFFFFFFFF
AR,0,0x20006000,64,1,
AW,1,0x20006040,64,1,FFFFFFFFFFFFFFFF
AR,0,0x20006080,64,1,
AW,1,0x200060C0,64,1,FFFFFFFFFFFFFFFF
AR,0,0x20006100,64,1,
AW,1,0x20006140,64,1,FFFFFFFFFFFFFFFF
AR,0,0x20006180,64,1,
AW,1,0x200061C0,64,1,FFFFFFFFFFFFFFFF
AR,0,0x20006200,64,1,
AW,1,0x20006240,64,1,FFFFFFFFFFFFFFFF
AR,0,0x20006280,64,1,
AW,1,0x200062C0,64,1,FFFFFFFFFFFFFFFF
AR,0,0x20006300,64,1,
AW,1,0x20006340,64,1,FFFFFFFFFFFFFFFF
AR,0,0x20006380,64,1,
AW,1,0x200063C0,64,1,FFFFFFFFFFFFFFFF
AR,0,0x20006400,64,1,
AW,1,0x20006440,64,1,FFFFFFFFFFFFFFFF
AR,0,0x20006480,64,1,
AW,1,0x200064C0,64,1,FFFFFFFFFFFFFFFF
AR,0,0x20006500,64,1,
AW,1,0x20006540,64,1,FFFFFFFFFFFFFFFF
AR,0,0x20006580,64,1,
AW,1,0x200065C0,64,1,FFFFFFFFFFFFFFFF
AR,0,0x20006600,64,1,
AW,1,0x20006640,64,1,FFFFFFFFFFFFFFFF
AR,0,0x20006680,64,1,
AW,1,0x200066C0,64,1,FFFFFFFFFFFFFFFF
AR,0,0x20006700,64,1,
AW,1,0x20006740,64,1,FFFFFFFFFFFFFFFF
AR,0,0x20006780,64,1,
AW,1,0x200067C0,64,1,FFFFFFFFFFFFFFFF
AR,0,0x20006800,64,1,
AW,1,0x20006840,64,1,FFFFFFFFFFFFFFFF
AR,0,0x20006880,64,1,
AW,1,0x200068C0,64,1,FFFFFFFFFFFFFFFF
AR,0,0x20006900,64,1,
AW,1,0x20006940,64,1,FFFFFFFFFFFFFFFF
AR,0,0x20006980,64,1,
AW,1,0x200069C0,64,1,FFFFFFFFFFFFFFFF
AR,0,0x20006A00,64,1,
AW,1,0x20006A40,64,1,FFFFFFFFFFFFFFFF
AR,0,0x20006A80,64,1,
AW,1,0x20006AC0,64,1,FFFFFFFFFFFFFFFF
AR,0,0x20006B00,64,1,
AW,1,0x20006B40,64,1,FFFFFFFFFFFFFFFF
AR,0,0x20006B80,64,1,
AW,1,0x20006BC0,64,1,FFFFFFFFFFFFFFFF
AR,0,0x20006C00,64,1,
AW,1,0x20006C40,64,1,FFFFFFFFFFFFFFFF
AR,0,0x20006C80,64,1,
AW,1,0x20006CC0,64,1,FFFFFFFFFFFFFFFF
AR,0,0x20006D00,64,1,
AW,1,0x20006D40,64,1,FFFFFFFFFFFFFFFF
AR,0,0x20006D80,64,1,
AW,1,0x20006DC0,64,1,FFFFFFFFFFFFFFFF
AR,0,0x20006E00,64,1,
AW,1,0x20006E40,64,1,FFFFFFFFFFFFFFFF
AR,0,0x20006E80,64,1,
AW,1,0x20006EC0,64,1,FFFFFFFFFFFFFFFF
AR,0,0x20006F00,64,1,
AW,1,0x20006F40,64,1,FFFFFFFFFFFFFFFF
AR,0,0x20006F80,64,1,
AW,1,0x20006FC0,64,1,FFFFFFFFFFFFFFFF
AR,0,0x20007000,64,1,
AW,1,0x20007040,64,1,FFFFFFFFFFFFFFFF
AR,0,0x20007080,64,1,
AW,1,0x200070C0,64,1,FFFFFFFFFFFFFFFF
AR,0,0x20007100,64,1,
AW,1,0x20007140,64,1,FFFFFFFFFFFFFFFF
AR,0,0x20007180,64,1,
AW,1,0x200071C0,64,1,FFFFFFFFFFFFFFFF
AR,0,0x20007200,64,1,
AW,1,0x20007240,64,1,FFFFFFFFFFFFFFFF
AR,0,0x20007280,64,1,
AW,1,0x200072C0,64,1,FFFFFFFFFFFFFFFF
AR,0,0x20007300,64,1,
AW,1,0x20007340,64,1,FFFFFFFFFFFFFFFF
AR,0,0x20007380,64,1,
AW,1,0x200073C0,64,1,FFFFFFFFFFFFFFFF
AR,0,0x20007400,64,1,
AW,1,0x20007440,64,1,FFFFFFFFFFFFFFFF
AR,0,0x20007480,64,1,
AW,1,0x200074C0,64,1,FFFFFFFFFFFFFFFF
AR,0,0x20007500,64,1,
AW,1,0x20007540,64,1,FFFFFFFFFFFFFFFF
AR,0,0x20007580,64,1,
AW,1,0x200075C0,64,1,FFFFFFFFFFFFFFFF
AR,0,0x20007600,64,1,
AW,1,0x20007640,64,1,FFFFFFFFFFFFFFFF
AR,0,0x20007680,64,1,
AW,1,0x200076C0,64,1,FFFFFFFFFFFFFFFF
AR,0,0x20007700,64,1,
AW,1,0x20007740,64,1,FFFFFFFFFFFFFFFF
AR,0,0x20007780,64,1,
AW,1,0x200077C0,64,1,FFFFFFFFFFFFFFFF
AR,0,0x20007800,64,1,
AW,1,0x20007840,64,1,FFFFFFFFFFFFFFFF
AR,0,0x20007880,64,1,
AW,1,0x200078C0,64,1,FFFFFFFFFFFFFFFF
AR,0,0x20007900,64,1,
AW,1,0x20007940,64,1,FFFFFFFFFFFFFFFF
AR,0,0x20007980,64,1,
AW,1,0x200079C0,64,1,FFFFFFFFFFFFFFFF
AR,0,0x20007A00,64,1,
AW,1,0x20007A40,64,1,FFFFFFFFFFFFFFFF
AR,0,0x20007A80,64,1,
AW,1,0x20007AC0,64,1,FFFFFFFFFFFFFFFF
AR,0,0x20007B00,64,1,
AW,1,0x20007B40,64,1,FFFFFFFFFFFFFFFF
AR,0,0x20007B80,64,1,
AW,1,0x20007BC0,64,1,FFFFFFFFFFFFFFFF
AR,0,0x20007C00,64,1,
AW,1,0x20007C40,64,1,FFFFFFFFFFFFFFFF
AR,0,0x20007C80,64,1,
AW,1,0x20007CC0,64,1,FFFFFFFFFFFFFFFF
AR,0,0x20007D00,64,1,
AW,1,0x20007D40,64,1,FFFFFFFFFFFFFFFF
AR,0,0x20007D80,64,1,
AW,1,0x20007DC0,64,1,FFFFFFFFFFFFFFFF
AR,0,0x20007E00,64,1,
AW,1,0x20007E40,64,1,FFFFFFFFFFFFFFFF
AR,0,0x20007E80,64,1,
AW,1,0x20007EC0,64,1,FFFFFFFFFFFFFFFF
AR,0,0x20007F00,64,1,
AW,1,0x20007F40,64,1,FFFFFFFFFFFFFFFF
AR,0,0x20007F80,64,1,
AW,1,0x20007FC0,64,1,FFFFFFFFFFFFFFFF
AR,0,0x20008000,64,1,
AW,1,0x20008040,64,1,FFFFFFFFFFFFFFFF
AR,0,0x20008080,64,1,
AW,1,0x200080C0,64,1,FFFFFFFFFFFFFFFF
AR,0,0x20008100,64,1,
AW,1,0x20008140,64,1,FFFFFFFFFFFFFFFF
AR,0,0x20008180,64,1,
AW,1,0x200081C0,64,1,FFFFFFFFFFFFFFFF
AR,0,0x20008200,64,1,
AW,1,0x20008240,64,1,FFFFFFFFFFFFFFFF
AR,0,0x20008280,64,1,
AW,1,0x200082C0,64,1,FFFFFFFFFFFFFFFF
AR,0,0x20008300,64,1,
AW,1,0x20008340,64,1,FFFFFFFFFFFFFFFF
AR,0,0x20008380,64,1,
AW,1,0x200083C0,64,1,FFFFFFFFFFFFFFFF
AR,0,0x20008400,64,1,
AW,1,0x20008440,64,1,FFFFFFFFFFFFFFFF
AR,0,0x20008480,64,1,
AW,1,0x200084C0,64,1,FFFFFFFFFFFFFFFF
AR,0,0x20008500,64,1,
AW,1,0x20008540,64,1,FFFFFFFFFFFFFFFF
AR,0,0x20008580,64,1,
AW,1,0x200085C0,64,1,FFFFFFFFFFFFFFFF
AR,0,0x20008600,64,1,
AW,1,0x20008640,64,1,FFFFFFFFFFFFFFFF
AR,0,0x20008680,64,1,
AW,1,0x200086C0,64,1,FFFFFFFFFFFFFFFF
AR,0,0x20008700,64,1,
AW,1,0x20008740,64,1,FFFFFFFFFFFFFFFF
AR,0,0x20008780,64,1,
AW,1,0x200087C0,64,1,FFFFFFFFFFFFFFFF
AR,0,0x20008800,64,1,
AW,1,0x20008840,64,1,FFFFFFFFFFFFFFFF
AR,0,0x20008880,64,1,
AW,1,0x200088C0,64,1,FFFFFFFFFFFFFFFF
AR,0,0x20008900,64,1,
AW,1,0x20008940,64,1,FFFFFFFFFFFFFFFF
AR,0,0x20008980,64,1,
AW,1,0x200089C0,64,1,FFFFFFFFFFFFFFFF
AR,0,0x20008A00,64,1,
AW,1,0x20008A40,64,1,FFFFFFFFFFFFFFFF
AR,0,0x20008A80,64,1,
AW,1,0x20008AC0,64,1,FFFFFFFFFFFFFFFF
AR,0,0x20008B00,64,1,
AW,1,0x20008B40,64,1,FFFFFFFFFFFFFFFF
AR,0,0x20008B80,64,1,
AW,1,0x20008BC0,64,1,FFFFFFFFFFFFFFFF
AR,0,0x20008C00,64,1,
AW,1,0x20008C40,64,1,FFFFFFFFFFFFFFFF
AR,0,0x20008C80,64,1,
AW,1,0x20008CC0,64,1,FFFFFFFFFFFFFFFF
AR,0,0x20008D00,64,1,
AW,1,0x20008D40,64,1,FFFFFFFFFFFFFFFF
AR,0,0x20008D80,64,1,
AW,1,0x20008DC0,64,1,FFFFFFFFFFFFFFFF
AR,0,0x20008E00,64,1,
AW,1,0x20008E40,64,1,FFFFFFFFFFFFFFFF
AR,0,0x20008E80,64,1,
AW,1,0x20008EC0,64,1,FFFFFFFFFFFFFFFF
AR,0,0x20008F00,64,1,
AW,1,0x20008F40,64,1,FFFFFFFFFFFFFFFF
AR,0,0x20008F80,64,1,
AW,1,0x20008FC0,64,1,FFFFFFFFFFFFFFFF
AR,0,0x20009000,64,1,
AW,1,0x20009040,64,1,FFFFFFFFFFFFFFFF
AR,0,0x20009080,64,1,
AW,1,0x200090C0,64,1,FFFFFFFFFFFFFFFF
AR,0,0x20009100,64,1,
AW,1,0x20009140,64,1,FFFFFFFFFFFFFFFF
AR,0,0x20009180,64,1,
AW,1,0x200091C0,64,1,FFFFFFFFFFFFFFFF
AR,0,0x20009200,64,1,
AW,1,0x20009240,64,1,FFFFFFFFFFFFFFFF
AR,0,0x20009280,64,1,
AW,1,0x200092C0,64,1,FFFFFFFFFFFFFFFF
AR,0,0x20009300,64,1,
AW,1,0x20009340,64,1,FFFFFFFFFFFFFFFF
AR,0,0x20009380,64,1,
AW,1,0x200093C0,64,1,FFFFFFFFFFFFFFFF
AR,0,0x20009400,64,1,
AW,1,0x20009440,64,1,FFFFFFFFFFFFFFFF
AR,0,0x20009480,64,1,
AW,1,0x200094C0,64,1,FFFFFFFFFFFFFFFF
AR,0,0x20009500,64,1,
AW,1,0x20009540,64,1,FFFFFFFFFFFFFFFF
AR,0,0x20009580,64,1,
AW,1,0x200095C0,64,1,FFFFFFFFFFFFFFFF
AR,0,0x20009600,64,1,
AW,1,0x20009640,64,1,FFFFFFFFFFFFFFFF
AR,0,0x20009680,64,1,
AW,1,0x200096C0,64,1,FFFFFFFFFFFFFFFF
AR,0,0x20009700,64,1,
AW,1,0x20009740,64,1,FFFFFFFFFFFFFFFF
AR,0,0x20009780,64,1,
AW,1,0x200097C0,64,1,FFFFFFFFFFFFFFFF
AR,0,0x20009800,64,1,
AW,1,0x20009840,64,1,FFFFFFFFFFFFFFFF
AR,0,0x20009880,64,1,
AW,1,0x200098C0,64,1,FFFFFFFFFFFFFFFF
AR,0,0x20009900,64,1,
AW,1,0x20009940,64,1,FFFFFFFFFFFFFFFF
AR,0,0x20009980,64,1,
AW,1,0x200099C0,64,1,FFFFFFFFFFFFFFFF
AR,0,0x20009A00,64,1,
AW,1,0x20009A40,64,1,FFFFFFFFFFFFFFFF
AR,0,0x20009A80,64,1,
AW,1,0x20009AC0,64,1,FFFFFFFFFFFFFFFF
AR,0,0x20009B00,64,1,
AW,1,0x20009B40,64,1,FFFFFFFFFFFFFFFF
AR,0,0x20009B80,64,1,
AW,1,0x20009BC0,64,1,FFFFFFFFFFFFFFFF
AR,0,0x20009C00,64,1,
AW,1,0x20009C40,64,1,FFFFFFFFFFFFFFFF
AR,0,0x20009C80,64,1,
AW,1,0x20009CC0,64,1,FFFFFFFFFFFFFFFF
AR,0,0x20009D00,64,1,
AW,1,0x20009D40,64,1,FFFFFFFFFFFFFFFF
AR,0,0x20009D80,64,1,
AW,1,0x20009DC0,64,1,FFFFFFFFFFFFFFFF
AR,0,0x20009E00,64,1,
AW,1,0x20009E40,64,1,FFFFFFFFFFFFFFFF
AR,0,0x20009E80,64,1,
AW,1,0x20009EC0,64,1,FFFFFFFFFFFFFFFF
AR,0,0x20009F00,64,1,
AW,1,0x20009F40,64,1,FFFFFFFFFFFFFFFF
AR,0,0x20009F80,64,1,
AW,1,0x20009FC0,64,1,FFFFFFFFFFFFFFFF
AR,0,0x2000A000,64,1,
AW,1,0x2000A040,64,1,FFFFFFFFFFFFFFFF
AR,0,0x2000A080,64,1,
AW,1,0x2000A0C0,64,1,FFFFFFFFFFFFFFFF
AR,0,0x2000A100,64,1,
AW,1,0x2000A140,64,1,FFFFFFFFFFFFFFFF
AR,0,0x2000A180,64,1,
AW,1,0x2000A1C0,64,1,FFFFFFFFFFFFFFFF
AR,0,0x2000A200,64,1,
AW,1,0x2000A240,64,1,FFFFFFFFFFFFFFFF
AR,0,0x2000A280,64,1,
AW,1,0x2000A2C0,64,1,FFFFFFFFFFFFFFFF
AR,0,0x2000A300,64,1,
AW,1,0x2000A340,64,1,FFFFFFFFFFFFFFFF
AR,0,0x2000A380,64,1,
AW,1,0x2000A3C0,64,1,FFFFFFFFFFFFFFFF
AR,0,0x2000A400,64,1,
AW,1,0x2000A440,64,1,FFFFFFFFFFFFFFFF
AR,0,0x2000A480,64,1,
AW,1,0x2000A4C0,64,1,FFFFFFFFFFFFFFFF
AR,0,0x2000A500,64,1,
AW,1,0x2000A540,64,1,FFFFFFFFFFFFFFFF
AR,0,0x2000A580,64,1,
AW,1,0x2000A5C0,64,1,FFFFFFFFFFFFFFFF
AR,0,0x2000A600,64,1,
AW,1,0x2000A640,64,1,FFFFFFFFFFFFFFFF
AR,0,0x2000A680,64,1,
AW,1,0x2000A6C0,64,1,FFFFFFFFFFFFFFFF
AR,0,0x2000A700,64,1,
AW,1,0x2000A740,64,1,FFFFFFFFFFFFFFFF
AR,0,0x2000A780,64,1,
AW,1,0x2000A7C0,64,1,FFFFFFFFFFFFFFFF
AR,0,0x2000A800,64,1,
AW,1,0x2000A840,64,1,FFFFFFFFFFFFFFFF
AR,0,0x2000A880,64,1,
AW,1,0x2000A8C0,64,1,FFFFFFFFFFFFFFFF
AR,0,0x2000A900,64,1,
AW,1,0x2000A940,64,1,FFFFFFFFFFFFFFFF
AR,0,0x2000A980,64,1,
AW,1,0x2000A9C0,64,1,FFFFFFFFFFFFFFFF
AR,0,0x2000AA00,64,1,
AW,1,0x2000AA40,64,1,FFFFFFFFFFFFFFFF
AR,0,0x2000AA80,64,1,
AW,1,0x2000AAC0,64,1,FFFFFFFFFFFFFFFF
AR,0,0x2000AB00,64,1,
AW,1,0x2000AB40,64,1,FFFFFFFFFFFFFFFF
AR,0,0x2000AB80,64,1,
AW,1,0x2000ABC0,64,1,FFFFFFFFFFFFFFFF
AR,0,0x2000AC00,64,1,
AW,1,0x2000AC40,64,1,FFFFFFFFFFFFFFFF
AR,0,0x2000AC80,64,1,
AW,1,0x2000ACC0,64,1,FFFFFFFFFFFFFFFF
AR,0,0x2000AD00,64,1,
AW,1,0x2000AD40,64,1,FFFFFFFFFFFFFFFF
AR,0,0x2000AD80,64,1,
AW,1,0x2000ADC0,64,1,FFFFFFFFFFFFFFFF
AR,0,0x2000AE00,64,1,
AW,1,0x2000AE40,64,1,FFFFFFFFFFFFFFFF
AR,0,0x2000AE80,64,1,
AW,1,0x2000AEC0,64,1,FFFFFFFFFFFFFFFF
AR,0,0x2000AF00,64,1,
AW,1,0x2000AF40,64,1,FFFFFFFFFFFFFFFF
AR,0,0x2000AF80,64,1,
AW,1,0x2000AFC0,64,1,FFFFFFFFFFFFFFFF
AR,0,0x2000B000,64,1,
AW,1,0x2000B040,64,1,FFFFFFFFFFFFFFFF
AR,0,0x2000B080,64,1,
AW,1,0x2000B0C0,64,1,FFFFFFFFFFFFFFFF
AR,0,0x2000B100,64,1,
AW,1,0x2000B140,64,1,FFFFFFFFFFFFFFFF
AR,0,0x2000B180,64,1,
AW,1,0x2000B1C0,64,1,FFFFFFFFFFFFFFFF
AR,0,0x2000B200,64,1,
AW,1,0x2000B240,64,1,FFFFFFFFFFFFFFFF
AR,0,0x2000B280,64,1,
AW,1,0x2000B2C0,64,1,FFFFFFFFFFFFFFFF
AR,0,0x2000B300,64,1,
AW,1,0x2000B340,64,1,FFFFFFFFFFFFFFFF
AR,0,0x2000B380,64,1,
AW,1,0x2000B3C0,64,1,FFFFFFFFFFFFFFFF
AR,0,0x2000B400,64,1,
AW,1,0x2000B440,64,1,FFFFFFFFFFFFFFFF
AR,0,0x2000B480,64,1,
AW,1,0x2000B4C0,64,1,FFFFFFFFFFFFFFFF
AR,0,0x2000B500,64,1,
AW,1,0x2000B540,64,1,FFFFFFFFFFFFFFFF
AR,0,0x2000B580,64,1,
AW,1,0x2000B5C0,64,1,FFFFFFFFFFFFFFFF
AR,0,0x2000B600,64,1,
AW,1,0x2000B640,64,1,FFFFFFFFFFFFFFFF
AR,0,0x2000B680,64,1,
AW,1,0x2000B6C0,64,1,FFFFFFFFFFFFFFFF
AR,0,0x2000B700,64,1,
AW,1,0x2000B740,64,1,FFFFFFFFFFFFFFFF
AR,0,0x2000B780,64,1,
AW,1,0x2000B7C0,64,1,FFFFFFFFFFFFFFFF
AR,0,0x2000B800,64,1,
AW,1,0x2000B840,64,1,FFFFFFFFFFFFFFFF
AR,0,0x2000B880,64,1,
AW,1,0x2000B8C0,64,1,FFFFFFFFFFFFFFFF
AR,0,0x2000B900,64,1,
AW,1,0x2000B940,64,1,FFFFFFFFFFFFFFFF
AR,0,0x2000B980,64,1,
AW,1,0x2000B9C0,64,1,FFFFFFFFFFFFFFFF
AR,0,0x2000BA00,64,1,
AW,1,0x2000BA40,64,1,FFFFFFFFFFFFFFFF
AR,0,0x2000BA80,64,1,
AW,1,0x2000BAC0,64,1,FFFFFFFFFFFFFFFF
AR,0,0x2000BB00,64,1,
AW,1,0x2000BB40,64,1,FFFFFFFFFFFFFFFF
AR,0,0x2000BB80,64,1,
AW,1,0x2000BBC0,64,1,FFFFFFFFFFFFFFFF
AR,0,0x2000BC00,64,1,
AW,1,0x2000BC40,64,1,FFFFFFFFFFFFFFFF
AR,0,0x2000BC80,64,1,
AW,1,0x2000BCC0,64,1,FFFFFFFFFFFFFFFF
AR,0,0x2000BD00,64,1,
AW,1,0x2000BD40,64,1,FFFFFFFFFFFFFFFF
AR,0,0x2000BD80,64,1,
AW,1,0x2000BDC0,64,1,FFFFFFFFFFFFFFFF
AR,0,0x2000BE00,64,1,
AW,1,0x2000BE40,64,1,FFFFFFFFFFFFFFFF
AR,0,0x2000BE80,64,1,
AW,1,0x2000BEC0,64,1,FFFFFFFFFFFFFFFF
AR,0,0x2000BF00,64,1,
AW,1,0x2000BF40,64,1,FFFFFFFFFFFFFFFF
AR,0,0x2000BF80,64,1,
AW,1,0x2000BFC0,64,1,FFFFFFFFFFFFFFFF
AR,0,0x2000C000,64,1,
AW,1,0x2000C040,64,1,FFFFFFFFFFFFFFFF
AR,0,0x2000C080,64,1,
AW,1,0x2000C0C0,64,1,FFFFFFFFFFFFFFFF
AR,0,0x2000C100,64,1,
AW,1,0x2000C140,64,1,FFFFFFFFFFFFFFFF
AR,0,0x2000C180,64,1,
AW,1,0x2000C1C0,64,1,FFFFFFFFFFFFFFFF
AR,0,0x2000C200,64,1,
AW,1,0x2000C240,64,1,FFFFFFFFFFFFFFFF
AR,0,0x2000C280,64,1,
AW,1,0x2000C2C0,64,1,FFFFFFFFFFFFFFFF
AR,0,0x2000C300,64,1,
AW,1,0x2000C340,64,1,FFFFFFFFFFFFFFFF
AR,0,0x2000C380,64,1,
AW,1,0x2000C3C0,64,1,FFFFFFFFFFFFFFFF
AR,0,0x2000C400,64,1,
AW,1,0x2000C440,64,1,FFFFFFFFFFFFFFFF
AR,0,0x2000C480,64,1,
AW,1,0x2000C4C0,64,1,FFFFFFFFFFFFFFFF
AR,0,0x2000C500,64,1,
AW,1,0x2000C540,64,1,FFFFFFFFFFFFFFFF
AR,0,0x2000C580,64,1,
AW,1,0x2000C5C0,64,1,FFFFFFFFFFFFFFFF
AR,0,0x2000C600,64,1,
AW,1,0x2000C640,64,1,FFFFFFFFFFFFFFFF
AR,0,0x2000C680,64,1,
AW,1,0x2000C6C0,64,1,FFFFFFFFFFFFFFFF
AR,0,0x2000C700,64,1,
AW,1,0x2000C740,64,1,FFFFFFFFFFFFFFFF
AR,0,0x2000C780,64,1,
AW,1,0x2000C7C0,64,1,FFFFFFFFFFFFFFFF
AR,0,0x2000C800,64,1,
AW,1,0x2000C840,64,1,FFFFFFFFFFFFFFFF
AR,0,0x2000C880,64,1,
AW,1,0x2000C8C0,64,1,FFFFFFFFFFFFFFFF
AR,0,0x2000C900,64,1,
AW,1,0x2000C940,64,1,FFFFFFFFFFFFFFFF
AR,0,0x2000C980,64,1,
AW,1,0x2000C9C0,64,1,FFFFFFFFFFFFFFFF
AR,0,0x2000CA00,64,1,
AW,1,0x2000CA40,64,1,FFFFFFFFFFFFFFFF
AR,0,0x2000CA80,64,1,
AW,1,0x2000CAC0,64,1,FFFFFFFFFFFFFFFF
AR,0,0x2000CB00,64,1,
AW,1,0x2000CB40,64,1,FFFFFFFFFFFFFFFF
AR,0,0x2000CB80,64,1,
AW,1,0x2000CBC0,64,1,FFFFFFFFFFFFFFFF
AR,0,0x2000CC00,64,1,
AW,1,0x2000CC40,64,1,FFFFFFFFFFFFFFFF
AR,0,0x2000CC80,64,1,
AW,1,0x2000CCC0,64,1,FFFFFFFFFFFFFFFF
AR,0,0x2000CD00,64,1,
AW,1,0x2000CD40,64,1,FFFFFFFFFFFFFFFF
AR,0,0x2000CD80,64,1,
AW,1,0x2000CDC0,64,1,FFFFFFFFFFFFFFFF
AR,0,0x2000CE00,64,1,
AW,1,0x2000CE40,64,1,FFFFFFFFFFFFFFFF
AR,0,0x2000CE80,64,1,
AW,1,0x2000CEC0,64,1,FFFFFFFFFFFFFFFF
AR,0,0x2000CF00,64,1,
AW,1,0x2000CF40,64,1,FFFFFFFFFFFFFFFF
AR,0,0x2000CF80,64,1,
AW,1,0x2000CFC0,64,1,FFFFFFFFFFFFFFFF
AR,0,0x2000D000,64,1,
AW,1,0x2000D040,64,1,FFFFFFFFFFFFFFFF
AR,0,0x2000D080,64,1,
AW,1,0x2000D0C0,64,1,FFFFFFFFFFFFFFFF
AR,0,0x2000D100,64,1,
AW,1,0x2000D140,64,1,FFFFFFFFFFFFFFFF
AR,0,0x2000D180,64,1,
AW,1,0x2000D1C0,64,1,FFFFFFFFFFFFFFFF
AR,0,0x2000D200,64,1,
AW,1,0x2000D240,64,1,FFFFFFFFFFFFFFFF
AR,0,0x2000D280,64,1,
AW,1,0x2000D2C0,64,1,FFFFFFFFFFFFFFFF
AR,0,0x2000D300,64,1,
AW,1,0x2000D340,64,1,FFFFFFFFFFFFFFFF
AR,0,0x2000D380,64,1,
AW,1,0x2000D3C0,64,1,FFFFFFFFFFFFFFFF
AR,0,0x2000D400,64,1,
AW,1,0x2000D440,64,1,FFFFFFFFFFFFFFFF
AR,0,0x2000D480,64,1,
AW,1,0x2000D4C0,64,1,FFFFFFFFFFFFFFFF
AR,0,0x2000D500,64,1,
AW,1,0x2000D540,64,1,FFFFFFFFFFFFFFFF
AR,0,0x2000D580,64,1,
AW,1,0x2000D5C0,64,1,FFFFFFFFFFFFFFFF
AR,0,0x2000D600,64,1,
AW,1,0x2000D640,64,1,FFFFFFFFFFFFFFFF
AR,0,0x2000D680,64,1,
AW,1,0x2000D6C0,64,1,FFFFFFFFFFFFFFFF
AR,0,0x2000D700,64,1,
AW,1,0x2000D740,64,1,FFFFFFFFFFFFFFFF
AR,0,0x2000D780,64,1,
AW,1,0x2000D7C0,64,1,FFFFFFFFFFFFFFFF
AR,0,0x2000D800,64,1,
AW,1,0x2000D840,64,1,FFFFFFFFFFFFFFFF
AR,0,0x2000D880,64,1,
AW,1,0x2000D8C0,64,1,FFFFFFFFFFFFFFFF
AR,0,0x2000D900,64,1,
AW,1,0x2000D940,64,1,FFFFFFFFFFFFFFFF
AR,0,0x2000D980,64,1,
AW,1,0x2000D9C0,64,1,FFFFFFFFFFFFFFFF
AR,0,0x2000DA00,64,1,
AW,1,0x2000DA40,64,1,FFFFFFFFFFFFFFFF
AR,0,0x2000DA80,64,1,
AW,1,0x2000DAC0,64,1,FFFFFFFFFFFFFFFF
AR,0,0x2000DB00,64,1,
AW,1,0x2000DB40,64,1,FFFFFFFFFFFFFFFF
AR,0,0x2000DB80,64,1,
AW,1,0x2000DBC0,64,1,FFFFFFFFFFFFFFFF
AR,0,0x2000DC00,64,1,
AW,1,0x2000DC40,64,1,FFFFFFFFFFFFFFFF
AR,0,0x2000DC80,64,1,
AW,1,0x2000DCC0,64,1,FFFFFFFFFFFFFFFF
AR,0,0x2000DD00,64,1,
AW,1,0x2000DD40,64,1,FFFFFFFFFFFFFFFF
AR,0,0x2000DD80,64,1,
AW,1,0x2000DDC0,64,1,FFFFFFFFFFFFFFFF
AR,0,0x2000DE00,64,1,
AW,1,0x2000DE40,64,1,FFFFFFFFFFFFFFFF
AR,0,0x2000DE80,64,1,
AW,1,0x2000DEC0,64,1,FFFFFFFFFFFFFFFF
AR,0,0x2000DF00,64,1,
AW,1,0x2000DF40,64,1,FFFFFFFFFFFFFFFF
AR,0,0x2000DF80,64,1,
AW,1,0x2000DFC0,64,1,FFFFFFFFFFFFFFFF
AR,0,0x2000E000,64,1,
AW,1,0x2000E040,64,1,FFFFFFFFFFFFFFFF
AR,0,0x2000E080,64,1,
AW,1,0x2000E0C0,64,1,FFFFFFFFFFFFFFFF
AR,0,0x2000E100,64,1,
AW,1,0x2000E140,64,1,FFFFFFFFFFFFFFFF
AR,0,0x2000E180,64,1,
AW,1,0x2000E1C0,64,1,FFFFFFFFFFFFFFFF
AR,0,0x2000E200,64,1,
AW,1,0x2000E240,64,1,FFFFFFFFFFFFFFFF
AR,0,0x2000E280,64,1,
AW,1,0x2000E2C0,64,1,FFFFFFFFFFFFFFFF
AR,0,0x2000E300,64,1,
AW,1,0x2000E340,64,1,FFFFFFFFFFFFFFFF
AR,0,0x2000E380,64,1,
AW,1,0x2000E3C0,64,1,FFFFFFFFFFFFFFFF
AR,0,0x2000E400,64,1,
AW,1,0x2000E440,64,1,FFFFFFFFFFFFFFFF
AR,0,0x2000E480,64,1,
AW,1,0x2000E4C0,64,1,FFFFFFFFFFFFFFFF
AR,0,0x2000E500,64,1,
AW,1,0x2000E540,64,1,FFFFFFFFFFFFFFFF
AR,0,0x2000E580,64,1,
AW,1,0x2000E5C0,64,1,FFFFFFFFFFFFFFFF
AR,0,0x2000E600,64,1,
AW,1,0x2000E640,64,1,FFFFFFFFFFFFFFFF
AR,0,0x2000E680,64,1,
AW,1,0x2000E6C0,64,1,FFFFFFFFFFFFFFFF
AR,0,0x2000E700,64,1,
AW,1,0x2000E740,64,1,FFFFFFFFFFFFFFFF
AR,0,0x2000E780,64,1,
AW,1,0x2000E7C0,64,1,FFFFFFFFFFFFFFFF
AR,0,0x2000E800,64,1,
AW,1,0x2000E840,64,1,FFFFFFFFFFFFFFFF
AR,0,0x2000E880,64,1,
AW,1,0x2000E8C0,64,1,FFFFFFFFFFFFFFFF
AR,0,0x2000E900,64,1,
AW,1,0x2000E940,64,1,FFFFFFFFFFFFFFFF
AR,0,0x2000E980,64,1,
AW,1,0x2000E9C0,64,1,FFFFFFFFFFFFFFFF
AR,0,0x2000EA00,64,1,
AW,1,0x2000EA40,64,1,FFFFFFFFFFFFFFFF
AR,0,0x2000EA80,64,1,
AW,1,0x2000EAC0,64,1,FFFFFFFFFFFFFFFF
AR,0,0x2000EB00,64,1,
AW,1,0x2000EB40,64,1,FFFFFFFFFFFFFFFF
AR,0,0x2000EB80,64,1,
AW,1,0x2000EBC0,64,1,FFFFFFFFFFFFFFFF
AR,0,0x2000EC00,64,1,
AW,1,0x2000EC40,64,1,FFFFFFFFFFFFFFFF
AR,0,0x2000EC80,64,1,
AW,1,0x2000ECC0,64,1,FFFFFFFFFFFFFFFF
AR,0,0x2000ED00,64,1,
AW,1,0x2000ED40,64,1,FFFFFFFFFFFFFFFF
AR,0,0x2000ED80,64,1,
AW,1,0x2000EDC0,64,1,FFFFFFFFFFFFFFFF
AR,0,0x2000EE00,64,1,
AW,1,0x2000EE40,64,1,FFFFFFFFFFFFFFFF
AR,0,0x2000EE80,64,1,
AW,1,0x2000EEC0,64,1,FFFFFFFFFFFFFFFF
AR,0,0x2000EF00,64,1,
AW,1,0x2000EF40,64,1,FFFFFFFFFFFFFFFF
AR,0,0x2000EF80,64,1,
AW,1,0x2000EFC0,64,1,FFFFFFFFFFFFFFFF
AR,0,0x2000F000,64,1,
AW,1,0x2000F040,64,1,FFFFFFFFFFFFFFFF
AR,0,0x2000F080,64,1,
AW,1,0x2000F0C0,64,1,FFFFFFFFFFFFFFFF
AR,0,0x2000F100,64,1,
AW,1,0x2000F140,64,1,FFFFFFFFFFFFFFFF
AR,0,0x2000F180,64,1,
AW,1,0x2000F1C0,64,1,FFFFFFFFFFFFFFFF
AR,0,0x2000F200,64,1,
AW,1,0x2000F240,64,1,FFFFFFFFFFFFFFFF
AR,0,0x2000F280,64,1,
AW,1,0x2000F2C0,64,1,FFFFFFFFFFFFFFFF
AR,0,0x2000F300,64,1,
AW,1,0x2000F340,64,1,FFFFFFFFFFFFFFFF
AR,0,0x2000F380,64,1,
AW,1,0x2000F3C0,64,1,FFFFFFFFFFFFFFFF
AR,0,0x2000F400,64,1,
AW,1,0x2000F440,64,1,FFFFFFFFFFFFFFFF
AR,0,0x2000F480,64,1,
AW,1,0x2000F4C0,64,1,FFFFFFFFFFFFFFFF
AR,0,0x2000F500,64,1,
AW,1,0x2000F540,64,1,FFFFFFFFFFFFFFFF
AR,0,0x2000F580,64,1,
AW,1,0x2000F5C0,64,1,FFFFFFFFFFFFFFFF
AR,0,0x2000F600,64,1,
AW,1,0x2000F640,64,1,FFFFFFFFFFFFFFFF
AR,0,0x2000F680,64,1,
AW,1,0x2000F6C0,64,1,FFFFFFFFFFFFFFFF
AR,0,0x2000F700,64,1,
AW,1,0x2000F740,64,1,FFFFFFFFFFFFFFFF
AR,0,0x2000F780,64,1,
AW,1,0x2000F7C0,64,1,FFFFFFFFFFFFFFFF
AR,0,0x2000F800,64,1,
AW,1,0x2000F840,64,1,FFFFFFFFFFFFFFFF
AR,0,0x2000F880,64,1,
AW,1,0x2000F8C0,64,1,FFFFFFFFFFFFFFFF
AR,0,0x2000F900,64,1,
AW,1,0x2000F940,64,1,FFFFFFFFFFFFFFFF
AR,0,0x2000F980,64,1,
AW,1,0x2000F9C0,64,1,FFFFFFFFFFFFFFFF
AR,0,0x2000FA00,64,1,
AW,1,0x2000FA40,64,1,FFFFFFFFFFFFFFFF
AR,0,0x2000FA80,64,1,
AW,1,0x2000FAC0,64,1,FFFFFFFFFFFFFFFF
AR,0,0x2000FB00,64,1,
AW,1,0x2000FB40,64,1,FFFFFFFFFFFFFFFF
AR,0,0x2000FB80,64,1,
AW,1,0x2000FBC0,64,1,FFFFFFFFFFFFFFFF
AR,0,0x2000FC00,64,1,
AW,1,0x2000FC40,64,1,FFFFFFFFFFFFFFFF
AR,0,0x2000FC80,64,1,
AW,1,0x2000FCC0,64,1,FFFFFFFFFFFFFFFF
AR,0,0x2000FD00,64,1,
AW,1,0x2000FD40,64,1,FFFFFFFFFFFFFFFF
AR,0,0x2000FD80,64,1,
AW,1,0x2000FDC0,64,1,FFFFFFFFFFFFFFFF
AR,0,0x2000FE00,64,1,
AW,1,0x2000FE40,64,1,FFFFFFFFFFFFFFFF
AR,0,0x2000FE80,64,1,
AW,1,0x2000FEC0,64,1,FFFFFFFFFFFFFFFF
AR,0,0x2000FF00,64,1,
AW,1,0x2000FF40,64,1,FFFFFFFFFFFFFFFF
AR,0,0x2000FF80,64,1,
AW,1,0x2000FFC0,64,1,FFFFFFFFFFFFFFFF
AR,0,0x20010000,64,1,
AW,1,0x20010040,64,1,FFFFFFFFFFFFFFFF
AR,0,0x20010080,64,1,
AW,1,0x200100C0,64,1,FFFFFFFFFFFFFFFF
AR,0,0x20010100,64,1,
AW,1,0x20010140,64,1,FFFFFFFFFFFFFFFF
AR,0,0x20010180,64,1,
AW,1,0x200101C0,64,1,FFFFFFFFFFFFFFFF
AR,0,0x20010200,64,1,
AW,1,0x20010240,64,1,FFFFFFFFFFFFFFFF
AR,0,0x20010280,64,1,
AW,1,0x200102C0,64,1,FFFFFFFFFFFFFFFF
AR,0,0x20010300,64,1,
AW,1,0x20010340,64,1,FFFFFFFFFFFFFFFF
AR,0,0x20010380,64,1,
AW,1,0x200103C0,64,1,FFFFFFFFFFFFFFFF
AR,0,0x20010400,64,1,
AW,1,0x20010440,64,1,FFFFFFFFFFFFFFFF
AR,0,0x20010480,64,1,
AW,1,0x200104C0,64,1,FFFFFFFFFFFFFFFF
AR,0,0x20010500,64,1,
AW,1,0x20010540,64,1,FFFFFFFFFFFFFFFF
AR,0,0x20010580,64,1,
AW,1,0x200105C0,64,1,FFFFFFFFFFFFFFFF
AR,0,0x20010600,64,1,
AW,1,0x20010640,64,1,FFFFFFFFFFFFFFFF
AR,0,0x20010680,64,1,
AW,1,0x200106C0,64,1,FFFFFFFFFFFFFFFF
AR,0,0x20010700,64,1,
AW,1,0x20010740,64,1,FFFFFFFFFFFFFFFF
AR,0,0x20010780,64,1,
AW,1,0x200107C0,64,1,FFFFFFFFFFFFFFFF
AR,0,0x20010800,64,1,
AW,1,0x20010840,64,1,FFFFFFFFFFFFFFFF
AR,0,0x20010880,64,1,
AW,1,0x200108C0,64,1,FFFFFFFFFFFFFFFF
AR,0,0x20010900,64,1,
AW,1,0x20010940,64,1,FFFFFFFFFFFFFFFF
AR,0,0x20010980,64,1,
AW,1,0x200109C0,64,1,FFFFFFFFFFFFFFFF
AR,0,0x20010A00,64,1,
AW,1,0x20010A40,64,1,FFFFFFFFFFFFFFFF
AR,0,0x20010A80,64,1,
AW,1,0x20010AC0,64,1,FFFFFFFFFFFFFFFF
AR,0,0x20010B00,64,1,
AW,1,0x20010B40,64,1,FFFFFFFFFFFFFFFF
AR,0,0x20010B80,64,1,
AW,1,0x20010BC0,64,1,FFFFFFFFFFFFFFFF
AR,0,0x20010C00,64,1,
AW,1,0x20010C40,64,1,FFFFFFFFFFFFFFFF
AR,0,0x20010C80,64,1,
AW,1,0x20010CC0,64,1,FFFFFFFFFFFFFFFF
AR,0,0x20010D00,64,1,
AW,1,0x20010D40,64,1,FFFFFFFFFFFFFFFF
AR,0,0x20010D80,64,1,
AW,1,0x20010DC0,64,1,FFFFFFFFFFFFFFFF
AR,0,0x20010E00,64,1,
AW,1,0x20010E40,64,1,FFFFFFFFFFFFFFFF
AR,0,0x20010E80,64,1,
AW,1,0x20010EC0,64,1,FFFFFFFFFFFFFFFF
AR,0,0x20010F00,64,1,
AW,1,0x20010F40,64,1,FFFFFFFFFFFFFFFF
AR,0,0x20010F80,64,1,
AW,1,0x20010FC0,64,1,FFFFFFFFFFFFFFFF
AR,0,0x20011000,64,1,
AW,1,0x20011040,64,1,FFFFFFFFFFFFFFFF
AR,0,0x20011080,64,1,
AW,1,0x200110C0,64,1,FFFFFFFFFFFFFFFF
AR,0,0x20011100,64,1,
AW,1,0x20011140,64,1,FFFFFFFFFFFFFFFF
AR,0,0x20011180,64,1,
AW,1,0x200111C0,64,1,FFFFFFFFFFFFFFFF
AR,0,0x20011200,64,1,
AW,1,0x20011240,64,1,FFFFFFFFFFFFFFFF
AR,0,0x20011280,64,1,
AW,1,0x200112C0,64,1,FFFFFFFFFFFFFFFF
AR,0,0x20011300,64,1,
AW,1,0x20011340,64,1,FFFFFFFFFFFFFFFF
AR,0,0x20011380,64,1,
AW,1,0x200113C0,64,1,FFFFFFFFFFFFFFFF
AR,0,0x20011400,64,1,
AW,1,0x20011440,64,1,FFFFFFFFFFFFFFFF
AR,0,0x20011480,64,1,
AW,1,0x200114C0,64,1,FFFFFFFFFFFFFFFF
AR,0,0x20011500,64,1,
AW,1,0x20011540,64,1,FFFFFFFFFFFFFFFF
AR,0,0x20011580,64,1,
AW,1,0x200115C0,64,1,FFFFFFFFFFFFFFFF
AR,0,0x20011600,64,1,
AW,1,0x20011640,64,1,FFFFFFFFFFFFFFFF
AR,0,0x20011680,64,1,
AW,1,0x200116C0,64,1,FFFFFFFFFFFFFFFF
AR,0,0x20011700,64,1,
AW,1,0x20011740,64,1,FFFFFFFFFFFFFFFF
AR,0,0x20011780,64,1,
AW,1,0x200117C0,64,1,FFFFFFFFFFFFFFFF
AR,0,0x20011800,64,1,
AW,1,0x20011840,64,1,FFFFFFFFFFFFFFFF
AR,0,0x20011880,64,1,
AW,1,0x200118C0,64,1,FFFFFFFFFFFFFFFF
AR,0,0x20011900,64,1,
AW,1,0x20011940,64,1,FFFFFFFFFFFFFFFF
AR,0,0x20011980,64,1,
AW,1,0x200119C0,64,1,FFFFFFFFFFFFFFFF
AR,0,0x20011A00,64,1,
AW,1,0x20011A40,64,1,FFFFFFFFFFFFFFFF
AR,0,0x20011A80,64,1,
AW,1,0x20011AC0,64,1,FFFFFFFFFFFFFFFF
AR,0,0x20011B00,64,1,
AW,1,0x20011B40,64,1,FFFFFFFFFFFFFFFF
AR,0,0x20011B80,64,1,
AW,1,0x20011BC0,64,1,FFFFFFFFFFFFFFFF
AR,0,0x20011C00,64,1,
AW,1,0x20011C40,64,1,FFFFFFFFFFFFFFFF
AR,0,0x20011C80,64,1,
AW,1,0x20011CC0,64,1,FFFFFFFFFFFFFFFF
AR,0,0x20011D00,64,1,
AW,1,0x20011D40,64,1,FFFFFFFFFFFFFFFF
AR,0,0x20011D80,64,1,
AW,1,0x20011DC0,64,1,FFFFFFFFFFFFFFFF
AR,0,0x20011E00,64,1,
AW,1,0x20011E40,64,1,FFFFFFFFFFFFFFFF
AR,0,0x20011E80,64,1,
AW,1,0x20011EC0,64,1,FFFFFFFFFFFFFFFF
AR,0,0x20011F00,64,1,
AW,1,0x20011F40,64,1,FFFFFFFFFFFFFFFF
AR,0,0x20011F80,64,1,
AW,1,0x20011FC0,64,1,FFFFFFFFFFFFFFFF
AR,0,0x20012000,64,1,
AW,1,0x20012040,64,1,FFFFFFFFFFFFFFFF
AR,0,0x20012080,64,1,
AW,1,0x200120C0,64,1,FFFFFFFFFFFFFFFF
AR,0,0x20012100,64,1,
AW,1,0x20012140,64,1,FFFFFFFFFFFFFFFF
AR,0,0x20012180,64,1,
AW,1,0x200121C0,64,1,FFFFFFFFFFFFFFFF
AR,0,0x20012200,64,1,
AW,1,0x20012240,64,1,FFFFFFFFFFFFFFFF
AR,0,0x20012280,64,1,
AW,1,0x200122C0,64,1,FFFFFFFFFFFFFFFF
AR,0,0x20012300,64,1,
AW,1,0x20012340,64,1,FFFFFFFFFFFFFFFF
AR,0,0x20012380,64,1,
AW,1,0x200123C0,64,1,FFFFFFFFFFFFFFFF
AR,0,0x20012400,64,1,
AW,1,0x20012440,64,1,FFFFFFFFFFFFFFFF
AR,0,0x20012480,64,1,
AW,1,0x200124C0,64,1,FFFFFFFFFFFFFFFF
AR,0,0x20012500,64,1,
AW,1,0x20012540,64,1,FFFFFFFFFFFFFFFF
AR,0,0x20012580,64,1,
AW,1,0x200125C0,64,1,FFFFFFFFFFFFFFFF
AR,0,0x20012600,64,1,
AW,1,0x20012640,64,1,FFFFFFFFFFFFFFFF
AR,0,0x20012680,64,1,
AW,1,0x200126C0,64,1,FFFFFFFFFFFFFFFF
AR,0,0x20012700,64,1,
AW,1,0x20012740,64,1,FFFFFFFFFFFFFFFF
AR,0,0x20012780,64,1,
AW,1,0x200127C0,64,1,FFFFFFFFFFFFFFFF
AR,0,0x20012800,64,1,
AW,1,0x20012840,64,1,FFFFFFFFFFFFFFFF
AR,0,0x20012880,64,1,
AW,1,0x200128C0,64,1,FFFFFFFFFFFFFFFF
AR,0,0x20012900,64,1,
AW,1,0x20012940,64,1,FFFFFFFFFFFFFFFF
AR,0,0x20012980,64,1,
AW,1,0x200129C0,64,1,FFFFFFFFFFFFFFFF
AR,0,0x20012A00,64,1,
AW,1,0x20012A40,64,1,FFFFFFFFFFFFFFFF
AR,0,0x20012A80,64,1,
AW,1,0x20012AC0,64,1,FFFFFFFFFFFFFFFF
AR,0,0x20012B00,64,1,
AW,1,0x20012B40,64,1,FFFFFFFFFFFFFFFF
AR,0,0x20012B80,64,1,
AW,1,0x20012BC0,64,1,FFFFFFFFFFFFFFFF
AR,0,0x20012C00,64,1,
AW,1,0x20012C40,64,1,FFFFFFFFFFFFFFFF
AR,0,0x20012C80,64,1,
AW,1,0x20012CC0,64,1,FFFFFFFFFFFFFFFF
AR,0,0x20012D00,64,1,
AW,1,0x20012D40,64,1,FFFFFFFFFFFFFFFF
AR,0,0x20012D80,64,1,
AW,1,0x20012DC0,64,1,FFFFFFFFFFFFFFFF
AR,0,0x20012E00,64,1,
AW,1,0x20012E40,64,1,FFFFFFFFFFFFFFFF
AR,0,0x20012E80,64,1,
AW,1,0x20012EC0,64,1,FFFFFFFFFFFFFFFF
AR,0,0x20012F00,64,1,
AW,1,0x20012F40,64,1,FFFFFFFFFFFFFFFF
AR,0,0x20012F80,64,1,
AW,1,0x20012FC0,64,1,FFFFFFFFFFFFFFFF
AR,0,0x20013000,64,1,
AW,1,0x20013040,64,1,FFFFFFFFFFFFFFFF
AR,0,0x20013080,64,1,
AW,1,0x200130C0,64,1,FFFFFFFFFFFFFFFF
AR,0,0x20013100,64,1,
AW,1,0x20013140,64,1,FFFFFFFFFFFFFFFF
AR,0,0x20013180,64,1,
AW,1,0x200131C0,64,1,FFFFFFFFFFFFFFFF
AR,0,0x20013200,64,1,
AW,1,0x20013240,64,1,FFFFFFFFFFFFFFFF
AR,0,0x20013280,64,1,
AW,1,0x200132C0,64,1,FFFFFFFFFFFFFFFF
AR,0,0x20013300,64,1,
AW,1,0x20013340,64,1,FFFFFFFFFFFFFFFF
AR,0,0x20013380,64,1,
AW,1,0x200133C0,64,1,FFFFFFFFFFFFFFFF
AR,0,0x20013400,64,1,
AW,1,0x20013440,64,1,FFFFFFFFFFFFFFFF
AR,0,0x20013480,64,1,
AW,1,0x200134C0,64,1,FFFFFFFFFFFFFFFF
AR,0,0x20013500,64,1,
AW,1,0x20013540,64,1,FFFFFFFFFFFFFFFF
AR,0,0x20013580,64,1,
AW,1,0x200135C0,64,1,FFFFFFFFFFFFFFFF
AR,0,0x20013600,64,1,
AW,1,0x20013640,64,1,FFFFFFFFFFFFFFFF
AR,0,0x20013680,64,1,
AW,1,0x200136C0,64,1,FFFFFFFFFFFFFFFF
AR,0,0x20013700,64,1,
AW,1,0x20013740,64,1,FFFFFFFFFFFFFFFF
AR,0,0x20013780,64,1,
AW,1,0x200137C0,64,1,FFFFFFFFFFFFFFFF
AR,0,0x20013800,64,1,
AW,1,0x20013840,64,1,FFFFFFFFFFFFFFFF
AR,0,0x20013880,64,1,
AW,1,0x200138C0,64,1,FFFFFFFFFFFFFFFF
AR,0,0x20013900,64,1,
AW,1,0x20013940,64,1,FFFFFFFFFFFFFFFF
AR,0,0x20013980,64,1,
AW,1,0x200139C0,64,1,FFFFFFFFFFFFFFFF
AR,0,0x20013A00,64,1,
AW,1,0x20013A40,64,1,FFFFFFFFFFFFFFFF
AR,0,0x20013A80,64,1,
AW,1,0x20013AC0,64,1,FFFFFFFFFFFFFFFF
AR,0,0x20013B00,64,1,
AW,1,0x20013B40,64,1,FFFFFFFFFFFFFFFF
AR,0,0x20013B80,64,1,
AW,1,0x20013BC0,64,1,FFFFFFFFFFFFFFFF
AR,0,0x20013C00,64,1,
AW,1,0x20013C40,64,1,FFFFFFFFFFFFFFFF
AR,0,0x20013C80,64,1,
AW,1,0x20013CC0,64,1,FFFFFFFFFFFFFFFF
AR,0,0x20013D00,64,1,
AW,1,0x20013D40,64,1,FFFFFFFFFFFFFFFF
AR,0,0x20013D80,64,1,
AW,1,0x20013DC0,64,1,FFFFFFFFFFFFFFFF
AR,0,0x20013E00,64,1,
AW,1,0x20013E40,64,1,FFFFFFFFFFFFFFFF
AR,0,0x20013E80,64,1,
AW,1,0x20013EC0,64,1,FFFFFFFFFFFFFFFF
AR,0,0x20013F00,64,1,
AW,1,0x20013F40,64,1,FFFFFFFFFFFFFFFF
AR,0,0x20013F80,64,1,
AW,1,0x20013FC0,64,1,FFFFFFFFFFFFFFFF
AR,0,0x20014000,64,1,
AW,1,0x20014040,64,1,FFFFFFFFFFFFFFFF
AR,0,0x20014080,64,1,
AW,1,0x200140C0,64,1,FFFFFFFFFFFFFFFF
AR,0,0x20014100,64,1,
AW,1,0x20014140,64,1,FFFFFFFFFFFFFFFF
AR,0,0x20014180,64,1,
AW,1,0x200141C0,64,1,FFFFFFFFFFFFFFFF
AR,0,0x20014200,64,1,
AW,1,0x20014240,64,1,FFFFFFFFFFFFFFFF
AR,0,0x20014280,64,1,
AW,1,0x200142C0,64,1,FFFFFFFFFFFFFFFF
AR,0,0x20014300,64,1,
AW,1,0x20014340,64,1,FFFFFFFFFFFFFFFF
AR,0,0x20014380,64,1,
AW,1,0x200143C0,64,1,FFFFFFFFFFFFFFFF
AR,0,0x20014400,64,1,
AW,1,0x20014440,64,1,FFFFFFFFFFFFFFFF
AR,0,0x20014480,64,1,
AW,1,0x200144C0,64,1,FFFFFFFFFFFFFFFF
AR,0,0x20014500,64,1,
AW,1,0x20014540,64,1,FFFFFFFFFFFFFFFF
AR,0,0x20014580,64,1,
AW,1,0x200145C0,64,1,FFFFFFFFFFFFFFFF
AR,0,0x20014600,64,1,
AW,1,0x20014640,64,1,FFFFFFFFFFFFFFFF
AR,0,0x20014680,64,1,
AW,1,0x200146C0,64,1,FFFFFFFFFFFFFFFF
AR,0,0x20014700,64,1,
AW,1,0x20014740,64,1,FFFFFFFFFFFFFFFF
AR,0,0x20014780,64,1,
AW,1,0x200147C0,64,1,FFFFFFFFFFFFFFFF
AR,0,0x20014800,64,1,
AW,1,0x20014840,64,1,FFFFFFFFFFFFFFFF
AR,0,0x20014880,64,1,
AW,1,0x200148C0,64,1,FFFFFFFFFFFFFFFF
AR,0,0x20014900,64,1,
AW,1,0x20014940,64,1,FFFFFFFFFFFFFFFF
AR,0,0x20014980,64,1,
AW,1,0x200149C0,64,1,FFFFFFFFFFFFFFFF
AR,0,0x20014A00,64,1,
AW,1,0x20014A40,64,1,FFFFFFFFFFFFFFFF
AR,0,0x20014A80,64,1,
AW,1,0x20014AC0,64,1,FFFFFFFFFFFFFFFF
AR,0,0x20014B00,64,1,
AW,1,0x20014B40,64,1,FFFFFFFFFFFFFFFF
AR,0,0x20014B80,64,1,
AW,1,0x20014BC0,64,1,FFFFFFFFFFFFFFFF
AR,0,0x20014C00,64,1,
AW,1,0x20014C40,64,1,FFFFFFFFFFFFFFFF
AR,0,0x20014C80,64,1,
AW,1,0x20014CC0,64,1,FFFFFFFFFFFFFFFF
AR,0,0x20014D00,64,1,
AW,1,0x20014D40,64,1,FFFFFFFFFFFFFFFF
AR,0,0x20014D80,64,1,
AW,1,0x20014DC0,64,1,FFFFFFFFFFFFFFFF
AR,0,0x20014E00,64,1,
AW,1,0x20014E40,64,1,FFFFFFFFFFFFFFFF
AR,0,0x20014E80,64,1,
AW,1,0x20014EC0,64,1,FFFFFFFFFFFFFFFF
AR,0,0x20014F00,64,1,
AW,1,0x20014F40,64,1,FFFFFFFFFFFFFFFF
AR,0,0x20014F80,64,1,
AW,1,0x20014FC0,64,1,FFFFFFFFFFFFFFFF
AR,0,0x20015000,64,1,
AW,1,0x20015040,64,1,FFFFFFFFFFFFFFFF
AR,0,0x20015080,64,1,
AW,1,0x200150C0,64,1,FFFFFFFFFFFFFFFF
AR,0,0x20015100,64,1,
AW,1,0x20015140,64,1,FFFFFFFFFFFFFFFF
AR,0,0x20015180,64,1,
AW,1,0x200151C0,64,1,FFFFFFFFFFFFFFFF
AR,0,0x20015200,64,1,
AW,1,0x20015240,64,1,FFFFFFFFFFFFFFFF
AR,0,0x20015280,64,1,
AW,1,0x200152C0,64,1,FFFFFFFFFFFFFFFF
AR,0,0x20015300,64,1,
AW,1,0x20015340,64,1,FFFFFFFFFFFFFFFF
AR,0,0x20015380,64,1,
AW,1,0x200153C0,64,1,FFFFFFFFFFFFFFFF
AR,0,0x20015400,64,1,
AW,1,0x20015440,64,1,FFFFFFFFFFFFFFFF
AR,0,0x20015480,64,1,
AW,1,0x200154C0,64,1,FFFFFFFFFFFFFFFF
AR,0,0x20015500,64,1,
AW,1,0x20015540,64,1,FFFFFFFFFFFFFFFF
AR,0,0x20015580,64,1,
AW,1,0x200155C0,64,1,FFFFFFFFFFFFFFFF
AR,0,0x20015600,64,1,
AW,1,0x20015640,64,1,FFFFFFFFFFFFFFFF
AR,0,0x20015680,64,1,
AW,1,0x200156C0,64,1,FFFFFFFFFFFFFFFF
AR,0,0x20015700,64,1,
AW,1,0x20015740,64,1,FFFFFFFFFFFFFFFF
AR,0,0x20015780,64,1,
AW,1,0x200157C0,64,1,FFFFFFFFFFFFFFFF
AR,0,0x20015800,64,1,
AW,1,0x20015840,64,1,FFFFFFFFFFFFFFFF
AR,0,0x20015880,64,1,
AW,1,0x200158C0,64,1,FFFFFFFFFFFFFFFF
AR,0,0x20015900,64,1,
AW,1,0x20015940,64,1,FFFFFFFFFFFFFFFF
AR,0,0x20015980,64,1,
AW,1,0x200159C0,64,1,FFFFFFFFFFFFFFFF
AR,0,0x20015A00,64,1,
AW,1,0x20015A40,64,1,FFFFFFFFFFFFFFFF
AR,0,0x20015A80,64,1,
AW,1,0x20015AC0,64,1,FFFFFFFFFFFFFFFF
AR,0,0x20015B00,64,1,
AW,1,0x20015B40,64,1,FFFFFFFFFFFFFFFF
AR,0,0x20015B80,64,1,
AW,1,0x20015BC0,64,1,FFFFFFFFFFFFFFFF
AR,0,0x20015C00,64,1,
AW,1,0x20015C40,64,1,FFFFFFFFFFFFFFFF
AR,0,0x20015C80,64,1,
AW,1,0x20015CC0,64,1,FFFFFFFFFFFFFFFF
AR,0,0x20015D00,64,1,
AW,1,0x20015D40,64,1,FFFFFFFFFFFFFFFF
AR,0,0x20015D80,64,1,
AW,1,0x20015DC0,64,1,FFFFFFFFFFFFFFFF
AR,0,0x20015E00,64,1,
AW,1,0x20015E40,64,1,FFFFFFFFFFFFFFFF
AR,0,0x20015E80,64,1,
AW,1,0x20015EC0,64,1,FFFFFFFFFFFFFFFF
AR,0,0x20015F00,64,1,
AW,1,0x20015F40,64,1,FFFFFFFFFFFFFFFF
AR,0,0x20015F80,64,1,
AW,1,0x20015FC0,64,1,FFFFFFFFFFFFFFFF
AR,0,0x20016000,64,1,
AW,1,0x20016040,64,1,FFFFFFFFFFFFFFFF
AR,0,0x20016080,64,1,
AW,1,0x200160C0,64,1,FFFFFFFFFFFFFFFF
AR,0,0x20016100,64,1,
AW,1,0x20016140,64,1,FFFFFFFFFFFFFFFF
AR,0,0x20016180,64,1,
AW,1,0x200161C0,64,1,FFFFFFFFFFFFFFFF
AR,0,0x20016200,64,1,
AW,1,0x20016240,64,1,FFFFFFFFFFFFFFFF
AR,0,0x20016280,64,1,
AW,1,0x200162C0,64,1,FFFFFFFFFFFFFFFF
AR,0,0x20016300,64,1,
AW,1,0x20016340,64,1,FFFFFFFFFFFFFFFF
AR,0,0x20016380,64,1,
AW,1,0x200163C0,64,1,FFFFFFFFFFFFFFFF
AR,0,0x20016400,64,1,
AW,1,0x20016440,64,1,FFFFFFFFFFFFFFFF
AR,0,0x20016480,64,1,
AW,1,0x200164C0,64,1,FFFFFFFFFFFFFFFF
AR,0,0x20016500,64,1,
AW,1,0x20016540,64,1,FFFFFFFFFFFFFFFF
AR,0,0x20016580,64,1,
AW,1,0x200165C0,64,1,FFFFFFFFFFFFFFFF
AR,0,0x20016600,64,1,
AW,1,0x20016640,64,1,FFFFFFFFFFFFFFFF
AR,0,0x20016680,64,1,
AW,1,0x200166C0,64,1,FFFFFFFFFFFFFFFF
AR,0,0x20016700,64,1,
AW,1,0x20016740,64,1,FFFFFFFFFFFFFFFF
AR,0,0x20016780,64,1,
AW,1,0x200167C0,64,1,FFFFFFFFFFFFFFFF
AR,0,0x20016800,64,1,
AW,1,0x20016840,64,1,FFFFFFFFFFFFFFFF
AR,0,0x20016880,64,1,
AW,1,0x200168C0,64,1,FFFFFFFFFFFFFFFF
AR,0,0x20016900,64,1,
AW,1,0x20016940,64,1,FFFFFFFFFFFFFFFF
AR,0,0x20016980,64,1,
AW,1,0x200169C0,64,1,FFFFFFFFFFFFFFFF
AR,0,0x20016A00,64,1,
AW,1,0x20016A40,64,1,FFFFFFFFFFFFFFFF
AR,0,0x20016A80,64,1,
AW,1,0x20016AC0,64,1,FFFFFFFFFFFFFFFF
AR,0,0x20016B00,64,1,
AW,1,0x20016B40,64,1,FFFFFFFFFFFFFFFF
AR,0,0x20016B80,64,1,
AW,1,0x20016BC0,64,1,FFFFFFFFFFFFFFFF
AR,0,0x20016C00,64,1,
AW,1,0x20016C40,64,1,FFFFFFFFFFFFFFFF
AR,0,0x20016C80,64,1,
AW,1,0x20016CC0,64,1,FFFFFFFFFFFFFFFF
AR,0,0x20016D00,64,1,
AW,1,0x20016D40,64,1,FFFFFFFFFFFFFFFF
AR,0,0x20016D80,64,1,
AW,1,0x20016DC0,64,1,FFFFFFFFFFFFFFFF
AR,0,0x20016E00,64,1,
AW,1,0x20016E40,64,1,FFFFFFFFFFFFFFFF
AR,0,0x20016E80,64,1,
AW,1,0x20016EC0,64,1,FFFFFFFFFFFFFFFF
AR,0,0x20016F00,64,1,
AW,1,0x20016F40,64,1,FFFFFFFFFFFFFFFF
AR,0,0x20016F80,64,1,
AW,1,0x20016FC0,64,1,FFFFFFFFFFFFFFFF
AR,0,0x20017000,64,1,
AW,1,0x20017040,64,1,FFFFFFFFFFFFFFFF
AR,0,0x20017080,64,1,
AW,1,0x200170C0,64,1,FFFFFFFFFFFFFFFF
AR,0,0x20017100,64,1,
AW,1,0x20017140,64,1,FFFFFFFFFFFFFFFF
AR,0,0x20017180,64,1,
AW,1,0x200171C0,64,1,FFFFFFFFFFFFFFFF
AR,0,0x20017200,64,1,
AW,1,0x20017240,64,1,FFFFFFFFFFFFFFFF
AR,0,0x20017280,64,1,
AW,1,0x200172C0,64,1,FFFFFFFFFFFFFFFF
AR,0,0x20017300,64,1,
AW,1,0x20017340,64,1,FFFFFFFFFFFFFFFF
AR,0,0x20017380,64,1,
AW,1,0x200173C0,64,1,FFFFFFFFFFFFFFFF
AR,0,0x20017400,64,1,
AW,1,0x20017440,64,1,FFFFFFFFFFFFFFFF
AR,0,0x20017480,64,1,
AW,1,0x200174C0,64,1,FFFFFFFFFFFFFFFF
AR,0,0x20017500,64,1,
AW,1,0x20017540,64,1,FFFFFFFFFFFFFFFF
AR,0,0x20017580,64,1,
AW,1,0x200175C0,64,1,FFFFFFFFFFFFFFFF
AR,0,0x20017600,64,1,
AW,1,0x20017640,64,1,FFFFFFFFFFFFFFFF
AR,0,0x20017680,64,1,
AW,1,0x200176C0,64,1,FFFFFFFFFFFFFFFF
AR,0,0x20017700,64,1,
AW,1,0x20017740,64,1,FFFFFFFFFFFFFFFF
AR,0,0x20017780,64,1,
AW,1,0x200177C0,64,1,FFFFFFFFFFFFFFFF
AR,0,0x20017800,64,1,
AW,1,0x20017840,64,1,FFFFFFFFFFFFFFFF
AR,0,0x20017880,64,1,
AW,1,0x200178C0,64,1,FFFFFFFFFFFFFFFF
AR,0,0x20017900,64,1,
AW,1,0x20017940,64,1,FFFFFFFFFFFFFFFF
AR,0,0x20017980,64,1,
AW,1,0x200179C0,64,1,FFFFFFFFFFFFFFFF
AR,0,0x20017A00,64,1,
AW,1,0x20017A40,64,1,FFFFFFFFFFFFFFFF
AR,0,0x20017A80,64,1,
AW,1,0x20017AC0,64,1,FFFFFFFFFFFFFFFF
AR,0,0x20017B00,64,1,
AW,1,0x20017B40,64,1,FFFFFFFFFFFFFFFF
AR,0,0x20017B80,64,1,
AW,1,0x20017BC0,64,1,FFFFFFFFFFFFFFFF
AR,0,0x20017C00,64,1,
AW,1,0x20017C40,64,1,FFFFFFFFFFFFFFFF
AR,0,0x20017C80,64,1,
AW,1,0x20017CC0,64,1,FFFFFFFFFFFFFFFF
AR,0,0x20017D00,64,1,
AW,1,0x20017D40,64,1,FFFFFFFFFFFFFFFF
AR,0,0x20017D80,64,1,
AW,1,0x20017DC0,64,1,FFFFFFFFFFFFFFFF
AR,0,0x20017E00,64,1,
AW,1,0x20017E40,64,1,FFFFFFFFFFFFFFFF
AR,0,0x20017E80,64,1,
AW,1,0x20017EC0,64,1,FFFFFFFFFFFFFFFF
AR,0,0x20017F00,64,1,
AW,1,0x20017F40,64,1,FFFFFFFFFFFFFFFF
AR,0,0x20017F80,64,1,
AW,1,0x20017FC0,64,1,FFFFFFFFFFFFFFFF
AR,0,0x20018000,64,1,
AW,1,0x20018040,64,1,FFFFFFFFFFFFFFFF
AR,0,0x20018080,64,1,
AW,1,0x200180C0,64,1,FFFFFFFFFFFFFFFF
AR,0,0x20018100,64,1,
AW,1,0x20018140,64,1,FFFFFFFFFFFFFFFF
AR,0,0x20018180,64,1,
AW,1,0x200181C0,64,1,FFFFFFFFFFFFFFFF
AR,0,0x20018200,64,1,
AW,1,0x20018240,64,1,FFFFFFFFFFFFFFFF
AR,0,0x20018280,64,1,
AW,1,0x200182C0,64,1,FFFFFFFFFFFFFFFF
AR,0,0x20018300,64,1,
AW,1,0x20018340,64,1,FFFFFFFFFFFFFFFF
AR,0,0x20018380,64,1,
AW,1,0x200183C0,64,1,FFFFFFFFFFFFFFFF
AR,0,0x20018400,64,1,
AW,1,0x20018440,64,1,FFFFFFFFFFFFFFFF
AR,0,0x20018480,64,1,
AW,1,0x200184C0,64,1,FFFFFFFFFFFFFFFF
AR,0,0x20018500,64,1,
AW,1,0x20018540,64,1,FFFFFFFFFFFFFFFF
AR,0,0x20018580,64,1,
AW,1,0x200185C0,64,1,FFFFFFFFFFFFFFFF
AR,0,0x20018600,64,1,
AW,1,0x20018640,64,1,FFFFFFFFFFFFFFFF
AR,0,0x20018680,64,1,
AW,1,0x200186C0,64,1,FFFFFFFFFFFFFFFF
AR,0,0x20018700,64,1,
AW,1,0x20018740,64,1,FFFFFFFFFFFFFFFF
AR,0,0x20018780,64,1,
AW,1,0x200187C0,64,1,FFFFFFFFFFFFFFFF
AR,0,0x20018800,64,1,
AW,1,0x20018840,64,1,FFFFFFFFFFFFFFFF
AR,0,0x20018880,64,1,
AW,1,0x200188C0,64,1,FFFFFFFFFFFFFFFF
AR,0,0x20018900,64,1,
AW,1,0x20018940,64,1,FFFFFFFFFFFFFFFF
AR,0,0x20018980,64,1,
AW,1,0x200189C0,64,1,FFFFFFFFFFFFFFFF
AR,0,0x20018A00,64,1,
AW,1,0x20018A40,64,1,FFFFFFFFFFFFFFFF
AR,0,0x20018A80,64,1,
AW,1,0x20018AC0,64,1,FFFFFFFFFFFFFFFF
AR,0,0x20018B00,64,1,
AW,1,0x20018B40,64,1,FFFFFFFFFFFFFFFF
AR,0,0x20018B80,64,1,
AW,1,0x20018BC0,64,1,FFFFFFFFFFFFFFFF
AR,0,0x20018C00,64,1,
AW,1,0x20018C40,64,1,FFFFFFFFFFFFFFFF
AR,0,0x20018C80,64,1,
AW,1,0x20018CC0,64,1,FFFFFFFFFFFFFFFF
AR,0,0x20018D00,64,1,
AW,1,0x20018D40,64,1,FFFFFFFFFFFFFFFF
AR,0,0x20018D80,64,1,
AW,1,0x20018DC0,64,1,FFFFFFFFFFFFFFFF
AR,0,0x20018E00,64,1,
AW,1,0x20018E40,64,1,FFFFFFFFFFFFFFFF
AR,0,0x20018E80,64,1,
AW,1,0x20018EC0,64,1,FFFFFFFFFFFFFFFF
AR,0,0x20018F00,64,1,
AW,1,0x20018F40,64,1,FFFFFFFFFFFFFFFF
AR,0,0x20018F80,64,1,
AW,1,0x20018FC0,64,1,FFFFFFFFFFFFFFFF
AR,0,0x20019000,64,1,
AW,1,0x20019040,64,1,FFFFFFFFFFFFFFFF
AR,0,0x20019080,64,1,
AW,1,0x200190C0,64,1,FFFFFFFFFFFFFFFF
AR,0,0x20019100,64,1,
AW,1,0x20019140,64,1,FFFFFFFFFFFFFFFF
AR,0,0x20019180,64,1,
AW,1,0x200191C0,64,1,FFFFFFFFFFFFFFFF
AR,0,0x20019200,64,1,
AW,1,0x20019240,64,1,FFFFFFFFFFFFFFFF
AR,0,0x20019280,64,1,
AW,1,0x200192C0,64,1,FFFFFFFFFFFFFFFF
AR,0,0x20019300,64,1,
AW,1,0x20019340,64,1,FFFFFFFFFFFFFFFF
AR,0,0x20019380,64,1,
AW,1,0x200193C0,64,1,FFFFFFFFFFFFFFFF
AR,0,0x20019400,64,1,
AW,1,0x20019440,64,1,FFFFFFFFFFFFFFFF
AR,0,0x20019480,64,1,
AW,1,0x200194C0,64,1,FFFFFFFFFFFFFFFF
AR,0,0x20019500,64,1,
AW,1,0x20019540,64,1,FFFFFFFFFFFFFFFF
AR,0,0x20019580,64,1,
AW,1,0x200195C0,64,1,FFFFFFFFFFFFFFFF
AR,0,0x20019600,64,1,
AW,1,0x20019640,64,1,FFFFFFFFFFFFFFFF
AR,0,0x20019680,64,1,
AW,1,0x200196C0,64,1,FFFFFFFFFFFFFFFF
AR,0,0x20019700,64,1,
AW,1,0x20019740,64,1,FFFFFFFFFFFFFFFF
AR,0,0x20019780,64,1,
AW,1,0x200197C0,64,1,FFFFFFFFFFFFFFFF
AR,0,0x20019800,64,1,
AW,1,0x20019840,64,1,FFFFFFFFFFFFFFFF
AR,0,0x20019880,64,1,
AW,1,0x200198C0,64,1,FFFFFFFFFFFFFFFF
AR,0,0x20019900,64,1,
AW,1,0x20019940,64,1,FFFFFFFFFFFFFFFF
AR,0,0x20019980,64,1,
AW,1,0x200199C0,64,1,FFFFFFFFFFFFFFFF
AR,0,0x20019A00,64,1,
AW,1,0x20019A40,64,1,FFFFFFFFFFFFFFFF
AR,0,0x20019A80,64,1,
AW,1,0x20019AC0,64,1,FFFFFFFFFFFFFFFF
AR,0,0x20019B00,64,1,
AW,1,0x20019B40,64,1,FFFFFFFFFFFFFFFF
AR,0,0x20019B80,64,1,
AW,1,0x20019BC0,64,1,FFFFFFFFFFFFFFFF
AR,0,0x20019C00,64,1,
AW,1,0x20019C40,64,1,FFFFFFFFFFFFFFFF
AR,0,0x20019C80,64,1,
AW,1,0x20019CC0,64,1,FFFFFFFFFFFFFFFF
AR,0,0x20019D00,64,1,
AW,1,0x20019D40,64,1,FFFFFFFFFFFFFFFF
AR,0,0x20019D80,64,1,
AW,1,0x20019DC0,64,1,FFFFFFFFFFFFFFFF
AR,0,0x20019E00,64,1,
AW,1,0x20019E40,64,1,FFFFFFFFFFFFFFFF
AR,0,0x20019E80,64,1,
AW,1,0x20019EC0,64,1,FFFFFFFFFFFFFFFF
AR,0,0x20019F00,64,1,
AW,1,0x20019F40,64,1,FFFFFFFFFFFFFFFF
AR,0,0x20019F80,64,1,
AW,1,0x20019FC0,64,1,FFFFFFFFFFFFFFFF
AR,0,0x2001A000,64,1,
AW,1,0x2001A040,64,1,FFFFFFFFFFFFFFFF
AR,0,0x2001A080,64,1,
AW,1,0x2001A0C0,64,1,FFFFFFFFFFFFFFFF
AR,0,0x2001A100,64,1,
AW,1,0x2001A140,64,1,FFFFFFFFFFFFFFFF
AR,0,0x2001A180,64,1,
AW,1,0x2001A1C0,64,1,FFFFFFFFFFFFFFFF
AR,0,0x2001A200,64,1,
AW,1,0x2001A240,64,1,FFFFFFFFFFFFFFFF
AR,0,0x2001A280,64,1,
AW,1,0x2001A2C0,64,1,FFFFFFFFFFFFFFFF
AR,0,0x2001A300,64,1,
AW,1,0x2001A340,64,1,FFFFFFFFFFFFFFFF
AR,0,0x2001A380,64,1,
AW,1,0x2001A3C0,64,1,FFFFFFFFFFFFFFFF
AR,0,0x2001A400,64,1,
AW,1,0x2001A440,64,1,FFFFFFFFFFFFFFFF
AR,0,0x2001A480,64,1,
AW,1,0x2001A4C0,64,1,FFFFFFFFFFFFFFFF
AR,0,0x2001A500,64,1,
AW,1,0x2001A540,64,1,FFFFFFFFFFFFFFFF
AR,0,0x2001A580,64,1,
AW,1,0x2001A5C0,64,1,FFFFFFFFFFFFFFFF
AR,0,0x2001A600,64,1,
AW,1,0x2001A640,64,1,FFFFFFFFFFFFFFFF
AR,0,0x2001A680,64,1,
AW,1,0x2001A6C0,64,1,FFFFFFFFFFFFFFFF
AR,0,0x2001A700,64,1,
AW,1,0x2001A740,64,1,FFFFFFFFFFFFFFFF
AR,0,0x2001A780,64,1,
AW,1,0x2001A7C0,64,1,FFFFFFFFFFFFFFFF
AR,0,0x2001A800,64,1,
AW,1,0x2001A840,64,1,FFFFFFFFFFFFFFFF
AR,0,0x2001A880,64,1,
AW,1,0x2001A8C0,64,1,FFFFFFFFFFFFFFFF
AR,0,0x2001A900,64,1,
AW,1,0x2001A940,64,1,FFFFFFFFFFFFFFFF
AR,0,0x2001A980,64,1,
AW,1,0x2001A9C0,64,1,FFFFFFFFFFFFFFFF
AR,0,0x2001AA00,64,1,
AW,1,0x2001AA40,64,1,FFFFFFFFFFFFFFFF
AR,0,0x2001AA80,64,1,
AW,1,0x2001AAC0,64,1,FFFFFFFFFFFFFFFF
AR,0,0x2001AB00,64,1,
AW,1,0x2001AB40,64,1,FFFFFFFFFFFFFFFF
AR,0,0x2001AB80,64,1,
AW,1,0x2001ABC0,64,1,FFFFFFFFFFFFFFFF
AR,0,0x2001AC00,64,1,
AW,1,0x2001AC40,64,1,FFFFFFFFFFFFFFFF
AR,0,0x2001AC80,64,1,
AW,1,0x2001ACC0,64,1,FFFFFFFFFFFFFFFF
AR,0,0x2001AD00,64,1,
AW,1,0x2001AD40,64,1,FFFFFFFFFFFFFFFF
AR,0,0x2001AD80,64,1,
AW,1,0x2001ADC0,64,1,FFFFFFFFFFFFFFFF
AR,0,0x2001AE00,64,1,
AW,1,0x2001AE40,64,1,FFFFFFFFFFFFFFFF
AR,0,0x2001AE80,64,1,
AW,1,0x2001AEC0,64,1,FFFFFFFFFFFFFFFF
AR,0,0x2001AF00,64,1,
AW,1,0x2001AF40,64,1,FFFFFFFFFFFFFFFF
AR,0,0x2001AF80,64,1,
AW,1,0x2001AFC0,64,1,FFFFFFFFFFFFFFFF
AR,0,0x2001B000,64,1,
AW,1,0x2001B040,64,1,FFFFFFFFFFFFFFFF
AR,0,0x2001B080,64,1,
AW,1,0x2001B0C0,64,1,FFFFFFFFFFFFFFFF
AR,0,0x2001B100,64,1,
AW,1,0x2001B140,64,1,FFFFFFFFFFFFFFFF
AR,0,0x2001B180,64,1,
AW,1,0x2001B1C0,64,1,FFFFFFFFFFFFFFFF
AR,0,0x2001B200,64,1,
AW,1,0x2001B240,64,1,FFFFFFFFFFFFFFFF
AR,0,0x2001B280,64,1,
AW,1,0x2001B2C0,64,1,FFFFFFFFFFFFFFFF
AR,0,0x2001B300,64,1,
AW,1,0x2001B340,64,1,FFFFFFFFFFFFFFFF
AR,0,0x2001B380,64,1,
AW,1,0x2001B3C0,64,1,FFFFFFFFFFFFFFFF
AR,0,0x2001B400,64,1,
AW,1,0x2001B440,64,1,FFFFFFFFFFFFFFFF
AR,0,0x2001B480,64,1,
AW,1,0x2001B4C0,64,1,FFFFFFFFFFFFFFFF
AR,0,0x2001B500,64,1,
AW,1,0x2001B540,64,1,FFFFFFFFFFFFFFFF
AR,0,0x2001B580,64,1,
AW,1,0x2001B5C0,64,1,FFFFFFFFFFFFFFFF
AR,0,0x2001B600,64,1,
AW,1,0x2001B640,64,1,FFFFFFFFFFFFFFFF
AR,0,0x2001B680,64,1,
AW,1,0x2001B6C0,64,1,FFFFFFFFFFFFFFFF
AR,0,0x2001B700,64,1,
AW,1,0x2001B740,64,1,FFFFFFFFFFFFFFFF
AR,0,0x2001B780,64,1,
AW,1,0x2001B7C0,64,1,FFFFFFFFFFFFFFFF
AR,0,0x2001B800,64,1,
AW,1,0x2001B840,64,1,FFFFFFFFFFFFFFFF
AR,0,0x2001B880,64,1,
AW,1,0x2001B8C0,64,1,FFFFFFFFFFFFFFFF
AR,0,0x2001B900,64,1,
AW,1,0x2001B940,64,1,FFFFFFFFFFFFFFFF
AR,0,0x2001B980,64,1,
AW,1,0x2001B9C0,64,1,FFFFFFFFFFFFFFFF
AR,0,0x2001BA00,64,1,
AW,1,0x2001BA40,64,1,FFFFFFFFFFFFFFFF
AR,0,0x2001BA80,64,1,
AW,1,0x2001BAC0,64,1,FFFFFFFFFFFFFFFF
AR,0,0x2001BB00,64,1,
AW,1,0x2001BB40,64,1,FFFFFFFFFFFFFFFF
AR,0,0x2001BB80,64,1,
AW,1,0x2001BBC0,64,1,FFFFFFFFFFFFFFFF
AR,0,0x2001BC00,64,1,
AW,1,0x2001BC40,64,1,FFFFFFFFFFFFFFFF
AR,0,0x2001BC80,64,1,
AW,1,0x2001BCC0,64,1,FFFFFFFFFFFFFFFF
AR,0,0x2001BD00,64,1,
AW,1,0x2001BD40,64,1,FFFFFFFFFFFFFFFF
AR,0,0x2001BD80,64,1,
AW,1,0x2001BDC0,64,1,FFFFFFFFFFFFFFFF
AR,0,0x2001BE00,64,1,
AW,1,0x2001BE40,64,1,FFFFFFFFFFFFFFFF
AR,0,0x2001BE80,64,1,
AW,1,0x2001BEC0,64,1,FFFFFFFFFFFFFFFF
AR,0,0x2001BF00,64,1,
AW,1,0x2001BF40,64,1,FFFFFFFFFFFFFFFF
AR,0,0x2001BF80,64,1,
AW,1,0x2001BFC0,64,1,FFFFFFFFFFFFFFFF
AR,0,0x2001C000,64,1,
AW,1,0x2001C040,64,1,FFFFFFFFFFFFFFFF
AR,0,0x2001C080,64,1,
AW,1,0x2001C0C0,64,1,FFFFFFFFFFFFFFFF
AR,0,0x2001C100,64,1,
AW,1,0x2001C140,64,1,FFFFFFFFFFFFFFFF
AR,0,0x2001C180,64,1,
AW,1,0x2001C1C0,64,1,FFFFFFFFFFFFFFFF
AR,0,0x2001C200,64,1,
AW,1,0x2001C240,64,1,FFFFFFFFFFFFFFFF
AR,0,0x2001C280,64,1,
AW,1,0x2001C2C0,64,1,FFFFFFFFFFFFFFFF
AR,0,0x2001C300,64,1,
AW,1,0x2001C340,64,1,FFFFFFFFFFFFFFFF
AR,0,0x2001C380,64,1,
AW,1,0x2001C3C0,64,1,FFFFFFFFFFFFFFFF
AR,0,0x2001C400,64,1,
AW,1,0x2001C440,64,1,FFFFFFFFFFFFFFFF
AR,0,0x2001C480,64,1,
AW,1,0x2001C4C0,64,1,FFFFFFFFFFFFFFFF
AR,0,0x2001C500,64,1,
AW,1,0x2001C540,64,1,FFFFFFFFFFFFFFFF
AR,0,0x2001C580,64,1,
AW,1,0x2001C5C0,64,1,FFFFFFFFFFFFFFFF
AR,0,0x2001C600,64,1,
AW,1,0x2001C640,64,1,FFFFFFFFFFFFFFFF
AR,0,0x2001C680,64,1,
AW,1,0x2001C6C0,64,1,FFFFFFFFFFFFFFFF
AR,0,0x2001C700,64,1,
AW,1,0x2001C740,64,1,FFFFFFFFFFFFFFFF
AR,0,0x2001C780,64,1,
AW,1,0x2001C7C0,64,1,FFFFFFFFFFFFFFFF
AR,0,0x2001C800,64,1,
AW,1,0x2001C840,64,1,FFFFFFFFFFFFFFFF
AR,0,0x2001C880,64,1,
AW,1,0x2001C8C0,64,1,FFFFFFFFFFFFFFFF
AR,0,0x2001C900,64,1,
AW,1,0x2001C940,64,1,FFFFFFFFFFFFFFFF
AR,0,0x2001C980,64,1,
AW,1,0x2001C9C0,64,1,FFFFFFFFFFFFFFFF
AR,0,0x2001CA00,64,1,
AW,1,0x2001CA40,64,1,FFFFFFFFFFFFFFFF
AR,0,0x2001CA80,64,1,
AW,1,0x2001CAC0,64,1,FFFFFFFFFFFFFFFF
AR,0,0x2001CB00,64,1,
AW,1,0x2001CB40,64,1,FFFFFFFFFFFFFFFF
AR,0,0x2001CB80,64,1,
AW,1,0x2001CBC0,64,1,FFFFFFFFFFFFFFFF
AR,0,0x2001CC00,64,1,
AW,1,0x2001CC40,64,1,FFFFFFFFFFFFFFFF
AR,0,0x2001CC80,64,1,
AW,1,0x2001CCC0,64,1,FFFFFFFFFFFFFFFF
AR,0,0x2001CD00,64,1,
AW,1,0x2001CD40,64,1,FFFFFFFFFFFFFFFF
AR,0,0x2001CD80,64,1,
AW,1,0x2001CDC0,64,1,FFFFFFFFFFFFFFFF
AR,0,0x2001CE00,64,1,
AW,1,0x2001CE40,64,1,FFFFFFFFFFFFFFFF
AR,0,0x2001CE80,64,1,
AW,1,0x2001CEC0,64,1,FFFFFFFFFFFFFFFF
AR,0,0x2001CF00,64,1,
AW,1,0x2001CF40,64,1,FFFFFFFFFFFFFFFF
AR,0,0x2001CF80,64,1,
AW,1,0x2001CFC0,64,1,FFFFFFFFFFFFFFFF
AR,0,0x2001D000,64,1,
AW,1,0x2001D040,64,1,FFFFFFFFFFFFFFFF
AR,0,0x2001D080,64,1,
AW,1,0x2001D0C0,64,1,FFFFFFFFFFFFFFFF
AR,0,0x2001D100,64,1,
AW,1,0x2001D140,64,1,FFFFFFFFFFFFFFFF
AR,0,0x2001D180,64,1,
AW,1,0x2001D1C0,64,1,FFFFFFFFFFFFFFFF
AR,0,0x2001D200,64,1,
AW,1,0x2001D240,64,1,FFFFFFFFFFFFFFFF
AR,0,0x2001D280,64,1,
AW,1,0x2001D2C0,64,1,FFFFFFFFFFFFFFFF
AR,0,0x2001D300,64,1,
AW,1,0x2001D340,64,1,FFFFFFFFFFFFFFFF
AR,0,0x2001D380,64,1,
AW,1,0x2001D3C0,64,1,FFFFFFFFFFFFFFFF
AR,0,0x2001D400,64,1,
AW,1,0x2001D440,64,1,FFFFFFFFFFFFFFFF
AR,0,0x2001D480,64,1,
AW,1,0x2001D4C0,64,1,FFFFFFFFFFFFFFFF
AR,0,0x2001D500,64,1,
AW,1,0x2001D540,64,1,FFFFFFFFFFFFFFFF
AR,0,0x2001D580,64,1,
AW,1,0x2001D5C0,64,1,FFFFFFFFFFFFFFFF
AR,0,0x2001D600,64,1,
AW,1,0x2001D640,64,1,FFFFFFFFFFFFFFFF
AR,0,0x2001D680,64,1,
AW,1,0x2001D6C0,64,1,FFFFFFFFFFFFFFFF
AR,0,0x2001D700,64,1,
AW,1,0x2001D740,64,1,FFFFFFFFFFFFFFFF
AR,0,0x2001D780,64,1,
AW,1,0x2001D7C0,64,1,FFFFFFFFFFFFFFFF
AR,0,0x2001D800,64,1,
AW,1,0x2001D840,64,1,FFFFFFFFFFFFFFFF
AR,0,0x2001D880,64,1,
AW,1,0x2001D8C0,64,1,FFFFFFFFFFFFFFFF
AR,0,0x2001D900,64,1,
AW,1,0x2001D940,64,1,FFFFFFFFFFFFFFFF
AR,0,0x2001D980,64,1,
AW,1,0x2001D9C0,64,1,FFFFFFFFFFFFFFFF
AR,0,0x2001DA00,64,1,
AW,1,0x2001DA40,64,1,FFFFFFFFFFFFFFFF
AR,0,0x2001DA80,64,1,
AW,1,0x2001DAC0,64,1,FFFFFFFFFFFFFFFF
AR,0,0x2001DB00,64,1,
AW,1,0x2001DB40,64,1,FFFFFFFFFFFFFFFF
AR,0,0x2001DB80,64,1,
AW,1,0x2001DBC0,64,1,FFFFFFFFFFFFFFFF
AR,0,0x2001DC00,64,1,
AW,1,0x2001DC40,64,1,FFFFFFFFFFFFFFFF
AR,0,0x2001DC80,64,1,
AW,1,0x2001DCC0,64,1,FFFFFFFFFFFFFFFF
AR,0,0x2001DD00,64,1,
AW,1,0x2001DD40,64,1,FFFFFFFFFFFFFFFF
AR,0,0x2001DD80,64,1,
AW,1,0x2001DDC0,64,1,FFFFFFFFFFFFFFFF
AR,0,0x2001DE00,64,1,
AW,1,0x2001DE40,64,1,FFFFFFFFFFFFFFFF
AR,0,0x2001DE80,64,1,
AW,1,0x2001DEC0,64,1,FFFFFFFFFFFFFFFF
AR,0,0x2001DF00,64,1,
AW,1,0x2001DF40,64,1,FFFFFFFFFFFFFFFF
AR,0,0x2001DF80,64,1,
AW,1,0x2001DFC0,64,1,FFFFFFFFFFFFFFFF
AR,0,0x2001E000,64,1,
AW,1,0x2001E040,64,1,FFFFFFFFFFFFFFFF
AR,0,0x2001E080,64,1,
AW,1,0x2001E0C0,64,1,FFFFFFFFFFFFFFFF
AR,0,0x2001E100,64,1,
AW,1,0x2001E140,64,1,FFFFFFFFFFFFFFFF
AR,0,0x2001E180,64,1,
AW,1,0x2001E1C0,64,1,FFFFFFFFFFFFFFFF
AR,0,0x2001E200,64,1,
AW,1,0x2001E240,64,1,FFFFFFFFFFFFFFFF
AR,0,0x2001E280,64,1,
AW,1,0x2001E2C0,64,1,FFFFFFFFFFFFFFFF
AR,0,0x2001E300,64,1,
AW,1,0x2001E340,64,1,FFFFFFFFFFFFFFFF
AR,0,0x2001E380,64,1,
AW,1,0x2001E3C0,64,1,FFFFFFFFFFFFFFFF
AR,0,0x2001E400,64,1,
AW,1,0x2001E440,64,1,FFFFFFFFFFFFFFFF
AR,0,0x2001E480,64,1,
AW,1,0x2001E4C0,64,1,FFFFFFFFFFFFFFFF
AR,0,0x2001E500,64,1,
AW,1,0x2001E540,64,1,FFFFFFFFFFFFFFFF
AR,0,0x2001E580,64,1,
AW,1,0x2001E5C0,64,1,FFFFFFFFFFFFFFFF
AR,0,0x2001E600,64,1,
AW,1,0x2001E640,64,1,FFFFFFFFFFFFFFFF
AR,0,0x2001E680,64,1,
AW,1,0x2001E6C0,64,1,FFFFFFFFFFFFFFFF
AR,0,0x2001E700,64,1,
AW,1,0x2001E740,64,1,FFFFFFFFFFFFFFFF
AR,0,0x2001E780,64,1,
AW,1,0x2001E7C0,64,1,FFFFFFFFFFFFFFFF
AR,0,0x2001E800,64,1,
AW,1,0x2001E840,64,1,FFFFFFFFFFFFFFFF
AR,0,0x2001E880,64,1,
AW,1,0x2001E8C0,64,1,FFFFFFFFFFFFFFFF
AR,0,0x2001E900,64,1,
AW,1,0x2001E940,64,1,FFFFFFFFFFFFFFFF
AR,0,0x2001E980,64,1,
AW,1,0x2001E9C0,64,1,FFFFFFFFFFFFFFFF
AR,0,0x2001EA00,64,1,
AW,1,0x2001EA40,64,1,FFFFFFFFFFFFFFFF
AR,0,0x2001EA80,64,1,
AW,1,0x2001EAC0,64,1,FFFFFFFFFFFFFFFF
AR,0,0x2001EB00,64,1,
AW,1,0x2001EB40,64,1,FFFFFFFFFFFFFFFF
AR,0,0x2001EB80,64,1,
AW,1,0x2001EBC0,64,1,FFFFFFFFFFFFFFFF
AR,0,0x2001EC00,64,1,
AW,1,0x2001EC40,64,1,FFFFFFFFFFFFFFFF
AR,0,0x2001EC80,64,1,
AW,1,0x2001ECC0,64,1,FFFFFFFFFFFFFFFF
AR,0,0x2001ED00,64,1,
AW,1,0x2001ED40,64,1,FFFFFFFFFFFFFFFF
AR,0,0x2001ED80,64,1,
AW,1,0x2001EDC0,64,1,FFFFFFFFFFFFFFFF
AR,0,0x2001EE00,64,1,
AW,1,0x2001EE40,64,1,FFFFFFFFFFFFFFFF
AR,0,0x2001EE80,64,1,
AW,1,0x2001EEC0,64,1,FFFFFFFFFFFFFFFF
AR,0,0x2001EF00,64,1,
AW,1,0x2001EF40,64,1,FFFFFFFFFFFFFFFF
AR,0,0x2001EF80,64,1,
AW,1,0x2001EFC0,64,1,FFFFFFFFFFFFFFFF
AR,0,0x2001F000,64,1,
AW,1,0x2001F040,64,1,FFFFFFFFFFFFFFFF
AR,0,0x2001F080,64,1,
AW,1,0x2001F0C0,64,1,FFFFFFFFFFFFFFFF
AR,0,0x2001F100,64,1,
AW,1,0x2001F140,64,1,FFFFFFFFFFFFFFFF
AR,0,0x2001F180,64,1,
AW,1,0x2001F1C0,64,1,FFFFFFFFFFFFFFFF
AR,0,0x2001F200,64,1,
AW,1,0x2001F240,64,1,FFFFFFFFFFFFFFFF
AR,0,0x2001F280,64,1,
AW,1,0x2001F2C0,64,1,FFFFFFFFFFFFFFFF
AR,0,0x2001F300,64,1,
AW,1,0x2001F340,64,1,FFFFFFFFFFFFFFFF
AR,0,0x2001F380,64,1,
AW,1,0x2001F3C0,64,1,FFFFFFFFFFFFFFFF
AR,0,0x2001F400,64,1,
AW,1,0x2001F440,64,1,FFFFFFFFFFFFFFFF
AR,0,0x2001F480,64,1,
AW,1,0x2001F4C0,64,1,FFFFFFFFFFFFFFFF
AR,0,0x2001F500,64,1,
AW,1,0x2001F540,64,1,FFFFFFFFFFFFFFFF
AR,0,0x2001F580,64,1,
AW,1,0x2001F5C0,64,1,FFFFFFFFFFFFFFFF
AR,0,0x2001F600,64,1,
AW,1,0x2001F640,64,1,FFFFFFFFFFFFFFFF
AR,0,0x2001F680,64,1,
AW,1,0x2001F6C0,64,1,FFFFFFFFFFFFFFFF
AR,0,0x2001F700,64,1,
AW,1,0x2001F740,64,1,FFFFFFFFFFFFFFFF
AR,0,0x2001F780,64,1,
AW,1,0x2001F7C0,64,1,FFFFFFFFFFFFFFFF
AR,0,0x2001F800,64,1,
AW,1,0x2001F840,64,1,FFFFFFFFFFFFFFFF
AR,0,0x2001F880,64,1,
AW,1,0x2001F8C0,64,1,FFFFFFFFFFFFFFFF
AR,0,0x2001F900,64,1,
AW,1,0x2001F940,64,1,FFFFFFFFFFFFFFFF
AR,0,0x2001F980,64,1,
AW,1,0x2001F9C0,64,1,FFFFFFFFFFFFFFFF
AR,0,0x2001FA00,64,1,
AW,1,0x2001FA40,64,1,FFFFFFFFFFFFFFFF
AR,0,0x2001FA80,64,1,
AW,1,0x2001FAC0,64,1,FFFFFFFFFFFFFFFF
AR,0,0x2001FB00,64,1,
AW,1,0x2001FB40,64,1,FFFFFFFFFFFFFFFF
AR,0,0x2001FB80,64,1,
AW,1,0x2001FBC0,64,1,FFFFFFFFFFFFFFFF
AR,0,0x2001FC00,64,1,
AW,1,0x2001FC40,64,1,FFFFFFFFFFFFFFFF
AR,0,0x2001FC80,64,1,
AW,1,0x2001FCC0,64,1,FFFFFFFFFFFFFFFF
AR,0,0x2001FD00,64,1,
AW,1,0x2001FD40,64,1,FFFFFFFFFFFFFFFF
AR,0,0x2001FD80,64,1,
AW,1,0x2001FDC0,64,1,FFFFFFFFFFFFFFFF
AR,0,0x2001FE00,64,1,
AW,1,0x2001FE40,64,1,FFFFFFFFFFFFFFFF
AR,0,0x2001FE80,64,1,
AW,1,0x2001FEC0,64,1,FFFFFFFFFFFFFFFF
AR,0,0x2001FF00,64,1,
AW,1,0x2001FF40,64,1,FFFFFFFFFFFFFFFF
AR,0,0x2001FF80,64,1,
AW,1,0x2001FFC0,64,1,FFFFFFFFFFFFFFFF
AR,0,0x20020000,64,1,
AW,1,0x20020040,64,1,FFFFFFFFFFFFFFFF
AR,0,0x20020080,64,1,
AW,1,0x200200C0,64,1,FFFFFFFFFFFFFFFF
AR,0,0x20020100,64,1,
AW,1,0x20020140,64,1,FFFFFFFFFFFFFFFF
AR,0,0x20020180,64,1,
AW,1,0x200201C0,64,1,FFFFFFFFFFFFFFFF
AR,0,0x20020200,64,1,
AW,1,0x20020240,64,1,FFFFFFFFFFFFFFFF
AR,0,0x20020280,64,1,
AW,1,0x200202C0,64,1,FFFFFFFFFFFFFFFF
AR,0,0x20020300,64,1,
AW,1,0x20020340,64,1,FFFFFFFFFFFFFFFF
AR,0,0x20020380,64,1,
AW,1,0x200203C0,64,1,FFFFFFFFFFFFFFFF
AR,0,0x20020400,64,1,
AW,1,0x20020440,64,1,FFFFFFFFFFFFFFFF
AR,0,0x20020480,64,1,
AW,1,0x200204C0,64,1,FFFFFFFFFFFFFFFF
AR,0,0x20020500,64,1,
AW,1,0x20020540,64,1,FFFFFFFFFFFFFFFF
AR,0,0x20020580,64,1,
AW,1,0x200205C0,64,1,FFFFFFFFFFFFFFFF
AR,0,0x20020600,64,1,
AW,1,0x20020640,64,1,FFFFFFFFFFFFFFFF
AR,0,0x20020680,64,1,
AW,1,0x200206C0,64,1,FFFFFFFFFFFFFFFF
AR,0,0x20020700,64,1,
AW,1,0x20020740,64,1,FFFFFFFFFFFFFFFF
AR,0,0x20020780,64,1,
AW,1,0x200207C0,64,1,FFFFFFFFFFFFFFFF
AR,0,0x20020800,64,1,
AW,1,0x20020840,64,1,FFFFFFFFFFFFFFFF
AR,0,0x20020880,64,1,
AW,1,0x200208C0,64,1,FFFFFFFFFFFFFFFF
AR,0,0x20020900,64,1,
AW,1,0x20020940,64,1,FFFFFFFFFFFFFFFF
AR,0,0x20020980,64,1,
AW,1,0x200209C0,64,1,FFFFFFFFFFFFFFFF
AR,0,0x20020A00,64,1,
AW,1,0x20020A40,64,1,FFFFFFFFFFFFFFFF
AR,0,0x20020A80,64,1,
AW,1,0x20020AC0,64,1,FFFFFFFFFFFFFFFF
AR,0,0x20020B00,64,1,
AW,1,0x20020B40,64,1,FFFFFFFFFFFFFFFF
AR,0,0x20020B80,64,1,
AW,1,0x20020BC0,64,1,FFFFFFFFFFFFFFFF
AR,0,0x20020C00,64,1,
AW,1,0x20020C40,64,1,FFFFFFFFFFFFFFFF
AR,0,0x20020C80,64,1,
AW,1,0x20020CC0,64,1,FFFFFFFFFFFFFFFF
AR,0,0x20020D00,64,1,
AW,1,0x20020D40,64,1,FFFFFFFFFFFFFFFF
AR,0,0x20020D80,64,1,
AW,1,0x20020DC0,64,1,FFFFFFFFFFFFFFFF
AR,0,0x20020E00,64,1,
AW,1,0x20020E40,64,1,FFFFFFFFFFFFFFFF
AR,0,0x20020E80,64,1,
AW,1,0x20020EC0,64,1,FFFFFFFFFFFFFFFF
AR,0,0x20020F00,64,1,
AW,1,0x20020F40,64,1,FFFFFFFFFFFFFFFF
AR,0,0x20020F80,64,1,
AW,1,0x20020FC0,64,1,FFFFFFFFFFFFFFFF
AR,0,0x20021000,64,1,
AW,1,0x20021040,64,1,FFFFFFFFFFFFFFFF
AR,0,0x20021080,64,1,
AW,1,0x200210C0,64,1,FFFFFFFFFFFFFFFF
AR,0,0x20021100,64,1,
AW,1,0x20021140,64,1,FFFFFFFFFFFFFFFF
AR,0,0x20021180,64,1,
AW,1,0x200211C0,64,1,FFFFFFFFFFFFFFFF
AR,0,0x20021200,64,1,
AW,1,0x20021240,64,1,FFFFFFFFFFFFFFFF
AR,0,0x20021280,64,1,
AW,1,0x200212C0,64,1,FFFFFFFFFFFFFFFF
AR,0,0x20021300,64,1,
AW,1,0x20021340,64,1,FFFFFFFFFFFFFFFF
AR,0,0x20021380,64,1,
AW,1,0x200213C0,64,1,FFFFFFFFFFFFFFFF
AR,0,0x20021400,64,1,
AW,1,0x20021440,64,1,FFFFFFFFFFFFFFFF
AR,0,0x20021480,64,1,
AW,1,0x200214C0,64,1,FFFFFFFFFFFFFFFF
AR,0,0x20021500,64,1,
AW,1,0x20021540,64,1,FFFFFFFFFFFFFFFF
AR,0,0x20021580,64,1,
AW,1,0x200215C0,64,1,FFFFFFFFFFFFFFFF
AR,0,0x20021600,64,1,
AW,1,0x20021640,64,1,FFFFFFFFFFFFFFFF
AR,0,0x20021680,64,1,
AW,1,0x200216C0,64,1,FFFFFFFFFFFFFFFF
AR,0,0x20021700,64,1,
AW,1,0x20021740,64,1,FFFFFFFFFFFFFFFF
AR,0,0x20021780,64,1,
AW,1,0x200217C0,64,1,FFFFFFFFFFFFFFFF
AR,0,0x20021800,64,1,
AW,1,0x20021840,64,1,FFFFFFFFFFFFFFFF
AR,0,0x20021880,64,1,
AW,1,0x200218C0,64,1,FFFFFFFFFFFFFFFF
AR,0,0x20021900,64,1,
AW,1,0x20021940,64,1,FFFFFFFFFFFFFFFF
AR,0,0x20021980,64,1,
AW,1,0x200219C0,64,1,FFFFFFFFFFFFFFFF
AR,0,0x20021A00,64,1,
AW,1,0x20021A40,64,1,FFFFFFFFFFFFFFFF
AR,0,0x20021A80,64,1,
AW,1,0x20021AC0,64,1,FFFFFFFFFFFFFFFF
AR,0,0x20021B00,64,1,
AW,1,0x20021B40,64,1,FFFFFFFFFFFFFFFF
AR,0,0x20021B80,64,1,
AW,1,0x20021BC0,64,1,FFFFFFFFFFFFFFFF
AR,0,0x20021C00,64,1,
AW,1,0x20021C40,64,1,FFFFFFFFFFFFFFFF
AR,0,0x20021C80,64,1,
AW,1,0x20021CC0,64,1,FFFFFFFFFFFFFFFF
AR,0,0x20021D00,64,1,
AW,1,0x20021D40,64,1,FFFFFFFFFFFFFFFF
AR,0,0x20021D80,64,1,
AW,1,0x20021DC0,64,1,FFFFFFFFFFFFFFFF
AR,0,0x20021E00,64,1,
AW,1,0x20021E40,64,1,FFFFFFFFFFFFFFFF
AR,0,0x20021E80,64,1,
AW,1,0x20021EC0,64,1,FFFFFFFFFFFFFFFF
AR,0,0x20021F00,64,1,
AW,1,0x20021F40,64,1,FFFFFFFFFFFFFFFF
AR,0,0x20021F80,64,1,
AW,1,0x20021FC0,64,1,FFFFFFFFFFFFFFFF
AR,0,0x20022000,64,1,
AW,1,0x20022040,64,1,FFFFFFFFFFFFFFFF
AR,0,0x20022080,64,1,
AW,1,0x200220C0,64,1,FFFFFFFFFFFFFFFF
AR,0,0x20022100,64,1,
AW,1,0x20022140,64,1,FFFFFFFFFFFFFFFF
AR,0,0x20022180,64,1,
AW,1,0x200221C0,64,1,FFFFFFFFFFFFFFFF
AR,0,0x20022200,64,1,
AW,1,0x20022240,64,1,FFFFFFFFFFFFFFFF
AR,0,0x20022280,64,1,
AW,1,0x200222C0,64,1,FFFFFFFFFFFFFFFF
AR,0,0x20022300,64,1,
AW,1,0x20022340,64,1,FFFFFFFFFFFFFFFF
AR,0,0x20022380,64,1,
AW,1,0x200223C0,64,1,FFFFFFFFFFFFFFFF
AR,0,0x20022400,64,1,
AW,1,0x20022440,64,1,FFFFFFFFFFFFFFFF
AR,0,0x20022480,64,1,
AW,1,0x200224C0,64,1,FFFFFFFFFFFFFFFF
AR,0,0x20022500,64,1,
AW,1,0x20022540,64,1,FFFFFFFFFFFFFFFF
AR,0,0x20022580,64,1,
AW,1,0x200225C0,64,1,FFFFFFFFFFFFFFFF
AR,0,0x20022600,64,1,
AW,1,0x20022640,64,1,FFFFFFFFFFFFFFFF
AR,0,0x20022680,64,1,
AW,1,0x200226C0,64,1,FFFFFFFFFFFFFFFF
AR,0,0x20022700,64,1,
AW,1,0x20022740,64,1,FFFFFFFFFFFFFFFF
AR,0,0x20022780,64,1,
AW,1,0x200227C0,64,1,FFFFFFFFFFFFFFFF
AR,0,0x20022800,64,1,
AW,1,0x20022840,64,1,FFFFFFFFFFFFFFFF
AR,0,0x20022880,64,1,
AW,1,0x200228C0,64,1,FFFFFFFFFFFFFFFF
AR,0,0x20022900,64,1,
AW,1,0x20022940,64,1,FFFFFFFFFFFFFFFF
AR,0,0x20022980,64,1,
AW,1,0x200229C0,64,1,FFFFFFFFFFFFFFFF
AR,0,0x20022A00,64,1,
AW,1,0x20022A40,64,1,FFFFFFFFFFFFFFFF
AR,0,0x20022A80,64,1,
AW,1,0x20022AC0,64,1,FFFFFFFFFFFFFFFF
AR,0,0x20022B00,64,1,
AW,1,0x20022B40,64,1,FFFFFFFFFFFFFFFF
AR,0,0x20022B80,64,1,
AW,1,0x20022BC0,64,1,FFFFFFFFFFFFFFFF
AR,0,0x20022C00,64,1,
AW,1,0x20022C40,64,1,FFFFFFFFFFFFFFFF
AR,0,0x20022C80,64,1,
AW,1,0x20022CC0,64,1,FFFFFFFFFFFFFFFF
AR,0,0x20022D00,64,1,
AW,1,0x20022D40,64,1,FFFFFFFFFFFFFFFF
AR,0,0x20022D80,64,1,
AW,1,0x20022DC0,64,1,FFFFFFFFFFFFFFFF
AR,0,0x20022E00,64,1,
AW,1,0x20022E40,64,1,FFFFFFFFFFFFFFFF
AR,0,0x20022E80,64,1,
AW,1,0x20022EC0,64,1,FFFFFFFFFFFFFFFF
AR,0,0x20022F00,64,1,
AW,1,0x20022F40,64,1,FFFFFFFFFFFFFFFF
AR,0,0x20022F80,64,1,
AW,1,0x20022FC0,64,1,FFFFFFFFFFFFFFFF
AR,0,0x20023000,64,1,
AW,1,0x20023040,64,1,FFFFFFFFFFFFFFFF
AR,0,0x20023080,64,1,
AW,1,0x200230C0,64,1,FFFFFFFFFFFFFFFF
AR,0,0x20023100,64,1,
AW,1,0x20023140,64,1,FFFFFFFFFFFFFFFF
AR,0,0x20023180,64,1,
AW,1,0x200231C0,64,1,FFFFFFFFFFFFFFFF
AR,0,0x20023200,64,1,
AW,1,0x20023240,64,1,FFFFFFFFFFFFFFFF
AR,0,0x20023280,64,1,
AW,1,0x200232C0,64,1,FFFFFFFFFFFFFFFF
AR,0,0x20023300,64,1,
AW,1,0x20023340,64,1,FFFFFFFFFFFFFFFF
AR,0,0x20023380,64,1,
AW,1,0x200233C0,64,1,FFFFFFFFFFFFFFFF
AR,0,0x20023400,64,1,
AW,1,0x20023440,64,1,FFFFFFFFFFFFFFFF
AR,0,0x20023480,64,1,
AW,1,0x200234C0,64,1,FFFFFFFFFFFFFFFF
AR,0,0x20023500,64,1,
AW,1,0x20023540,64,1,FFFFFFFFFFFFFFFF
AR,0,0x20023580,64,1,
AW,1,0x200235C0,64,1,FFFFFFFFFFFFFFFF
AR,0,0x20023600,64,1,
AW,1,0x20023640,64,1,FFFFFFFFFFFFFFFF
AR,0,0x20023680,64,1,
AW,1,0x200236C0,64,1,FFFFFFFFFFFFFFFF
AR,0,0x20023700,64,1,
AW,1,0x20023740,64,1,FFFFFFFFFFFFFFFF
AR,0,0x20023780,64,1,
AW,1,0x200237C0,64,1,FFFFFFFFFFFFFFFF
AR,0,0x20023800,64,1,
AW,1,0x20023840,64,1,FFFFFFFFFFFFFFFF
AR,0,0x20023880,64,1,
AW,1,0x200238C0,64,1,FFFFFFFFFFFFFFFF
AR,0,0x20023900,64,1,
AW,1,0x20023940,64,1,FFFFFFFFFFFFFFFF
AR,0,0x20023980,64,1,
AW,1,0x200239C0,64,1,FFFFFFFFFFFFFFFF
AR,0,0x20023A00,64,1,
AW,1,0x20023A40,64,1,FFFFFFFFFFFFFFFF
AR,0,0x20023A80,64,1,
AW,1,0x20023AC0,64,1,FFFFFFFFFFFFFFFF
AR,0,0x20023B00,64,1,
AW,1,0x20023B40,64,1,FFFFFFFFFFFFFFFF
AR,0,0x20023B80,64,1,
AW,1,0x20023BC0,64,1,FFFFFFFFFFFFFFFF
AR,0,0x20023C00,64,1,
AW,1,0x20023C40,64,1,FFFFFFFFFFFFFFFF
AR,0,0x20023C80,64,1,
AW,1,0x20023CC0,64,1,FFFFFFFFFFFFFFFF
AR,0,0x20023D00,64,1,
AW,1,0x20023D40,64,1,FFFFFFFFFFFFFFFF
AR,0,0x20023D80,64,1,
AW,1,0x20023DC0,64,1,FFFFFFFFFFFFFFFF
AR,0,0x20023E00,64,1,
AW,1,0x20023E40,64,1,FFFFFFFFFFFFFFFF
AR,0,0x20023E80,64,1,
AW,1,0x20023EC0,64,1,FFFFFFFFFFFFFFFF
AR,0,0x20023F00,64,1,
AW,1,0x20023F40,64,1,FFFFFFFFFFFFFFFF
AR,0,0x20023F80,64,1,
AW,1,0x20023FC0,64,1,FFFFFFFFFFFFFFFF
AR,0,0x20024000,64,1,
AW,1,0x20024040,64,1,FFFFFFFFFFFFFFFF
AR,0,0x20024080,64,1,
AW,1,0x200240C0,64,1,FFFFFFFFFFFFFFFF
AR,0,0x20024100,64,1,
AW,1,0x20024140,64,1,FFFFFFFFFFFFFFFF
AR,0,0x20024180,64,1,
AW,1,0x200241C0,64,1,FFFFFFFFFFFFFFFF
AR,0,0x20024200,64,1,
AW,1,0x20024240,64,1,FFFFFFFFFFFFFFFF
AR,0,0x20024280,64,1,
AW,1,0x200242C0,64,1,FFFFFFFFFFFFFFFF
AR,0,0x20024300,64,1,
AW,1,0x20024340,64,1,FFFFFFFFFFFFFFFF
AR,0,0x20024380,64,1,
AW,1,0x200243C0,64,1,FFFFFFFFFFFFFFFF
AR,0,0x20024400,64,1,
AW,1,0x20024440,64,1,FFFFFFFFFFFFFFFF
AR,0,0x20024480,64,1,
AW,1,0x200244C0,64,1,FFFFFFFFFFFFFFFF
AR,0,0x20024500,64,1,
AW,1,0x20024540,64,1,FFFFFFFFFFFFFFFF
AR,0,0x20024580,64,1,
AW,1,0x200245C0,64,1,FFFFFFFFFFFFFFFF
AR,0,0x20024600,64,1,
AW,1,0x20024640,64,1,FFFFFFFFFFFFFFFF
AR,0,0x20024680,64,1,
AW,1,0x200246C0,64,1,FFFFFFFFFFFFFFFF
AR,0,0x20024700,64,1,
AW,1,0x20024740,64,1,FFFFFFFFFFFFFFFF
AR,0,0x20024780,64,1,
AW,1,0x200247C0,64,1,FFFFFFFFFFFFFFFF
AR,0,0x20024800,64,1,
AW,1,0x20024840,64,1,FFFFFFFFFFFFFFFF
AR,0,0x20024880,64,1,
AW,1,0x200248C0,64,1,FFFFFFFFFFFFFFFF
AR,0,0x20024900,64,1,
AW,1,0x20024940,64,1,FFFFFFFFFFFFFFFF
AR,0,0x20024980,64,1,
AW,1,0x200249C0,64,1,FFFFFFFFFFFFFFFF
AR,0,0x20024A00,64,1,
AW,1,0x20024A40,64,1,FFFFFFFFFFFFFFFF
AR,0,0x20024A80,64,1,
AW,1,0x20024AC0,64,1,FFFFFFFFFFFFFFFF
AR,0,0x20024B00,64,1,
AW,1,0x20024B40,64,1,FFFFFFFFFFFFFFFF
AR,0,0x20024B80,64,1,
AW,1,0x20024BC0,64,1,FFFFFFFFFFFFFFFF
AR,0,0x20024C00,64,1,
AW,1,0x20024C40,64,1,FFFFFFFFFFFFFFFF
AR,0,0x20024C80,64,1,
AW,1,0x20024CC0,64,1,FFFFFFFFFFFFFFFF
AR,0,0x20024D00,64,1,
AW,1,0x20024D40,64,1,FFFFFFFFFFFFFFFF
AR,0,0x20024D80,64,1,
AW,1,0x20024DC0,64,1,FFFFFFFFFFFFFFFF
AR,0,0x20024E00,64,1,
AW,1,0x20024E40,64,1,FFFFFFFFFFFFFFFF
AR,0,0x20024E80,64,1,
AW,1,0x20024EC0,64,1,FFFFFFFFFFFFFFFF
AR,0,0x20024F00,64,1,
AW,1,0x20024F40,64,1,FFFFFFFFFFFFFFFF
AR,0,0x20024F80,64,1,
AW,1,0x20024FC0,64,1,FFFFFFFFFFFFFFFF
AR,0,0x20025000,64,1,
AW,1,0x20025040,64,1,FFFFFFFFFFFFFFFF
AR,0,0x20025080,64,1,
AW,1,0x200250C0,64,1,FFFFFFFFFFFFFFFF
AR,0,0x20025100,64,1,
AW,1,0x20025140,64,1,FFFFFFFFFFFFFFFF
AR,0,0x20025180,64,1,
AW,1,0x200251C0,64,1,FFFFFFFFFFFFFFFF
AR,0,0x20025200,64,1,
AW,1,0x20025240,64,1,FFFFFFFFFFFFFFFF
AR,0,0x20025280,64,1,
AW,1,0x200252C0,64,1,FFFFFFFFFFFFFFFF
AR,0,0x20025300,64,1,
AW,1,0x20025340,64,1,FFFFFFFFFFFFFFFF
AR,0,0x20025380,64,1,
AW,1,0x200253C0,64,1,FFFFFFFFFFFFFFFF
AR,0,0x20025400,64,1,
AW,1,0x20025440,64,1,FFFFFFFFFFFFFFFF
AR,0,0x20025480,64,1,
AW,1,0x200254C0,64,1,FFFFFFFFFFFFFFFF
AR,0,0x20025500,64,1,
AW,1,0x20025540,64,1,FFFFFFFFFFFFFFFF
AR,0,0x20025580,64,1,
AW,1,0x200255C0,64,1,FFFFFFFFFFFFFFFF
AR,0,0x20025600,64,1,
AW,1,0x20025640,64,1,FFFFFFFFFFFFFFFF
AR,0,0x20025680,64,1,
AW,1,0x200256C0,64,1,FFFFFFFFFFFFFFFF
AR,0,0x20025700,64,1,
AW,1,0x20025740,64,1,FFFFFFFFFFFFFFFF
AR,0,0x20025780,64,1,
AW,1,0x200257C0,64,1,FFFFFFFFFFFFFFFF
AR,0,0x20025800,64,1,
AW,1,0x20025840,64,1,FFFFFFFFFFFFFFFF
AR,0,0x20025880,64,1,
AW,1,0x200258C0,64,1,FFFFFFFFFFFFFFFF
AR,0,0x20025900,64,1,
AW,1,0x20025940,64,1,FFFFFFFFFFFFFFFF
AR,0,0x20025980,64,1,
AW,1,0x200259C0,64,1,FFFFFFFFFFFFFFFF
AR,0,0x20025A00,64,1,
AW,1,0x20025A40,64,1,FFFFFFFFFFFFFFFF
AR,0,0x20025A80,64,1,
AW,1,0x20025AC0,64,1,FFFFFFFFFFFFFFFF
AR,0,0x20025B00,64,1,
AW,1,0x20025B40,64,1,FFFFFFFFFFFFFFFF
AR,0,0x20025B80,64,1,
AW,1,0x20025BC0,64,1,FFFFFFFFFFFFFFFF
AR,0,0x20025C00,64,1,
AW,1,0x20025C40,64,1,FFFFFFFFFFFFFFFF
AR,0,0x20025C80,64,1,
AW,1,0x20025CC0,64,1,FFFFFFFFFFFFFFFF
AR,0,0x20025D00,64,1,
AW,1,0x20025D40,64,1,FFFFFFFFFFFFFFFF
AR,0,0x20025D80,64,1,
AW,1,0x20025DC0,64,1,FFFFFFFFFFFFFFFF
AR,0,0x20025E00,64,1,
AW,1,0x20025E40,64,1,FFFFFFFFFFFFFFFF
AR,0,0x20025E80,64,1,
AW,1,0x20025EC0,64,1,FFFFFFFFFFFFFFFF
AR,0,0x20025F00,64,1,
AW,1,0x20025F40,64,1,FFFFFFFFFFFFFFFF
AR,0,0x20025F80,64,1,
AW,1,0x20025FC0,64,1,FFFFFFFFFFFFFFFF
AR,0,0x20026000,64,1,
AW,1,0x20026040,64,1,FFFFFFFFFFFFFFFF
AR,0,0x20026080,64,1,
AW,1,0x200260C0,64,1,FFFFFFFFFFFFFFFF
AR,0,0x20026100,64,1,
AW,1,0x20026140,64,1,FFFFFFFFFFFFFFFF
AR,0,0x20026180,64,1,
AW,1,0x200261C0,64,1,FFFFFFFFFFFFFFFF
AR,0,0x20026200,64,1,
AW,1,0x20026240,64,1,FFFFFFFFFFFFFFFF
AR,0,0x20026280,64,1,
AW,1,0x200262C0,64,1,FFFFFFFFFFFFFFFF
AR,0,0x20026300,64,1,
AW,1,0x20026340,64,1,FFFFFFFFFFFFFFFF
AR,0,0x20026380,64,1,
AW,1,0x200263C0,64,1,FFFFFFFFFFFFFFFF
AR,0,0x20026400,64,1,
AW,1,0x20026440,64,1,FFFFFFFFFFFFFFFF
AR,0,0x20026480,64,1,
AW,1,0x200264C0,64,1,FFFFFFFFFFFFFFFF
AR,0,0x20026500,64,1,
AW,1,0x20026540,64,1,FFFFFFFFFFFFFFFF
AR,0,0x20026580,64,1,
AW,1,0x200265C0,64,1,FFFFFFFFFFFFFFFF
AR,0,0x20026600,64,1,
AW,1,0x20026640,64,1,FFFFFFFFFFFFFFFF
AR,0,0x20026680,64,1,
AW,1,0x200266C0,64,1,FFFFFFFFFFFFFFFF
AR,0,0x20026700,64,1,
AW,1,0x20026740,64,1,FFFFFFFFFFFFFFFF
AR,0,0x20026780,64,1,
AW,1,0x200267C0,64,1,FFFFFFFFFFFFFFFF
AR,0,0x20026800,64,1,
AW,1,0x20026840,64,1,FFFFFFFFFFFFFFFF
AR,0,0x20026880,64,1,
AW,1,0x200268C0,64,1,FFFFFFFFFFFFFFFF
AR,0,0x20026900,64,1,
AW,1,0x20026940,64,1,FFFFFFFFFFFFFFFF
AR,0,0x20026980,64,1,
AW,1,0x200269C0,64,1,FFFFFFFFFFFFFFFF
AR,0,0x20026A00,64,1,
AW,1,0x20026A40,64,1,FFFFFFFFFFFFFFFF
AR,0,0x20026A80,64,1,
AW,1,0x20026AC0,64,1,FFFFFFFFFFFFFFFF
AR,0,0x20026B00,64,1,
AW,1,0x20026B40,64,1,FFFFFFFFFFFFFFFF
AR,0,0x20026B80,64,1,
AW,1,0x20026BC0,64,1,FFFFFFFFFFFFFFFF
AR,0,0x20026C00,64,1,
AW,1,0x20026C40,64,1,FFFFFFFFFFFFFFFF
AR,0,0x20026C80,64,1,
AW,1,0x20026CC0,64,1,FFFFFFFFFFFFFFFF
AR,0,0x20026D00,64,1,
AW,1,0x20026D40,64,1,FFFFFFFFFFFFFFFF
AR,0,0x20026D80,64,1,
AW,1,0x20026DC0,64,1,FFFFFFFFFFFFFFFF
AR,0,0x20026E00,64,1,
AW,1,0x20026E40,64,1,FFFFFFFFFFFFFFFF
AR,0,0x20026E80,64,1,
AW,1,0x20026EC0,64,1,FFFFFFFFFFFFFFFF
AR,0,0x20026F00,64,1,
AW,1,0x20026F40,64,1,FFFFFFFFFFFFFFFF
AR,0,0x20026F80,64,1,
AW,1,0x20026FC0,64,1,FFFFFFFFFFFFFFFF
AR,0,0x20027000,64,1,
AW,1,0x20027040,64,1,FFFFFFFFFFFFFFFF
AR,0,0x20027080,64,1,
AW,1,0x200270C0,64,1,FFFFFFFFFFFFFFFF
AR,0,0x20027100,64,1,
AW,1,0x20027140,64,1,FFFFFFFFFFFFFFFF
AR,0,0x20027180,64,1,
AW,1,0x200271C0,64,1,FFFFFFFFFFFFFFFF
AR,0,0x20027200,64,1,
AW,1,0x20027240,64,1,FFFFFFFFFFFFFFFF
AR,0,0x20027280,64,1,
AW,1,0x200272C0,64,1,FFFFFFFFFFFFFFFF
AR,0,0x20027300,64,1,
AW,1,0x20027340,64,1,FFFFFFFFFFFFFFFF
AR,0,0x20027380,64,1,
AW,1,0x200273C0,64,1,FFFFFFFFFFFFFFFF
AR,0,0x20027400,64,1,
AW,1,0x20027440,64,1,FFFFFFFFFFFFFFFF
AR,0,0x20027480,64,1,
AW,1,0x200274C0,64,1,FFFFFFFFFFFFFFFF
AR,0,0x20027500,64,1,
AW,1,0x20027540,64,1,FFFFFFFFFFFFFFFF
AR,0,0x20027580,64,1,
AW,1,0x200275C0,64,1,FFFFFFFFFFFFFFFF
AR,0,0x20027600,64,1,
AW,1,0x20027640,64,1,FFFFFFFFFFFFFFFF
AR,0,0x20027680,64,1,
AW,1,0x200276C0,64,1,FFFFFFFFFFFFFFFF
AR,0,0x20027700,64,1,
AW,1,0x20027740,64,1,FFFFFFFFFFFFFFFF
AR,0,0x20027780,64,1,
AW,1,0x200277C0,64,1,FFFFFFFFFFFFFFFF
AR,0,0x20027800,64,1,
AW,1,0x20027840,64,1,FFFFFFFFFFFFFFFF
AR,0,0x20027880,64,1,
AW,1,0x200278C0,64,1,FFFFFFFFFFFFFFFF
AR,0,0x20027900,64,1,
AW,1,0x20027940,64,1,FFFFFFFFFFFFFFFF
AR,0,0x20027980,64,1,
AW,1,0x200279C0,64,1,FFFFFFFFFFFFFFFF
AR,0,0x20027A00,64,1,
AW,1,0x20027A40,64,1,FFFFFFFFFFFFFFFF
AR,0,0x20027A80,64,1,
AW,1,0x20027AC0,64,1,FFFFFFFFFFFFFFFF
AR,0,0x20027B00,64,1,
AW,1,0x20027B40,64,1,FFFFFFFFFFFFFFFF
AR,0,0x20027B80,64,1,
AW,1,0x20027BC0,64,1,FFFFFFFFFFFFFFFF
AR,0,0x20027C00,64,1,
AW,1,0x20027C40,64,1,FFFFFFFFFFFFFFFF
AR,0,0x20027C80,64,1,
AW,1,0x20027CC0,64,1,FFFFFFFFFFFFFFFF
AR,0,0x20027D00,64,1,
AW,1,0x20027D40,64,1,FFFFFFFFFFFFFFFF
AR,0,0x20027D80,64,1,
AW,1,0x20027DC0,64,1,FFFFFFFFFFFFFFFF
AR,0,0x20027E00,64,1,
AW,1,0x20027E40,64,1,FFFFFFFFFFFFFFFF
AR,0,0x20027E80,64,1,
AW,1,0x20027EC0,64,1,FFFFFFFFFFFFFFFF
AR,0,0x20027F00,64,1,
AW,1,0x20027F40,64,1,FFFFFFFFFFFFFFFF
AR,0,0x20027F80,64,1,
AW,1,0x20027FC0,64,1,FFFFFFFFFFFFFFFF
AR,0,0x20028000,64,1,
AW,1,0x20028040,64,1,FFFFFFFFFFFFFFFF
AR,0,0x20028080,64,1,
AW,1,0x200280C0,64,1,FFFFFFFFFFFFFFFF
AR,0,0x20028100,64,1,
AW,1,0x20028140,64,1,FFFFFFFFFFFFFFFF
AR,0,0x20028180,64,1,
AW,1,0x200281C0,64,1,FFFFFFFFFFFFFFFF
AR,0,0x20028200,64,1,
AW,1,0x20028240,64,1,FFFFFFFFFFFFFFFF
AR,0,0x20028280,64,1,
AW,1,0x200282C0,64,1,FFFFFFFFFFFFFFFF
AR,0,0x20028300,64,1,
AW,1,0x20028340,64,1,FFFFFFFFFFFFFFFF
AR,0,0x20028380,64,1,
AW,1,0x200283C0,64,1,FFFFFFFFFFFFFFFF
AR,0,0x20028400,64,1,
AW,1,0x20028440,64,1,FFFFFFFFFFFFFFFF
AR,0,0x20028480,64,1,
AW,1,0x200284C0,64,1,FFFFFFFFFFFFFFFF
AR,0,0x20028500,64,1,
AW,1,0x20028540,64,1,FFFFFFFFFFFFFFFF
AR,0,0x20028580,64,1,
AW,1,0x200285C0,64,1,FFFFFFFFFFFFFFFF
AR,0,0x20028600,64,1,
AW,1,0x20028640,64,1,FFFFFFFFFFFFFFFF
AR,0,0x20028680,64,1,
AW,1,0x200286C0,64,1,FFFFFFFFFFFFFFFF
AR,0,0x20028700,64,1,
AW,1,0x20028740,64,1,FFFFFFFFFFFFFFFF
AR,0,0x20028780,64,1,
AW,1,0x200287C0,64,1,FFFFFFFFFFFFFFFF
AR,0,0x20028800,64,1,
AW,1,0x20028840,64,1,FFFFFFFFFFFFFFFF
AR,0,0x20028880,64,1,
AW,1,0x200288C0,64,1,FFFFFFFFFFFFFFFF
AR,0,0x20028900,64,1,
AW,1,0x20028940,64,1,FFFFFFFFFFFFFFFF
AR,0,0x20028980,64,1,
AW,1,0x200289C0,64,1,FFFFFFFFFFFFFFFF
AR,0,0x20028A00,64,1,
AW,1,0x20028A40,64,1,FFFFFFFFFFFFFFFF
AR,0,0x20028A80,64,1,
AW,1,0x20028AC0,64,1,FFFFFFFFFFFFFFFF
AR,0,0x20028B00,64,1,
AW,1,0x20028B40,64,1,FFFFFFFFFFFFFFFF
AR,0,0x20028B80,64,1,
AW,1,0x20028BC0,64,1,FFFFFFFFFFFFFFFF
AR,0,0x20028C00,64,1,
AW,1,0x20028C40,64,1,FFFFFFFFFFFFFFFF
AR,0,0x20028C80,64,1,
AW,1,0x20028CC0,64,1,FFFFFFFFFFFFFFFF
AR,0,0x20028D00,64,1,
AW,1,0x20028D40,64,1,FFFFFFFFFFFFFFFF
AR,0,0x20028D80,64,1,
AW,1,0x20028DC0,64,1,FFFFFFFFFFFFFFFF
AR,0,0x20028E00,64,1,
AW,1,0x20028E40,64,1,FFFFFFFFFFFFFFFF
AR,0,0x20028E80,64,1,
AW,1,0x20028EC0,64,1,FFFFFFFFFFFFFFFF
AR,0,0x20028F00,64,1,
AW,1,0x20028F40,64,1,FFFFFFFFFFFFFFFF
AR,0,0x20028F80,64,1,
AW,1,0x20028FC0,64,1,FFFFFFFFFFFFFFFF
AR,0,0x20029000,64,1,
AW,1,0x20029040,64,1,FFFFFFFFFFFFFFFF
AR,0,0x20029080,64,1,
AW,1,0x200290C0,64,1,FFFFFFFFFFFFFFFF
AR,0,0x20029100,64,1,
AW,1,0x20029140,64,1,FFFFFFFFFFFFFFFF
AR,0,0x20029180,64,1,
AW,1,0x200291C0,64,1,FFFFFFFFFFFFFFFF
AR,0,0x20029200,64,1,
AW,1,0x20029240,64,1,FFFFFFFFFFFFFFFF
AR,0,0x20029280,64,1,
AW,1,0x200292C0,64,1,FFFFFFFFFFFFFFFF
AR,0,0x20029300,64,1,
AW,1,0x20029340,64,1,FFFFFFFFFFFFFFFF
AR,0,0x20029380,64,1,
AW,1,0x200293C0,64,1,FFFFFFFFFFFFFFFF
AR,0,0x20029400,64,1,
AW,1,0x20029440,64,1,FFFFFFFFFFFFFFFF
AR,0,0x20029480,64,1,
AW,1,0x200294C0,64,1,FFFFFFFFFFFFFFFF
AR,0,0x20029500,64,1,
AW,1,0x20029540,64,1,FFFFFFFFFFFFFFFF
AR,0,0x20029580,64,1,
AW,1,0x200295C0,64,1,FFFFFFFFFFFFFFFF
AR,0,0x20029600,64,1,
AW,1,0x20029640,64,1,FFFFFFFFFFFFFFFF
AR,0,0x20029680,64,1,
AW,1,0x200296C0,64,1,FFFFFFFFFFFFFFFF
AR,0,0x20029700,64,1,
AW,1,0x20029740,64,1,FFFFFFFFFFFFFFFF
AR,0,0x20029780,64,1,
AW,1,0x200297C0,64,1,FFFFFFFFFFFFFFFF
AR,0,0x20029800,64,1,
AW,1,0x20029840,64,1,FFFFFFFFFFFFFFFF
AR,0,0x20029880,64,1,
AW,1,0x200298C0,64,1,FFFFFFFFFFFFFFFF
AR,0,0x20029900,64,1,
AW,1,0x20029940,64,1,FFFFFFFFFFFFFFFF
AR,0,0x20029980,64,1,
AW,1,0x200299C0,64,1,FFFFFFFFFFFFFFFF
AR,0,0x20029A00,64,1,
AW,1,0x20029A40,64,1,FFFFFFFFFFFFFFFF
AR,0,0x20029A80,64,1,
AW,1,0x20029AC0,64,1,FFFFFFFFFFFFFFFF
AR,0,0x20029B00,64,1,
AW,1,0x20029B40,64,1,FFFFFFFFFFFFFFFF
AR,0,0x20029B80,64,1,
AW,1,0x20029BC0,64,1,FFFFFFFFFFFFFFFF
AR,0,0x20029C00,64,1,
AW,1,0x20029C40,64,1,FFFFFFFFFFFFFFFF
AR,0,0x20029C80,64,1,
AW,1,0x20029CC0,64,1,FFFFFFFFFFFFFFFF
AR,0,0x20029D00,64,1,
AW,1,0x20029D40,64,1,FFFFFFFFFFFFFFFF
AR,0,0x20029D80,64,1,
AW,1,0x20029DC0,64,1,FFFFFFFFFFFFFFFF
AR,0,0x20029E00,64,1,
AW,1,0x20029E40,64,1,FFFFFFFFFFFFFFFF
AR,0,0x20029E80,64,1,
AW,1,0x20029EC0,64,1,FFFFFFFFFFFFFFFF
AR,0,0x20029F00,64,1,
AW,1,0x20029F40,64,1,FFFFFFFFFFFFFFFF
AR,0,0x20029F80,64,1,
AW,1,0x20029FC0,64,1,FFFFFFFFFFFFFFFF
AR,0,0x2002A000,64,1,
AW,1,0x2002A040,64,1,FFFFFFFFFFFFFFFF
AR,0,0x2002A080,64,1,
AW,1,0x2002A0C0,64,1,FFFFFFFFFFFFFFFF
AR,0,0x2002A100,64,1,
AW,1,0x2002A140,64,1,FFFFFFFFFFFFFFFF
AR,0,0x2002A180,64,1,
AW,1,0x2002A1C0,64,1,FFFFFFFFFFFFFFFF
AR,0,0x2002A200,64,1,
AW,1,0x2002A240,64,1,FFFFFFFFFFFFFFFF
AR,0,0x2002A280,64,1,
AW,1,0x2002A2C0,64,1,FFFFFFFFFFFFFFFF
AR,0,0x2002A300,64,1,
AW,1,0x2002A340,64,1,FFFFFFFFFFFFFFFF
AR,0,0x2002A380,64,1,
AW,1,0x2002A3C0,64,1,FFFFFFFFFFFFFFFF
AR,0,0x2002A400,64,1,
AW,1,0x2002A440,64,1,FFFFFFFFFFFFFFFF
AR,0,0x2002A480,64,1,
AW,1,0x2002A4C0,64,1,FFFFFFFFFFFFFFFF
AR,0,0x2002A500,64,1,
AW,1,0x2002A540,64,1,FFFFFFFFFFFFFFFF
AR,0,0x2002A580,64,1,
AW,1,0x2002A5C0,64,1,FFFFFFFFFFFFFFFF
AR,0,0x2002A600,64,1,
AW,1,0x2002A640,64,1,FFFFFFFFFFFFFFFF
AR,0,0x2002A680,64,1,
AW,1,0x2002A6C0,64,1,FFFFFFFFFFFFFFFF
AR,0,0x2002A700,64,1,
AW,1,0x2002A740,64,1,FFFFFFFFFFFFFFFF
AR,0,0x2002A780,64,1,
AW,1,0x2002A7C0,64,1,FFFFFFFFFFFFFFFF
AR,0,0x2002A800,64,1,
AW,1,0x2002A840,64,1,FFFFFFFFFFFFFFFF
AR,0,0x2002A880,64,1,
AW,1,0x2002A8C0,64,1,FFFFFFFFFFFFFFFF
AR,0,0x2002A900,64,1,
AW,1,0x2002A940,64,1,FFFFFFFFFFFFFFFF
AR,0,0x2002A980,64,1,
AW,1,0x2002A9C0,64,1,FFFFFFFFFFFFFFFF
AR,0,0x2002AA00,64,1,
AW,1,0x2002AA40,64,1,FFFFFFFFFFFFFFFF
AR,0,0x2002AA80,64,1,
AW,1,0x2002AAC0,64,1,FFFFFFFFFFFFFFFF
AR,0,0x2002AB00,64,1,
AW,1,0x2002AB40,64,1,FFFFFFFFFFFFFFFF
AR,0,0x2002AB80,64,1,
AW,1,0x2002ABC0,64,1,FFFFFFFFFFFFFFFF
AR,0,0x2002AC00,64,1,
AW,1,0x2002AC40,64,1,FFFFFFFFFFFFFFFF
AR,0,0x2002AC80,64,1,
AW,1,0x2002ACC0,64,1,FFFFFFFFFFFFFFFF
AR,0,0x2002AD00,64,1,
AW,1,0x2002AD40,64,1,FFFFFFFFFFFFFFFF
AR,0,0x2002AD80,64,1,
AW,1,0x2002ADC0,64,1,FFFFFFFFFFFFFFFF
AR,0,0x2002AE00,64,1,
AW,1,0x2002AE40,64,1,FFFFFFFFFFFFFFFF
AR,0,0x2002AE80,64,1,
AW,1,0x2002AEC0,64,1,FFFFFFFFFFFFFFFF
AR,0,0x2002AF00,64,1,
AW,1,0x2002AF40,64,1,FFFFFFFFFFFFFFFF
AR,0,0x2002AF80,64,1,
AW,1,0x2002AFC0,64,1,FFFFFFFFFFFFFFFF
AR,0,0x2002B000,64,1,
AW,1,0x2002B040,64,1,FFFFFFFFFFFFFFFF
AR,0,0x2002B080,64,1,
AW,1,0x2002B0C0,64,1,FFFFFFFFFFFFFFFF
AR,0,0x2002B100,64,1,
AW,1,0x2002B140,64,1,FFFFFFFFFFFFFFFF
AR,0,0x2002B180,64,1,
AW,1,0x2002B1C0,64,1,FFFFFFFFFFFFFFFF
AR,0,0x2002B200,64,1,
AW,1,0x2002B240,64,1,FFFFFFFFFFFFFFFF
AR,0,0x2002B280,64,1,
AW,1,0x2002B2C0,64,1,FFFFFFFFFFFFFFFF
AR,0,0x2002B300,64,1,
AW,1,0x2002B340,64,1,FFFFFFFFFFFFFFFF
AR,0,0x2002B380,64,1,
AW,1,0x2002B3C0,64,1,FFFFFFFFFFFFFFFF
AR,0,0x2002B400,64,1,
AW,1,0x2002B440,64,1,FFFFFFFFFFFFFFFF
AR,0,0x2002B480,64,1,
AW,1,0x2002B4C0,64,1,FFFFFFFFFFFFFFFF
AR,0,0x2002B500,64,1,
AW,1,0x2002B540,64,1,FFFFFFFFFFFFFFFF
AR,0,0x2002B580,64,1,
AW,1,0x2002B5C0,64,1,FFFFFFFFFFFFFFFF
AR,0,0x2002B600,64,1,
AW,1,0x2002B640,64,1,FFFFFFFFFFFFFFFF
AR,0,0x2002B680,64,1,
AW,1,0x2002B6C0,64,1,FFFFFFFFFFFFFFFF
AR,0,0x2002B700,64,1,
AW,1,0x2002B740,64,1,FFFFFFFFFFFFFFFF
AR,0,0x2002B780,64,1,
AW,1,0x2002B7C0,64,1,FFFFFFFFFFFFFFFF
AR,0,0x2002B800,64,1,
AW,1,0x2002B840,64,1,FFFFFFFFFFFFFFFF
AR,0,0x2002B880,64,1,
AW,1,0x2002B8C0,64,1,FFFFFFFFFFFFFFFF
AR,0,0x2002B900,64,1,
AW,1,0x2002B940,64,1,FFFFFFFFFFFFFFFF
AR,0,0x2002B980,64,1,
AW,1,0x2002B9C0,64,1,FFFFFFFFFFFFFFFF
AR,0,0x2002BA00,64,1,
AW,1,0x2002BA40,64,1,FFFFFFFFFFFFFFFF
AR,0,0x2002BA80,64,1,
AW,1,0x2002BAC0,64,1,FFFFFFFFFFFFFFFF
AR,0,0x2002BB00,64,1,
AW,1,0x2002BB40,64,1,FFFFFFFFFFFFFFFF
AR,0,0x2002BB80,64,1,
AW,1,0x2002BBC0,64,1,FFFFFFFFFFFFFFFF
AR,0,0x2002BC00,64,1,
AW,1,0x2002BC40,64,1,FFFFFFFFFFFFFFFF
AR,0,0x2002BC80,64,1,
AW,1,0x2002BCC0,64,1,FFFFFFFFFFFFFFFF
AR,0,0x2002BD00,64,1,
AW,1,0x2002BD40,64,1,FFFFFFFFFFFFFFFF
AR,0,0x2002BD80,64,1,
AW,1,0x2002BDC0,64,1,FFFFFFFFFFFFFFFF
AR,0,0x2002BE00,64,1,
AW,1,0x2002BE40,64,1,FFFFFFFFFFFFFFFF
AR,0,0x2002BE80,64,1,
AW,1,0x2002BEC0,64,1,FFFFFFFFFFFFFFFF
AR,0,0x2002BF00,64,1,
AW,1,0x2002BF40,64,1,FFFFFFFFFFFFFFFF
AR,0,0x2002BF80,64,1,
AW,1,0x2002BFC0,64,1,FFFFFFFFFFFFFFFF
AR,0,0x2002C000,64,1,
AW,1,0x2002C040,64,1,FFFFFFFFFFFFFFFF
AR,0,0x2002C080,64,1,
AW,1,0x2002C0C0,64,1,FFFFFFFFFFFFFFFF
AR,0,0x2002C100,64,1,
AW,1,0x2002C140,64,1,FFFFFFFFFFFFFFFF
AR,0,0x2002C180,64,1,
AW,1,0x2002C1C0,64,1,FFFFFFFFFFFFFFFF
AR,0,0x2002C200,64,1,
AW,1,0x2002C240,64,1,FFFFFFFFFFFFFFFF
AR,0,0x2002C280,64,1,
AW,1,0x2002C2C0,64,1,FFFFFFFFFFFFFFFF
AR,0,0x2002C300,64,1,
AW,1,0x2002C340,64,1,FFFFFFFFFFFFFFFF
AR,0,0x2002C380,64,1,
AW,1,0x2002C3C0,64,1,FFFFFFFFFFFFFFFF
AR,0,0x2002C400,64,1,
AW,1,0x2002C440,64,1,FFFFFFFFFFFFFFFF
AR,0,0x2002C480,64,1,
AW,1,0x2002C4C0,64,1,FFFFFFFFFFFFFFFF
AR,0,0x2002C500,64,1,
AW,1,0x2002C540,64,1,FFFFFFFFFFFFFFFF
AR,0,0x2002C580,64,1,
AW,1,0x2002C5C0,64,1,FFFFFFFFFFFFFFFF
AR,0,0x2002C600,64,1,
AW,1,0x2002C640,64,1,FFFFFFFFFFFFFFFF
AR,0,0x2002C680,64,1,
AW,1,0x2002C6C0,64,1,FFFFFFFFFFFFFFFF
AR,0,0x2002C700,64,1,
AW,1,0x2002C740,64,1,FFFFFFFFFFFFFFFF
AR,0,0x2002C780,64,1,
AW,1,0x2002C7C0,64,1,FFFFFFFFFFFFFFFF
AR,0,0x2002C800,64,1,
AW,1,0x2002C840,64,1,FFFFFFFFFFFFFFFF
AR,0,0x2002C880,64,1,
AW,1,0x2002C8C0,64,1,FFFFFFFFFFFFFFFF
AR,0,0x2002C900,64,1,
AW,1,0x2002C940,64,1,FFFFFFFFFFFFFFFF
AR,0,0x2002C980,64,1,
AW,1,0x2002C9C0,64,1,FFFFFFFFFFFFFFFF
AR,0,0x2002CA00,64,1,
AW,1,0x2002CA40,64,1,FFFFFFFFFFFFFFFF
AR,0,0x2002CA80,64,1,
AW,1,0x2002CAC0,64,1,FFFFFFFFFFFFFFFF
AR,0,0x2002CB00,64,1,
AW,1,0x2002CB40,64,1,FFFFFFFFFFFFFFFF
AR,0,0x2002CB80,64,1,
AW,1,0x2002CBC0,64,1,FFFFFFFFFFFFFFFF
AR,0,0x2002CC00,64,1,
AW,1,0x2002CC40,64,1,FFFFFFFFFFFFFFFF
AR,0,0x2002CC80,64,1,
AW,1,0x2002CCC0,64,1,FFFFFFFFFFFFFFFF
AR,0,0x2002CD00,64,1,
AW,1,0x2002CD40,64,1,FFFFFFFFFFFFFFFF
AR,0,0x2002CD80,64,1,
AW,1,0x2002CDC0,64,1,FFFFFFFFFFFFFFFF
AR,0,0x2002CE00,64,1,
AW,1,0x2002CE40,64,1,FFFFFFFFFFFFFFFF
AR,0,0x2002CE80,64,1,
AW,1,0x2002CEC0,64,1,FFFFFFFFFFFFFFFF
AR,0,0x2002CF00,64,1,
AW,1,0x2002CF40,64,1,FFFFFFFFFFFFFFFF
AR,0,0x2002CF80,64,1,
AW,1,0x2002CFC0,64,1,FFFFFFFFFFFFFFFF
AR,0,0x2002D000,64,1,
AW,1,0x2002D040,64,1,FFFFFFFFFFFFFFFF
AR,0,0x2002D080,64,1,
AW,1,0x2002D0C0,64,1,FFFFFFFFFFFFFFFF
AR,0,0x2002D100,64,1,
AW,1,0x2002D140,64,1,FFFFFFFFFFFFFFFF
AR,0,0x2002D180,64,1,
AW,1,0x2002D1C0,64,1,FFFFFFFFFFFFFFFF
AR,0,0x2002D200,64,1,
AW,1,0x2002D240,64,1,FFFFFFFFFFFFFFFF
AR,0,0x2002D280,64,1,
AW,1,0x2002D2C0,64,1,FFFFFFFFFFFFFFFF
AR,0,0x2002D300,64,1,
AW,1,0x2002D340,64,1,FFFFFFFFFFFFFFFF
AR,0,0x2002D380,64,1,
AW,1,0x2002D3C0,64,1,FFFFFFFFFFFFFFFF
AR,0,0x2002D400,64,1,
AW,1,0x2002D440,64,1,FFFFFFFFFFFFFFFF
AR,0,0x2002D480,64,1,
AW,1,0x2002D4C0,64,1,FFFFFFFFFFFFFFFF
AR,0,0x2002D500,64,1,
AW,1,0x2002D540,64,1,FFFFFFFFFFFFFFFF
AR,0,0x2002D580,64,1,
AW,1,0x2002D5C0,64,1,FFFFFFFFFFFFFFFF
AR,0,0x2002D600,64,1,
AW,1,0x2002D640,64,1,FFFFFFFFFFFFFFFF
AR,0,0x2002D680,64,1,
AW,1,0x2002D6C0,64,1,FFFFFFFFFFFFFFFF
AR,0,0x2002D700,64,1,
AW,1,0x2002D740,64,1,FFFFFFFFFFFFFFFF
AR,0,0x2002D780,64,1,
AW,1,0x2002D7C0,64,1,FFFFFFFFFFFFFFFF
AR,0,0x2002D800,64,1,
AW,1,0x2002D840,64,1,FFFFFFFFFFFFFFFF
AR,0,0x2002D880,64,1,
AW,1,0x2002D8C0,64,1,FFFFFFFFFFFFFFFF
AR,0,0x2002D900,64,1,
AW,1,0x2002D940,64,1,FFFFFFFFFFFFFFFF
AR,0,0x2002D980,64,1,
AW,1,0x2002D9C0,64,1,FFFFFFFFFFFFFFFF
AR,0,0x2002DA00,64,1,
AW,1,0x2002DA40,64,1,FFFFFFFFFFFFFFFF
AR,0,0x2002DA80,64,1,
AW,1,0x2002DAC0,64,1,FFFFFFFFFFFFFFFF
AR,0,0x2002DB00,64,1,
AW,1,0x2002DB40,64,1,FFFFFFFFFFFFFFFF
AR,0,0x2002DB80,64,1,
AW,1,0x2002DBC0,64,1,FFFFFFFFFFFFFFFF
AR,0,0x2002DC00,64,1,
AW,1,0x2002DC40,64,1,FFFFFFFFFFFFFFFF
AR,0,0x2002DC80,64,1,
AW,1,0x2002DCC0,64,1,FFFFFFFFFFFFFFFF
AR,0,0x2002DD00,64,1,
AW,1,0x2002DD40,64,1,FFFFFFFFFFFFFFFF
AR,0,0x2002DD80,64,1,
AW,1,0x2002DDC0,64,1,FFFFFFFFFFFFFFFF
AR,0,0x2002DE00,64,1,
AW,1,0x2002DE40,64,1,FFFFFFFFFFFFFFFF
AR,0,0x2002DE80,64,1,
AW,1,0x2002DEC0,64,1,FFFFFFFFFFFFFFFF
AR,0,0x2002DF00,64,1,
AW,1,0x2002DF40,64,1,FFFFFFFFFFFFFFFF
AR,0,0x2002DF80,64,1,
AW,1,0x2002DFC0,64,1,FFFFFFFFFFFFFFFF
AR,0,0x2002E000,64,1,
AW,1,0x2002E040,64,1,FFFFFFFFFFFFFFFF
AR,0,0x2002E080,64,1,
AW,1,0x2002E0C0,64,1,FFFFFFFFFFFFFFFF
AR,0,0x2002E100,64,1,
AW,1,0x2002E140,64,1,FFFFFFFFFFFFFFFF
AR,0,0x2002E180,64,1,
AW,1,0x2002E1C0,64,1,FFFFFFFFFFFFFFFF
AR,0,0x2002E200,64,1,
AW,1,0x2002E240,64,1,FFFFFFFFFFFFFFFF
AR,0,0x2002E280,64,1,
AW,1,0x2002E2C0,64,1,FFFFFFFFFFFFFFFF
AR,0,0x2002E300,64,1,
AW,1,0x2002E340,64,1,FFFFFFFFFFFFFFFF
AR,0,0x2002E380,64,1,
AW,1,0x2002E3C0,64,1,FFFFFFFFFFFFFFFF
AR,0,0x2002E400,64,1,
AW,1,0x2002E440,64,1,FFFFFFFFFFFFFFFF
AR,0,0x2002E480,64,1,
AW,1,0x2002E4C0,64,1,FFFFFFFFFFFFFFFF
AR,0,0x2002E500,64,1,
AW,1,0x2002E540,64,1,FFFFFFFFFFFFFFFF
AR,0,0x2002E580,64,1,
AW,1,0x2002E5C0,64,1,FFFFFFFFFFFFFFFF
AR,0,0x2002E600,64,1,
AW,1,0x2002E640,64,1,FFFFFFFFFFFFFFFF
AR,0,0x2002E680,64,1,
AW,1,0x2002E6C0,64,1,FFFFFFFFFFFFFFFF
AR,0,0x2002E700,64,1,
AW,1,0x2002E740,64,1,FFFFFFFFFFFFFFFF
AR,0,0x2002E780,64,1,
AW,1,0x2002E7C0,64,1,FFFFFFFFFFFFFFFF
AR,0,0x2002E800,64,1,
AW,1,0x2002E840,64,1,FFFFFFFFFFFFFFFF
AR,0,0x2002E880,64,1,
AW,1,0x2002E8C0,64,1,FFFFFFFFFFFFFFFF
AR,0,0x2002E900,64,1,
AW,1,0x2002E940,64,1,FFFFFFFFFFFFFFFF
AR,0,0x2002E980,64,1,
AW,1,0x2002E9C0,64,1,FFFFFFFFFFFFFFFF
AR,0,0x2002EA00,64,1,
AW,1,0x2002EA40,64,1,FFFFFFFFFFFFFFFF
AR,0,0x2002EA80,64,1,
AW,1,0x2002EAC0,64,1,FFFFFFFFFFFFFFFF
AR,0,0x2002EB00,64,1,
AW,1,0x2002EB40,64,1,FFFFFFFFFFFFFFFF
AR,0,0x2002EB80,64,1,
AW,1,0x2002EBC0,64,1,FFFFFFFFFFFFFFFF
AR,0,0x2002EC00,64,1,
AW,1,0x2002EC40,64,1,FFFFFFFFFFFFFFFF
AR,0,0x2002EC80,64,1,
AW,1,0x2002ECC0,64,1,FFFFFFFFFFFFFFFF
AR,0,0x2002ED00,64,1,
AW,1,0x2002ED40,64,1,FFFFFFFFFFFFFFFF
AR,0,0x2002ED80,64,1,
AW,1,0x2002EDC0,64,1,FFFFFFFFFFFFFFFF
AR,0,0x2002EE00,64,1,
AW,1,0x2002EE40,64,1,FFFFFFFFFFFFFFFF
AR,0,0x2002EE80,64,1,
AW,1,0x2002EEC0,64,1,FFFFFFFFFFFFFFFF
AR,0,0x2002EF00,64,1,
AW,1,0x2002EF40,64,1,FFFFFFFFFFFFFFFF
AR,0,0x2002EF80,64,1,
AW,1,0x2002EFC0,64,1,FFFFFFFFFFFFFFFF
AR,0,0x2002F000,64,1,
AW,1,0x2002F040,64,1,FFFFFFFFFFFFFFFF
AR,0,0x2002F080,64,1,
AW,1,0x2002F0C0,64,1,FFFFFFFFFFFFFFFF
AR,0,0x2002F100,64,1,
AW,1,0x2002F140,64,1,FFFFFFFFFFFFFFFF
AR,0,0x2002F180,64,1,
AW,1,0x2002F1C0,64,1,FFFFFFFFFFFFFFFF
AR,0,0x2002F200,64,1,
AW,1,0x2002F240,64,1,FFFFFFFFFFFFFFFF
AR,0,0x2002F280,64,1,
AW,1,0x2002F2C0,64,1,FFFFFFFFFFFFFFFF
AR,0,0x2002F300,64,1,
AW,1,0x2002F340,64,1,FFFFFFFFFFFFFFFF
AR,0,0x2002F380,64,1,
AW,1,0x2002F3C0,64,1,FFFFFFFFFFFFFFFF
AR,0,0x2002F400,64,1,
AW,1,0x2002F440,64,1,FFFFFFFFFFFFFFFF
AR,0,0x2002F480,64,1,
AW,1,0x2002F4C0,64,1,FFFFFFFFFFFFFFFF
AR,0,0x2002F500,64,1,
AW,1,0x2002F540,64,1,FFFFFFFFFFFFFFFF
AR,0,0x2002F580,64,1,
AW,1,0x2002F5C0,64,1,FFFFFFFFFFFFFFFF
AR,0,0x2002F600,64,1,
AW,1,0x2002F640,64,1,FFFFFFFFFFFFFFFF
AR,0,0x2002F680,64,1,
AW,1,0x2002F6C0,64,1,FFFFFFFFFFFFFFFF
AR,0,0x2002F700,64,1,
AW,1,0x2002F740,64,1,FFFFFFFFFFFFFFFF
AR,0,0x2002F780,64,1,
AW,1,0x2002F7C0,64,1,FFFFFFFFFFFFFFFF
AR,0,0x2002F800,64,1,
AW,1,0x2002F840,64,1,FFFFFFFFFFFFFFFF
AR,0,0x2002F880,64,1,
AW,1,0x2002F8C0,64,1,FFFFFFFFFFFFFFFF
AR,0,0x2002F900,64,1,
AW,1,0x2002F940,64,1,FFFFFFFFFFFFFFFF
AR,0,0x2002F980,64,1,
AW,1,0x2002F9C0,64,1,FFFFFFFFFFFFFFFF
AR,0,0x2002FA00,64,1,
AW,1,0x2002FA40,64,1,FFFFFFFFFFFFFFFF
AR,0,0x2002FA80,64,1,
AW,1,0x2002FAC0,64,1,FFFFFFFFFFFFFFFF
AR,0,0x2002FB00,64,1,
AW,1,0x2002FB40,64,1,FFFFFFFFFFFFFFFF
AR,0,0x2002FB80,64,1,
AW,1,0x2002FBC0,64,1,FFFFFFFFFFFFFFFF
AR,0,0x2002FC00,64,1,
AW,1,0x2002FC40,64,1,FFFFFFFFFFFFFFFF
AR,0,0x2002FC80,64,1,
AW,1,0x2002FCC0,64,1,FFFFFFFFFFFFFFFF
AR,0,0x2002FD00,64,1,
AW,1,0x2002FD40,64,1,FFFFFFFFFFFFFFFF
AR,0,0x2002FD80,64,1,
AW,1,0x2002FDC0,64,1,FFFFFFFFFFFFFFFF
AR,0,0x2002FE00,64,1,
AW,1,0x2002FE40,64,1,FFFFFFFFFFFFFFFF
AR,0,0x2002FE80,64,1,
AW,1,0x2002FEC0,64,1,FFFFFFFFFFFFFFFF
AR,0,0x2002FF00,64,1,
AW,1,0x2002FF40,64,1,FFFFFFFFFFFFFFFF
AR,0,0x2002FF80,64,1,
AW,1,0x2002FFC0,64,1,FFFFFFFFFFFFFFFF
AR,0,0x20030000,64,1,
AW,1,0x20030040,64,1,FFFFFFFFFFFFFFFF
AR,0,0x20030080,64,1,
AW,1,0x200300C0,64,1,FFFFFFFFFFFFFFFF
AR,0,0x20030100,64,1,
AW,1,0x20030140,64,1,FFFFFFFFFFFFFFFF
AR,0,0x20030180,64,1,
AW,1,0x200301C0,64,1,FFFFFFFFFFFFFFFF
AR,0,0x20030200,64,1,
AW,1,0x20030240,64,1,FFFFFFFFFFFFFFFF
AR,0,0x20030280,64,1,
AW,1,0x200302C0,64,1,FFFFFFFFFFFFFFFF
AR,0,0x20030300,64,1,
AW,1,0x20030340,64,1,FFFFFFFFFFFFFFFF
AR,0,0x20030380,64,1,
AW,1,0x200303C0,64,1,FFFFFFFFFFFFFFFF
AR,0,0x20030400,64,1,
AW,1,0x20030440,64,1,FFFFFFFFFFFFFFFF
AR,0,0x20030480,64,1,
AW,1,0x200304C0,64,1,FFFFFFFFFFFFFFFF
AR,0,0x20030500,64,1,
AW,1,0x20030540,64,1,FFFFFFFFFFFFFFFF
AR,0,0x20030580,64,1,
AW,1,0x200305C0,64,1,FFFFFFFFFFFFFFFF
AR,0,0x20030600,64,1,
AW,1,0x20030640,64,1,FFFFFFFFFFFFFFFF
AR,0,0x20030680,64,1,
AW,1,0x200306C0,64,1,FFFFFFFFFFFFFFFF
AR,0,0x20030700,64,1,
AW,1,0x20030740,64,1,FFFFFFFFFFFFFFFF
AR,0,0x20030780,64,1,
AW,1,0x200307C0,64,1,FFFFFFFFFFFFFFFF
AR,0,0x20030800,64,1,
AW,1,0x20030840,64,1,FFFFFFFFFFFFFFFF
AR,0,0x20030880,64,1,
AW,1,0x200308C0,64,1,FFFFFFFFFFFFFFFF
AR,0,0x20030900,64,1,
AW,1,0x20030940,64,1,FFFFFFFFFFFFFFFF
AR,0,0x20030980,64,1,
AW,1,0x200309C0,64,1,FFFFFFFFFFFFFFFF
AR,0,0x20030A00,64,1,
AW,1,0x20030A40,64,1,FFFFFFFFFFFFFFFF
AR,0,0x20030A80,64,1,
AW,1,0x20030AC0,64,1,FFFFFFFFFFFFFFFF
AR,0,0x20030B00,64,1,
AW,1,0x20030B40,64,1,FFFFFFFFFFFFFFFF
AR,0,0x20030B80,64,1,
AW,1,0x20030BC0,64,1,FFFFFFFFFFFFFFFF
AR,0,0x20030C00,64,1,
AW,1,0x20030C40,64,1,FFFFFFFFFFFFFFFF
AR,0,0x20030C80,64,1,
AW,1,0x20030CC0,64,1,FFFFFFFFFFFFFFFF
AR,0,0x20030D00,64,1,
AW,1,0x20030D40,64,1,FFFFFFFFFFFFFFFF
AR,0,0x20030D80,64,1,
AW,1,0x20030DC0,64,1,FFFFFFFFFFFFFFFF
AR,0,0x20030E00,64,1,
AW,1,0x20030E40,64,1,FFFFFFFFFFFFFFFF
AR,0,0x20030E80,64,1,
AW,1,0x20030EC0,64,1,FFFFFFFFFFFFFFFF
AR,0,0x20030F00,64,1,
AW,1,0x20030F40,64,1,FFFFFFFFFFFFFFFF
AR,0,0x20030F80,64,1,
AW,1,0x20030FC0,64,1,FFFFFFFFFFFFFFFF
AR,0,0x20031000,64,1,
AW,1,0x20031040,64,1,FFFFFFFFFFFFFFFF
AR,0,0x20031080,64,1,
AW,1,0x200310C0,64,1,FFFFFFFFFFFFFFFF
AR,0,0x20031100,64,1,
AW,1,0x20031140,64,1,FFFFFFFFFFFFFFFF
AR,0,0x20031180,64,1,
AW,1,0x200311C0,64,1,FFFFFFFFFFFFFFFF
AR,0,0x20031200,64,1,
AW,1,0x20031240,64,1,FFFFFFFFFFFFFFFF
AR,0,0x20031280,64,1,
AW,1,0x200312C0,64,1,FFFFFFFFFFFFFFFF
AR,0,0x20031300,64,1,
AW,1,0x20031340,64,1,FFFFFFFFFFFFFFFF
AR,0,0x20031380,64,1,
AW,1,0x200313C0,64,1,FFFFFFFFFFFFFFFF
AR,0,0x20031400,64,1,
AW,1,0x20031440,64,1,FFFFFFFFFFFFFFFF
AR,0,0x20031480,64,1,
AW,1,0x200314C0,64,1,FFFFFFFFFFFFFFFF
AR,0,0x20031500,64,1,
AW,1,0x20031540,64,1,FFFFFFFFFFFFFFFF
AR,0,0x20031580,64,1,
AW,1,0x200315C0,64,1,FFFFFFFFFFFFFFFF
AR,0,0x20031600,64,1,
AW,1,0x20031640,64,1,FFFFFFFFFFFFFFFF
AR,0,0x20031680,64,1,
AW,1,0x200316C0,64,1,FFFFFFFFFFFFFFFF
AR,0,0x20031700,64,1,
AW,1,0x20031740,64,1,FFFFFFFFFFFFFFFF
AR,0,0x20031780,64,1,
AW,1,0x200317C0,64,1,FFFFFFFFFFFFFFFF
AR,0,0x20031800,64,1,
AW,1,0x20031840,64,1,FFFFFFFFFFFFFFFF
AR,0,0x20031880,64,1,
AW,1,0x200318C0,64,1,FFFFFFFFFFFFFFFF
AR,0,0x20031900,64,1,
AW,1,0x20031940,64,1,FFFFFFFFFFFFFFFF
AR,0,0x20031980,64,1,
AW,1,0x200319C0,64,1,FFFFFFFFFFFFFFFF
AR,0,0x20031A00,64,1,
AW,1,0x20031A40,64,1,FFFFFFFFFFFFFFFF
AR,0,0x20031A80,64,1,
AW,1,0x20031AC0,64,1,FFFFFFFFFFFFFFFF
AR,0,0x20031B00,64,1,
AW,1,0x20031B40,64,1,FFFFFFFFFFFFFFFF
AR,0,0x20031B80,64,1,
AW,1,0x20031BC0,64,1,FFFFFFFFFFFFFFFF
AR,0,0x20031C00,64,1,
AW,1,0x20031C40,64,1,FFFFFFFFFFFFFFFF
AR,0,0x20031C80,64,1,
AW,1,0x20031CC0,64,1,FFFFFFFFFFFFFFFF
AR,0,0x20031D00,64,1,
AW,1,0x20031D40,64,1,FFFFFFFFFFFFFFFF
AR,0,0x20031D80,64,1,
AW,1,0x20031DC0,64,1,FFFFFFFFFFFFFFFF
AR,0,0x20031E00,64,1,
AW,1,0x20031E40,64,1,FFFFFFFFFFFFFFFF
AR,0,0x20031E80,64,1,
AW,1,0x20031EC0,64,1,FFFFFFFFFFFFFFFF
AR,0,0x20031F00,64,1,
AW,1,0x20031F40,64,1,FFFFFFFFFFFFFFFF
AR,0,0x20031F80,64,1,
AW,1,0x20031FC0,64,1,FFFFFFFFFFFFFFFF
AR,0,0x20032000,64,1,
AW,1,0x20032040,64,1,FFFFFFFFFFFFFFFF
AR,0,0x20032080,64,1,
AW,1,0x200320C0,64,1,FFFFFFFFFFFFFFFF
AR,0,0x20032100,64,1,
AW,1,0x20032140,64,1,FFFFFFFFFFFFFFFF
AR,0,0x20032180,64,1,
AW,1,0x200321C0,64,1,FFFFFFFFFFFFFFFF
AR,0,0x20032200,64,1,
AW,1,0x20032240,64,1,FFFFFFFFFFFFFFFF
AR,0,0x20032280,64,1,
AW,1,0x200322C0,64,1,FFFFFFFFFFFFFFFF
AR,0,0x20032300,64,1,
AW,1,0x20032340,64,1,FFFFFFFFFFFFFFFF
AR,0,0x20032380,64,1,
AW,1,0x200323C0,64,1,FFFFFFFFFFFFFFFF
AR,0,0x20032400,64,1,
AW,1,0x20032440,64,1,FFFFFFFFFFFFFFFF
AR,0,0x20032480,64,1,
AW,1,0x200324C0,64,1,FFFFFFFFFFFFFFFF
AR,0,0x20032500,64,1,
AW,1,0x20032540,64,1,FFFFFFFFFFFFFFFF
AR,0,0x20032580,64,1,
AW,1,0x200325C0,64,1,FFFFFFFFFFFFFFFF
AR,0,0x20032600,64,1,
AW,1,0x20032640,64,1,FFFFFFFFFFFFFFFF
AR,0,0x20032680,64,1,
AW,1,0x200326C0,64,1,FFFFFFFFFFFFFFFF
AR,0,0x20032700,64,1,
AW,1,0x20032740,64,1,FFFFFFFFFFFFFFFF
AR,0,0x20032780,64,1,
AW,1,0x200327C0,64,1,FFFFFFFFFFFFFFFF
AR,0,0x20032800,64,1,
AW,1,0x20032840,64,1,FFFFFFFFFFFFFFFF
AR,0,0x20032880,64,1,
AW,1,0x200328C0,64,1,FFFFFFFFFFFFFFFF
AR,0,0x20032900,64,1,
AW,1,0x20032940,64,1,FFFFFFFFFFFFFFFF
AR,0,0x20032980,64,1,
AW,1,0x200329C0,64,1,FFFFFFFFFFFFFFFF
AR,0,0x20032A00,64,1,
AW,1,0x20032A40,64,1,FFFFFFFFFFFFFFFF
AR,0,0x20032A80,64,1,
AW,1,0x20032AC0,64,1,FFFFFFFFFFFFFFFF
AR,0,0x20032B00,64,1,
AW,1,0x20032B40,64,1,FFFFFFFFFFFFFFFF
AR,0,0x20032B80,64,1,
AW,1,0x20032BC0,64,1,FFFFFFFFFFFFFFFF
AR,0,0x20032C00,64,1,
AW,1,0x20032C40,64,1,FFFFFFFFFFFFFFFF
AR,0,0x20032C80,64,1,
AW,1,0x20032CC0,64,1,FFFFFFFFFFFFFFFF
AR,0,0x20032D00,64,1,
AW,1,0x20032D40,64,1,FFFFFFFFFFFFFFFF
AR,0,0x20032D80,64,1,
AW,1,0x20032DC0,64,1,FFFFFFFFFFFFFFFF
AR,0,0x20032E00,64,1,
AW,1,0x20032E40,64,1,FFFFFFFFFFFFFFFF
AR,0,0x20032E80,64,1,
AW,1,0x20032EC0,64,1,FFFFFFFFFFFFFFFF
AR,0,0x20032F00,64,1,
AW,1,0x20032F40,64,1,FFFFFFFFFFFFFFFF
AR,0,0x20032F80,64,1,
AW,1,0x20032FC0,64,1,FFFFFFFFFFFFFFFF
AR,0,0x20033000,64,1,
AW,1,0x20033040,64,1,FFFFFFFFFFFFFFFF
AR,0,0x20033080,64,1,
AW,1,0x200330C0,64,1,FFFFFFFFFFFFFFFF
AR,0,0x20033100,64,1,
AW,1,0x20033140,64,1,FFFFFFFFFFFFFFFF
AR,0,0x20033180,64,1,
AW,1,0x200331C0,64,1,FFFFFFFFFFFFFFFF
AR,0,0x20033200,64,1,
AW,1,0x20033240,64,1,FFFFFFFFFFFFFFFF
AR,0,0x20033280,64,1,
AW,1,0x200332C0,64,1,FFFFFFFFFFFFFFFF
AR,0,0x20033300,64,1,
AW,1,0x20033340,64,1,FFFFFFFFFFFFFFFF
AR,0,0x20033380,64,1,
AW,1,0x200333C0,64,1,FFFFFFFFFFFFFFFF
AR,0,0x20033400,64,1,
AW,1,0x20033440,64,1,FFFFFFFFFFFFFFFF
AR,0,0x20033480,64,1,
AW,1,0x200334C0,64,1,FFFFFFFFFFFFFFFF
AR,0,0x20033500,64,1,
AW,1,0x20033540,64,1,FFFFFFFFFFFFFFFF
AR,0,0x20033580,64,1,
AW,1,0x200335C0,64,1,FFFFFFFFFFFFFFFF
AR,0,0x20033600,64,1,
AW,1,0x20033640,64,1,FFFFFFFFFFFFFFFF
AR,0,0x20033680,64,1,
AW,1,0x200336C0,64,1,FFFFFFFFFFFFFFFF
AR,0,0x20033700,64,1,
AW,1,0x20033740,64,1,FFFFFFFFFFFFFFFF
AR,0,0x20033780,64,1,
AW,1,0x200337C0,64,1,FFFFFFFFFFFFFFFF
AR,0,0x20033800,64,1,
AW,1,0x20033840,64,1,FFFFFFFFFFFFFFFF
AR,0,0x20033880,64,1,
AW,1,0x200338C0,64,1,FFFFFFFFFFFFFFFF
AR,0,0x20033900,64,1,
AW,1,0x20033940,64,1,FFFFFFFFFFFFFFFF
AR,0,0x20033980,64,1,
AW,1,0x200339C0,64,1,FFFFFFFFFFFFFFFF
AR,0,0x20033A00,64,1,
AW,1,0x20033A40,64,1,FFFFFFFFFFFFFFFF
AR,0,0x20033A80,64,1,
AW,1,0x20033AC0,64,1,FFFFFFFFFFFFFFFF
AR,0,0x20033B00,64,1,
AW,1,0x20033B40,64,1,FFFFFFFFFFFFFFFF
AR,0,0x20033B80,64,1,
AW,1,0x20033BC0,64,1,FFFFFFFFFFFFFFFF
AR,0,0x20033C00,64,1,
AW,1,0x20033C40,64,1,FFFFFFFFFFFFFFFF
AR,0,0x20033C80,64,1,
AW,1,0x20033CC0,64,1,FFFFFFFFFFFFFFFF
AR,0,0x20033D00,64,1,
AW,1,0x20033D40,64,1,FFFFFFFFFFFFFFFF
AR,0,0x20033D80,64,1,
AW,1,0x20033DC0,64,1,FFFFFFFFFFFFFFFF
AR,0,0x20033E00,64,1,
AW,1,0x20033E40,64,1,FFFFFFFFFFFFFFFF
AR,0,0x20033E80,64,1,
AW,1,0x20033EC0,64,1,FFFFFFFFFFFFFFFF
AR,0,0x20033F00,64,1,
AW,1,0x20033F40,64,1,FFFFFFFFFFFFFFFF
AR,0,0x20033F80,64,1,
AW,1,0x20033FC0,64,1,FFFFFFFFFFFFFFFF
AR,0,0x20034000,64,1,
AW,1,0x20034040,64,1,FFFFFFFFFFFFFFFF
AR,0,0x20034080,64,1,
AW,1,0x200340C0,64,1,FFFFFFFFFFFFFFFF
AR,0,0x20034100,64,1,
AW,1,0x20034140,64,1,FFFFFFFFFFFFFFFF
AR,0,0x20034180,64,1,
AW,1,0x200341C0,64,1,FFFFFFFFFFFFFFFF
AR,0,0x20034200,64,1,
AW,1,0x20034240,64,1,FFFFFFFFFFFFFFFF
AR,0,0x20034280,64,1,
AW,1,0x200342C0,64,1,FFFFFFFFFFFFFFFF
AR,0,0x20034300,64,1,
AW,1,0x20034340,64,1,FFFFFFFFFFFFFFFF
AR,0,0x20034380,64,1,
AW,1,0x200343C0,64,1,FFFFFFFFFFFFFFFF
AR,0,0x20034400,64,1,
AW,1,0x20034440,64,1,FFFFFFFFFFFFFFFF
AR,0,0x20034480,64,1,
AW,1,0x200344C0,64,1,FFFFFFFFFFFFFFFF
AR,0,0x20034500,64,1,
AW,1,0x20034540,64,1,FFFFFFFFFFFFFFFF
AR,0,0x20034580,64,1,
AW,1,0x200345C0,64,1,FFFFFFFFFFFFFFFF
AR,0,0x20034600,64,1,
AW,1,0x20034640,64,1,FFFFFFFFFFFFFFFF
AR,0,0x20034680,64,1,
AW,1,0x200346C0,64,1,FFFFFFFFFFFFFFFF
AR,0,0x20034700,64,1,
AW,1,0x20034740,64,1,FFFFFFFFFFFFFFFF
AR,0,0x20034780,64,1,
AW,1,0x200347C0,64,1,FFFFFFFFFFFFFFFF
AR,0,0x20034800,64,1,
AW,1,0x20034840,64,1,FFFFFFFFFFFFFFFF
AR,0,0x20034880,64,1,
AW,1,0x200348C0,64,1,FFFFFFFFFFFFFFFF
AR,0,0x20034900,64,1,
AW,1,0x20034940,64,1,FFFFFFFFFFFFFFFF
AR,0,0x20034980,64,1,
AW,1,0x200349C0,64,1,FFFFFFFFFFFFFFFF
AR,0,0x20034A00,64,1,
AW,1,0x20034A40,64,1,FFFFFFFFFFFFFFFF
AR,0,0x20034A80,64,1,
AW,1,0x20034AC0,64,1,FFFFFFFFFFFFFFFF
AR,0,0x20034B00,64,1,
AW,1,0x20034B40,64,1,FFFFFFFFFFFFFFFF
AR,0,0x20034B80,64,1,
AW,1,0x20034BC0,64,1,FFFFFFFFFFFFFFFF
AR,0,0x20034C00,64,1,
AW,1,0x20034C40,64,1,FFFFFFFFFFFFFFFF
AR,0,0x20034C80,64,1,
AW,1,0x20034CC0,64,1,FFFFFFFFFFFFFFFF
AR,0,0x20034D00,64,1,
AW,1,0x20034D40,64,1,FFFFFFFFFFFFFFFF
AR,0,0x20034D80,64,1,
AW,1,0x20034DC0,64,1,FFFFFFFFFFFFFFFF
AR,0,0x20034E00,64,1,
AW,1,0x20034E40,64,1,FFFFFFFFFFFFFFFF
AR,0,0x20034E80,64,1,
AW,1,0x20034EC0,64,1,FFFFFFFFFFFFFFFF
AR,0,0x20034F00,64,1,
AW,1,0x20034F40,64,1,FFFFFFFFFFFFFFFF
AR,0,0x20034F80,64,1,
AW,1,0x20034FC0,64,1,FFFFFFFFFFFFFFFF
AR,0,0x20035000,64,1,
AW,1,0x20035040,64,1,FFFFFFFFFFFFFFFF
AR,0,0x20035080,64,1,
AW,1,0x200350C0,64,1,FFFFFFFFFFFFFFFF
AR,0,0x20035100,64,1,
AW,1,0x20035140,64,1,FFFFFFFFFFFFFFFF
AR,0,0x20035180,64,1,
AW,1,0x200351C0,64,1,FFFFFFFFFFFFFFFF
AR,0,0x20035200,64,1,
AW,1,0x20035240,64,1,FFFFFFFFFFFFFFFF
AR,0,0x20035280,64,1,
AW,1,0x200352C0,64,1,FFFFFFFFFFFFFFFF
AR,0,0x20035300,64,1,
AW,1,0x20035340,64,1,FFFFFFFFFFFFFFFF
AR,0,0x20035380,64,1,
AW,1,0x200353C0,64,1,FFFFFFFFFFFFFFFF
AR,0,0x20035400,64,1,
AW,1,0x20035440,64,1,FFFFFFFFFFFFFFFF
AR,0,0x20035480,64,1,
AW,1,0x200354C0,64,1,FFFFFFFFFFFFFFFF
AR,0,0x20035500,64,1,
AW,1,0x20035540,64,1,FFFFFFFFFFFFFFFF
AR,0,0x20035580,64,1,
AW,1,0x200355C0,64,1,FFFFFFFFFFFFFFFF
AR,0,0x20035600,64,1,
AW,1,0x20035640,64,1,FFFFFFFFFFFFFFFF
AR,0,0x20035680,64,1,
AW,1,0x200356C0,64,1,FFFFFFFFFFFFFFFF
AR,0,0x20035700,64,1,
AW,1,0x20035740,64,1,FFFFFFFFFFFFFFFF
AR,0,0x20035780,64,1,
AW,1,0x200357C0,64,1,FFFFFFFFFFFFFFFF
AR,0,0x20035800,64,1,
AW,1,0x20035840,64,1,FFFFFFFFFFFFFFFF
AR,0,0x20035880,64,1,
AW,1,0x200358C0,64,1,FFFFFFFFFFFFFFFF
AR,0,0x20035900,64,1,
AW,1,0x20035940,64,1,FFFFFFFFFFFFFFFF
AR,0,0x20035980,64,1,
AW,1,0x200359C0,64,1,FFFFFFFFFFFFFFFF
AR,0,0x20035A00,64,1,
AW,1,0x20035A40,64,1,FFFFFFFFFFFFFFFF
AR,0,0x20035A80,64,1,
AW,1,0x20035AC0,64,1,FFFFFFFFFFFFFFFF
AR,0,0x20035B00,64,1,
AW,1,0x20035B40,64,1,FFFFFFFFFFFFFFFF
AR,0,0x20035B80,64,1,
AW,1,0x20035BC0,64,1,FFFFFFFFFFFFFFFF
AR,0,0x20035C00,64,1,
AW,1,0x20035C40,64,1,FFFFFFFFFFFFFFFF
AR,0,0x20035C80,64,1,
AW,1,0x20035CC0,64,1,FFFFFFFFFFFFFFFF
AR,0,0x20035D00,64,1,
AW,1,0x20035D40,64,1,FFFFFFFFFFFFFFFF
AR,0,0x20035D80,64,1,
AW,1,0x20035DC0,64,1,FFFFFFFFFFFFFFFF
AR,0,0x20035E00,64,1,
AW,1,0x20035E40,64,1,FFFFFFFFFFFFFFFF
AR,0,0x20035E80,64,1,
AW,1,0x20035EC0,64,1,FFFFFFFFFFFFFFFF
AR,0,0x20035F00,64,1,
AW,1,0x20035F40,64,1,FFFFFFFFFFFFFFFF
AR,0,0x20035F80,64,1,
AW,1,0x20035FC0,64,1,FFFFFFFFFFFFFFFF
AR,0,0x20036000,64,1,
AW,1,0x20036040,64,1,FFFFFFFFFFFFFFFF
AR,0,0x20036080,64,1,
AW,1,0x200360C0,64,1,FFFFFFFFFFFFFFFF
AR,0,0x20036100,64,1,
AW,1,0x20036140,64,1,FFFFFFFFFFFFFFFF
AR,0,0x20036180,64,1,
AW,1,0x200361C0,64,1,FFFFFFFFFFFFFFFF
AR,0,0x20036200,64,1,
AW,1,0x20036240,64,1,FFFFFFFFFFFFFFFF
AR,0,0x20036280,64,1,
AW,1,0x200362C0,64,1,FFFFFFFFFFFFFFFF
AR,0,0x20036300,64,1,
AW,1,0x20036340,64,1,FFFFFFFFFFFFFFFF
AR,0,0x20036380,64,1,
AW,1,0x200363C0,64,1,FFFFFFFFFFFFFFFF
AR,0,0x20036400,64,1,
AW,1,0x20036440,64,1,FFFFFFFFFFFFFFFF
AR,0,0x20036480,64,1,
AW,1,0x200364C0,64,1,FFFFFFFFFFFFFFFF
AR,0,0x20036500,64,1,
AW,1,0x20036540,64,1,FFFFFFFFFFFFFFFF
AR,0,0x20036580,64,1,
AW,1,0x200365C0,64,1,FFFFFFFFFFFFFFFF
AR,0,0x20036600,64,1,
AW,1,0x20036640,64,1,FFFFFFFFFFFFFFFF
AR,0,0x20036680,64,1,
AW,1,0x200366C0,64,1,FFFFFFFFFFFFFFFF
AR,0,0x20036700,64,1,
AW,1,0x20036740,64,1,FFFFFFFFFFFFFFFF
AR,0,0x20036780,64,1,
AW,1,0x200367C0,64,1,FFFFFFFFFFFFFFFF
AR,0,0x20036800,64,1,
AW,1,0x20036840,64,1,FFFFFFFFFFFFFFFF
AR,0,0x20036880,64,1,
AW,1,0x200368C0,64,1,FFFFFFFFFFFFFFFF
AR,0,0x20036900,64,1,
AW,1,0x20036940,64,1,FFFFFFFFFFFFFFFF
AR,0,0x20036980,64,1,
AW,1,0x200369C0,64,1,FFFFFFFFFFFFFFFF
AR,0,0x20036A00,64,1,
AW,1,0x20036A40,64,1,FFFFFFFFFFFFFFFF
AR,0,0x20036A80,64,1,
AW,1,0x20036AC0,64,1,FFFFFFFFFFFFFFFF
AR,0,0x20036B00,64,1,
AW,1,0x20036B40,64,1,FFFFFFFFFFFFFFFF
AR,0,0x20036B80,64,1,
AW,1,0x20036BC0,64,1,FFFFFFFFFFFFFFFF
AR,0,0x20036C00,64,1,
AW,1,0x20036C40,64,1,FFFFFFFFFFFFFFFF
AR,0,0x20036C80,64,1,
AW,1,0x20036CC0,64,1,FFFFFFFFFFFFFFFF
AR,0,0x20036D00,64,1,
AW,1,0x20036D40,64,1,FFFFFFFFFFFFFFFF
AR,0,0x20036D80,64,1,
AW,1,0x20036DC0,64,1,FFFFFFFFFFFFFFFF
AR,0,0x20036E00,64,1,
AW,1,0x20036E40,64,1,FFFFFFFFFFFFFFFF
AR,0,0x20036E80,64,1,
AW,1,0x20036EC0,64,1,FFFFFFFFFFFFFFFF
AR,0,0x20036F00,64,1,
AW,1,0x20036F40,64,1,FFFFFFFFFFFFFFFF
AR,0,0x20036F80,64,1,
AW,1,0x20036FC0,64,1,FFFFFFFFFFFFFFFF
AR,0,0x20037000,64,1,
AW,1,0x20037040,64,1,FFFFFFFFFFFFFFFF
AR,0,0x20037080,64,1,
AW,1,0x200370C0,64,1,FFFFFFFFFFFFFFFF
AR,0,0x20037100,64,1,
AW,1,0x20037140,64,1,FFFFFFFFFFFFFFFF
AR,0,0x20037180,64,1,
AW,1,0x200371C0,64,1,FFFFFFFFFFFFFFFF
AR,0,0x20037200,64,1,
AW,1,0x20037240,64,1,FFFFFFFFFFFFFFFF
AR,0,0x20037280,64,1,
AW,1,0x200372C0,64,1,FFFFFFFFFFFFFFFF
AR,0,0x20037300,64,1,
AW,1,0x20037340,64,1,FFFFFFFFFFFFFFFF
AR,0,0x20037380,64,1,
AW,1,0x200373C0,64,1,FFFFFFFFFFFFFFFF
AR,0,0x20037400,64,1,
AW,1,0x20037440,64,1,FFFFFFFFFFFFFFFF
AR,0,0x20037480,64,1,
AW,1,0x200374C0,64,1,FFFFFFFFFFFFFFFF
AR,0,0x20037500,64,1,
AW,1,0x20037540,64,1,FFFFFFFFFFFFFFFF
AR,0,0x20037580,64,1,
AW,1,0x200375C0,64,1,FFFFFFFFFFFFFFFF
AR,0,0x20037600,64,1,
AW,1,0x20037640,64,1,FFFFFFFFFFFFFFFF
AR,0,0x20037680,64,1,
AW,1,0x200376C0,64,1,FFFFFFFFFFFFFFFF
AR,0,0x20037700,64,1,
AW,1,0x20037740,64,1,FFFFFFFFFFFFFFFF
AR,0,0x20037780,64,1,
AW,1,0x200377C0,64,1,FFFFFFFFFFFFFFFF
AR,0,0x20037800,64,1,
AW,1,0x20037840,64,1,FFFFFFFFFFFFFFFF
AR,0,0x20037880,64,1,
AW,1,0x200378C0,64,1,FFFFFFFFFFFFFFFF
AR,0,0x20037900,64,1,
AW,1,0x20037940,64,1,FFFFFFFFFFFFFFFF
AR,0,0x20037980,64,1,
AW,1,0x200379C0,64,1,FFFFFFFFFFFFFFFF
AR,0,0x20037A00,64,1,
AW,1,0x20037A40,64,1,FFFFFFFFFFFFFFFF
AR,0,0x20037A80,64,1,
AW,1,0x20037AC0,64,1,FFFFFFFFFFFFFFFF
AR,0,0x20037B00,64,1,
AW,1,0x20037B40,64,1,FFFFFFFFFFFFFFFF
AR,0,0x20037B80,64,1,
AW,1,0x20037BC0,64,1,FFFFFFFFFFFFFFFF
AR,0,0x20037C00,64,1,
AW,1,0x20037C40,64,1,FFFFFFFFFFFFFFFF
AR,0,0x20037C80,64,1,
AW,1,0x20037CC0,64,1,FFFFFFFFFFFFFFFF
AR,0,0x20037D00,64,1,
AW,1,0x20037D40,64,1,FFFFFFFFFFFFFFFF
AR,0,0x20037D80,64,1,
AW,1,0x20037DC0,64,1,FFFFFFFFFFFFFFFF
AR,0,0x20037E00,64,1,
AW,1,0x20037E40,64,1,FFFFFFFFFFFFFFFF
AR,0,0x20037E80,64,1,
AW,1,0x20037EC0,64,1,FFFFFFFFFFFFFFFF
AR,0,0x20037F00,64,1,
AW,1,0x20037F40,64,1,FFFFFFFFFFFFFFFF
AR,0,0x20037F80,64,1,
AW,1,0x20037FC0,64,1,FFFFFFFFFFFFFFFF
AR,0,0x20038000,64,1,
AW,1,0x20038040,64,1,FFFFFFFFFFFFFFFF
AR,0,0x20038080,64,1,
AW,1,0x200380C0,64,1,FFFFFFFFFFFFFFFF
AR,0,0x20038100,64,1,
AW,1,0x20038140,64,1,FFFFFFFFFFFFFFFF
AR,0,0x20038180,64,1,
AW,1,0x200381C0,64,1,FFFFFFFFFFFFFFFF
AR,0,0x20038200,64,1,
AW,1,0x20038240,64,1,FFFFFFFFFFFFFFFF
AR,0,0x20038280,64,1,
AW,1,0x200382C0,64,1,FFFFFFFFFFFFFFFF
AR,0,0x20038300,64,1,
AW,1,0x20038340,64,1,FFFFFFFFFFFFFFFF
AR,0,0x20038380,64,1,
AW,1,0x200383C0,64,1,FFFFFFFFFFFFFFFF
AR,0,0x20038400,64,1,
AW,1,0x20038440,64,1,FFFFFFFFFFFFFFFF
AR,0,0x20038480,64,1,
AW,1,0x200384C0,64,1,FFFFFFFFFFFFFFFF
AR,0,0x20038500,64,1,
AW,1,0x20038540,64,1,FFFFFFFFFFFFFFFF
AR,0,0x20038580,64,1,
AW,1,0x200385C0,64,1,FFFFFFFFFFFFFFFF
AR,0,0x20038600,64,1,
AW,1,0x20038640,64,1,FFFFFFFFFFFFFFFF
AR,0,0x20038680,64,1,
AW,1,0x200386C0,64,1,FFFFFFFFFFFFFFFF
AR,0,0x20038700,64,1,
AW,1,0x20038740,64,1,FFFFFFFFFFFFFFFF
AR,0,0x20038780,64,1,
AW,1,0x200387C0,64,1,FFFFFFFFFFFFFFFF
AR,0,0x20038800,64,1,
AW,1,0x20038840,64,1,FFFFFFFFFFFFFFFF
AR,0,0x20038880,64,1,
AW,1,0x200388C0,64,1,FFFFFFFFFFFFFFFF
AR,0,0x20038900,64,1,
AW,1,0x20038940,64,1,FFFFFFFFFFFFFFFF
AR,0,0x20038980,64,1,
AW,1,0x200389C0,64,1,FFFFFFFFFFFFFFFF
AR,0,0x20038A00,64,1,
AW,1,0x20038A40,64,1,FFFFFFFFFFFFFFFF
AR,0,0x20038A80,64,1,
AW,1,0x20038AC0,64,1,FFFFFFFFFFFFFFFF
AR,0,0x20038B00,64,1,
AW,1,0x20038B40,64,1,FFFFFFFFFFFFFFFF
AR,0,0x20038B80,64,1,
AW,1,0x20038BC0,64,1,FFFFFFFFFFFFFFFF
AR,0,0x20038C00,64,1,
AW,1,0x20038C40,64,1,FFFFFFFFFFFFFFFF
AR,0,0x20038C80,64,1,
AW,1,0x20038CC0,64,1,FFFFFFFFFFFFFFFF
AR,0,0x20038D00,64,1,
AW,1,0x20038D40,64,1,FFFFFFFFFFFFFFFF
AR,0,0x20038D80,64,1,
AW,1,0x20038DC0,64,1,FFFFFFFFFFFFFFFF
AR,0,0x20038E00,64,1,
AW,1,0x20038E40,64,1,FFFFFFFFFFFFFFFF
AR,0,0x20038E80,64,1,
AW,1,0x20038EC0,64,1,FFFFFFFFFFFFFFFF
AR,0,0x20038F00,64,1,
AW,1,0x20038F40,64,1,FFFFFFFFFFFFFFFF
AR,0,0x20038F80,64,1,
AW,1,0x20038FC0,64,1,FFFFFFFFFFFFFFFF
AR,0,0x20039000,64,1,
AW,1,0x20039040,64,1,FFFFFFFFFFFFFFFF
AR,0,0x20039080,64,1,
AW,1,0x200390C0,64,1,FFFFFFFFFFFFFFFF
AR,0,0x20039100,64,1,
AW,1,0x20039140,64,1,FFFFFFFFFFFFFFFF
AR,0,0x20039180,64,1,
AW,1,0x200391C0,64,1,FFFFFFFFFFFFFFFF
AR,0,0x20039200,64,1,
AW,1,0x20039240,64,1,FFFFFFFFFFFFFFFF
AR,0,0x20039280,64,1,
AW,1,0x200392C0,64,1,FFFFFFFFFFFFFFFF
AR,0,0x20039300,64,1,
AW,1,0x20039340,64,1,FFFFFFFFFFFFFFFF
AR,0,0x20039380,64,1,
AW,1,0x200393C0,64,1,FFFFFFFFFFFFFFFF
AR,0,0x20039400,64,1,
AW,1,0x20039440,64,1,FFFFFFFFFFFFFFFF
AR,0,0x20039480,64,1,
AW,1,0x200394C0,64,1,FFFFFFFFFFFFFFFF
AR,0,0x20039500,64,1,
AW,1,0x20039540,64,1,FFFFFFFFFFFFFFFF
AR,0,0x20039580,64,1,
AW,1,0x200395C0,64,1,FFFFFFFFFFFFFFFF
AR,0,0x20039600,64,1,
AW,1,0x20039640,64,1,FFFFFFFFFFFFFFFF
AR,0,0x20039680,64,1,
AW,1,0x200396C0,64,1,FFFFFFFFFFFFFFFF
AR,0,0x20039700,64,1,
AW,1,0x20039740,64,1,FFFFFFFFFFFFFFFF
AR,0,0x20039780,64,1,
AW,1,0x200397C0,64,1,FFFFFFFFFFFFFFFF
AR,0,0x20039800,64,1,
AW,1,0x20039840,64,1,FFFFFFFFFFFFFFFF
AR,0,0x20039880,64,1,
AW,1,0x200398C0,64,1,FFFFFFFFFFFFFFFF
AR,0,0x20039900,64,1,
AW,1,0x20039940,64,1,FFFFFFFFFFFFFFFF
AR,0,0x20039980,64,1,
AW,1,0x200399C0,64,1,FFFFFFFFFFFFFFFF
AR,0,0x20039A00,64,1,
AW,1,0x20039A40,64,1,FFFFFFFFFFFFFFFF
AR,0,0x20039A80,64,1,
AW,1,0x20039AC0,64,1,FFFFFFFFFFFFFFFF
AR,0,0x20039B00,64,1,
AW,1,0x20039B40,64,1,FFFFFFFFFFFFFFFF
AR,0,0x20039B80,64,1,
AW,1,0x20039BC0,64,1,FFFFFFFFFFFFFFFF
AR,0,0x20039C00,64,1,
AW,1,0x20039C40,64,1,FFFFFFFFFFFFFFFF
AR,0,0x20039C80,64,1,
AW,1,0x20039CC0,64,1,FFFFFFFFFFFFFFFF
AR,0,0x20039D00,64,1,
AW,1,0x20039D40,64,1,FFFFFFFFFFFFFFFF
AR,0,0x20039D80,64,1,
AW,1,0x20039DC0,64,1,FFFFFFFFFFFFFFFF
AR,0,0x20039E00,64,1,
AW,1,0x20039E40,64,1,FFFFFFFFFFFFFFFF
AR,0,0x20039E80,64,1,
AW,1,0x20039EC0,64,1,FFFFFFFFFFFFFFFF
AR,0,0x20039F00,64,1,
AW,1,0x20039F40,64,1,FFFFFFFFFFFFFFFF
AR,0,0x20039F80,64,1,
AW,1,0x20039FC0,64,1,FFFFFFFFFFFFFFFF
AR,0,0x2003A000,64,1,
AW,1,0x2003A040,64,1,FFFFFFFFFFFFFFFF
AR,0,0x2003A080,64,1,
AW,1,0x2003A0C0,64,1,FFFFFFFFFFFFFFFF
AR,0,0x2003A100,64,1,
AW,1,0x2003A140,64,1,FFFFFFFFFFFFFFFF
AR,0,0x2003A180,64,1,
AW,1,0x2003A1C0,64,1,FFFFFFFFFFFFFFFF
AR,0,0x2003A200,64,1,
AW,1,0x2003A240,64,1,FFFFFFFFFFFFFFFF
AR,0,0x2003A280,64,1,
AW,1,0x2003A2C0,64,1,FFFFFFFFFFFFFFFF
AR,0,0x2003A300,64,1,
AW,1,0x2003A340,64,1,FFFFFFFFFFFFFFFF
AR,0,0x2003A380,64,1,
AW,1,0x2003A3C0,64,1,FFFFFFFFFFFFFFFF
AR,0,0x2003A400,64,1,
AW,1,0x2003A440,64,1,FFFFFFFFFFFFFFFF
AR,0,0x2003A480,64,1,
AW,1,0x2003A4C0,64,1,FFFFFFFFFFFFFFFF
AR,0,0x2003A500,64,1,
AW,1,0x2003A540,64,1,FFFFFFFFFFFFFFFF
AR,0,0x2003A580,64,1,
AW,1,0x2003A5C0,64,1,FFFFFFFFFFFFFFFF
AR,0,0x2003A600,64,1,
AW,1,0x2003A640,64,1,FFFFFFFFFFFFFFFF
AR,0,0x2003A680,64,1,
AW,1,0x2003A6C0,64,1,FFFFFFFFFFFFFFFF
AR,0,0x2003A700,64,1,
AW,1,0x2003A740,64,1,FFFFFFFFFFFFFFFF
AR,0,0x2003A780,64,1,
AW,1,0x2003A7C0,64,1,FFFFFFFFFFFFFFFF
AR,0,0x2003A800,64,1,
AW,1,0x2003A840,64,1,FFFFFFFFFFFFFFFF
AR,0,0x2003A880,64,1,
AW,1,0x2003A8C0,64,1,FFFFFFFFFFFFFFFF
AR,0,0x2003A900,64,1,
AW,1,0x2003A940,64,1,FFFFFFFFFFFFFFFF
AR,0,0x2003A980,64,1,
AW,1,0x2003A9C0,64,1,FFFFFFFFFFFFFFFF
AR,0,0x2003AA00,64,1,
AW,1,0x2003AA40,64,1,FFFFFFFFFFFFFFFF
AR,0,0x2003AA80,64,1,
AW,1,0x2003AAC0,64,1,FFFFFFFFFFFFFFFF
AR,0,0x2003AB00,64,1,
AW,1,0x2003AB40,64,1,FFFFFFFFFFFFFFFF
AR,0,0x2003AB80,64,1,
AW,1,0x2003ABC0,64,1,FFFFFFFFFFFFFFFF
AR,0,0x2003AC00,64,1,
AW,1,0x2003AC40,64,1,FFFFFFFFFFFFFFFF
AR,0,0x2003AC80,64,1,
AW,1,0x2003ACC0,64,1,FFFFFFFFFFFFFFFF
AR,0,0x2003AD00,64,1,
AW,1,0x2003AD40,64,1,FFFFFFFFFFFFFFFF
AR,0,0x2003AD80,64,1,
AW,1,0x2003ADC0,64,1,FFFFFFFFFFFFFFFF
AR,0,0x2003AE00,64,1,
AW,1,0x2003AE40,64,1,FFFFFFFFFFFFFFFF
AR,0,0x2003AE80,64,1,
AW,1,0x2003AEC0,64,1,FFFFFFFFFFFFFFFF
AR,0,0x2003AF00,64,1,
AW,1,0x2003AF40,64,1,FFFFFFFFFFFFFFFF
AR,0,0x2003AF80,64,1,
AW,1,0x2003AFC0,64,1,FFFFFFFFFFFFFFFF
AR,0,0x2003B000,64,1,
AW,1,0x2003B040,64,1,FFFFFFFFFFFFFFFF
AR,0,0x2003B080,64,1,
AW,1,0x2003B0C0,64,1,FFFFFFFFFFFFFFFF
AR,0,0x2003B100,64,1,
AW,1,0x2003B140,64,1,FFFFFFFFFFFFFFFF
AR,0,0x2003B180,64,1,
AW,1,0x2003B1C0,64,1,FFFFFFFFFFFFFFFF
AR,0,0x2003B200,64,1,
AW,1,0x2003B240,64,1,FFFFFFFFFFFFFFFF
AR,0,0x2003B280,64,1,
AW,1,0x2003B2C0,64,1,FFFFFFFFFFFFFFFF
AR,0,0x2003B300,64,1,
AW,1,0x2003B340,64,1,FFFFFFFFFFFFFFFF
AR,0,0x2003B380,64,1,
AW,1,0x2003B3C0,64,1,FFFFFFFFFFFFFFFF
AR,0,0x2003B400,64,1,
AW,1,0x2003B440,64,1,FFFFFFFFFFFFFFFF
AR,0,0x2003B480,64,1,
AW,1,0x2003B4C0,64,1,FFFFFFFFFFFFFFFF
AR,0,0x2003B500,64,1,
AW,1,0x2003B540,64,1,FFFFFFFFFFFFFFFF
AR,0,0x2003B580,64,1,
AW,1,0x2003B5C0,64,1,FFFFFFFFFFFFFFFF
AR,0,0x2003B600,64,1,
AW,1,0x2003B640,64,1,FFFFFFFFFFFFFFFF
AR,0,0x2003B680,64,1,
AW,1,0x2003B6C0,64,1,FFFFFFFFFFFFFFFF
AR,0,0x2003B700,64,1,
AW,1,0x2003B740,64,1,FFFFFFFFFFFFFFFF
AR,0,0x2003B780,64,1,
AW,1,0x2003B7C0,64,1,FFFFFFFFFFFFFFFF
AR,0,0x2003B800,64,1,
AW,1,0x2003B840,64,1,FFFFFFFFFFFFFFFF
AR,0,0x2003B880,64,1,
AW,1,0x2003B8C0,64,1,FFFFFFFFFFFFFFFF
AR,0,0x2003B900,64,1,
AW,1,0x2003B940,64,1,FFFFFFFFFFFFFFFF
AR,0,0x2003B980,64,1,
AW,1,0x2003B9C0,64,1,FFFFFFFFFFFFFFFF
AR,0,0x2003BA00,64,1,
AW,1,0x2003BA40,64,1,FFFFFFFFFFFFFFFF
AR,0,0x2003BA80,64,1,
AW,1,0x2003BAC0,64,1,FFFFFFFFFFFFFFFF
AR,0,0x2003BB00,64,1,
AW,1,0x2003BB40,64,1,FFFFFFFFFFFFFFFF
AR,0,0x2003BB80,64,1,
AW,1,0x2003BBC0,64,1,FFFFFFFFFFFFFFFF
AR,0,0x2003BC00,64,1,
AW,1,0x2003BC40,64,1,FFFFFFFFFFFFFFFF
AR,0,0x2003BC80,64,1,
AW,1,0x2003BCC0,64,1,FFFFFFFFFFFFFFFF
AR,0,0x2003BD00,64,1,
AW,1,0x2003BD40,64,1,FFFFFFFFFFFFFFFF
AR,0,0x2003BD80,64,1,
AW,1,0x2003BDC0,64,1,FFFFFFFFFFFFFFFF
AR,0,0x2003BE00,64,1,
AW,1,0x2003BE40,64,1,FFFFFFFFFFFFFFFF
AR,0,0x2003BE80,64,1,
AW,1,0x2003BEC0,64,1,FFFFFFFFFFFFFFFF
AR,0,0x2003BF00,64,1,
AW,1,0x2003BF40,64,1,FFFFFFFFFFFFFFFF
AR,0,0x2003BF80,64,1,
AW,1,0x2003BFC0,64,1,FFFFFFFFFFFFFFFF
AR,0,0x2003C000,64,1,
AW,1,0x2003C040,64,1,FFFFFFFFFFFFFFFF
AR,0,0x2003C080,64,1,
AW,1,0x2003C0C0,64,1,FFFFFFFFFFFFFFFF
AR,0,0x2003C100,64,1,
AW,1,0x2003C140,64,1,FFFFFFFFFFFFFFFF
AR,0,0x2003C180,64,1,
AW,1,0x2003C1C0,64,1,FFFFFFFFFFFFFFFF
AR,0,0x2003C200,64,1,
AW,1,0x2003C240,64,1,FFFFFFFFFFFFFFFF
AR,0,0x2003C280,64,1,
AW,1,0x2003C2C0,64,1,FFFFFFFFFFFFFFFF
AR,0,0x2003C300,64,1,
AW,1,0x2003C340,64,1,FFFFFFFFFFFFFFFF
AR,0,0x2003C380,64,1,
AW,1,0x2003C3C0,64,1,FFFFFFFFFFFFFFFF
AR,0,0x2003C400,64,1,
AW,1,0x2003C440,64,1,FFFFFFFFFFFFFFFF
AR,0,0x2003C480,64,1,
AW,1,0x2003C4C0,64,1,FFFFFFFFFFFFFFFF
AR,0,0x2003C500,64,1,
AW,1,0x2003C540,64,1,FFFFFFFFFFFFFFFF
AR,0,0x2003C580,64,1,
AW,1,0x2003C5C0,64,1,FFFFFFFFFFFFFFFF
AR,0,0x2003C600,64,1,
AW,1,0x2003C640,64,1,FFFFFFFFFFFFFFFF
AR,0,0x2003C680,64,1,
AW,1,0x2003C6C0,64,1,FFFFFFFFFFFFFFFF
AR,0,0x2003C700,64,1,
AW,1,0x2003C740,64,1,FFFFFFFFFFFFFFFF
AR,0,0x2003C780,64,1,
AW,1,0x2003C7C0,64,1,FFFFFFFFFFFFFFFF
AR,0,0x2003C800,64,1,
AW,1,0x2003C840,64,1,FFFFFFFFFFFFFFFF
AR,0,0x2003C880,64,1,
AW,1,0x2003C8C0,64,1,FFFFFFFFFFFFFFFF
AR,0,0x2003C900,64,1,
AW,1,0x2003C940,64,1,FFFFFFFFFFFFFFFF
AR,0,0x2003C980,64,1,
AW,1,0x2003C9C0,64,1,FFFFFFFFFFFFFFFF
AR,0,0x2003CA00,64,1,
AW,1,0x2003CA40,64,1,FFFFFFFFFFFFFFFF
AR,0,0x2003CA80,64,1,
AW,1,0x2003CAC0,64,1,FFFFFFFFFFFFFFFF
AR,0,0x2003CB00,64,1,
AW,1,0x2003CB40,64,1,FFFFFFFFFFFFFFFF
AR,0,0x2003CB80,64,1,
AW,1,0x2003CBC0,64,1,FFFFFFFFFFFFFFFF
AR,0,0x2003CC00,64,1,
AW,1,0x2003CC40,64,1,FFFFFFFFFFFFFFFF
AR,0,0x2003CC80,64,1,
AW,1,0x2003CCC0,64,1,FFFFFFFFFFFFFFFF
AR,0,0x2003CD00,64,1,
AW,1,0x2003CD40,64,1,FFFFFFFFFFFFFFFF
AR,0,0x2003CD80,64,1,
AW,1,0x2003CDC0,64,1,FFFFFFFFFFFFFFFF
AR,0,0x2003CE00,64,1,
AW,1,0x2003CE40,64,1,FFFFFFFFFFFFFFFF
AR,0,0x2003CE80,64,1,
AW,1,0x2003CEC0,64,1,FFFFFFFFFFFFFFFF
AR,0,0x2003CF00,64,1,
AW,1,0x2003CF40,64,1,FFFFFFFFFFFFFFFF
AR,0,0x2003CF80,64,1,
AW,1,0x2003CFC0,64,1,FFFFFFFFFFFFFFFF
AR,0,0x2003D000,64,1,
AW,1,0x2003D040,64,1,FFFFFFFFFFFFFFFF
AR,0,0x2003D080,64,1,
AW,1,0x2003D0C0,64,1,FFFFFFFFFFFFFFFF
AR,0,0x2003D100,64,1,
AW,1,0x2003D140,64,1,FFFFFFFFFFFFFFFF
AR,0,0x2003D180,64,1,
AW,1,0x2003D1C0,64,1,FFFFFFFFFFFFFFFF
AR,0,0x2003D200,64,1,
AW,1,0x2003D240,64,1,FFFFFFFFFFFFFFFF
AR,0,0x2003D280,64,1,
AW,1,0x2003D2C0,64,1,FFFFFFFFFFFFFFFF
AR,0,0x2003D300,64,1,
AW,1,0x2003D340,64,1,FFFFFFFFFFFFFFFF
AR,0,0x2003D380,64,1,
AW,1,0x2003D3C0,64,1,FFFFFFFFFFFFFFFF
AR,0,0x2003D400,64,1,
AW,1,0x2003D440,64,1,FFFFFFFFFFFFFFFF
AR,0,0x2003D480,64,1,
AW,1,0x2003D4C0,64,1,FFFFFFFFFFFFFFFF
AR,0,0x2003D500,64,1,
AW,1,0x2003D540,64,1,FFFFFFFFFFFFFFFF
AR,0,0x2003D580,64,1,
AW,1,0x2003D5C0,64,1,FFFFFFFFFFFFFFFF
AR,0,0x2003D600,64,1,
AW,1,0x2003D640,64,1,FFFFFFFFFFFFFFFF
AR,0,0x2003D680,64,1,
AW,1,0x2003D6C0,64,1,FFFFFFFFFFFFFFFF
AR,0,0x2003D700,64,1,
AW,1,0x2003D740,64,1,FFFFFFFFFFFFFFFF
AR,0,0x2003D780,64,1,
AW,1,0x2003D7C0,64,1,FFFFFFFFFFFFFFFF
AR,0,0x2003D800,64,1,
AW,1,0x2003D840,64,1,FFFFFFFFFFFFFFFF
AR,0,0x2003D880,64,1,
AW,1,0x2003D8C0,64,1,FFFFFFFFFFFFFFFF
AR,0,0x2003D900,64,1,
AW,1,0x2003D940,64,1,FFFFFFFFFFFFFFFF
AR,0,0x2003D980,64,1,
AW,1,0x2003D9C0,64,1,FFFFFFFFFFFFFFFF
AR,0,0x2003DA00,64,1,
AW,1,0x2003DA40,64,1,FFFFFFFFFFFFFFFF
AR,0,0x2003DA80,64,1,
AW,1,0x2003DAC0,64,1,FFFFFFFFFFFFFFFF
AR,0,0x2003DB00,64,1,
AW,1,0x2003DB40,64,1,FFFFFFFFFFFFFFFF
AR,0,0x2003DB80,64,1,
AW,1,0x2003DBC0,64,1,FFFFFFFFFFFFFFFF
AR,0,0x2003DC00,64,1,
AW,1,0x2003DC40,64,1,FFFFFFFFFFFFFFFF
AR,0,0x2003DC80,64,1,
AW,1,0x2003DCC0,64,1,FFFFFFFFFFFFFFFF
AR,0,0x2003DD00,64,1,
AW,1,0x2003DD40,64,1,FFFFFFFFFFFFFFFF
AR,0,0x2003DD80,64,1,
AW,1,0x2003DDC0,64,1,FFFFFFFFFFFFFFFF
AR,0,0x2003DE00,64,1,
AW,1,0x2003DE40,64,1,FFFFFFFFFFFFFFFF
AR,0,0x2003DE80,64,1,
AW,1,0x2003DEC0,64,1,FFFFFFFFFFFFFFFF
AR,0,0x2003DF00,64,1,
AW,1,0x2003DF40,64,1,FFFFFFFFFFFFFFFF
AR,0,0x2003DF80,64,1,
AW,1,0x2003DFC0,64,1,FFFFFFFFFFFFFFFF
AR,0,0x2003E000,64,1,
AW,1,0x2003E040,64,1,FFFFFFFFFFFFFFFF
AR,0,0x2003E080,64,1,
AW,1,0x2003E0C0,64,1,FFFFFFFFFFFFFFFF
AR,0,0x2003E100,64,1,
AW,1,0x2003E140,64,1,FFFFFFFFFFFFFFFF
AR,0,0x2003E180,64,1,
AW,1,0x2003E1C0,64,1,FFFFFFFFFFFFFFFF
AR,0,0x2003E200,64,1,
AW,1,0x2003E240,64,1,FFFFFFFFFFFFFFFF
AR,0,0x2003E280,64,1,
AW,1,0x2003E2C0,64,1,FFFFFFFFFFFFFFFF
AR,0,0x2003E300,64,1,
AW,1,0x2003E340,64,1,FFFFFFFFFFFFFFFF
AR,0,0x2003E380,64,1,
AW,1,0x2003E3C0,64,1,FFFFFFFFFFFFFFFF
AR,0,0x2003E400,64,1,
AW,1,0x2003E440,64,1,FFFFFFFFFFFFFFFF
AR,0,0x2003E480,64,1,
AW,1,0x2003E4C0,64,1,FFFFFFFFFFFFFFFF
AR,0,0x2003E500,64,1,
AW,1,0x2003E540,64,1,FFFFFFFFFFFFFFFF
AR,0,0x2003E580,64,1,
AW,1,0x2003E5C0,64,1,FFFFFFFFFFFFFFFF
AR,0,0x2003E600,64,1,
AW,1,0x2003E640,64,1,FFFFFFFFFFFFFFFF
AR,0,0x2003E680,64,1,
AW,1,0x2003E6C0,64,1,FFFFFFFFFFFFFFFF
AR,0,0x2003E700,64,1,
AW,1,0x2003E740,64,1,FFFFFFFFFFFFFFFF
AR,0,0x2003E780,64,1,
AW,1,0x2003E7C0,64,1,FFFFFFFFFFFFFFFF
AR,0,0x2003E800,64,1,
AW,1,0x2003E840,64,1,FFFFFFFFFFFFFFFF
AR,0,0x2003E880,64,1,
AW,1,0x2003E8C0,64,1,FFFFFFFFFFFFFFFF
AR,0,0x2003E900,64,1,
AW,1,0x2003E940,64,1,FFFFFFFFFFFFFFFF
AR,0,0x2003E980,64,1,
AW,1,0x2003E9C0,64,1,FFFFFFFFFFFFFFFF
AR,0,0x2003EA00,64,1,
AW,1,0x2003EA40,64,1,FFFFFFFFFFFFFFFF
AR,0,0x2003EA80,64,1,
AW,1,0x2003EAC0,64,1,FFFFFFFFFFFFFFFF
AR,0,0x2003EB00,64,1,
AW,1,0x2003EB40,64,1,FFFFFFFFFFFFFFFF
AR,0,0x2003EB80,64,1,
AW,1,0x2003EBC0,64,1,FFFFFFFFFFFFFFFF
AR,0,0x2003EC00,64,1,
AW,1,0x2003EC40,64,1,FFFFFFFFFFFFFFFF
AR,0,0x2003EC80,64,1,
AW,1,0x2003ECC0,64,1,FFFFFFFFFFFFFFFF
AR,0,0x2003ED00,64,1,
AW,1,0x2003ED40,64,1,FFFFFFFFFFFFFFFF
AR,0,0x2003ED80,64,1,
AW,1,0x2003EDC0,64,1,FFFFFFFFFFFFFFFF
AR,0,0x2003EE00,64,1,
AW,1,0x2003EE40,64,1,FFFFFFFFFFFFFFFF
AR,0,0x2003EE80,64,1,
AW,1,0x2003EEC0,64,1,FFFFFFFFFFFFFFFF
AR,0,0x2003EF00,64,1,
AW,1,0x2003EF40,64,1,FFFFFFFFFFFFFFFF
AR,0,0x2003EF80,64,1,
AW,1,0x2003EFC0,64,1,FFFFFFFFFFFFFFFF
AR,0,0x2003F000,64,1,
AW,1,0x2003F040,64,1,FFFFFFFFFFFFFFFF
AR,0,0x2003F080,64,1,
AW,1,0x2003F0C0,64,1,FFFFFFFFFFFFFFFF
AR,0,0x2003F100,64,1,
AW,1,0x2003F140,64,1,FFFFFFFFFFFFFFFF
AR,0,0x2003F180,64,1,
AW,1,0x2003F1C0,64,1,FFFFFFFFFFFFFFFF
AR,0,0x2003F200,64,1,
AW,1,0x2003F240,64,1,FFFFFFFFFFFFFFFF
AR,0,0x2003F280,64,1,
AW,1,0x2003F2C0,64,1,FFFFFFFFFFFFFFFF
AR,0,0x2003F300,64,1,
AW,1,0x2003F340,64,1,FFFFFFFFFFFFFFFF
AR,0,0x2003F380,64,1,
AW,1,0x2003F3C0,64,1,FFFFFFFFFFFFFFFF
AR,0,0x2003F400,64,1,
AW,1,0x2003F440,64,1,FFFFFFFFFFFFFFFF
AR,0,0x2003F480,64,1,
AW,1,0x2003F4C0,64,1,FFFFFFFFFFFFFFFF
AR,0,0x2003F500,64,1,
AW,1,0x2003F540,64,1,FFFFFFFFFFFFFFFF
AR,0,0x2003F580,64,1,
AW,1,0x2003F5C0,64,1,FFFFFFFFFFFFFFFF
AR,0,0x2003F600,64,1,
AW,1,0x2003F640,64,1,FFFFFFFFFFFFFFFF
AR,0,0x2003F680,64,1,
AW,1,0x2003F6C0,64,1,FFFFFFFFFFFFFFFF
AR,0,0x2003F700,64,1,
AW,1,0x2003F740,64,1,FFFFFFFFFFFFFFFF
AR,0,0x2003F780,64,1,
AW,1,0x2003F7C0,64,1,FFFFFFFFFFFFFFFF
AR,0,0x2003F800,64,1,
AW,1,0x2003F840,64,1,FFFFFFFFFFFFFFFF
AR,0,0x2003F880,64,1,
AW,1,0x2003F8C0,64,1,FFFFFFFFFFFFFFFF
AR,0,0x2003F900,64,1,
AW,1,0x2003F940,64,1,FFFFFFFFFFFFFFFF
AR,0,0x2003F980,64,1,
AW,1,0x2003F9C0,64,1,FFFFFFFFFFFFFFFF
AR,0,0x2003FA00,64,1,
AW,1,0x2003FA40,64,1,FFFFFFFFFFFFFFFF
AR,0,0x2003FA80,64,1,
AW,1,0x2003FAC0,64,1,FFFFFFFFFFFFFFFF
AR,0,0x2003FB00,64,1,
AW,1,0x2003FB40,64,1,FFFFFFFFFFFFFFFF
AR,0,0x2003FB80,64,1,
AW,1,0x2003FBC0,64,1,FFFFFFFFFFFFFFFF
AR,0,0x2003FC00,64,1,
AW,1,0x2003FC40,64,1,FFFFFFFFFFFFFFFF
AR,0,0x2003FC80,64,1,
AW,1,0x2003FCC0,64,1,FFFFFFFFFFFFFFFF
AR,0,0x2003FD00,64,1,
AW,1,0x2003FD40,64,1,FFFFFFFFFFFFFFFF
AR,0,0x2003FD80,64,1,
AW,1,0x2003FDC0,64,1,FFFFFFFFFFFFFFFF
AR,0,0x2003FE00,64,1,
AW,1,0x2003FE40,64,1,FFFFFFFFFFFFFFFF
AR,0,0x2003FE80,64,1,
AW,1,0x2003FEC0,64,1,FFFFFFFFFFFFFFFF
AR,0,0x2003FF00,64,1,
AW,1,0x2003FF40,64,1,FFFFFFFFFFFFFFFF
AR,0,0x2003FF80,64,1,
AW,1,0x2003FFC0,64,1,FFFFFFFFFFFFFFFF
AR,0,0x20040000,64,1,
AW,1,0x20040040,64,1,FFFFFFFFFFFFFFFF
AR,0,0x20040080,64,1,
AW,1,0x200400C0,64,1,FFFFFFFFFFFFFFFF
AR,0,0x20040100,64,1,
AW,1,0x20040140,64,1,FFFFFFFFFFFFFFFF
AR,0,0x20040180,64,1,
AW,1,0x200401C0,64,1,FFFFFFFFFFFFFFFF
AR,0,0x20040200,64,1,
AW,1,0x20040240,64,1,FFFFFFFFFFFFFFFF
AR,0,0x20040280,64,1,
AW,1,0x200402C0,64,1,FFFFFFFFFFFFFFFF
AR,0,0x20040300,64,1,
AW,1,0x20040340,64,1,FFFFFFFFFFFFFFFF
AR,0,0x20040380,64,1,
AW,1,0x200403C0,64,1,FFFFFFFFFFFFFFFF
AR,0,0x20040400,64,1,
AW,1,0x20040440,64,1,FFFFFFFFFFFFFFFF
AR,0,0x20040480,64,1,
AW,1,0x200404C0,64,1,FFFFFFFFFFFFFFFF
AR,0,0x20040500,64,1,
AW,1,0x20040540,64,1,FFFFFFFFFFFFFFFF
AR,0,0x20040580,64,1,
AW,1,0x200405C0,64,1,FFFFFFFFFFFFFFFF
AR,0,0x20040600,64,1,
AW,1,0x20040640,64,1,FFFFFFFFFFFFFFFF
AR,0,0x20040680,64,1,
AW,1,0x200406C0,64,1,FFFFFFFFFFFFFFFF
AR,0,0x20040700,64,1,
AW,1,0x20040740,64,1,FFFFFFFFFFFFFFFF
AR,0,0x20040780,64,1,
AW,1,0x200407C0,64,1,FFFFFFFFFFFFFFFF
AR,0,0x20040800,64,1,
AW,1,0x20040840,64,1,FFFFFFFFFFFFFFFF
AR,0,0x20040880,64,1,
AW,1,0x200408C0,64,1,FFFFFFFFFFFFFFFF
AR,0,0x20040900,64,1,
AW,1,0x20040940,64,1,FFFFFFFFFFFFFFFF
AR,0,0x20040980,64,1,
AW,1,0x200409C0,64,1,FFFFFFFFFFFFFFFF
AR,0,0x20040A00,64,1,
AW,1,0x20040A40,64,1,FFFFFFFFFFFFFFFF
AR,0,0x20040A80,64,1,
AW,1,0x20040AC0,64,1,FFFFFFFFFFFFFFFF
AR,0,0x20040B00,64,1,
AW,1,0x20040B40,64,1,FFFFFFFFFFFFFFFF
AR,0,0x20040B80,64,1,
AW,1,0x20040BC0,64,1,FFFFFFFFFFFFFFFF
AR,0,0x20040C00,64,1,
AW,1,0x20040C40,64,1,FFFFFFFFFFFFFFFF
AR,0,0x20040C80,64,1,
AW,1,0x20040CC0,64,1,FFFFFFFFFFFFFFFF
AR,0,0x20040D00,64,1,
AW,1,0x20040D40,64,1,FFFFFFFFFFFFFFFF
AR,0,0x20040D80,64,1,
AW,1,0x20040DC0,64,1,FFFFFFFFFFFFFFFF
AR,0,0x20040E00,64,1,
AW,1,0x20040E40,64,1,FFFFFFFFFFFFFFFF
AR,0,0x20040E80,64,1,
AW,1,0x20040EC0,64,1,FFFFFFFFFFFFFFFF
AR,0,0x20040F00,64,1,
AW,1,0x20040F40,64,1,FFFFFFFFFFFFFFFF
AR,0,0x20040F80,64,1,
AW,1,0x20040FC0,64,1,FFFFFFFFFFFFFFFF
AR,0,0x20041000,64,1,
AW,1,0x20041040,64,1,FFFFFFFFFFFFFFFF
AR,0,0x20041080,64,1,
AW,1,0x200410C0,64,1,FFFFFFFFFFFFFFFF
AR,0,0x20041100,64,1,
AW,1,0x20041140,64,1,FFFFFFFFFFFFFFFF
AR,0,0x20041180,64,1,
AW,1,0x200411C0,64,1,FFFFFFFFFFFFFFFF
AR,0,0x20041200,64,1,
AW,1,0x20041240,64,1,FFFFFFFFFFFFFFFF
AR,0,0x20041280,64,1,
AW,1,0x200412C0,64,1,FFFFFFFFFFFFFFFF
AR,0,0x20041300,64,1,
AW,1,0x20041340,64,1,FFFFFFFFFFFFFFFF
AR,0,0x20041380,64,1,
AW,1,0x200413C0,64,1,FFFFFFFFFFFFFFFF
AR,0,0x20041400,64,1,
AW,1,0x20041440,64,1,FFFFFFFFFFFFFFFF
AR,0,0x20041480,64,1,
AW,1,0x200414C0,64,1,FFFFFFFFFFFFFFFF
AR,0,0x20041500,64,1,
AW,1,0x20041540,64,1,FFFFFFFFFFFFFFFF
AR,0,0x20041580,64,1,
AW,1,0x200415C0,64,1,FFFFFFFFFFFFFFFF
AR,0,0x20041600,64,1,
AW,1,0x20041640,64,1,FFFFFFFFFFFFFFFF
AR,0,0x20041680,64,1,
AW,1,0x200416C0,64,1,FFFFFFFFFFFFFFFF
AR,0,0x20041700,64,1,
AW,1,0x20041740,64,1,FFFFFFFFFFFFFFFF
AR,0,0x20041780,64,1,
AW,1,0x200417C0,64,1,FFFFFFFFFFFFFFFF
AR,0,0x20041800,64,1,
AW,1,0x20041840,64,1,FFFFFFFFFFFFFFFF
AR,0,0x20041880,64,1,
AW,1,0x200418C0,64,1,FFFFFFFFFFFFFFFF
AR,0,0x20041900,64,1,
AW,1,0x20041940,64,1,FFFFFFFFFFFFFFFF
AR,0,0x20041980,64,1,
AW,1,0x200419C0,64,1,FFFFFFFFFFFFFFFF
AR,0,0x20041A00,64,1,
AW,1,0x20041A40,64,1,FFFFFFFFFFFFFFFF
AR,0,0x20041A80,64,1,
AW,1,0x20041AC0,64,1,FFFFFFFFFFFFFFFF
AR,0,0x20041B00,64,1,
AW,1,0x20041B40,64,1,FFFFFFFFFFFFFFFF
AR,0,0x20041B80,64,1,
AW,1,0x20041BC0,64,1,FFFFFFFFFFFFFFFF
AR,0,0x20041C00,64,1,
AW,1,0x20041C40,64,1,FFFFFFFFFFFFFFFF
AR,0,0x20041C80,64,1,
AW,1,0x20041CC0,64,1,FFFFFFFFFFFFFFFF
AR,0,0x20041D00,64,1,
AW,1,0x20041D40,64,1,FFFFFFFFFFFFFFFF
AR,0,0x20041D80,64,1,
AW,1,0x20041DC0,64,1,FFFFFFFFFFFFFFFF
AR,0,0x20041E00,64,1,
AW,1,0x20041E40,64,1,FFFFFFFFFFFFFFFF
AR,0,0x20041E80,64,1,
AW,1,0x20041EC0,64,1,FFFFFFFFFFFFFFFF
AR,0,0x20041F00,64,1,
AW,1,0x20041F40,64,1,FFFFFFFFFFFFFFFF
AR,0,0x20041F80,64,1,
AW,1,0x20041FC0,64,1,FFFFFFFFFFFFFFFF
AR,0,0x20042000,64,1,
AW,1,0x20042040,64,1,FFFFFFFFFFFFFFFF
AR,0,0x20042080,64,1,
AW,1,0x200420C0,64,1,FFFFFFFFFFFFFFFF
AR,0,0x20042100,64,1,
AW,1,0x20042140,64,1,FFFFFFFFFFFFFFFF
AR,0,0x20042180,64,1,
AW,1,0x200421C0,64,1,FFFFFFFFFFFFFFFF
AR,0,0x20042200,64,1,
AW,1,0x20042240,64,1,FFFFFFFFFFFFFFFF
AR,0,0x20042280,64,1,
AW,1,0x200422C0,64,1,FFFFFFFFFFFFFFFF
AR,0,0x20042300,64,1,
AW,1,0x20042340,64,1,FFFFFFFFFFFFFFFF
AR,0,0x20042380,64,1,
AW,1,0x200423C0,64,1,FFFFFFFFFFFFFFFF
AR,0,0x20042400,64,1,
AW,1,0x20042440,64,1,FFFFFFFFFFFFFFFF
AR,0,0x20042480,64,1,
AW,1,0x200424C0,64,1,FFFFFFFFFFFFFFFF
AR,0,0x20042500,64,1,
AW,1,0x20042540,64,1,FFFFFFFFFFFFFFFF
AR,0,0x20042580,64,1,
AW,1,0x200425C0,64,1,FFFFFFFFFFFFFFFF
AR,0,0x20042600,64,1,
AW,1,0x20042640,64,1,FFFFFFFFFFFFFFFF
AR,0,0x20042680,64,1,
AW,1,0x200426C0,64,1,FFFFFFFFFFFFFFFF
AR,0,0x20042700,64,1,
AW,1,0x20042740,64,1,FFFFFFFFFFFFFFFF
AR,0,0x20042780,64,1,
AW,1,0x200427C0,64,1,FFFFFFFFFFFFFFFF
AR,0,0x20042800,64,1,
AW,1,0x20042840,64,1,FFFFFFFFFFFFFFFF
AR,0,0x20042880,64,1,
AW,1,0x200428C0,64,1,FFFFFFFFFFFFFFFF
AR,0,0x20042900,64,1,
AW,1,0x20042940,64,1,FFFFFFFFFFFFFFFF
AR,0,0x20042980,64,1,
AW,1,0x200429C0,64,1,FFFFFFFFFFFFFFFF
AR,0,0x20042A00,64,1,
AW,1,0x20042A40,64,1,FFFFFFFFFFFFFFFF
AR,0,0x20042A80,64,1,
AW,1,0x20042AC0,64,1,FFFFFFFFFFFFFFFF
AR,0,0x20042B00,64,1,
AW,1,0x20042B40,64,1,FFFFFFFFFFFFFFFF
AR,0,0x20042B80,64,1,
AW,1,0x20042BC0,64,1,FFFFFFFFFFFFFFFF
AR,0,0x20042C00,64,1,
AW,1,0x20042C40,64,1,FFFFFFFFFFFFFFFF
AR,0,0x20042C80,64,1,
AW,1,0x20042CC0,64,1,FFFFFFFFFFFFFFFF
AR,0,0x20042D00,64,1,
AW,1,0x20042D40,64,1,FFFFFFFFFFFFFFFF
AR,0,0x20042D80,64,1,
AW,1,0x20042DC0,64,1,FFFFFFFFFFFFFFFF
AR,0,0x20042E00,64,1,
AW,1,0x20042E40,64,1,FFFFFFFFFFFFFFFF
AR,0,0x20042E80,64,1,
AW,1,0x20042EC0,64,1,FFFFFFFFFFFFFFFF
AR,0,0x20042F00,64,1,
AW,1,0x20042F40,64,1,FFFFFFFFFFFFFFFF
AR,0,0x20042F80,64,1,
AW,1,0x20042FC0,64,1,FFFFFFFFFFFFFFFF
AR,0,0x20043000,64,1,
AW,1,0x20043040,64,1,FFFFFFFFFFFFFFFF
AR,0,0x20043080,64,1,
AW,1,0x200430C0,64,1,FFFFFFFFFFFFFFFF
AR,0,0x20043100,64,1,
AW,1,0x20043140,64,1,FFFFFFFFFFFFFFFF
AR,0,0x20043180,64,1,
AW,1,0x200431C0,64,1,FFFFFFFFFFFFFFFF
AR,0,0x20043200,64,1,
AW,1,0x20043240,64,1,FFFFFFFFFFFFFFFF
AR,0,0x20043280,64,1,
AW,1,0x200432C0,64,1,FFFFFFFFFFFFFFFF
AR,0,0x20043300,64,1,
AW,1,0x20043340,64,1,FFFFFFFFFFFFFFFF
AR,0,0x20043380,64,1,
AW,1,0x200433C0,64,1,FFFFFFFFFFFFFFFF
AR,0,0x20043400,64,1,
AW,1,0x20043440,64,1,FFFFFFFFFFFFFFFF
AR,0,0x20043480,64,1,
AW,1,0x200434C0,64,1,FFFFFFFFFFFFFFFF
AR,0,0x20043500,64,1,
AW,1,0x20043540,64,1,FFFFFFFFFFFFFFFF
AR,0,0x20043580,64,1,
AW,1,0x200435C0,64,1,FFFFFFFFFFFFFFFF
AR,0,0x20043600,64,1,
AW,1,0x20043640,64,1,FFFFFFFFFFFFFFFF
AR,0,0x20043680,64,1,
AW,1,0x200436C0,64,1,FFFFFFFFFFFFFFFF
AR,0,0x20043700,64,1,
AW,1,0x20043740,64,1,FFFFFFFFFFFFFFFF
AR,0,0x20043780,64,1,
AW,1,0x200437C0,64,1,FFFFFFFFFFFFFFFF
AR,0,0x20043800,64,1,
AW,1,0x20043840,64,1,FFFFFFFFFFFFFFFF
AR,0,0x20043880,64,1,
AW,1,0x200438C0,64,1,FFFFFFFFFFFFFFFF
AR,0,0x20043900,64,1,
AW,1,0x20043940,64,1,FFFFFFFFFFFFFFFF
AR,0,0x20043980,64,1,
AW,1,0x200439C0,64,1,FFFFFFFFFFFFFFFF
AR,0,0x20043A00,64,1,
AW,1,0x20043A40,64,1,FFFFFFFFFFFFFFFF
AR,0,0x20043A80,64,1,
AW,1,0x20043AC0,64,1,FFFFFFFFFFFFFFFF
AR,0,0x20043B00,64,1,
AW,1,0x20043B40,64,1,FFFFFFFFFFFFFFFF
AR,0,0x20043B80,64,1,
AW,1,0x20043BC0,64,1,FFFFFFFFFFFFFFFF
AR,0,0x20043C00,64,1,
AW,1,0x20043C40,64,1,FFFFFFFFFFFFFFFF
AR,0,0x20043C80,64,1,
AW,1,0x20043CC0,64,1,FFFFFFFFFFFFFFFF
AR,0,0x20043D00,64,1,
AW,1,0x20043D40,64,1,FFFFFFFFFFFFFFFF
AR,0,0x20043D80,64,1,
AW,1,0x20043DC0,64,1,FFFFFFFFFFFFFFFF
AR,0,0x20043E00,64,1,
AW,1,0x20043E40,64,1,FFFFFFFFFFFFFFFF
AR,0,0x20043E80,64,1,
AW,1,0x20043EC0,64,1,FFFFFFFFFFFFFFFF
AR,0,0x20043F00,64,1,
AW,1,0x20043F40,64,1,FFFFFFFFFFFFFFFF
AR,0,0x20043F80,64,1,
AW,1,0x20043FC0,64,1,FFFFFFFFFFFFFFFF
AR,0,0x20044000,64,1,
AW,1,0x20044040,64,1,FFFFFFFFFFFFFFFF
AR,0,0x20044080,64,1,
AW,1,0x200440C0,64,1,FFFFFFFFFFFFFFFF
AR,0,0x20044100,64,1,
AW,1,0x20044140,64,1,FFFFFFFFFFFFFFFF
AR,0,0x20044180,64,1,
AW,1,0x200441C0,64,1,FFFFFFFFFFFFFFFF
AR,0,0x20044200,64,1,
AW,1,0x20044240,64,1,FFFFFFFFFFFFFFFF
AR,0,0x20044280,64,1,
AW,1,0x200442C0,64,1,FFFFFFFFFFFFFFFF
AR,0,0x20044300,64,1,
AW,1,0x20044340,64,1,FFFFFFFFFFFFFFFF
AR,0,0x20044380,64,1,
AW,1,0x200443C0,64,1,FFFFFFFFFFFFFFFF
AR,0,0x20044400,64,1,
AW,1,0x20044440,64,1,FFFFFFFFFFFFFFFF
AR,0,0x20044480,64,1,
AW,1,0x200444C0,64,1,FFFFFFFFFFFFFFFF
AR,0,0x20044500,64,1,
AW,1,0x20044540,64,1,FFFFFFFFFFFFFFFF
AR,0,0x20044580,64,1,
AW,1,0x200445C0,64,1,FFFFFFFFFFFFFFFF
AR,0,0x20044600,64,1,
AW,1,0x20044640,64,1,FFFFFFFFFFFFFFFF
AR,0,0x20044680,64,1,
AW,1,0x200446C0,64,1,FFFFFFFFFFFFFFFF
AR,0,0x20044700,64,1,
AW,1,0x20044740,64,1,FFFFFFFFFFFFFFFF
AR,0,0x20044780,64,1,
AW,1,0x200447C0,64,1,FFFFFFFFFFFFFFFF
AR,0,0x20044800,64,1,
AW,1,0x20044840,64,1,FFFFFFFFFFFFFFFF
AR,0,0x20044880,64,1,
AW,1,0x200448C0,64,1,FFFFFFFFFFFFFFFF
AR,0,0x20044900,64,1,
AW,1,0x20044940,64,1,FFFFFFFFFFFFFFFF
AR,0,0x20044980,64,1,
AW,1,0x200449C0,64,1,FFFFFFFFFFFFFFFF
AR,0,0x20044A00,64,1,
AW,1,0x20044A40,64,1,FFFFFFFFFFFFFFFF
AR,0,0x20044A80,64,1,
AW,1,0x20044AC0,64,1,FFFFFFFFFFFFFFFF
AR,0,0x20044B00,64,1,
AW,1,0x20044B40,64,1,FFFFFFFFFFFFFFFF
AR,0,0x20044B80,64,1,
AW,1,0x20044BC0,64,1,FFFFFFFFFFFFFFFF
AR,0,0x20044C00,64,1,
AW,1,0x20044C40,64,1,FFFFFFFFFFFFFFFF
AR,0,0x20044C80,64,1,
AW,1,0x20044CC0,64,1,FFFFFFFFFFFFFFFF
AR,0,0x20044D00,64,1,
AW,1,0x20044D40,64,1,FFFFFFFFFFFFFFFF
AR,0,0x20044D80,64,1,
AW,1,0x20044DC0,64,1,FFFFFFFFFFFFFFFF
AR,0,0x20044E00,64,1,
AW,1,0x20044E40,64,1,FFFFFFFFFFFFFFFF
AR,0,0x20044E80,64,1,
AW,1,0x20044EC0,64,1,FFFFFFFFFFFFFFFF
AR,0,0x20044F00,64,1,
AW,1,0x20044F40,64,1,FFFFFFFFFFFFFFFF
AR,0,0x20044F80,64,1,
AW,1,0x20044FC0,64,1,FFFFFFFFFFFFFFFF
AR,0,0x20045000,64,1,
AW,1,0x20045040,64,1,FFFFFFFFFFFFFFFF
AR,0,0x20045080,64,1,
AW,1,0x200450C0,64,1,FFFFFFFFFFFFFFFF
AR,0,0x20045100,64,1,
AW,1,0x20045140,64,1,FFFFFFFFFFFFFFFF
AR,0,0x20045180,64,1,
AW,1,0x200451C0,64,1,FFFFFFFFFFFFFFFF
AR,0,0x20045200,64,1,
AW,1,0x20045240,64,1,FFFFFFFFFFFFFFFF
AR,0,0x20045280,64,1,
AW,1,0x200452C0,64,1,FFFFFFFFFFFFFFFF
AR,0,0x20045300,64,1,
AW,1,0x20045340,64,1,FFFFFFFFFFFFFFFF
AR,0,0x20045380,64,1,
AW,1,0x200453C0,64,1,FFFFFFFFFFFFFFFF
AR,0,0x20045400,64,1,
AW,1,0x20045440,64,1,FFFFFFFFFFFFFFFF
AR,0,0x20045480,64,1,
AW,1,0x200454C0,64,1,FFFFFFFFFFFFFFFF
AR,0,0x20045500,64,1,
AW,1,0x20045540,64,1,FFFFFFFFFFFFFFFF
AR,0,0x20045580,64,1,
AW,1,0x200455C0,64,1,FFFFFFFFFFFFFFFF
AR,0,0x20045600,64,1,
AW,1,0x20045640,64,1,FFFFFFFFFFFFFFFF
AR,0,0x20045680,64,1,
AW,1,0x200456C0,64,1,FFFFFFFFFFFFFFFF
AR,0,0x20045700,64,1,
AW,1,0x20045740,64,1,FFFFFFFFFFFFFFFF
AR,0,0x20045780,64,1,
AW,1,0x200457C0,64,1,FFFFFFFFFFFFFFFF
AR,0,0x20045800,64,1,
AW,1,0x20045840,64,1,FFFFFFFFFFFFFFFF
AR,0,0x20045880,64,1,
AW,1,0x200458C0,64,1,FFFFFFFFFFFFFFFF
AR,0,0x20045900,64,1,
AW,1,0x20045940,64,1,FFFFFFFFFFFFFFFF
AR,0,0x20045980,64,1,
AW,1,0x200459C0,64,1,FFFFFFFFFFFFFFFF
AR,0,0x20045A00,64,1,
AW,1,0x20045A40,64,1,FFFFFFFFFFFFFFFF
AR,0,0x20045A80,64,1,
AW,1,0x20045AC0,64,1,FFFFFFFFFFFFFFFF
AR,0,0x20045B00,64,1,
AW,1,0x20045B40,64,1,FFFFFFFFFFFFFFFF
AR,0,0x20045B80,64,1,
AW,1,0x20045BC0,64,1,FFFFFFFFFFFFFFFF
AR,0,0x20045C00,64,1,
AW,1,0x20045C40,64,1,FFFFFFFFFFFFFFFF
AR,0,0x20045C80,64,1,
AW,1,0x20045CC0,64,1,FFFFFFFFFFFFFFFF
AR,0,0x20045D00,64,1,
AW,1,0x20045D40,64,1,FFFFFFFFFFFFFFFF
AR,0,0x20045D80,64,1,
AW,1,0x20045DC0,64,1,FFFFFFFFFFFFFFFF
AR,0,0x20045E00,64,1,
AW,1,0x20045E40,64,1,FFFFFFFFFFFFFFFF
AR,0,0x20045E80,64,1,
AW,1,0x20045EC0,64,1,FFFFFFFFFFFFFFFF
AR,0,0x20045F00,64,1,
AW,1,0x20045F40,64,1,FFFFFFFFFFFFFFFF
AR,0,0x20045F80,64,1,
AW,1,0x20045FC0,64,1,FFFFFFFFFFFFFFFF
AR,0,0x20046000,64,1,
AW,1,0x20046040,64,1,FFFFFFFFFFFFFFFF
AR,0,0x20046080,64,1,
AW,1,0x200460C0,64,1,FFFFFFFFFFFFFFFF
AR,0,0x20046100,64,1,
AW,1,0x20046140,64,1,FFFFFFFFFFFFFFFF
AR,0,0x20046180,64,1,
AW,1,0x200461C0,64,1,FFFFFFFFFFFFFFFF
AR,0,0x20046200,64,1,
AW,1,0x20046240,64,1,FFFFFFFFFFFFFFFF
AR,0,0x20046280,64,1,
AW,1,0x200462C0,64,1,FFFFFFFFFFFFFFFF
AR,0,0x20046300,64,1,
AW,1,0x20046340,64,1,FFFFFFFFFFFFFFFF
AR,0,0x20046380,64,1,
AW,1,0x200463C0,64,1,FFFFFFFFFFFFFFFF
AR,0,0x20046400,64,1,
AW,1,0x20046440,64,1,FFFFFFFFFFFFFFFF
AR,0,0x20046480,64,1,
AW,1,0x200464C0,64,1,FFFFFFFFFFFFFFFF
AR,0,0x20046500,64,1,
AW,1,0x20046540,64,1,FFFFFFFFFFFFFFFF
AR,0,0x20046580,64,1,
AW,1,0x200465C0,64,1,FFFFFFFFFFFFFFFF
AR,0,0x20046600,64,1,
AW,1,0x20046640,64,1,FFFFFFFFFFFFFFFF
AR,0,0x20046680,64,1,
AW,1,0x200466C0,64,1,FFFFFFFFFFFFFFFF
AR,0,0x20046700,64,1,
AW,1,0x20046740,64,1,FFFFFFFFFFFFFFFF
AR,0,0x20046780,64,1,
AW,1,0x200467C0,64,1,FFFFFFFFFFFFFFFF
AR,0,0x20046800,64,1,
AW,1,0x20046840,64,1,FFFFFFFFFFFFFFFF
AR,0,0x20046880,64,1,
AW,1,0x200468C0,64,1,FFFFFFFFFFFFFFFF
AR,0,0x20046900,64,1,
AW,1,0x20046940,64,1,FFFFFFFFFFFFFFFF
AR,0,0x20046980,64,1,
AW,1,0x200469C0,64,1,FFFFFFFFFFFFFFFF
AR,0,0x20046A00,64,1,
AW,1,0x20046A40,64,1,FFFFFFFFFFFFFFFF
AR,0,0x20046A80,64,1,
AW,1,0x20046AC0,64,1,FFFFFFFFFFFFFFFF
AR,0,0x20046B00,64,1,
AW,1,0x20046B40,64,1,FFFFFFFFFFFFFFFF
AR,0,0x20046B80,64,1,
AW,1,0x20046BC0,64,1,FFFFFFFFFFFFFFFF
AR,0,0x20046C00,64,1,
AW,1,0x20046C40,64,1,FFFFFFFFFFFFFFFF
AR,0,0x20046C80,64,1,
AW,1,0x20046CC0,64,1,FFFFFFFFFFFFFFFF
AR,0,0x20046D00,64,1,
AW,1,0x20046D40,64,1,FFFFFFFFFFFFFFFF
AR,0,0x20046D80,64,1,
AW,1,0x20046DC0,64,1,FFFFFFFFFFFFFFFF
AR,0,0x20046E00,64,1,
AW,1,0x20046E40,64,1,FFFFFFFFFFFFFFFF
AR,0,0x20046E80,64,1,
AW,1,0x20046EC0,64,1,FFFFFFFFFFFFFFFF
AR,0,0x20046F00,64,1,
AW,1,0x20046F40,64,1,FFFFFFFFFFFFFFFF
AR,0,0x20046F80,64,1,
AW,1,0x20046FC0,64,1,FFFFFFFFFFFFFFFF
AR,0,0x20047000,64,1,
AW,1,0x20047040,64,1,FFFFFFFFFFFFFFFF
AR,0,0x20047080,64,1,
AW,1,0x200470C0,64,1,FFFFFFFFFFFFFFFF
AR,0,0x20047100,64,1,
AW,1,0x20047140,64,1,FFFFFFFFFFFFFFFF
AR,0,0x20047180,64,1,
AW,1,0x200471C0,64,1,FFFFFFFFFFFFFFFF
AR,0,0x20047200,64,1,
AW,1,0x20047240,64,1,FFFFFFFFFFFFFFFF
AR,0,0x20047280,64,1,
AW,1,0x200472C0,64,1,FFFFFFFFFFFFFFFF
AR,0,0x20047300,64,1,
AW,1,0x20047340,64,1,FFFFFFFFFFFFFFFF
AR,0,0x20047380,64,1,
AW,1,0x200473C0,64,1,FFFFFFFFFFFFFFFF
AR,0,0x20047400,64,1,
AW,1,0x20047440,64,1,FFFFFFFFFFFFFFFF
AR,0,0x20047480,64,1,
AW,1,0x200474C0,64,1,FFFFFFFFFFFFFFFF
AR,0,0x20047500,64,1,
AW,1,0x20047540,64,1,FFFFFFFFFFFFFFFF
AR,0,0x20047580,64,1,
AW,1,0x200475C0,64,1,FFFFFFFFFFFFFFFF
AR,0,0x20047600,64,1,
AW,1,0x20047640,64,1,FFFFFFFFFFFFFFFF
AR,0,0x20047680,64,1,
AW,1,0x200476C0,64,1,FFFFFFFFFFFFFFFF
AR,0,0x20047700,64,1,
AW,1,0x20047740,64,1,FFFFFFFFFFFFFFFF
AR,0,0x20047780,64,1,
AW,1,0x200477C0,64,1,FFFFFFFFFFFFFFFF
AR,0,0x20047800,64,1,
AW,1,0x20047840,64,1,FFFFFFFFFFFFFFFF
AR,0,0x20047880,64,1,
AW,1,0x200478C0,64,1,FFFFFFFFFFFFFFFF
AR,0,0x20047900,64,1,
AW,1,0x20047940,64,1,FFFFFFFFFFFFFFFF
AR,0,0x20047980,64,1,
AW,1,0x200479C0,64,1,FFFFFFFFFFFFFFFF
AR,0,0x20047A00,64,1,
AW,1,0x20047A40,64,1,FFFFFFFFFFFFFFFF
AR,0,0x20047A80,64,1,
AW,1,0x20047AC0,64,1,FFFFFFFFFFFFFFFF
AR,0,0x20047B00,64,1,
AW,1,0x20047B40,64,1,FFFFFFFFFFFFFFFF
AR,0,0x20047B80,64,1,
AW,1,0x20047BC0,64,1,FFFFFFFFFFFFFFFF
AR,0,0x20047C00,64,1,
AW,1,0x20047C40,64,1,FFFFFFFFFFFFFFFF
AR,0,0x20047C80,64,1,
AW,1,0x20047CC0,64,1,FFFFFFFFFFFFFFFF
AR,0,0x20047D00,64,1,
AW,1,0x20047D40,64,1,FFFFFFFFFFFFFFFF
AR,0,0x20047D80,64,1,
AW,1,0x20047DC0,64,1,FFFFFFFFFFFFFFFF
AR,0,0x20047E00,64,1,
AW,1,0x20047E40,64,1,FFFFFFFFFFFFFFFF
AR,0,0x20047E80,64,1,
AW,1,0x20047EC0,64,1,FFFFFFFFFFFFFFFF
AR,0,0x20047F00,64,1,
AW,1,0x20047F40,64,1,FFFFFFFFFFFFFFFF
AR,0,0x20047F80,64,1,
AW,1,0x20047FC0,64,1,FFFFFFFFFFFFFFFF
AR,0,0x20048000,64,1,
AW,1,0x20048040,64,1,FFFFFFFFFFFFFFFF
AR,0,0x20048080,64,1,
AW,1,0x200480C0,64,1,FFFFFFFFFFFFFFFF
AR,0,0x20048100,64,1,
AW,1,0x20048140,64,1,FFFFFFFFFFFFFFFF
AR,0,0x20048180,64,1,
AW,1,0x200481C0,64,1,FFFFFFFFFFFFFFFF
AR,0,0x20048200,64,1,
AW,1,0x20048240,64,1,FFFFFFFFFFFFFFFF
AR,0,0x20048280,64,1,
AW,1,0x200482C0,64,1,FFFFFFFFFFFFFFFF
AR,0,0x20048300,64,1,
AW,1,0x20048340,64,1,FFFFFFFFFFFFFFFF
AR,0,0x20048380,64,1,
AW,1,0x200483C0,64,1,FFFFFFFFFFFFFFFF
AR,0,0x20048400,64,1,
AW,1,0x20048440,64,1,FFFFFFFFFFFFFFFF
AR,0,0x20048480,64,1,
AW,1,0x200484C0,64,1,FFFFFFFFFFFFFFFF
AR,0,0x20048500,64,1,
AW,1,0x20048540,64,1,FFFFFFFFFFFFFFFF
AR,0,0x20048580,64,1,
AW,1,0x200485C0,64,1,FFFFFFFFFFFFFFFF
AR,0,0x20048600,64,1,
AW,1,0x20048640,64,1,FFFFFFFFFFFFFFFF
AR,0,0x20048680,64,1,
AW,1,0x200486C0,64,1,FFFFFFFFFFFFFFFF
AR,0,0x20048700,64,1,
AW,1,0x20048740,64,1,FFFFFFFFFFFFFFFF
AR,0,0x20048780,64,1,
AW,1,0x200487C0,64,1,FFFFFFFFFFFFFFFF
AR,0,0x20048800,64,1,
AW,1,0x20048840,64,1,FFFFFFFFFFFFFFFF
AR,0,0x20048880,64,1,
AW,1,0x200488C0,64,1,FFFFFFFFFFFFFFFF
AR,0,0x20048900,64,1,
AW,1,0x20048940,64,1,FFFFFFFFFFFFFFFF
AR,0,0x20048980,64,1,
AW,1,0x200489C0,64,1,FFFFFFFFFFFFFFFF
AR,0,0x20048A00,64,1,
AW,1,0x20048A40,64,1,FFFFFFFFFFFFFFFF
AR,0,0x20048A80,64,1,
AW,1,0x20048AC0,64,1,FFFFFFFFFFFFFFFF
AR,0,0x20048B00,64,1,
AW,1,0x20048B40,64,1,FFFFFFFFFFFFFFFF
AR,0,0x20048B80,64,1,
AW,1,0x20048BC0,64,1,FFFFFFFFFFFFFFFF
AR,0,0x20048C00,64,1,
AW,1,0x20048C40,64,1,FFFFFFFFFFFFFFFF
AR,0,0x20048C80,64,1,
AW,1,0x20048CC0,64,1,FFFFFFFFFFFFFFFF
AR,0,0x20048D00,64,1,
AW,1,0x20048D40,64,1,FFFFFFFFFFFFFFFF
AR,0,0x20048D80,64,1,
AW,1,0x20048DC0,64,1,FFFFFFFFFFFFFFFF
AR,0,0x20048E00,64,1,
AW,1,0x20048E40,64,1,FFFFFFFFFFFFFFFF
AR,0,0x20048E80,64,1,
AW,1,0x20048EC0,64,1,FFFFFFFFFFFFFFFF
AR,0,0x20048F00,64,1,
AW,1,0x20048F40,64,1,FFFFFFFFFFFFFFFF
AR,0,0x20048F80,64,1,
AW,1,0x20048FC0,64,1,FFFFFFFFFFFFFFFF
AR,0,0x20049000,64,1,
AW,1,0x20049040,64,1,FFFFFFFFFFFFFFFF
AR,0,0x20049080,64,1,
AW,1,0x200490C0,64,1,FFFFFFFFFFFFFFFF
AR,0,0x20049100,64,1,
AW,1,0x20049140,64,1,FFFFFFFFFFFFFFFF
AR,0,0x20049180,64,1,
AW,1,0x200491C0,64,1,FFFFFFFFFFFFFFFF
AR,0,0x20049200,64,1,
AW,1,0x20049240,64,1,FFFFFFFFFFFFFFFF
AR,0,0x20049280,64,1,
AW,1,0x200492C0,64,1,FFFFFFFFFFFFFFFF
AR,0,0x20049300,64,1,
AW,1,0x20049340,64,1,FFFFFFFFFFFFFFFF
AR,0,0x20049380,64,1,
AW,1,0x200493C0,64,1,FFFFFFFFFFFFFFFF
AR,0,0x20049400,64,1,
AW,1,0x20049440,64,1,FFFFFFFFFFFFFFFF
AR,0,0x20049480,64,1,
AW,1,0x200494C0,64,1,FFFFFFFFFFFFFFFF
AR,0,0x20049500,64,1,
AW,1,0x20049540,64,1,FFFFFFFFFFFFFFFF
AR,0,0x20049580,64,1,
AW,1,0x200495C0,64,1,FFFFFFFFFFFFFFFF
AR,0,0x20049600,64,1,
AW,1,0x20049640,64,1,FFFFFFFFFFFFFFFF
AR,0,0x20049680,64,1,
AW,1,0x200496C0,64,1,FFFFFFFFFFFFFFFF
AR,0,0x20049700,64,1,
AW,1,0x20049740,64,1,FFFFFFFFFFFFFFFF
AR,0,0x20049780,64,1,
AW,1,0x200497C0,64,1,FFFFFFFFFFFFFFFF
AR,0,0x20049800,64,1,
AW,1,0x20049840,64,1,FFFFFFFFFFFFFFFF
AR,0,0x20049880,64,1,
AW,1,0x200498C0,64,1,FFFFFFFFFFFFFFFF
AR,0,0x20049900,64,1,
AW,1,0x20049940,64,1,FFFFFFFFFFFFFFFF
AR,0,0x20049980,64,1,
AW,1,0x200499C0,64,1,FFFFFFFFFFFFFFFF
AR,0,0x20049A00,64,1,
AW,1,0x20049A40,64,1,FFFFFFFFFFFFFFFF
AR,0,0x20049A80,64,1,
AW,1,0x20049AC0,64,1,FFFFFFFFFFFFFFFF
AR,0,0x20049B00,64,1,
AW,1,0x20049B40,64,1,FFFFFFFFFFFFFFFF
AR,0,0x20049B80,64,1,
AW,1,0x20049BC0,64,1,FFFFFFFFFFFFFFFF
AR,0,0x20049C00,64,1,
AW,1,0x20049C40,64,1,FFFFFFFFFFFFFFFF
AR,0,0x20049C80,64,1,
AW,1,0x20049CC0,64,1,FFFFFFFFFFFFFFFF
AR,0,0x20049D00,64,1,
AW,1,0x20049D40,64,1,FFFFFFFFFFFFFFFF
AR,0,0x20049D80,64,1,
AW,1,0x20049DC0,64,1,FFFFFFFFFFFFFFFF
AR,0,0x20049E00,64,1,
AW,1,0x20049E40,64,1,FFFFFFFFFFFFFFFF
AR,0,0x20049E80,64,1,
AW,1,0x20049EC0,64,1,FFFFFFFFFFFFFFFF
AR,0,0x20049F00,64,1,
AW,1,0x20049F40,64,1,FFFFFFFFFFFFFFFF
AR,0,0x20049F80,64,1,
AW,1,0x20049FC0,64,1,FFFFFFFFFFFFFFFF
AR,0,0x2004A000,64,1,
AW,1,0x2004A040,64,1,FFFFFFFFFFFFFFFF
AR,0,0x2004A080,64,1,
AW,1,0x2004A0C0,64,1,FFFFFFFFFFFFFFFF
AR,0,0x2004A100,64,1,
AW,1,0x2004A140,64,1,FFFFFFFFFFFFFFFF
AR,0,0x2004A180,64,1,
AW,1,0x2004A1C0,64,1,FFFFFFFFFFFFFFFF
AR,0,0x2004A200,64,1,
AW,1,0x2004A240,64,1,FFFFFFFFFFFFFFFF
AR,0,0x2004A280,64,1,
AW,1,0x2004A2C0,64,1,FFFFFFFFFFFFFFFF
AR,0,0x2004A300,64,1,
AW,1,0x2004A340,64,1,FFFFFFFFFFFFFFFF
AR,0,0x2004A380,64,1,
AW,1,0x2004A3C0,64,1,FFFFFFFFFFFFFFFF
AR,0,0x2004A400,64,1,
AW,1,0x2004A440,64,1,FFFFFFFFFFFFFFFF
AR,0,0x2004A480,64,1,
AW,1,0x2004A4C0,64,1,FFFFFFFFFFFFFFFF
AR,0,0x2004A500,64,1,
AW,1,0x2004A540,64,1,FFFFFFFFFFFFFFFF
AR,0,0x2004A580,64,1,
AW,1,0x2004A5C0,64,1,FFFFFFFFFFFFFFFF
AR,0,0x2004A600,64,1,
AW,1,0x2004A640,64,1,FFFFFFFFFFFFFFFF
AR,0,0x2004A680,64,1,
AW,1,0x2004A6C0,64,1,FFFFFFFFFFFFFFFF
AR,0,0x2004A700,64,1,
AW,1,0x2004A740,64,1,FFFFFFFFFFFFFFFF
AR,0,0x2004A780,64,1,
AW,1,0x2004A7C0,64,1,FFFFFFFFFFFFFFFF
AR,0,0x2004A800,64,1,
AW,1,0x2004A840,64,1,FFFFFFFFFFFFFFFF
AR,0,0x2004A880,64,1,
AW,1,0x2004A8C0,64,1,FFFFFFFFFFFFFFFF
AR,0,0x2004A900,64,1,
AW,1,0x2004A940,64,1,FFFFFFFFFFFFFFFF
AR,0,0x2004A980,64,1,
AW,1,0x2004A9C0,64,1,FFFFFFFFFFFFFFFF
AR,0,0x2004AA00,64,1,
AW,1,0x2004AA40,64,1,FFFFFFFFFFFFFFFF
AR,0,0x2004AA80,64,1,
AW,1,0x2004AAC0,64,1,FFFFFFFFFFFFFFFF
AR,0,0x2004AB00,64,1,
AW,1,0x2004AB40,64,1,FFFFFFFFFFFFFFFF
AR,0,0x2004AB80,64,1,
AW,1,0x2004ABC0,64,1,FFFFFFFFFFFFFFFF
AR,0,0x2004AC00,64,1,
AW,1,0x2004AC40,64,1,FFFFFFFFFFFFFFFF
AR,0,0x2004AC80,64,1,
AW,1,0x2004ACC0,64,1,FFFFFFFFFFFFFFFF
AR,0,0x2004AD00,64,1,
AW,1,0x2004AD40,64,1,FFFFFFFFFFFFFFFF
AR,0,0x2004AD80,64,1,
AW,1,0x2004ADC0,64,1,FFFFFFFFFFFFFFFF
AR,0,0x2004AE00,64,1,
AW,1,0x2004AE40,64,1,FFFFFFFFFFFFFFFF
AR,0,0x2004AE80,64,1,
AW,1,0x2004AEC0,64,1,FFFFFFFFFFFFFFFF
AR,0,0x2004AF00,64,1,
AW,1,0x2004AF40,64,1,FFFFFFFFFFFFFFFF
AR,0,0x2004AF80,64,1,
AW,1,0x2004AFC0,64,1,FFFFFFFFFFFFFFFF
AR,0,0x2004B000,64,1,
AW,1,0x2004B040,64,1,FFFFFFFFFFFFFFFF
AR,0,0x2004B080,64,1,
AW,1,0x2004B0C0,64,1,FFFFFFFFFFFFFFFF
AR,0,0x2004B100,64,1,
AW,1,0x2004B140,64,1,FFFFFFFFFFFFFFFF
AR,0,0x2004B180,64,1,
AW,1,0x2004B1C0,64,1,FFFFFFFFFFFFFFFF
AR,0,0x2004B200,64,1,
AW,1,0x2004B240,64,1,FFFFFFFFFFFFFFFF
AR,0,0x2004B280,64,1,
AW,1,0x2004B2C0,64,1,FFFFFFFFFFFFFFFF
AR,0,0x2004B300,64,1,
AW,1,0x2004B340,64,1,FFFFFFFFFFFFFFFF
AR,0,0x2004B380,64,1,
AW,1,0x2004B3C0,64,1,FFFFFFFFFFFFFFFF
AR,0,0x2004B400,64,1,
AW,1,0x2004B440,64,1,FFFFFFFFFFFFFFFF
AR,0,0x2004B480,64,1,
AW,1,0x2004B4C0,64,1,FFFFFFFFFFFFFFFF
AR,0,0x2004B500,64,1,
AW,1,0x2004B540,64,1,FFFFFFFFFFFFFFFF
AR,0,0x2004B580,64,1,
AW,1,0x2004B5C0,64,1,FFFFFFFFFFFFFFFF
AR,0,0x2004B600,64,1,
AW,1,0x2004B640,64,1,FFFFFFFFFFFFFFFF
AR,0,0x2004B680,64,1,
AW,1,0x2004B6C0,64,1,FFFFFFFFFFFFFFFF
AR,0,0x2004B700,64,1,
AW,1,0x2004B740,64,1,FFFFFFFFFFFFFFFF
AR,0,0x2004B780,64,1,
AW,1,0x2004B7C0,64,1,FFFFFFFFFFFFFFFF
AR,0,0x2004B800,64,1,
AW,1,0x2004B840,64,1,FFFFFFFFFFFFFFFF
AR,0,0x2004B880,64,1,
AW,1,0x2004B8C0,64,1,FFFFFFFFFFFFFFFF
AR,0,0x2004B900,64,1,
AW,1,0x2004B940,64,1,FFFFFFFFFFFFFFFF
AR,0,0x2004B980,64,1,
AW,1,0x2004B9C0,64,1,FFFFFFFFFFFFFFFF
AR,0,0x2004BA00,64,1,
AW,1,0x2004BA40,64,1,FFFFFFFFFFFFFFFF
AR,0,0x2004BA80,64,1,
AW,1,0x2004BAC0,64,1,FFFFFFFFFFFFFFFF
AR,0,0x2004BB00,64,1,
AW,1,0x2004BB40,64,1,FFFFFFFFFFFFFFFF
AR,0,0x2004BB80,64,1,
AW,1,0x2004BBC0,64,1,FFFFFFFFFFFFFFFF
AR,0,0x2004BC00,64,1,
AW,1,0x2004BC40,64,1,FFFFFFFFFFFFFFFF
AR,0,0x2004BC80,64,1,
AW,1,0x2004BCC0,64,1,FFFFFFFFFFFFFFFF
AR,0,0x2004BD00,64,1,
AW,1,0x2004BD40,64,1,FFFFFFFFFFFFFFFF
AR,0,0x2004BD80,64,1,
AW,1,0x2004BDC0,64,1,FFFFFFFFFFFFFFFF
AR,0,0x2004BE00,64,1,
AW,1,0x2004BE40,64,1,FFFFFFFFFFFFFFFF
AR,0,0x2004BE80,64,1,
AW,1,0x2004BEC0,64,1,FFFFFFFFFFFFFFFF
AR,0,0x2004BF00,64,1,
AW,1,0x2004BF40,64,1,FFFFFFFFFFFFFFFF
AR,0,0x2004BF80,64,1,
AW,1,0x2004BFC0,64,1,FFFFFFFFFFFFFFFF
AR,0,0x2004C000,64,1,
AW,1,0x2004C040,64,1,FFFFFFFFFFFFFFFF
AR,0,0x2004C080,64,1,
AW,1,0x2004C0C0,64,1,FFFFFFFFFFFFFFFF
AR,0,0x2004C100,64,1,
AW,1,0x2004C140,64,1,FFFFFFFFFFFFFFFF
AR,0,0x2004C180,64,1,
AW,1,0x2004C1C0,64,1,FFFFFFFFFFFFFFFF
AR,0,0x2004C200,64,1,
AW,1,0x2004C240,64,1,FFFFFFFFFFFFFFFF
AR,0,0x2004C280,64,1,
AW,1,0x2004C2C0,64,1,FFFFFFFFFFFFFFFF
AR,0,0x2004C300,64,1,
AW,1,0x2004C340,64,1,FFFFFFFFFFFFFFFF
AR,0,0x2004C380,64,1,
AW,1,0x2004C3C0,64,1,FFFFFFFFFFFFFFFF
AR,0,0x2004C400,64,1,
AW,1,0x2004C440,64,1,FFFFFFFFFFFFFFFF
AR,0,0x2004C480,64,1,
AW,1,0x2004C4C0,64,1,FFFFFFFFFFFFFFFF
AR,0,0x2004C500,64,1,
AW,1,0x2004C540,64,1,FFFFFFFFFFFFFFFF
AR,0,0x2004C580,64,1,
AW,1,0x2004C5C0,64,1,FFFFFFFFFFFFFFFF
AR,0,0x2004C600,64,1,
AW,1,0x2004C640,64,1,FFFFFFFFFFFFFFFF
AR,0,0x2004C680,64,1,
AW,1,0x2004C6C0,64,1,FFFFFFFFFFFFFFFF
AR,0,0x2004C700,64,1,
AW,1,0x2004C740,64,1,FFFFFFFFFFFFFFFF
AR,0,0x2004C780,64,1,
AW,1,0x2004C7C0,64,1,FFFFFFFFFFFFFFFF
AR,0,0x2004C800,64,1,
AW,1,0x2004C840,64,1,FFFFFFFFFFFFFFFF
AR,0,0x2004C880,64,1,
AW,1,0x2004C8C0,64,1,FFFFFFFFFFFFFFFF
AR,0,0x2004C900,64,1,
AW,1,0x2004C940,64,1,FFFFFFFFFFFFFFFF
AR,0,0x2004C980,64,1,
AW,1,0x2004C9C0,64,1,FFFFFFFFFFFFFFFF
AR,0,0x2004CA00,64,1,
AW,1,0x2004CA40,64,1,FFFFFFFFFFFFFFFF
AR,0,0x2004CA80,64,1,
AW,1,0x2004CAC0,64,1,FFFFFFFFFFFFFFFF
AR,0,0x2004CB00,64,1,
AW,1,0x2004CB40,64,1,FFFFFFFFFFFFFFFF
AR,0,0x2004CB80,64,1,
AW,1,0x2004CBC0,64,1,FFFFFFFFFFFFFFFF
AR,0,0x2004CC00,64,1,
AW,1,0x2004CC40,64,1,FFFFFFFFFFFFFFFF
AR,0,0x2004CC80,64,1,
AW,1,0x2004CCC0,64,1,FFFFFFFFFFFFFFFF
AR,0,0x2004CD00,64,1,
AW,1,0x2004CD40,64,1,FFFFFFFFFFFFFFFF
AR,0,0x2004CD80,64,1,
AW,1,0x2004CDC0,64,1,FFFFFFFFFFFFFFFF
AR,0,0x2004CE00,64,1,
AW,1,0x2004CE40,64,1,FFFFFFFFFFFFFFFF
AR,0,0x2004CE80,64,1,
AW,1,0x2004CEC0,64,1,FFFFFFFFFFFFFFFF
AR,0,0x2004CF00,64,1,
AW,1,0x2004CF40,64,1,FFFFFFFFFFFFFFFF
AR,0,0x2004CF80,64,1,
AW,1,0x2004CFC0,64,1,FFFFFFFFFFFFFFFF
AR,0,0x2004D000,64,1,
AW,1,0x2004D040,64,1,FFFFFFFFFFFFFFFF
AR,0,0x2004D080,64,1,
AW,1,0x2004D0C0,64,1,FFFFFFFFFFFFFFFF
AR,0,0x2004D100,64,1,
AW,1,0x2004D140,64,1,FFFFFFFFFFFFFFFF
AR,0,0x2004D180,64,1,
AW,1,0x2004D1C0,64,1,FFFFFFFFFFFFFFFF
AR,0,0x2004D200,64,1,
AW,1,0x2004D240,64,1,FFFFFFFFFFFFFFFF
AR,0,0x2004D280,64,1,
AW,1,0x2004D2C0,64,1,FFFFFFFFFFFFFFFF
AR,0,0x2004D300,64,1,
AW,1,0x2004D340,64,1,FFFFFFFFFFFFFFFF
AR,0,0x2004D380,64,1,
AW,1,0x2004D3C0,64,1,FFFFFFFFFFFFFFFF
AR,0,0x2004D400,64,1,
AW,1,0x2004D440,64,1,FFFFFFFFFFFFFFFF
AR,0,0x2004D480,64,1,
AW,1,0x2004D4C0,64,1,FFFFFFFFFFFFFFFF
AR,0,0x2004D500,64,1,
AW,1,0x2004D540,64,1,FFFFFFFFFFFFFFFF
AR,0,0x2004D580,64,1,
AW,1,0x2004D5C0,64,1,FFFFFFFFFFFFFFFF
AR,0,0x2004D600,64,1,
AW,1,0x2004D640,64,1,FFFFFFFFFFFFFFFF
AR,0,0x2004D680,64,1,
AW,1,0x2004D6C0,64,1,FFFFFFFFFFFFFFFF
AR,0,0x2004D700,64,1,
AW,1,0x2004D740,64,1,FFFFFFFFFFFFFFFF
AR,0,0x2004D780,64,1,
AW,1,0x2004D7C0,64,1,FFFFFFFFFFFFFFFF
AR,0,0x2004D800,64,1,
AW,1,0x2004D840,64,1,FFFFFFFFFFFFFFFF
AR,0,0x2004D880,64,1,
AW,1,0x2004D8C0,64,1,FFFFFFFFFFFFFFFF
AR,0,0x2004D900,64,1,
AW,1,0x2004D940,64,1,FFFFFFFFFFFFFFFF
AR,0,0x2004D980,64,1,
AW,1,0x2004D9C0,64,1,FFFFFFFFFFFFFFFF
AR,0,0x2004DA00,64,1,
AW,1,0x2004DA40,64,1,FFFFFFFFFFFFFFFF
AR,0,0x2004DA80,64,1,
AW,1,0x2004DAC0,64,1,FFFFFFFFFFFFFFFF
AR,0,0x2004DB00,64,1,
AW,1,0x2004DB40,64,1,FFFFFFFFFFFFFFFF
AR,0,0x2004DB80,64,1,
AW,1,0x2004DBC0,64,1,FFFFFFFFFFFFFFFF
AR,0,0x2004DC00,64,1,
AW,1,0x2004DC40,64,1,FFFFFFFFFFFFFFFF
AR,0,0x2004DC80,64,1,
AW,1,0x2004DCC0,64,1,FFFFFFFFFFFFFFFF
AR,0,0x2004DD00,64,1,
AW,1,0x2004DD40,64,1,FFFFFFFFFFFFFFFF
AR,0,0x2004DD80,64,1,
AW,1,0x2004DDC0,64,1,FFFFFFFFFFFFFFFF
AR,0,0x2004DE00,64,1,
AW,1,0x2004DE40,64,1,FFFFFFFFFFFFFFFF
AR,0,0x2004DE80,64,1,
AW,1,0x2004DEC0,64,1,FFFFFFFFFFFFFFFF
AR,0,0x2004DF00,64,1,
AW,1,0x2004DF40,64,1,FFFFFFFFFFFFFFFF
AR,0,0x2004DF80,64,1,
AW,1,0x2004DFC0,64,1,FFFFFFFFFFFFFFFF
AR,0,0x2004E000,64,1,
AW,1,0x2004E040,64,1,FFFFFFFFFFFFFFFF
AR,0,0x2004E080,64,1,
AW,1,0x2004E0C0,64,1,FFFFFFFFFFFFFFFF
AR,0,0x2004E100,64,1,
AW,1,0x2004E140,64,1,FFFFFFFFFFFFFFFF
AR,0,0x2004E180,64,1,
AW,1,0x2004E1C0,64,1,FFFFFFFFFFFFFFFF
AR,0,0x2004E200,64,1,
AW,1,0x2004E240,64,1,FFFFFFFFFFFFFFFF
AR,0,0x2004E280,64,1,
AW,1,0x2004E2C0,64,1,FFFFFFFFFFFFFFFF
AR,0,0x2004E300,64,1,
AW,1,0x2004E340,64,1,FFFFFFFFFFFFFFFF
AR,0,0x2004E380,64,1,
AW,1,0x2004E3C0,64,1,FFFFFFFFFFFFFFFF
AR,0,0x2004E400,64,1,
AW,1,0x2004E440,64,1,FFFFFFFFFFFFFFFF
AR,0,0x2004E480,64,1,
AW,1,0x2004E4C0,64,1,FFFFFFFFFFFFFFFF
AR,0,0x2004E500,64,1,
AW,1,0x2004E540,64,1,FFFFFFFFFFFFFFFF
AR,0,0x2004E580,64,1,
AW,1,0x2004E5C0,64,1,FFFFFFFFFFFFFFFF
AR,0,0x2004E600,64,1,
AW,1,0x2004E640,64,1,FFFFFFFFFFFFFFFF
AR,0,0x2004E680,64,1,
AW,1,0x2004E6C0,64,1,FFFFFFFFFFFFFFFF
AR,0,0x2004E700,64,1,
AW,1,0x2004E740,64,1,FFFFFFFFFFFFFFFF
AR,0,0x2004E780,64,1,
AW,1,0x2004E7C0,64,1,FFFFFFFFFFFFFFFF
AR,0,0x2004E800,64,1,
AW,1,0x2004E840,64,1,FFFFFFFFFFFFFFFF
AR,0,0x2004E880,64,1,
AW,1,0x2004E8C0,64,1,FFFFFFFFFFFFFFFF
AR,0,0x2004E900,64,1,
AW,1,0x2004E940,64,1,FFFFFFFFFFFFFFFF
AR,0,0x2004E980,64,1,
AW,1,0x2004E9C0,64,1,FFFFFFFFFFFFFFFF
AR,0,0x2004EA00,64,1,
AW,1,0x2004EA40,64,1,FFFFFFFFFFFFFFFF
AR,0,0x2004EA80,64,1,
AW,1,0x2004EAC0,64,1,FFFFFFFFFFFFFFFF
AR,0,0x2004EB00,64,1,
AW,1,0x2004EB40,64,1,FFFFFFFFFFFFFFFF
AR,0,0x2004EB80,64,1,
AW,1,0x2004EBC0,64,1,FFFFFFFFFFFFFFFF
AR,0,0x2004EC00,64,1,
AW,1,0x2004EC40,64,1,FFFFFFFFFFFFFFFF
AR,0,0x2004EC80,64,1,
AW,1,0x2004ECC0,64,1,FFFFFFFFFFFFFFFF
AR,0,0x2004ED00,64,1,
AW,1,0x2004ED40,64,1,FFFFFFFFFFFFFFFF
AR,0,0x2004ED80,64,1,
AW,1,0x2004EDC0,64,1,FFFFFFFFFFFFFFFF
AR,0,0x2004EE00,64,1,
AW,1,0x2004EE40,64,1,FFFFFFFFFFFFFFFF
AR,0,0x2004EE80,64,1,
AW,1,0x2004EEC0,64,1,FFFFFFFFFFFFFFFF
AR,0,0x2004EF00,64,1,
AW,1,0x2004EF40,64,1,FFFFFFFFFFFFFFFF
AR,0,0x2004EF80,64,1,
AW,1,0x2004EFC0,64,1,FFFFFFFFFFFFFFFF
AR,0,0x2004F000,64,1,
AW,1,0x2004F040,64,1,FFFFFFFFFFFFFFFF
AR,0,0x2004F080,64,1,
AW,1,0x2004F0C0,64,1,FFFFFFFFFFFFFFFF
AR,0,0x2004F100,64,1,
AW,1,0x2004F140,64,1,FFFFFFFFFFFFFFFF
AR,0,0x2004F180,64,1,
AW,1,0x2004F1C0,64,1,FFFFFFFFFFFFFFFF
AR,0,0x2004F200,64,1,
AW,1,0x2004F240,64,1,FFFFFFFFFFFFFFFF
AR,0,0x2004F280,64,1,
AW,1,0x2004F2C0,64,1,FFFFFFFFFFFFFFFF
AR,0,0x2004F300,64,1,
AW,1,0x2004F340,64,1,FFFFFFFFFFFFFFFF
AR,0,0x2004F380,64,1,
AW,1,0x2004F3C0,64,1,FFFFFFFFFFFFFFFF
AR,0,0x2004F400,64,1,
AW,1,0x2004F440,64,1,FFFFFFFFFFFFFFFF
AR,0,0x2004F480,64,1,
AW,1,0x2004F4C0,64,1,FFFFFFFFFFFFFFFF
AR,0,0x2004F500,64,1,
AW,1,0x2004F540,64,1,FFFFFFFFFFFFFFFF
AR,0,0x2004F580,64,1,
AW,1,0x2004F5C0,64,1,FFFFFFFFFFFFFFFF
AR,0,0x2004F600,64,1,
AW,1,0x2004F640,64,1,FFFFFFFFFFFFFFFF
AR,0,0x2004F680,64,1,
AW,1,0x2004F6C0,64,1,FFFFFFFFFFFFFFFF
AR,0,0x2004F700,64,1,
AW,1,0x2004F740,64,1,FFFFFFFFFFFFFFFF
AR,0,0x2004F780,64,1,
AW,1,0x2004F7C0,64,1,FFFFFFFFFFFFFFFF
AR,0,0x2004F800,64,1,
AW,1,0x2004F840,64,1,FFFFFFFFFFFFFFFF
AR,0,0x2004F880,64,1,
AW,1,0x2004F8C0,64,1,FFFFFFFFFFFFFFFF
AR,0,0x2004F900,64,1,
AW,1,0x2004F940,64,1,FFFFFFFFFFFFFFFF
AR,0,0x2004F980,64,1,
AW,1,0x2004F9C0,64,1,FFFFFFFFFFFFFFFF
AR,0,0x2004FA00,64,1,
AW,1,0x2004FA40,64,1,FFFFFFFFFFFFFFFF
AR,0,0x2004FA80,64,1,
AW,1,0x2004FAC0,64,1,FFFFFFFFFFFFFFFF
AR,0,0x2004FB00,64,1,
AW,1,0x2004FB40,64,1,FFFFFFFFFFFFFFFF
AR,0,0x2004FB80,64,1,
AW,1,0x2004FBC0,64,1,FFFFFFFFFFFFFFFF
AR,0,0x2004FC00,64,1,
AW,1,0x2004FC40,64,1,FFFFFFFFFFFFFFFF
AR,0,0x2004FC80,64,1,
AW,1,0x2004FCC0,64,1,FFFFFFFFFFFFFFFF
AR,0,0x2004FD00,64,1,
AW,1,0x2004FD40,64,1,FFFFFFFFFFFFFFFF
AR,0,0x2004FD80,64,1,
AW,1,0x2004FDC0,64,1,FFFFFFFFFFFFFFFF
AR,0,0x2004FE00,64,1,
AW,1,0x2004FE40,64,1,FFFFFFFFFFFFFFFF
AR,0,0x2004FE80,64,1,
AW,1,0x2004FEC0,64,1,FFFFFFFFFFFFFFFF
AR,0,0x2004FF00,64,1,
AW,1,0x2004FF40,64,1,FFFFFFFFFFFFFFFF
AR,0,0x2004FF80,64,1,
AW,1,0x2004FFC0,64,1,FFFFFFFFFFFFFFFF
AR,0,0x20050000,64,1,
AW,1,0x20050040,64,1,FFFFFFFFFFFFFFFF
AR,0,0x20050080,64,1,
AW,1,0x200500C0,64,1,FFFFFFFFFFFFFFFF
AR,0,0x20050100,64,1,
AW,1,0x20050140,64,1,FFFFFFFFFFFFFFFF
AR,0,0x20050180,64,1,
AW,1,0x200501C0,64,1,FFFFFFFFFFFFFFFF
AR,0,0x20050200,64,1,
AW,1,0x20050240,64,1,FFFFFFFFFFFFFFFF
AR,0,0x20050280,64,1,
AW,1,0x200502C0,64,1,FFFFFFFFFFFFFFFF
AR,0,0x20050300,64,1,
AW,1,0x20050340,64,1,FFFFFFFFFFFFFFFF
AR,0,0x20050380,64,1,
AW,1,0x200503C0,64,1,FFFFFFFFFFFFFFFF
AR,0,0x20050400,64,1,
AW,1,0x20050440,64,1,FFFFFFFFFFFFFFFF
AR,0,0x20050480,64,1,
AW,1,0x200504C0,64,1,FFFFFFFFFFFFFFFF
AR,0,0x20050500,64,1,
AW,1,0x20050540,64,1,FFFFFFFFFFFFFFFF
AR,0,0x20050580,64,1,
AW,1,0x200505C0,64,1,FFFFFFFFFFFFFFFF
AR,0,0x20050600,64,1,
AW,1,0x20050640,64,1,FFFFFFFFFFFFFFFF
AR,0,0x20050680,64,1,
AW,1,0x200506C0,64,1,FFFFFFFFFFFFFFFF
AR,0,0x20050700,64,1,
AW,1,0x20050740,64,1,FFFFFFFFFFFFFFFF
AR,0,0x20050780,64,1,
AW,1,0x200507C0,64,1,FFFFFFFFFFFFFFFF
AR,0,0x20050800,64,1,
AW,1,0x20050840,64,1,FFFFFFFFFFFFFFFF
AR,0,0x20050880,64,1,
AW,1,0x200508C0,64,1,FFFFFFFFFFFFFFFF
AR,0,0x20050900,64,1,
AW,1,0x20050940,64,1,FFFFFFFFFFFFFFFF
AR,0,0x20050980,64,1,
AW,1,0x200509C0,64,1,FFFFFFFFFFFFFFFF
AR,0,0x20050A00,64,1,
AW,1,0x20050A40,64,1,FFFFFFFFFFFFFFFF
AR,0,0x20050A80,64,1,
AW,1,0x20050AC0,64,1,FFFFFFFFFFFFFFFF
AR,0,0x20050B00,64,1,
AW,1,0x20050B40,64,1,FFFFFFFFFFFFFFFF
AR,0,0x20050B80,64,1,
AW,1,0x20050BC0,64,1,FFFFFFFFFFFFFFFF
AR,0,0x20050C00,64,1,
AW,1,0x20050C40,64,1,FFFFFFFFFFFFFFFF
AR,0,0x20050C80,64,1,
AW,1,0x20050CC0,64,1,FFFFFFFFFFFFFFFF
AR,0,0x20050D00,64,1,
AW,1,0x20050D40,64,1,FFFFFFFFFFFFFFFF
AR,0,0x20050D80,64,1,
AW,1,0x20050DC0,64,1,FFFFFFFFFFFFFFFF
AR,0,0x20050E00,64,1,
AW,1,0x20050E40,64,1,FFFFFFFFFFFFFFFF
AR,0,0x20050E80,64,1,
AW,1,0x20050EC0,64,1,FFFFFFFFFFFFFFFF
AR,0,0x20050F00,64,1,
AW,1,0x20050F40,64,1,FFFFFFFFFFFFFFFF
AR,0,0x20050F80,64,1,
AW,1,0x20050FC0,64,1,FFFFFFFFFFFFFFFF
AR,0,0x20051000,64,1,
AW,1,0x20051040,64,1,FFFFFFFFFFFFFFFF
AR,0,0x20051080,64,1,
AW,1,0x200510C0,64,1,FFFFFFFFFFFFFFFF
AR,0,0x20051100,64,1,
AW,1,0x20051140,64,1,FFFFFFFFFFFFFFFF
AR,0,0x20051180,64,1,
AW,1,0x200511C0,64,1,FFFFFFFFFFFFFFFF
AR,0,0x20051200,64,1,
AW,1,0x20051240,64,1,FFFFFFFFFFFFFFFF
AR,0,0x20051280,64,1,
AW,1,0x200512C0,64,1,FFFFFFFFFFFFFFFF
AR,0,0x20051300,64,1,
AW,1,0x20051340,64,1,FFFFFFFFFFFFFFFF
AR,0,0x20051380,64,1,
AW,1,0x200513C0,64,1,FFFFFFFFFFFFFFFF
AR,0,0x20051400,64,1,
AW,1,0x20051440,64,1,FFFFFFFFFFFFFFFF
AR,0,0x20051480,64,1,
AW,1,0x200514C0,64,1,FFFFFFFFFFFFFFFF
AR,0,0x20051500,64,1,
AW,1,0x20051540,64,1,FFFFFFFFFFFFFFFF
AR,0,0x20051580,64,1,
AW,1,0x200515C0,64,1,FFFFFFFFFFFFFFFF
AR,0,0x20051600,64,1,
AW,1,0x20051640,64,1,FFFFFFFFFFFFFFFF
AR,0,0x20051680,64,1,
AW,1,0x200516C0,64,1,FFFFFFFFFFFFFFFF
AR,0,0x20051700,64,1,
AW,1,0x20051740,64,1,FFFFFFFFFFFFFFFF
AR,0,0x20051780,64,1,
AW,1,0x200517C0,64,1,FFFFFFFFFFFFFFFF
AR,0,0x20051800,64,1,
AW,1,0x20051840,64,1,FFFFFFFFFFFFFFFF
AR,0,0x20051880,64,1,
AW,1,0x200518C0,64,1,FFFFFFFFFFFFFFFF
AR,0,0x20051900,64,1,
AW,1,0x20051940,64,1,FFFFFFFFFFFFFFFF
AR,0,0x20051980,64,1,
AW,1,0x200519C0,64,1,FFFFFFFFFFFFFFFF
AR,0,0x20051A00,64,1,
AW,1,0x20051A40,64,1,FFFFFFFFFFFFFFFF
AR,0,0x20051A80,64,1,
AW,1,0x20051AC0,64,1,FFFFFFFFFFFFFFFF
AR,0,0x20051B00,64,1,
AW,1,0x20051B40,64,1,FFFFFFFFFFFFFFFF
AR,0,0x20051B80,64,1,
AW,1,0x20051BC0,64,1,FFFFFFFFFFFFFFFF
AR,0,0x20051C00,64,1,
AW,1,0x20051C40,64,1,FFFFFFFFFFFFFFFF
AR,0,0x20051C80,64,1,
AW,1,0x20051CC0,64,1,FFFFFFFFFFFFFFFF
AR,0,0x20051D00,64,1,
AW,1,0x20051D40,64,1,FFFFFFFFFFFFFFFF
AR,0,0x20051D80,64,1,
AW,1,0x20051DC0,64,1,FFFFFFFFFFFFFFFF
AR,0,0x20051E00,64,1,
AW,1,0x20051E40,64,1,FFFFFFFFFFFFFFFF
AR,0,0x20051E80,64,1,
AW,1,0x20051EC0,64,1,FFFFFFFFFFFFFFFF
AR,0,0x20051F00,64,1,
AW,1,0x20051F40,64,1,FFFFFFFFFFFFFFFF
AR,0,0x20051F80,64,1,
AW,1,0x20051FC0,64,1,FFFFFFFFFFFFFFFF
AR,0,0x20052000,64,1,
AW,1,0x20052040,64,1,FFFFFFFFFFFFFFFF
AR,0,0x20052080,64,1,
AW,1,0x200520C0,64,1,FFFFFFFFFFFFFFFF
AR,0,0x20052100,64,1,
AW,1,0x20052140,64,1,FFFFFFFFFFFFFFFF
AR,0,0x20052180,64,1,
AW,1,0x200521C0,64,1,FFFFFFFFFFFFFFFF
AR,0,0x20052200,64,1,
AW,1,0x20052240,64,1,FFFFFFFFFFFFFFFF
AR,0,0x20052280,64,1,
AW,1,0x200522C0,64,1,FFFFFFFFFFFFFFFF
AR,0,0x20052300,64,1,
AW,1,0x20052340,64,1,FFFFFFFFFFFFFFFF
AR,0,0x20052380,64,1,
AW,1,0x200523C0,64,1,FFFFFFFFFFFFFFFF
AR,0,0x20052400,64,1,
AW,1,0x20052440,64,1,FFFFFFFFFFFFFFFF
AR,0,0x20052480,64,1,
AW,1,0x200524C0,64,1,FFFFFFFFFFFFFFFF
AR,0,0x20052500,64,1,
AW,1,0x20052540,64,1,FFFFFFFFFFFFFFFF
AR,0,0x20052580,64,1,
AW,1,0x200525C0,64,1,FFFFFFFFFFFFFFFF
AR,0,0x20052600,64,1,
AW,1,0x20052640,64,1,FFFFFFFFFFFFFFFF
AR,0,0x20052680,64,1,
AW,1,0x200526C0,64,1,FFFFFFFFFFFFFFFF
AR,0,0x20052700,64,1,
AW,1,0x20052740,64,1,FFFFFFFFFFFFFFFF
AR,0,0x20052780,64,1,
AW,1,0x200527C0,64,1,FFFFFFFFFFFFFFFF
AR,0,0x20052800,64,1,
AW,1,0x20052840,64,1,FFFFFFFFFFFFFFFF
AR,0,0x20052880,64,1,
AW,1,0x200528C0,64,1,FFFFFFFFFFFFFFFF
AR,0,0x20052900,64,1,
AW,1,0x20052940,64,1,FFFFFFFFFFFFFFFF
AR,0,0x20052980,64,1,
AW,1,0x200529C0,64,1,FFFFFFFFFFFFFFFF
AR,0,0x20052A00,64,1,
AW,1,0x20052A40,64,1,FFFFFFFFFFFFFFFF
AR,0,0x20052A80,64,1,
AW,1,0x20052AC0,64,1,FFFFFFFFFFFFFFFF
AR,0,0x20052B00,64,1,
AW,1,0x20052B40,64,1,FFFFFFFFFFFFFFFF
AR,0,0x20052B80,64,1,
AW,1,0x20052BC0,64,1,FFFFFFFFFFFFFFFF
AR,0,0x20052C00,64,1,
AW,1,0x20052C40,64,1,FFFFFFFFFFFFFFFF
AR,0,0x20052C80,64,1,
AW,1,0x20052CC0,64,1,FFFFFFFFFFFFFFFF
AR,0,0x20052D00,64,1,
AW,1,0x20052D40,64,1,FFFFFFFFFFFFFFFF
AR,0,0x20052D80,64,1,
AW,1,0x20052DC0,64,1,FFFFFFFFFFFFFFFF
AR,0,0x20052E00,64,1,
AW,1,0x20052E40,64,1,FFFFFFFFFFFFFFFF
AR,0,0x20052E80,64,1,
AW,1,0x20052EC0,64,1,FFFFFFFFFFFFFFFF
AR,0,0x20052F00,64,1,
AW,1,0x20052F40,64,1,FFFFFFFFFFFFFFFF
AR,0,0x20052F80,64,1,
AW,1,0x20052FC0,64,1,FFFFFFFFFFFFFFFF
AR,0,0x20053000,64,1,
AW,1,0x20053040,64,1,FFFFFFFFFFFFFFFF
AR,0,0x20053080,64,1,
AW,1,0x200530C0,64,1,FFFFFFFFFFFFFFFF
AR,0,0x20053100,64,1,
AW,1,0x20053140,64,1,FFFFFFFFFFFFFFFF
AR,0,0x20053180,64,1,
AW,1,0x200531C0,64,1,FFFFFFFFFFFFFFFF
AR,0,0x20053200,64,1,
AW,1,0x20053240,64,1,FFFFFFFFFFFFFFFF
AR,0,0x20053280,64,1,
AW,1,0x200532C0,64,1,FFFFFFFFFFFFFFFF
AR,0,0x20053300,64,1,
AW,1,0x20053340,64,1,FFFFFFFFFFFFFFFF
AR,0,0x20053380,64,1,
AW,1,0x200533C0,64,1,FFFFFFFFFFFFFFFF
AR,0,0x20053400,64,1,
AW,1,0x20053440,64,1,FFFFFFFFFFFFFFFF
AR,0,0x20053480,64,1,
AW,1,0x200534C0,64,1,FFFFFFFFFFFFFFFF
AR,0,0x20053500,64,1,
AW,1,0x20053540,64,1,FFFFFFFFFFFFFFFF
AR,0,0x20053580,64,1,
AW,1,0x200535C0,64,1,FFFFFFFFFFFFFFFF
AR,0,0x20053600,64,1,
AW,1,0x20053640,64,1,FFFFFFFFFFFFFFFF
AR,0,0x20053680,64,1,
AW,1,0x200536C0,64,1,FFFFFFFFFFFFFFFF
AR,0,0x20053700,64,1,
AW,1,0x20053740,64,1,FFFFFFFFFFFFFFFF
AR,0,0x20053780,64,1,
AW,1,0x200537C0,64,1,FFFFFFFFFFFFFFFF
AR,0,0x20053800,64,1,
AW,1,0x20053840,64,1,FFFFFFFFFFFFFFFF
AR,0,0x20053880,64,1,
AW,1,0x200538C0,64,1,FFFFFFFFFFFFFFFF
AR,0,0x20053900,64,1,
AW,1,0x20053940,64,1,FFFFFFFFFFFFFFFF
AR,0,0x20053980,64,1,
AW,1,0x200539C0,64,1,FFFFFFFFFFFFFFFF
AR,0,0x20053A00,64,1,
AW,1,0x20053A40,64,1,FFFFFFFFFFFFFFFF
AR,0,0x20053A80,64,1,
AW,1,0x20053AC0,64,1,FFFFFFFFFFFFFFFF
AR,0,0x20053B00,64,1,
AW,1,0x20053B40,64,1,FFFFFFFFFFFFFFFF
AR,0,0x20053B80,64,1,
AW,1,0x20053BC0,64,1,FFFFFFFFFFFFFFFF
AR,0,0x20053C00,64,1,
AW,1,0x20053C40,64,1,FFFFFFFFFFFFFFFF
AR,0,0x20053C80,64,1,
AW,1,0x20053CC0,64,1,FFFFFFFFFFFFFFFF
AR,0,0x20053D00,64,1,
AW,1,0x20053D40,64,1,FFFFFFFFFFFFFFFF
AR,0,0x20053D80,64,1,
AW,1,0x20053DC0,64,1,FFFFFFFFFFFFFFFF
AR,0,0x20053E00,64,1,
AW,1,0x20053E40,64,1,FFFFFFFFFFFFFFFF
AR,0,0x20053E80,64,1,
AW,1,0x20053EC0,64,1,FFFFFFFFFFFFFFFF
AR,0,0x20053F00,64,1,
AW,1,0x20053F40,64,1,FFFFFFFFFFFFFFFF
AR,0,0x20053F80,64,1,
AW,1,0x20053FC0,64,1,FFFFFFFFFFFFFFFF
AR,0,0x20054000,64,1,
AW,1,0x20054040,64,1,FFFFFFFFFFFFFFFF
AR,0,0x20054080,64,1,
AW,1,0x200540C0,64,1,FFFFFFFFFFFFFFFF
AR,0,0x20054100,64,1,
AW,1,0x20054140,64,1,FFFFFFFFFFFFFFFF
AR,0,0x20054180,64,1,
AW,1,0x200541C0,64,1,FFFFFFFFFFFFFFFF
AR,0,0x20054200,64,1,
AW,1,0x20054240,64,1,FFFFFFFFFFFFFFFF
AR,0,0x20054280,64,1,
AW,1,0x200542C0,64,1,FFFFFFFFFFFFFFFF
AR,0,0x20054300,64,1,
AW,1,0x20054340,64,1,FFFFFFFFFFFFFFFF
AR,0,0x20054380,64,1,
AW,1,0x200543C0,64,1,FFFFFFFFFFFFFFFF
AR,0,0x20054400,64,1,
AW,1,0x20054440,64,1,FFFFFFFFFFFFFFFF
AR,0,0x20054480,64,1,
AW,1,0x200544C0,64,1,FFFFFFFFFFFFFFFF
AR,0,0x20054500,64,1,
AW,1,0x20054540,64,1,FFFFFFFFFFFFFFFF
AR,0,0x20054580,64,1,
AW,1,0x200545C0,64,1,FFFFFFFFFFFFFFFF
AR,0,0x20054600,64,1,
AW,1,0x20054640,64,1,FFFFFFFFFFFFFFFF
AR,0,0x20054680,64,1,
AW,1,0x200546C0,64,1,FFFFFFFFFFFFFFFF
AR,0,0x20054700,64,1,
AW,1,0x20054740,64,1,FFFFFFFFFFFFFFFF
AR,0,0x20054780,64,1,
AW,1,0x200547C0,64,1,FFFFFFFFFFFFFFFF
AR,0,0x20054800,64,1,
AW,1,0x20054840,64,1,FFFFFFFFFFFFFFFF
AR,0,0x20054880,64,1,
AW,1,0x200548C0,64,1,FFFFFFFFFFFFFFFF
AR,0,0x20054900,64,1,
AW,1,0x20054940,64,1,FFFFFFFFFFFFFFFF
AR,0,0x20054980,64,1,
AW,1,0x200549C0,64,1,FFFFFFFFFFFFFFFF
AR,0,0x20054A00,64,1,
AW,1,0x20054A40,64,1,FFFFFFFFFFFFFFFF
AR,0,0x20054A80,64,1,
AW,1,0x20054AC0,64,1,FFFFFFFFFFFFFFFF
AR,0,0x20054B00,64,1,
AW,1,0x20054B40,64,1,FFFFFFFFFFFFFFFF
AR,0,0x20054B80,64,1,
AW,1,0x20054BC0,64,1,FFFFFFFFFFFFFFFF
AR,0,0x20054C00,64,1,
AW,1,0x20054C40,64,1,FFFFFFFFFFFFFFFF
AR,0,0x20054C80,64,1,
AW,1,0x20054CC0,64,1,FFFFFFFFFFFFFFFF
AR,0,0x20054D00,64,1,
AW,1,0x20054D40,64,1,FFFFFFFFFFFFFFFF
AR,0,0x20054D80,64,1,
AW,1,0x20054DC0,64,1,FFFFFFFFFFFFFFFF
AR,0,0x20054E00,64,1,
AW,1,0x20054E40,64,1,FFFFFFFFFFFFFFFF
AR,0,0x20054E80,64,1,
AW,1,0x20054EC0,64,1,FFFFFFFFFFFFFFFF
AR,0,0x20054F00,64,1,
AW,1,0x20054F40,64,1,FFFFFFFFFFFFFFFF
AR,0,0x20054F80,64,1,
AW,1,0x20054FC0,64,1,FFFFFFFFFFFFFFFF
AR,0,0x20055000,64,1,
AW,1,0x20055040,64,1,FFFFFFFFFFFFFFFF
AR,0,0x20055080,64,1,
AW,1,0x200550C0,64,1,FFFFFFFFFFFFFFFF
AR,0,0x20055100,64,1,
AW,1,0x20055140,64,1,FFFFFFFFFFFFFFFF
AR,0,0x20055180,64,1,
AW,1,0x200551C0,64,1,FFFFFFFFFFFFFFFF
AR,0,0x20055200,64,1,
AW,1,0x20055240,64,1,FFFFFFFFFFFFFFFF
AR,0,0x20055280,64,1,
AW,1,0x200552C0,64,1,FFFFFFFFFFFFFFFF
AR,0,0x20055300,64,1,
AW,1,0x20055340,64,1,FFFFFFFFFFFFFFFF
AR,0,0x20055380,64,1,
AW,1,0x200553C0,64,1,FFFFFFFFFFFFFFFF
AR,0,0x20055400,64,1,
AW,1,0x20055440,64,1,FFFFFFFFFFFFFFFF
AR,0,0x20055480,64,1,
AW,1,0x200554C0,64,1,FFFFFFFFFFFFFFFF
AR,0,0x20055500,64,1,
AW,1,0x20055540,64,1,FFFFFFFFFFFFFFFF
AR,0,0x20055580,64,1,
AW,1,0x200555C0,64,1,FFFFFFFFFFFFFFFF
AR,0,0x20055600,64,1,
AW,1,0x20055640,64,1,FFFFFFFFFFFFFFFF
AR,0,0x20055680,64,1,
AW,1,0x200556C0,64,1,FFFFFFFFFFFFFFFF
AR,0,0x20055700,64,1,
AW,1,0x20055740,64,1,FFFFFFFFFFFFFFFF
AR,0,0x20055780,64,1,
AW,1,0x200557C0,64,1,FFFFFFFFFFFFFFFF
AR,0,0x20055800,64,1,
AW,1,0x20055840,64,1,FFFFFFFFFFFFFFFF
AR,0,0x20055880,64,1,
AW,1,0x200558C0,64,1,FFFFFFFFFFFFFFFF
AR,0,0x20055900,64,1,
AW,1,0x20055940,64,1,FFFFFFFFFFFFFFFF
AR,0,0x20055980,64,1,
AW,1,0x200559C0,64,1,FFFFFFFFFFFFFFFF
AR,0,0x20055A00,64,1,
AW,1,0x20055A40,64,1,FFFFFFFFFFFFFFFF
AR,0,0x20055A80,64,1,
AW,1,0x20055AC0,64,1,FFFFFFFFFFFFFFFF
AR,0,0x20055B00,64,1,
AW,1,0x20055B40,64,1,FFFFFFFFFFFFFFFF
AR,0,0x20055B80,64,1,
AW,1,0x20055BC0,64,1,FFFFFFFFFFFFFFFF
AR,0,0x20055C00,64,1,
AW,1,0x20055C40,64,1,FFFFFFFFFFFFFFFF
AR,0,0x20055C80,64,1,
AW,1,0x20055CC0,64,1,FFFFFFFFFFFFFFFF
AR,0,0x20055D00,64,1,
AW,1,0x20055D40,64,1,FFFFFFFFFFFFFFFF
AR,0,0x20055D80,64,1,
AW,1,0x20055DC0,64,1,FFFFFFFFFFFFFFFF
AR,0,0x20055E00,64,1,
AW,1,0x20055E40,64,1,FFFFFFFFFFFFFFFF
AR,0,0x20055E80,64,1,
AW,1,0x20055EC0,64,1,FFFFFFFFFFFFFFFF
AR,0,0x20055F00,64,1,
AW,1,0x20055F40,64,1,FFFFFFFFFFFFFFFF
AR,0,0x20055F80,64,1,
AW,1,0x20055FC0,64,1,FFFFFFFFFFFFFFFF
AR,0,0x20056000,64,1,
AW,1,0x20056040,64,1,FFFFFFFFFFFFFFFF
AR,0,0x20056080,64,1,
AW,1,0x200560C0,64,1,FFFFFFFFFFFFFFFF
AR,0,0x20056100,64,1,
AW,1,0x20056140,64,1,FFFFFFFFFFFFFFFF
AR,0,0x20056180,64,1,
AW,1,0x200561C0,64,1,FFFFFFFFFFFFFFFF
AR,0,0x20056200,64,1,
AW,1,0x20056240,64,1,FFFFFFFFFFFFFFFF
AR,0,0x20056280,64,1,
AW,1,0x200562C0,64,1,FFFFFFFFFFFFFFFF
AR,0,0x20056300,64,1,
AW,1,0x20056340,64,1,FFFFFFFFFFFFFFFF
AR,0,0x20056380,64,1,
AW,1,0x200563C0,64,1,FFFFFFFFFFFFFFFF
AR,0,0x20056400,64,1,
AW,1,0x20056440,64,1,FFFFFFFFFFFFFFFF
AR,0,0x20056480,64,1,
AW,1,0x200564C0,64,1,FFFFFFFFFFFFFFFF
AR,0,0x20056500,64,1,
AW,1,0x20056540,64,1,FFFFFFFFFFFFFFFF
AR,0,0x20056580,64,1,
AW,1,0x200565C0,64,1,FFFFFFFFFFFFFFFF
AR,0,0x20056600,64,1,
AW,1,0x20056640,64,1,FFFFFFFFFFFFFFFF
AR,0,0x20056680,64,1,
AW,1,0x200566C0,64,1,FFFFFFFFFFFFFFFF
AR,0,0x20056700,64,1,
AW,1,0x20056740,64,1,FFFFFFFFFFFFFFFF
AR,0,0x20056780,64,1,
AW,1,0x200567C0,64,1,FFFFFFFFFFFFFFFF
AR,0,0x20056800,64,1,
AW,1,0x20056840,64,1,FFFFFFFFFFFFFFFF
AR,0,0x20056880,64,1,
AW,1,0x200568C0,64,1,FFFFFFFFFFFFFFFF
AR,0,0x20056900,64,1,
AW,1,0x20056940,64,1,FFFFFFFFFFFFFFFF
AR,0,0x20056980,64,1,
AW,1,0x200569C0,64,1,FFFFFFFFFFFFFFFF
AR,0,0x20056A00,64,1,
AW,1,0x20056A40,64,1,FFFFFFFFFFFFFFFF
AR,0,0x20056A80,64,1,
AW,1,0x20056AC0,64,1,FFFFFFFFFFFFFFFF
AR,0,0x20056B00,64,1,
AW,1,0x20056B40,64,1,FFFFFFFFFFFFFFFF
AR,0,0x20056B80,64,1,
AW,1,0x20056BC0,64,1,FFFFFFFFFFFFFFFF
AR,0,0x20056C00,64,1,
AW,1,0x20056C40,64,1,FFFFFFFFFFFFFFFF
AR,0,0x20056C80,64,1,
AW,1,0x20056CC0,64,1,FFFFFFFFFFFFFFFF
AR,0,0x20056D00,64,1,
AW,1,0x20056D40,64,1,FFFFFFFFFFFFFFFF
AR,0,0x20056D80,64,1,
AW,1,0x20056DC0,64,1,FFFFFFFFFFFFFFFF
AR,0,0x20056E00,64,1,
AW,1,0x20056E40,64,1,FFFFFFFFFFFFFFFF
AR,0,0x20056E80,64,1,
AW,1,0x20056EC0,64,1,FFFFFFFFFFFFFFFF
AR,0,0x20056F00,64,1,
AW,1,0x20056F40,64,1,FFFFFFFFFFFFFFFF
AR,0,0x20056F80,64,1,
AW,1,0x20056FC0,64,1,FFFFFFFFFFFFFFFF
AR,0,0x20057000,64,1,
AW,1,0x20057040,64,1,FFFFFFFFFFFFFFFF
AR,0,0x20057080,64,1,
AW,1,0x200570C0,64,1,FFFFFFFFFFFFFFFF
AR,0,0x20057100,64,1,
AW,1,0x20057140,64,1,FFFFFFFFFFFFFFFF
AR,0,0x20057180,64,1,
AW,1,0x200571C0,64,1,FFFFFFFFFFFFFFFF
AR,0,0x20057200,64,1,
AW,1,0x20057240,64,1,FFFFFFFFFFFFFFFF
AR,0,0x20057280,64,1,
AW,1,0x200572C0,64,1,FFFFFFFFFFFFFFFF
AR,0,0x20057300,64,1,
AW,1,0x20057340,64,1,FFFFFFFFFFFFFFFF
AR,0,0x20057380,64,1,
AW,1,0x200573C0,64,1,FFFFFFFFFFFFFFFF
AR,0,0x20057400,64,1,
AW,1,0x20057440,64,1,FFFFFFFFFFFFFFFF
AR,0,0x20057480,64,1,
AW,1,0x200574C0,64,1,FFFFFFFFFFFFFFFF
AR,0,0x20057500,64,1,
AW,1,0x20057540,64,1,FFFFFFFFFFFFFFFF
AR,0,0x20057580,64,1,
AW,1,0x200575C0,64,1,FFFFFFFFFFFFFFFF
AR,0,0x20057600,64,1,
AW,1,0x20057640,64,1,FFFFFFFFFFFFFFFF
AR,0,0x20057680,64,1,
AW,1,0x200576C0,64,1,FFFFFFFFFFFFFFFF
AR,0,0x20057700,64,1,
AW,1,0x20057740,64,1,FFFFFFFFFFFFFFFF
AR,0,0x20057780,64,1,
AW,1,0x200577C0,64,1,FFFFFFFFFFFFFFFF
AR,0,0x20057800,64,1,
AW,1,0x20057840,64,1,FFFFFFFFFFFFFFFF
AR,0,0x20057880,64,1,
AW,1,0x200578C0,64,1,FFFFFFFFFFFFFFFF
AR,0,0x20057900,64,1,
AW,1,0x20057940,64,1,FFFFFFFFFFFFFFFF
AR,0,0x20057980,64,1,
AW,1,0x200579C0,64,1,FFFFFFFFFFFFFFFF
AR,0,0x20057A00,64,1,
AW,1,0x20057A40,64,1,FFFFFFFFFFFFFFFF
AR,0,0x20057A80,64,1,
AW,1,0x20057AC0,64,1,FFFFFFFFFFFFFFFF
AR,0,0x20057B00,64,1,
AW,1,0x20057B40,64,1,FFFFFFFFFFFFFFFF
AR,0,0x20057B80,64,1,
AW,1,0x20057BC0,64,1,FFFFFFFFFFFFFFFF
AR,0,0x20057C00,64,1,
AW,1,0x20057C40,64,1,FFFFFFFFFFFFFFFF
AR,0,0x20057C80,64,1,
AW,1,0x20057CC0,64,1,FFFFFFFFFFFFFFFF
AR,0,0x20057D00,64,1,
AW,1,0x20057D40,64,1,FFFFFFFFFFFFFFFF
AR,0,0x20057D80,64,1,
AW,1,0x20057DC0,64,1,FFFFFFFFFFFFFFFF
AR,0,0x20057E00,64,1,
AW,1,0x20057E40,64,1,FFFFFFFFFFFFFFFF
AR,0,0x20057E80,64,1,
AW,1,0x20057EC0,64,1,FFFFFFFFFFFFFFFF
AR,0,0x20057F00,64,1,
AW,1,0x20057F40,64,1,FFFFFFFFFFFFFFFF
AR,0,0x20057F80,64,1,
AW,1,0x20057FC0,64,1,FFFFFFFFFFFFFFFF
AR,0,0x20058000,64,1,
AW,1,0x20058040,64,1,FFFFFFFFFFFFFFFF
AR,0,0x20058080,64,1,
AW,1,0x200580C0,64,1,FFFFFFFFFFFFFFFF
AR,0,0x20058100,64,1,
AW,1,0x20058140,64,1,FFFFFFFFFFFFFFFF
AR,0,0x20058180,64,1,
AW,1,0x200581C0,64,1,FFFFFFFFFFFFFFFF
AR,0,0x20058200,64,1,
AW,1,0x20058240,64,1,FFFFFFFFFFFFFFFF
AR,0,0x20058280,64,1,
AW,1,0x200582C0,64,1,FFFFFFFFFFFFFFFF
AR,0,0x20058300,64,1,
AW,1,0x20058340,64,1,FFFFFFFFFFFFFFFF
AR,0,0x20058380,64,1,
AW,1,0x200583C0,64,1,FFFFFFFFFFFFFFFF
AR,0,0x20058400,64,1,
AW,1,0x20058440,64,1,FFFFFFFFFFFFFFFF
AR,0,0x20058480,64,1,
AW,1,0x200584C0,64,1,FFFFFFFFFFFFFFFF
AR,0,0x20058500,64,1,
AW,1,0x20058540,64,1,FFFFFFFFFFFFFFFF
AR,0,0x20058580,64,1,
AW,1,0x200585C0,64,1,FFFFFFFFFFFFFFFF
AR,0,0x20058600,64,1,
AW,1,0x20058640,64,1,FFFFFFFFFFFFFFFF
AR,0,0x20058680,64,1,
AW,1,0x200586C0,64,1,FFFFFFFFFFFFFFFF
AR,0,0x20058700,64,1,
AW,1,0x20058740,64,1,FFFFFFFFFFFFFFFF
AR,0,0x20058780,64,1,
AW,1,0x200587C0,64,1,FFFFFFFFFFFFFFFF
AR,0,0x20058800,64,1,
AW,1,0x20058840,64,1,FFFFFFFFFFFFFFFF
AR,0,0x20058880,64,1,
AW,1,0x200588C0,64,1,FFFFFFFFFFFFFFFF
AR,0,0x20058900,64,1,
AW,1,0x20058940,64,1,FFFFFFFFFFFFFFFF
AR,0,0x20058980,64,1,
AW,1,0x200589C0,64,1,FFFFFFFFFFFFFFFF
AR,0,0x20058A00,64,1,
AW,1,0x20058A40,64,1,FFFFFFFFFFFFFFFF
AR,0,0x20058A80,64,1,
AW,1,0x20058AC0,64,1,FFFFFFFFFFFFFFFF
AR,0,0x20058B00,64,1,
AW,1,0x20058B40,64,1,FFFFFFFFFFFFFFFF
AR,0,0x20058B80,64,1,
AW,1,0x20058BC0,64,1,FFFFFFFFFFFFFFFF
AR,0,0x20058C00,64,1,
AW,1,0x20058C40,64,1,FFFFFFFFFFFFFFFF
AR,0,0x20058C80,64,1,
AW,1,0x20058CC0,64,1,FFFFFFFFFFFFFFFF
AR,0,0x20058D00,64,1,
AW,1,0x20058D40,64,1,FFFFFFFFFFFFFFFF
AR,0,0x20058D80,64,1,
AW,1,0x20058DC0,64,1,FFFFFFFFFFFFFFFF
AR,0,0x20058E00,64,1,
AW,1,0x20058E40,64,1,FFFFFFFFFFFFFFFF
AR,0,0x20058E80,64,1,
AW,1,0x20058EC0,64,1,FFFFFFFFFFFFFFFF
AR,0,0x20058F00,64,1,
AW,1,0x20058F40,64,1,FFFFFFFFFFFFFFFF
AR,0,0x20058F80,64,1,
AW,1,0x20058FC0,64,1,FFFFFFFFFFFFFFFF
AR,0,0x20059000,64,1,
AW,1,0x20059040,64,1,FFFFFFFFFFFFFFFF
AR,0,0x20059080,64,1,
AW,1,0x200590C0,64,1,FFFFFFFFFFFFFFFF
AR,0,0x20059100,64,1,
AW,1,0x20059140,64,1,FFFFFFFFFFFFFFFF
AR,0,0x20059180,64,1,
AW,1,0x200591C0,64,1,FFFFFFFFFFFFFFFF
AR,0,0x20059200,64,1,
AW,1,0x20059240,64,1,FFFFFFFFFFFFFFFF
AR,0,0x20059280,64,1,
AW,1,0x200592C0,64,1,FFFFFFFFFFFFFFFF
AR,0,0x20059300,64,1,
AW,1,0x20059340,64,1,FFFFFFFFFFFFFFFF
AR,0,0x20059380,64,1,
AW,1,0x200593C0,64,1,FFFFFFFFFFFFFFFF
AR,0,0x20059400,64,1,
AW,1,0x20059440,64,1,FFFFFFFFFFFFFFFF
AR,0,0x20059480,64,1,
AW,1,0x200594C0,64,1,FFFFFFFFFFFFFFFF
AR,0,0x20059500,64,1,
AW,1,0x20059540,64,1,FFFFFFFFFFFFFFFF
AR,0,0x20059580,64,1,
AW,1,0x200595C0,64,1,FFFFFFFFFFFFFFFF
AR,0,0x20059600,64,1,
AW,1,0x20059640,64,1,FFFFFFFFFFFFFFFF
AR,0,0x20059680,64,1,
AW,1,0x200596C0,64,1,FFFFFFFFFFFFFFFF
AR,0,0x20059700,64,1,
AW,1,0x20059740,64,1,FFFFFFFFFFFFFFFF
AR,0,0x20059780,64,1,
AW,1,0x200597C0,64,1,FFFFFFFFFFFFFFFF
AR,0,0x20059800,64,1,
AW,1,0x20059840,64,1,FFFFFFFFFFFFFFFF
AR,0,0x20059880,64,1,
AW,1,0x200598C0,64,1,FFFFFFFFFFFFFFFF
AR,0,0x20059900,64,1,
AW,1,0x20059940,64,1,FFFFFFFFFFFFFFFF
AR,0,0x20059980,64,1,
AW,1,0x200599C0,64,1,FFFFFFFFFFFFFFFF
AR,0,0x20059A00,64,1,
AW,1,0x20059A40,64,1,FFFFFFFFFFFFFFFF
AR,0,0x20059A80,64,1,
AW,1,0x20059AC0,64,1,FFFFFFFFFFFFFFFF
AR,0,0x20059B00,64,1,
AW,1,0x20059B40,64,1,FFFFFFFFFFFFFFFF
AR,0,0x20059B80,64,1,
AW,1,0x20059BC0,64,1,FFFFFFFFFFFFFFFF
AR,0,0x20059C00,64,1,
AW,1,0x20059C40,64,1,FFFFFFFFFFFFFFFF
AR,0,0x20059C80,64,1,
AW,1,0x20059CC0,64,1,FFFFFFFFFFFFFFFF
AR,0,0x20059D00,64,1,
AW,1,0x20059D40,64,1,FFFFFFFFFFFFFFFF
AR,0,0x20059D80,64,1,
AW,1,0x20059DC0,64,1,FFFFFFFFFFFFFFFF
AR,0,0x20059E00,64,1,
AW,1,0x20059E40,64,1,FFFFFFFFFFFFFFFF
AR,0,0x20059E80,64,1,
AW,1,0x20059EC0,64,1,FFFFFFFFFFFFFFFF
AR,0,0x20059F00,64,1,
AW,1,0x20059F40,64,1,FFFFFFFFFFFFFFFF
AR,0,0x20059F80,64,1,
AW,1,0x20059FC0,64,1,FFFFFFFFFFFFFFFF
AR,0,0x2005A000,64,1,
AW,1,0x2005A040,64,1,FFFFFFFFFFFFFFFF
AR,0,0x2005A080,64,1,
AW,1,0x2005A0C0,64,1,FFFFFFFFFFFFFFFF
AR,0,0x2005A100,64,1,
AW,1,0x2005A140,64,1,FFFFFFFFFFFFFFFF
AR,0,0x2005A180,64,1,
AW,1,0x2005A1C0,64,1,FFFFFFFFFFFFFFFF
AR,0,0x2005A200,64,1,
AW,1,0x2005A240,64,1,FFFFFFFFFFFFFFFF
AR,0,0x2005A280,64,1,
AW,1,0x2005A2C0,64,1,FFFFFFFFFFFFFFFF
AR,0,0x2005A300,64,1,
AW,1,0x2005A340,64,1,FFFFFFFFFFFFFFFF
AR,0,0x2005A380,64,1,
AW,1,0x2005A3C0,64,1,FFFFFFFFFFFFFFFF
AR,0,0x2005A400,64,1,
AW,1,0x2005A440,64,1,FFFFFFFFFFFFFFFF
AR,0,0x2005A480,64,1,
AW,1,0x2005A4C0,64,1,FFFFFFFFFFFFFFFF
AR,0,0x2005A500,64,1,
AW,1,0x2005A540,64,1,FFFFFFFFFFFFFFFF
AR,0,0x2005A580,64,1,
AW,1,0x2005A5C0,64,1,FFFFFFFFFFFFFFFF
AR,0,0x2005A600,64,1,
AW,1,0x2005A640,64,1,FFFFFFFFFFFFFFFF
AR,0,0x2005A680,64,1,
AW,1,0x2005A6C0,64,1,FFFFFFFFFFFFFFFF
AR,0,0x2005A700,64,1,
AW,1,0x2005A740,64,1,FFFFFFFFFFFFFFFF
AR,0,0x2005A780,64,1,
AW,1,0x2005A7C0,64,1,FFFFFFFFFFFFFFFF
AR,0,0x2005A800,64,1,
AW,1,0x2005A840,64,1,FFFFFFFFFFFFFFFF
AR,0,0x2005A880,64,1,
AW,1,0x2005A8C0,64,1,FFFFFFFFFFFFFFFF
AR,0,0x2005A900,64,1,
AW,1,0x2005A940,64,1,FFFFFFFFFFFFFFFF
AR,0,0x2005A980,64,1,
AW,1,0x2005A9C0,64,1,FFFFFFFFFFFFFFFF
AR,0,0x2005AA00,64,1,
AW,1,0x2005AA40,64,1,FFFFFFFFFFFFFFFF
AR,0,0x2005AA80,64,1,
AW,1,0x2005AAC0,64,1,FFFFFFFFFFFFFFFF
AR,0,0x2005AB00,64,1,
AW,1,0x2005AB40,64,1,FFFFFFFFFFFFFFFF
AR,0,0x2005AB80,64,1,
AW,1,0x2005ABC0,64,1,FFFFFFFFFFFFFFFF
AR,0,0x2005AC00,64,1,
AW,1,0x2005AC40,64,1,FFFFFFFFFFFFFFFF
AR,0,0x2005AC80,64,1,
AW,1,0x2005ACC0,64,1,FFFFFFFFFFFFFFFF
AR,0,0x2005AD00,64,1,
AW,1,0x2005AD40,64,1,FFFFFFFFFFFFFFFF
AR,0,0x2005AD80,64,1,
AW,1,0x2005ADC0,64,1,FFFFFFFFFFFFFFFF
AR,0,0x2005AE00,64,1,
AW,1,0x2005AE40,64,1,FFFFFFFFFFFFFFFF
AR,0,0x2005AE80,64,1,
AW,1,0x2005AEC0,64,1,FFFFFFFFFFFFFFFF
AR,0,0x2005AF00,64,1,
AW,1,0x2005AF40,64,1,FFFFFFFFFFFFFFFF
AR,0,0x2005AF80,64,1,
AW,1,0x2005AFC0,64,1,FFFFFFFFFFFFFFFF
AR,0,0x2005B000,64,1,
AW,1,0x2005B040,64,1,FFFFFFFFFFFFFFFF
AR,0,0x2005B080,64,1,
AW,1,0x2005B0C0,64,1,FFFFFFFFFFFFFFFF
AR,0,0x2005B100,64,1,
AW,1,0x2005B140,64,1,FFFFFFFFFFFFFFFF
AR,0,0x2005B180,64,1,
AW,1,0x2005B1C0,64,1,FFFFFFFFFFFFFFFF
AR,0,0x2005B200,64,1,
AW,1,0x2005B240,64,1,FFFFFFFFFFFFFFFF
AR,0,0x2005B280,64,1,
AW,1,0x2005B2C0,64,1,FFFFFFFFFFFFFFFF
AR,0,0x2005B300,64,1,
AW,1,0x2005B340,64,1,FFFFFFFFFFFFFFFF
AR,0,0x2005B380,64,1,
AW,1,0x2005B3C0,64,1,FFFFFFFFFFFFFFFF
AR,0,0x2005B400,64,1,
AW,1,0x2005B440,64,1,FFFFFFFFFFFFFFFF
AR,0,0x2005B480,64,1,
AW,1,0x2005B4C0,64,1,FFFFFFFFFFFFFFFF
AR,0,0x2005B500,64,1,
AW,1,0x2005B540,64,1,FFFFFFFFFFFFFFFF
AR,0,0x2005B580,64,1,
AW,1,0x2005B5C0,64,1,FFFFFFFFFFFFFFFF
AR,0,0x2005B600,64,1,
AW,1,0x2005B640,64,1,FFFFFFFFFFFFFFFF
AR,0,0x2005B680,64,1,
AW,1,0x2005B6C0,64,1,FFFFFFFFFFFFFFFF
AR,0,0x2005B700,64,1,
AW,1,0x2005B740,64,1,FFFFFFFFFFFFFFFF
AR,0,0x2005B780,64,1,
AW,1,0x2005B7C0,64,1,FFFFFFFFFFFFFFFF
AR,0,0x2005B800,64,1,
AW,1,0x2005B840,64,1,FFFFFFFFFFFFFFFF
AR,0,0x2005B880,64,1,
AW,1,0x2005B8C0,64,1,FFFFFFFFFFFFFFFF
AR,0,0x2005B900,64,1,
AW,1,0x2005B940,64,1,FFFFFFFFFFFFFFFF
AR,0,0x2005B980,64,1,
AW,1,0x2005B9C0,64,1,FFFFFFFFFFFFFFFF
AR,0,0x2005BA00,64,1,
AW,1,0x2005BA40,64,1,FFFFFFFFFFFFFFFF
AR,0,0x2005BA80,64,1,
AW,1,0x2005BAC0,64,1,FFFFFFFFFFFFFFFF
AR,0,0x2005BB00,64,1,
AW,1,0x2005BB40,64,1,FFFFFFFFFFFFFFFF
AR,0,0x2005BB80,64,1,
AW,1,0x2005BBC0,64,1,FFFFFFFFFFFFFFFF
AR,0,0x2005BC00,64,1,
AW,1,0x2005BC40,64,1,FFFFFFFFFFFFFFFF
AR,0,0x2005BC80,64,1,
AW,1,0x2005BCC0,64,1,FFFFFFFFFFFFFFFF
AR,0,0x2005BD00,64,1,
AW,1,0x2005BD40,64,1,FFFFFFFFFFFFFFFF
AR,0,0x2005BD80,64,1,
AW,1,0x2005BDC0,64,1,FFFFFFFFFFFFFFFF
AR,0,0x2005BE00,64,1,
AW,1,0x2005BE40,64,1,FFFFFFFFFFFFFFFF
AR,0,0x2005BE80,64,1,
AW,1,0x2005BEC0,64,1,FFFFFFFFFFFFFFFF
AR,0,0x2005BF00,64,1,
AW,1,0x2005BF40,64,1,FFFFFFFFFFFFFFFF
AR,0,0x2005BF80,64,1,
AW,1,0x2005BFC0,64,1,FFFFFFFFFFFFFFFF
AR,0,0x2005C000,64,1,
AW,1,0x2005C040,64,1,FFFFFFFFFFFFFFFF
AR,0,0x2005C080,64,1,
AW,1,0x2005C0C0,64,1,FFFFFFFFFFFFFFFF
AR,0,0x2005C100,64,1,
AW,1,0x2005C140,64,1,FFFFFFFFFFFFFFFF
AR,0,0x2005C180,64,1,
AW,1,0x2005C1C0,64,1,FFFFFFFFFFFFFFFF
AR,0,0x2005C200,64,1,
AW,1,0x2005C240,64,1,FFFFFFFFFFFFFFFF
AR,0,0x2005C280,64,1,
AW,1,0x2005C2C0,64,1,FFFFFFFFFFFFFFFF
AR,0,0x2005C300,64,1,
AW,1,0x2005C340,64,1,FFFFFFFFFFFFFFFF
AR,0,0x2005C380,64,1,
AW,1,0x2005C3C0,64,1,FFFFFFFFFFFFFFFF
AR,0,0x2005C400,64,1,
AW,1,0x2005C440,64,1,FFFFFFFFFFFFFFFF
AR,0,0x2005C480,64,1,
AW,1,0x2005C4C0,64,1,FFFFFFFFFFFFFFFF
AR,0,0x2005C500,64,1,
AW,1,0x2005C540,64,1,FFFFFFFFFFFFFFFF
AR,0,0x2005C580,64,1,
AW,1,0x2005C5C0,64,1,FFFFFFFFFFFFFFFF
AR,0,0x2005C600,64,1,
AW,1,0x2005C640,64,1,FFFFFFFFFFFFFFFF
AR,0,0x2005C680,64,1,
AW,1,0x2005C6C0,64,1,FFFFFFFFFFFFFFFF
AR,0,0x2005C700,64,1,
AW,1,0x2005C740,64,1,FFFFFFFFFFFFFFFF
AR,0,0x2005C780,64,1,
AW,1,0x2005C7C0,64,1,FFFFFFFFFFFFFFFF
AR,0,0x2005C800,64,1,
AW,1,0x2005C840,64,1,FFFFFFFFFFFFFFFF
AR,0,0x2005C880,64,1,
AW,1,0x2005C8C0,64,1,FFFFFFFFFFFFFFFF
AR,0,0x2005C900,64,1,
AW,1,0x2005C940,64,1,FFFFFFFFFFFFFFFF
AR,0,0x2005C980,64,1,
AW,1,0x2005C9C0,64,1,FFFFFFFFFFFFFFFF
AR,0,0x2005CA00,64,1,
AW,1,0x2005CA40,64,1,FFFFFFFFFFFFFFFF
AR,0,0x2005CA80,64,1,
AW,1,0x2005CAC0,64,1,FFFFFFFFFFFFFFFF
AR,0,0x2005CB00,64,1,
AW,1,0x2005CB40,64,1,FFFFFFFFFFFFFFFF
AR,0,0x2005CB80,64,1,
AW,1,0x2005CBC0,64,1,FFFFFFFFFFFFFFFF
AR,0,0x2005CC00,64,1,
AW,1,0x2005CC40,64,1,FFFFFFFFFFFFFFFF
AR,0,0x2005CC80,64,1,
AW,1,0x2005CCC0,64,1,FFFFFFFFFFFFFFFF
AR,0,0x2005CD00,64,1,
AW,1,0x2005CD40,64,1,FFFFFFFFFFFFFFFF
AR,0,0x2005CD80,64,1,
AW,1,0x2005CDC0,64,1,FFFFFFFFFFFFFFFF
AR,0,0x2005CE00,64,1,
AW,1,0x2005CE40,64,1,FFFFFFFFFFFFFFFF
AR,0,0x2005CE80,64,1,
AW,1,0x2005CEC0,64,1,FFFFFFFFFFFFFFFF
AR,0,0x2005CF00,64,1,
AW,1,0x2005CF40,64,1,FFFFFFFFFFFFFFFF
AR,0,0x2005CF80,64,1,
AW,1,0x2005CFC0,64,1,FFFFFFFFFFFFFFFF
AR,0,0x2005D000,64,1,
AW,1,0x2005D040,64,1,FFFFFFFFFFFFFFFF
AR,0,0x2005D080,64,1,
AW,1,0x2005D0C0,64,1,FFFFFFFFFFFFFFFF
AR,0,0x2005D100,64,1,
AW,1,0x2005D140,64,1,FFFFFFFFFFFFFFFF
AR,0,0x2005D180,64,1,
AW,1,0x2005D1C0,64,1,FFFFFFFFFFFFFFFF
AR,0,0x2005D200,64,1,
AW,1,0x2005D240,64,1,FFFFFFFFFFFFFFFF
AR,0,0x2005D280,64,1,
AW,1,0x2005D2C0,64,1,FFFFFFFFFFFFFFFF
AR,0,0x2005D300,64,1,
AW,1,0x2005D340,64,1,FFFFFFFFFFFFFFFF
AR,0,0x2005D380,64,1,
AW,1,0x2005D3C0,64,1,FFFFFFFFFFFFFFFF
AR,0,0x2005D400,64,1,
AW,1,0x2005D440,64,1,FFFFFFFFFFFFFFFF
AR,0,0x2005D480,64,1,
AW,1,0x2005D4C0,64,1,FFFFFFFFFFFFFFFF
AR,0,0x2005D500,64,1,
AW,1,0x2005D540,64,1,FFFFFFFFFFFFFFFF
AR,0,0x2005D580,64,1,
AW,1,0x2005D5C0,64,1,FFFFFFFFFFFFFFFF
AR,0,0x2005D600,64,1,
AW,1,0x2005D640,64,1,FFFFFFFFFFFFFFFF
AR,0,0x2005D680,64,1,
AW,1,0x2005D6C0,64,1,FFFFFFFFFFFFFFFF
AR,0,0x2005D700,64,1,
AW,1,0x2005D740,64,1,FFFFFFFFFFFFFFFF
AR,0,0x2005D780,64,1,
AW,1,0x2005D7C0,64,1,FFFFFFFFFFFFFFFF
AR,0,0x2005D800,64,1,
AW,1,0x2005D840,64,1,FFFFFFFFFFFFFFFF
AR,0,0x2005D880,64,1,
AW,1,0x2005D8C0,64,1,FFFFFFFFFFFFFFFF
AR,0,0x2005D900,64,1,
AW,1,0x2005D940,64,1,FFFFFFFFFFFFFFFF
AR,0,0x2005D980,64,1,
AW,1,0x2005D9C0,64,1,FFFFFFFFFFFFFFFF
AR,0,0x2005DA00,64,1,
AW,1,0x2005DA40,64,1,FFFFFFFFFFFFFFFF
AR,0,0x2005DA80,64,1,
AW,1,0x2005DAC0,64,1,FFFFFFFFFFFFFFFF
AR,0,0x2005DB00,64,1,
AW,1,0x2005DB40,64,1,FFFFFFFFFFFFFFFF
AR,0,0x2005DB80,64,1,
AW,1,0x2005DBC0,64,1,FFFFFFFFFFFFFFFF
AR,0,0x2005DC00,64,1,
AW,1,0x2005DC40,64,1,FFFFFFFFFFFFFFFF
AR,0,0x2005DC80,64,1,
AW,1,0x2005DCC0,64,1,FFFFFFFFFFFFFFFF
AR,0,0x2005DD00,64,1,
AW,1,0x2005DD40,64,1,FFFFFFFFFFFFFFFF
AR,0,0x2005DD80,64,1,
AW,1,0x2005DDC0,64,1,FFFFFFFFFFFFFFFF
AR,0,0x2005DE00,64,1,
AW,1,0x2005DE40,64,1,FFFFFFFFFFFFFFFF
AR,0,0x2005DE80,64,1,
AW,1,0x2005DEC0,64,1,FFFFFFFFFFFFFFFF
AR,0,0x2005DF00,64,1,
AW,1,0x2005DF40,64,1,FFFFFFFFFFFFFFFF
AR,0,0x2005DF80,64,1,
AW,1,0x2005DFC0,64,1,FFFFFFFFFFFFFFFF
AR,0,0x2005E000,64,1,
AW,1,0x2005E040,64,1,FFFFFFFFFFFFFFFF
AR,0,0x2005E080,64,1,
AW,1,0x2005E0C0,64,1,FFFFFFFFFFFFFFFF
AR,0,0x2005E100,64,1,
AW,1,0x2005E140,64,1,FFFFFFFFFFFFFFFF
AR,0,0x2005E180,64,1,
AW,1,0x2005E1C0,64,1,FFFFFFFFFFFFFFFF
AR,0,0x2005E200,64,1,
AW,1,0x2005E240,64,1,FFFFFFFFFFFFFFFF
AR,0,0x2005E280,64,1,
AW,1,0x2005E2C0,64,1,FFFFFFFFFFFFFFFF
AR,0,0x2005E300,64,1,
AW,1,0x2005E340,64,1,FFFFFFFFFFFFFFFF
AR,0,0x2005E380,64,1,
AW,1,0x2005E3C0,64,1,FFFFFFFFFFFFFFFF
AR,0,0x2005E400,64,1,
AW,1,0x2005E440,64,1,FFFFFFFFFFFFFFFF
AR,0,0x2005E480,64,1,
AW,1,0x2005E4C0,64,1,FFFFFFFFFFFFFFFF
AR,0,0x2005E500,64,1,
AW,1,0x2005E540,64,1,FFFFFFFFFFFFFFFF
AR,0,0x2005E580,64,1,
AW,1,0x2005E5C0,64,1,FFFFFFFFFFFFFFFF
AR,0,0x2005E600,64,1,
AW,1,0x2005E640,64,1,FFFFFFFFFFFFFFFF
AR,0,0x2005E680,64,1,
AW,1,0x2005E6C0,64,1,FFFFFFFFFFFFFFFF
AR,0,0x2005E700,64,1,
AW,1,0x2005E740,64,1,FFFFFFFFFFFFFFFF
AR,0,0x2005E780,64,1,
AW,1,0x2005E7C0,64,1,FFFFFFFFFFFFFFFF
AR,0,0x2005E800,64,1,
AW,1,0x2005E840,64,1,FFFFFFFFFFFFFFFF
AR,0,0x2005E880,64,1,
AW,1,0x2005E8C0,64,1,FFFFFFFFFFFFFFFF
AR,0,0x2005E900,64,1,
AW,1,0x2005E940,64,1,FFFFFFFFFFFFFFFF
AR,0,0x2005E980,64,1,
AW,1,0x2005E9C0,64,1,FFFFFFFFFFFFFFFF
AR,0,0x2005EA00,64,1,
AW,1,0x2005EA40,64,1,FFFFFFFFFFFFFFFF
AR,0,0x2005EA80,64,1,
AW,1,0x2005EAC0,64,1,FFFFFFFFFFFFFFFF
AR,0,0x2005EB00,64,1,
AW,1,0x2005EB40,64,1,FFFFFFFFFFFFFFFF
AR,0,0x2005EB80,64,1,
AW,1,0x2005EBC0,64,1,FFFFFFFFFFFFFFFF
AR,0,0x2005EC00,64,1,
AW,1,0x2005EC40,64,1,FFFFFFFFFFFFFFFF
AR,0,0x2005EC80,64,1,
AW,1,0x2005ECC0,64,1,FFFFFFFFFFFFFFFF
AR,0,0x2005ED00,64,1,
AW,1,0x2005ED40,64,1,FFFFFFFFFFFFFFFF
AR,0,0x2005ED80,64,1,
AW,1,0x2005EDC0,64,1,FFFFFFFFFFFFFFFF
AR,0,0x2005EE00,64,1,
AW,1,0x2005EE40,64,1,FFFFFFFFFFFFFFFF
AR,0,0x2005EE80,64,1,
AW,1,0x2005EEC0,64,1,FFFFFFFFFFFFFFFF
AR,0,0x2005EF00,64,1,
AW,1,0x2005EF40,64,1,FFFFFFFFFFFFFFFF
AR,0,0x2005EF80,64,1,
AW,1,0x2005EFC0,64,1,FFFFFFFFFFFFFFFF
AR,0,0x2005F000,64,1,
AW,1,0x2005F040,64,1,FFFFFFFFFFFFFFFF
AR,0,0x2005F080,64,1,
AW,1,0x2005F0C0,64,1,FFFFFFFFFFFFFFFF
AR,0,0x2005F100,64,1,
AW,1,0x2005F140,64,1,FFFFFFFFFFFFFFFF
AR,0,0x2005F180,64,1,
AW,1,0x2005F1C0,64,1,FFFFFFFFFFFFFFFF
AR,0,0x2005F200,64,1,
AW,1,0x2005F240,64,1,FFFFFFFFFFFFFFFF
AR,0,0x2005F280,64,1,
AW,1,0x2005F2C0,64,1,FFFFFFFFFFFFFFFF
AR,0,0x2005F300,64,1,
AW,1,0x2005F340,64,1,FFFFFFFFFFFFFFFF
AR,0,0x2005F380,64,1,
AW,1,0x2005F3C0,64,1,FFFFFFFFFFFFFFFF
AR,0,0x2005F400,64,1,
AW,1,0x2005F440,64,1,FFFFFFFFFFFFFFFF
AR,0,0x2005F480,64,1,
AW,1,0x2005F4C0,64,1,FFFFFFFFFFFFFFFF
AR,0,0x2005F500,64,1,
AW,1,0x2005F540,64,1,FFFFFFFFFFFFFFFF
AR,0,0x2005F580,64,1,
AW,1,0x2005F5C0,64,1,FFFFFFFFFFFFFFFF
AR,0,0x2005F600,64,1,
AW,1,0x2005F640,64,1,FFFFFFFFFFFFFFFF
AR,0,0x2005F680,64,1,
AW,1,0x2005F6C0,64,1,FFFFFFFFFFFFFFFF
AR,0,0x2005F700,64,1,
AW,1,0x2005F740,64,1,FFFFFFFFFFFFFFFF
AR,0,0x2005F780,64,1,
AW,1,0x2005F7C0,64,1,FFFFFFFFFFFFFFFF
AR,0,0x2005F800,64,1,
AW,1,0x2005F840,64,1,FFFFFFFFFFFFFFFF
AR,0,0x2005F880,64,1,
AW,1,0x2005F8C0,64,1,FFFFFFFFFFFFFFFF
AR,0,0x2005F900,64,1,
AW,1,0x2005F940,64,1,FFFFFFFFFFFFFFFF
AR,0,0x2005F980,64,1,
AW,1,0x2005F9C0,64,1,FFFFFFFFFFFFFFFF
AR,0,0x2005FA00,64,1,
AW,1,0x2005FA40,64,1,FFFFFFFFFFFFFFFF
AR,0,0x2005FA80,64,1,
AW,1,0x2005FAC0,64,1,FFFFFFFFFFFFFFFF
AR,0,0x2005FB00,64,1,
AW,1,0x2005FB40,64,1,FFFFFFFFFFFFFFFF
AR,0,0x2005FB80,64,1,
AW,1,0x2005FBC0,64,1,FFFFFFFFFFFFFFFF
AR,0,0x2005FC00,64,1,
AW,1,0x2005FC40,64,1,FFFFFFFFFFFFFFFF
AR,0,0x2005FC80,64,1,
AW,1,0x2005FCC0,64,1,FFFFFFFFFFFFFFFF
AR,0,0x2005FD00,64,1,
AW,1,0x2005FD40,64,1,FFFFFFFFFFFFFFFF
AR,0,0x2005FD80,64,1,
AW,1,0x2005FDC0,64,1,FFFFFFFFFFFFFFFF
AR,0,0x2005FE00,64,1,
AW,1,0x2005FE40,64,1,FFFFFFFFFFFFFFFF
AR,0,0x2005FE80,64,1,
AW,1,0x2005FEC0,64,1,FFFFFFFFFFFFFFFF
AR,0,0x2005FF00,64,1,
AW,1,0x2005FF40,64,1,FFFFFFFFFFFFFFFF
AR,0,0x2005FF80,64,1,
AW,1,0x2005FFC0,64,1,FFFFFFFFFFFFFFFF
AR,0,0x20060000,64,1,
AW,1,0x20060040,64,1,FFFFFFFFFFFFFFFF
AR,0,0x20060080,64,1,
AW,1,0x200600C0,64,1,FFFFFFFFFFFFFFFF
AR,0,0x20060100,64,1,
AW,1,0x20060140,64,1,FFFFFFFFFFFFFFFF
AR,0,0x20060180,64,1,
AW,1,0x200601C0,64,1,FFFFFFFFFFFFFFFF
AR,0,0x20060200,64,1,
AW,1,0x20060240,64,1,FFFFFFFFFFFFFFFF
AR,0,0x20060280,64,1,
AW,1,0x200602C0,64,1,FFFFFFFFFFFFFFFF
AR,0,0x20060300,64,1,
AW,1,0x20060340,64,1,FFFFFFFFFFFFFFFF
AR,0,0x20060380,64,1,
AW,1,0x200603C0,64,1,FFFFFFFFFFFFFFFF
AR,0,0x20060400,64,1,
AW,1,0x20060440,64,1,FFFFFFFFFFFFFFFF
AR,0,0x20060480,64,1,
AW,1,0x200604C0,64,1,FFFFFFFFFFFFFFFF
AR,0,0x20060500,64,1,
AW,1,0x20060540,64,1,FFFFFFFFFFFFFFFF
AR,0,0x20060580,64,1,
AW,1,0x200605C0,64,1,FFFFFFFFFFFFFFFF
AR,0,0x20060600,64,1,
AW,1,0x20060640,64,1,FFFFFFFFFFFFFFFF
AR,0,0x20060680,64,1,
AW,1,0x200606C0,64,1,FFFFFFFFFFFFFFFF
AR,0,0x20060700,64,1,
AW,1,0x20060740,64,1,FFFFFFFFFFFFFFFF
AR,0,0x20060780,64,1,
AW,1,0x200607C0,64,1,FFFFFFFFFFFFFFFF
AR,0,0x20060800,64,1,
AW,1,0x20060840,64,1,FFFFFFFFFFFFFFFF
AR,0,0x20060880,64,1,
AW,1,0x200608C0,64,1,FFFFFFFFFFFFFFFF
AR,0,0x20060900,64,1,
AW,1,0x20060940,64,1,FFFFFFFFFFFFFFFF
AR,0,0x20060980,64,1,
AW,1,0x200609C0,64,1,FFFFFFFFFFFFFFFF
AR,0,0x20060A00,64,1,
AW,1,0x20060A40,64,1,FFFFFFFFFFFFFFFF
AR,0,0x20060A80,64,1,
AW,1,0x20060AC0,64,1,FFFFFFFFFFFFFFFF
AR,0,0x20060B00,64,1,
AW,1,0x20060B40,64,1,FFFFFFFFFFFFFFFF
AR,0,0x20060B80,64,1,
AW,1,0x20060BC0,64,1,FFFFFFFFFFFFFFFF
AR,0,0x20060C00,64,1,
AW,1,0x20060C40,64,1,FFFFFFFFFFFFFFFF
AR,0,0x20060C80,64,1,
AW,1,0x20060CC0,64,1,FFFFFFFFFFFFFFFF
AR,0,0x20060D00,64,1,
AW,1,0x20060D40,64,1,FFFFFFFFFFFFFFFF
AR,0,0x20060D80,64,1,
AW,1,0x20060DC0,64,1,FFFFFFFFFFFFFFFF
AR,0,0x20060E00,64,1,
AW,1,0x20060E40,64,1,FFFFFFFFFFFFFFFF
AR,0,0x20060E80,64,1,
AW,1,0x20060EC0,64,1,FFFFFFFFFFFFFFFF
AR,0,0x20060F00,64,1,
AW,1,0x20060F40,64,1,FFFFFFFFFFFFFFFF
AR,0,0x20060F80,64,1,
AW,1,0x20060FC0,64,1,FFFFFFFFFFFFFFFF
AR,0,0x20061000,64,1,
AW,1,0x20061040,64,1,FFFFFFFFFFFFFFFF
AR,0,0x20061080,64,1,
AW,1,0x200610C0,64,1,FFFFFFFFFFFFFFFF
AR,0,0x20061100,64,1,
AW,1,0x20061140,64,1,FFFFFFFFFFFFFFFF
AR,0,0x20061180,64,1,
AW,1,0x200611C0,64,1,FFFFFFFFFFFFFFFF
AR,0,0x20061200,64,1,
AW,1,0x20061240,64,1,FFFFFFFFFFFFFFFF
AR,0,0x20061280,64,1,
AW,1,0x200612C0,64,1,FFFFFFFFFFFFFFFF
AR,0,0x20061300,64,1,
AW,1,0x20061340,64,1,FFFFFFFFFFFFFFFF
AR,0,0x20061380,64,1,
AW,1,0x200613C0,64,1,FFFFFFFFFFFFFFFF
AR,0,0x20061400,64,1,
AW,1,0x20061440,64,1,FFFFFFFFFFFFFFFF
AR,0,0x20061480,64,1,
AW,1,0x200614C0,64,1,FFFFFFFFFFFFFFFF
AR,0,0x20061500,64,1,
AW,1,0x20061540,64,1,FFFFFFFFFFFFFFFF
AR,0,0x20061580,64,1,
AW,1,0x200615C0,64,1,FFFFFFFFFFFFFFFF
AR,0,0x20061600,64,1,
AW,1,0x20061640,64,1,FFFFFFFFFFFFFFFF
AR,0,0x20061680,64,1,
AW,1,0x200616C0,64,1,FFFFFFFFFFFFFFFF
AR,0,0x20061700,64,1,
AW,1,0x20061740,64,1,FFFFFFFFFFFFFFFF
AR,0,0x20061780,64,1,
AW,1,0x200617C0,64,1,FFFFFFFFFFFFFFFF
AR,0,0x20061800,64,1,
AW,1,0x20061840,64,1,FFFFFFFFFFFFFFFF
AR,0,0x20061880,64,1,
AW,1,0x200618C0,64,1,FFFFFFFFFFFFFFFF
AR,0,0x20061900,64,1,
AW,1,0x20061940,64,1,FFFFFFFFFFFFFFFF
AR,0,0x20061980,64,1,
AW,1,0x200619C0,64,1,FFFFFFFFFFFFFFFF
AR,0,0x20061A00,64,1,
AW,1,0x20061A40,64,1,FFFFFFFFFFFFFFFF
AR,0,0x20061A80,64,1,
AW,1,0x20061AC0,64,1,FFFFFFFFFFFFFFFF
AR,0,0x20061B00,64,1,
AW,1,0x20061B40,64,1,FFFFFFFFFFFFFFFF
AR,0,0x20061B80,64,1,
AW,1,0x20061BC0,64,1,FFFFFFFFFFFFFFFF
AR,0,0x20061C00,64,1,
AW,1,0x20061C40,64,1,FFFFFFFFFFFFFFFF
AR,0,0x20061C80,64,1,
AW,1,0x20061CC0,64,1,FFFFFFFFFFFFFFFF
AR,0,0x20061D00,64,1,
AW,1,0x20061D40,64,1,FFFFFFFFFFFFFFFF
AR,0,0x20061D80,64,1,
AW,1,0x20061DC0,64,1,FFFFFFFFFFFFFFFF
AR,0,0x20061E00,64,1,
AW,1,0x20061E40,64,1,FFFFFFFFFFFFFFFF
AR,0,0x20061E80,64,1,
AW,1,0x20061EC0,64,1,FFFFFFFFFFFFFFFF
AR,0,0x20061F00,64,1,
AW,1,0x20061F40,64,1,FFFFFFFFFFFFFFFF
AR,0,0x20061F80,64,1,
AW,1,0x20061FC0,64,1,FFFFFFFFFFFFFFFF
AR,0,0x20062000,64,1,
AW,1,0x20062040,64,1,FFFFFFFFFFFFFFFF
AR,0,0x20062080,64,1,
AW,1,0x200620C0,64,1,FFFFFFFFFFFFFFFF
AR,0,0x20062100,64,1,
AW,1,0x20062140,64,1,FFFFFFFFFFFFFFFF
AR,0,0x20062180,64,1,
AW,1,0x200621C0,64,1,FFFFFFFFFFFFFFFF
AR,0,0x20062200,64,1,
AW,1,0x20062240,64,1,FFFFFFFFFFFFFFFF
AR,0,0x20062280,64,1,
AW,1,0x200622C0,64,1,FFFFFFFFFFFFFFFF
AR,0,0x20062300,64,1,
AW,1,0x20062340,64,1,FFFFFFFFFFFFFFFF
AR,0,0x20062380,64,1,
AW,1,0x200623C0,64,1,FFFFFFFFFFFFFFFF
AR,0,0x20062400,64,1,
AW,1,0x20062440,64,1,FFFFFFFFFFFFFFFF
AR,0,0x20062480,64,1,
AW,1,0x200624C0,64,1,FFFFFFFFFFFFFFFF
AR,0,0x20062500,64,1,
AW,1,0x20062540,64,1,FFFFFFFFFFFFFFFF
AR,0,0x20062580,64,1,
AW,1,0x200625C0,64,1,FFFFFFFFFFFFFFFF
AR,0,0x20062600,64,1,
AW,1,0x20062640,64,1,FFFFFFFFFFFFFFFF
AR,0,0x20062680,64,1,
AW,1,0x200626C0,64,1,FFFFFFFFFFFFFFFF
AR,0,0x20062700,64,1,
AW,1,0x20062740,64,1,FFFFFFFFFFFFFFFF
AR,0,0x20062780,64,1,
AW,1,0x200627C0,64,1,FFFFFFFFFFFFFFFF
AR,0,0x20062800,64,1,
AW,1,0x20062840,64,1,FFFFFFFFFFFFFFFF
AR,0,0x20062880,64,1,
AW,1,0x200628C0,64,1,FFFFFFFFFFFFFFFF
AR,0,0x20062900,64,1,
AW,1,0x20062940,64,1,FFFFFFFFFFFFFFFF
AR,0,0x20062980,64,1,
AW,1,0x200629C0,64,1,FFFFFFFFFFFFFFFF
AR,0,0x20062A00,64,1,
AW,1,0x20062A40,64,1,FFFFFFFFFFFFFFFF
AR,0,0x20062A80,64,1,
AW,1,0x20062AC0,64,1,FFFFFFFFFFFFFFFF
AR,0,0x20062B00,64,1,
AW,1,0x20062B40,64,1,FFFFFFFFFFFFFFFF
AR,0,0x20062B80,64,1,
AW,1,0x20062BC0,64,1,FFFFFFFFFFFFFFFF
AR,0,0x20062C00,64,1,
AW,1,0x20062C40,64,1,FFFFFFFFFFFFFFFF
AR,0,0x20062C80,64,1,
AW,1,0x20062CC0,64,1,FFFFFFFFFFFFFFFF
AR,0,0x20062D00,64,1,
AW,1,0x20062D40,64,1,FFFFFFFFFFFFFFFF
AR,0,0x20062D80,64,1,
AW,1,0x20062DC0,64,1,FFFFFFFFFFFFFFFF
AR,0,0x20062E00,64,1,
AW,1,0x20062E40,64,1,FFFFFFFFFFFFFFFF
AR,0,0x20062E80,64,1,
AW,1,0x20062EC0,64,1,FFFFFFFFFFFFFFFF
AR,0,0x20062F00,64,1,
AW,1,0x20062F40,64,1,FFFFFFFFFFFFFFFF
AR,0,0x20062F80,64,1,
AW,1,0x20062FC0,64,1,FFFFFFFFFFFFFFFF
AR,0,0x20063000,64,1,
AW,1,0x20063040,64,1,FFFFFFFFFFFFFFFF
AR,0,0x20063080,64,1,
AW,1,0x200630C0,64,1,FFFFFFFFFFFFFFFF
AR,0,0x20063100,64,1,
AW,1,0x20063140,64,1,FFFFFFFFFFFFFFFF
AR,0,0x20063180,64,1,
AW,1,0x200631C0,64,1,FFFFFFFFFFFFFFFF
AR,0,0x20063200,64,1,
AW,1,0x20063240,64,1,FFFFFFFFFFFFFFFF
AR,0,0x20063280,64,1,
AW,1,0x200632C0,64,1,FFFFFFFFFFFFFFFF
AR,0,0x20063300,64,1,
AW,1,0x20063340,64,1,FFFFFFFFFFFFFFFF
AR,0,0x20063380,64,1,
AW,1,0x200633C0,64,1,FFFFFFFFFFFFFFFF
AR,0,0x20063400,64,1,
AW,1,0x20063440,64,1,FFFFFFFFFFFFFFFF
AR,0,0x20063480,64,1,
AW,1,0x200634C0,64,1,FFFFFFFFFFFFFFFF
AR,0,0x20063500,64,1,
AW,1,0x20063540,64,1,FFFFFFFFFFFFFFFF
AR,0,0x20063580,64,1,
AW,1,0x200635C0,64,1,FFFFFFFFFFFFFFFF
AR,0,0x20063600,64,1,
AW,1,0x20063640,64,1,FFFFFFFFFFFFFFFF
AR,0,0x20063680,64,1,
AW,1,0x200636C0,64,1,FFFFFFFFFFFFFFFF
AR,0,0x20063700,64,1,
AW,1,0x20063740,64,1,FFFFFFFFFFFFFFFF
AR,0,0x20063780,64,1,
AW,1,0x200637C0,64,1,FFFFFFFFFFFFFFFF
AR,0,0x20063800,64,1,
AW,1,0x20063840,64,1,FFFFFFFFFFFFFFFF
AR,0,0x20063880,64,1,
AW,1,0x200638C0,64,1,FFFFFFFFFFFFFFFF
AR,0,0x20063900,64,1,
AW,1,0x20063940,64,1,FFFFFFFFFFFFFFFF
AR,0,0x20063980,64,1,
AW,1,0x200639C0,64,1,FFFFFFFFFFFFFFFF
AR,0,0x20063A00,64,1,
AW,1,0x20063A40,64,1,FFFFFFFFFFFFFFFF
AR,0,0x20063A80,64,1,
AW,1,0x20063AC0,64,1,FFFFFFFFFFFFFFFF
AR,0,0x20063B00,64,1,
AW,1,0x20063B40,64,1,FFFFFFFFFFFFFFFF
AR,0,0x20063B80,64,1,
AW,1,0x20063BC0,64,1,FFFFFFFFFFFFFFFF
AR,0,0x20063C00,64,1,
AW,1,0x20063C40,64,1,FFFFFFFFFFFFFFFF
AR,0,0x20063C80,64,1,
AW,1,0x20063CC0,64,1,FFFFFFFFFFFFFFFF
AR,0,0x20063D00,64,1,
AW,1,0x20063D40,64,1,FFFFFFFFFFFFFFFF
AR,0,0x20063D80,64,1,
AW,1,0x20063DC0,64,1,FFFFFFFFFFFFFFFF
AR,0,0x20063E00,64,1,
AW,1,0x20063E40,64,1,FFFFFFFFFFFFFFFF
AR,0,0x20063E80,64,1,
AW,1,0x20063EC0,64,1,FFFFFFFFFFFFFFFF
AR,0,0x20063F00,64,1,
AW,1,0x20063F40,64,1,FFFFFFFFFFFFFFFF
AR,0,0x20063F80,64,1,
AW,1,0x20063FC0,64,1,FFFFFFFFFFFFFFFF
AR,0,0x20064000,64,1,
AW,1,0x20064040,64,1,FFFFFFFFFFFFFFFF
AR,0,0x20064080,64,1,
AW,1,0x200640C0,64,1,FFFFFFFFFFFFFFFF
AR,0,0x20064100,64,1,
AW,1,0x20064140,64,1,FFFFFFFFFFFFFFFF
AR,0,0x20064180,64,1,
AW,1,0x200641C0,64,1,FFFFFFFFFFFFFFFF
AR,0,0x20064200,64,1,
AW,1,0x20064240,64,1,FFFFFFFFFFFFFFFF
AR,0,0x20064280,64,1,
AW,1,0x200642C0,64,1,FFFFFFFFFFFFFFFF
AR,0,0x20064300,64,1,
AW,1,0x20064340,64,1,FFFFFFFFFFFFFFFF
AR,0,0x20064380,64,1,
AW,1,0x200643C0,64,1,FFFFFFFFFFFFFFFF
AR,0,0x20064400,64,1,
AW,1,0x20064440,64,1,FFFFFFFFFFFFFFFF
AR,0,0x20064480,64,1,
AW,1,0x200644C0,64,1,FFFFFFFFFFFFFFFF
AR,0,0x20064500,64,1,
AW,1,0x20064540,64,1,FFFFFFFFFFFFFFFF
AR,0,0x20064580,64,1,
AW,1,0x200645C0,64,1,FFFFFFFFFFFFFFFF
AR,0,0x20064600,64,1,
AW,1,0x20064640,64,1,FFFFFFFFFFFFFFFF
AR,0,0x20064680,64,1,
AW,1,0x200646C0,64,1,FFFFFFFFFFFFFFFF
AR,0,0x20064700,64,1,
AW,1,0x20064740,64,1,FFFFFFFFFFFFFFFF
AR,0,0x20064780,64,1,
AW,1,0x200647C0,64,1,FFFFFFFFFFFFFFFF
AR,0,0x20064800,64,1,
AW,1,0x20064840,64,1,FFFFFFFFFFFFFFFF
AR,0,0x20064880,64,1,
AW,1,0x200648C0,64,1,FFFFFFFFFFFFFFFF
AR,0,0x20064900,64,1,
AW,1,0x20064940,64,1,FFFFFFFFFFFFFFFF
AR,0,0x20064980,64,1,
AW,1,0x200649C0,64,1,FFFFFFFFFFFFFFFF
AR,0,0x20064A00,64,1,
AW,1,0x20064A40,64,1,FFFFFFFFFFFFFFFF
AR,0,0x20064A80,64,1,
AW,1,0x20064AC0,64,1,FFFFFFFFFFFFFFFF
AR,0,0x20064B00,64,1,
AW,1,0x20064B40,64,1,FFFFFFFFFFFFFFFF
AR,0,0x20064B80,64,1,
AW,1,0x20064BC0,64,1,FFFFFFFFFFFFFFFF
AR,0,0x20064C00,64,1,
AW,1,0x20064C40,64,1,FFFFFFFFFFFFFFFF
AR,0,0x20064C80,64,1,
AW,1,0x20064CC0,64,1,FFFFFFFFFFFFFFFF
AR,0,0x20064D00,64,1,
AW,1,0x20064D40,64,1,FFFFFFFFFFFFFFFF
AR,0,0x20064D80,64,1,
AW,1,0x20064DC0,64,1,FFFFFFFFFFFFFFFF
AR,0,0x20064E00,64,1,
AW,1,0x20064E40,64,1,FFFFFFFFFFFFFFFF
AR,0,0x20064E80,64,1,
AW,1,0x20064EC0,64,1,FFFFFFFFFFFFFFFF
AR,0,0x20064F00,64,1,
AW,1,0x20064F40,64,1,FFFFFFFFFFFFFFFF
AR,0,0x20064F80,64,1,
AW,1,0x20064FC0,64,1,FFFFFFFFFFFFFFFF
AR,0,0x20065000,64,1,
AW,1,0x20065040,64,1,FFFFFFFFFFFFFFFF
AR,0,0x20065080,64,1,
AW,1,0x200650C0,64,1,FFFFFFFFFFFFFFFF
AR,0,0x20065100,64,1,
AW,1,0x20065140,64,1,FFFFFFFFFFFFFFFF
AR,0,0x20065180,64,1,
AW,1,0x200651C0,64,1,FFFFFFFFFFFFFFFF
AR,0,0x20065200,64,1,
AW,1,0x20065240,64,1,FFFFFFFFFFFFFFFF
AR,0,0x20065280,64,1,
AW,1,0x200652C0,64,1,FFFFFFFFFFFFFFFF
AR,0,0x20065300,64,1,
AW,1,0x20065340,64,1,FFFFFFFFFFFFFFFF
AR,0,0x20065380,64,1,
AW,1,0x200653C0,64,1,FFFFFFFFFFFFFFFF
AR,0,0x20065400,64,1,
AW,1,0x20065440,64,1,FFFFFFFFFFFFFFFF
AR,0,0x20065480,64,1,
AW,1,0x200654C0,64,1,FFFFFFFFFFFFFFFF
AR,0,0x20065500,64,1,
AW,1,0x20065540,64,1,FFFFFFFFFFFFFFFF
AR,0,0x20065580,64,1,
AW,1,0x200655C0,64,1,FFFFFFFFFFFFFFFF
AR,0,0x20065600,64,1,
AW,1,0x20065640,64,1,FFFFFFFFFFFFFFFF
AR,0,0x20065680,64,1,
AW,1,0x200656C0,64,1,FFFFFFFFFFFFFFFF
AR,0,0x20065700,64,1,
AW,1,0x20065740,64,1,FFFFFFFFFFFFFFFF
AR,0,0x20065780,64,1,
AW,1,0x200657C0,64,1,FFFFFFFFFFFFFFFF
AR,0,0x20065800,64,1,
AW,1,0x20065840,64,1,FFFFFFFFFFFFFFFF
AR,0,0x20065880,64,1,
AW,1,0x200658C0,64,1,FFFFFFFFFFFFFFFF
AR,0,0x20065900,64,1,
AW,1,0x20065940,64,1,FFFFFFFFFFFFFFFF
AR,0,0x20065980,64,1,
AW,1,0x200659C0,64,1,FFFFFFFFFFFFFFFF
AR,0,0x20065A00,64,1,
AW,1,0x20065A40,64,1,FFFFFFFFFFFFFFFF
AR,0,0x20065A80,64,1,
AW,1,0x20065AC0,64,1,FFFFFFFFFFFFFFFF
AR,0,0x20065B00,64,1,
AW,1,0x20065B40,64,1,FFFFFFFFFFFFFFFF
AR,0,0x20065B80,64,1,
AW,1,0x20065BC0,64,1,FFFFFFFFFFFFFFFF
AR,0,0x20065C00,64,1,
AW,1,0x20065C40,64,1,FFFFFFFFFFFFFFFF
AR,0,0x20065C80,64,1,
AW,1,0x20065CC0,64,1,FFFFFFFFFFFFFFFF
AR,0,0x20065D00,64,1,
AW,1,0x20065D40,64,1,FFFFFFFFFFFFFFFF
AR,0,0x20065D80,64,1,
AW,1,0x20065DC0,64,1,FFFFFFFFFFFFFFFF
AR,0,0x20065E00,64,1,
AW,1,0x20065E40,64,1,FFFFFFFFFFFFFFFF
AR,0,0x20065E80,64,1,
AW,1,0x20065EC0,64,1,FFFFFFFFFFFFFFFF
AR,0,0x20065F00,64,1,
AW,1,0x20065F40,64,1,FFFFFFFFFFFFFFFF
AR,0,0x20065F80,64,1,
AW,1,0x20065FC0,64,1,FFFFFFFFFFFFFFFF
AR,0,0x20066000,64,1,
AW,1,0x20066040,64,1,FFFFFFFFFFFFFFFF
AR,0,0x20066080,64,1,
AW,1,0x200660C0,64,1,FFFFFFFFFFFFFFFF
AR,0,0x20066100,64,1,
AW,1,0x20066140,64,1,FFFFFFFFFFFFFFFF
AR,0,0x20066180,64,1,
AW,1,0x200661C0,64,1,FFFFFFFFFFFFFFFF
AR,0,0x20066200,64,1,
AW,1,0x20066240,64,1,FFFFFFFFFFFFFFFF
AR,0,0x20066280,64,1,
AW,1,0x200662C0,64,1,FFFFFFFFFFFFFFFF
AR,0,0x20066300,64,1,
AW,1,0x20066340,64,1,FFFFFFFFFFFFFFFF
AR,0,0x20066380,64,1,
AW,1,0x200663C0,64,1,FFFFFFFFFFFFFFFF
AR,0,0x20066400,64,1,
AW,1,0x20066440,64,1,FFFFFFFFFFFFFFFF
AR,0,0x20066480,64,1,
AW,1,0x200664C0,64,1,FFFFFFFFFFFFFFFF
AR,0,0x20066500,64,1,
AW,1,0x20066540,64,1,FFFFFFFFFFFFFFFF
AR,0,0x20066580,64,1,
AW,1,0x200665C0,64,1,FFFFFFFFFFFFFFFF
AR,0,0x20066600,64,1,
AW,1,0x20066640,64,1,FFFFFFFFFFFFFFFF
AR,0,0x20066680,64,1,
AW,1,0x200666C0,64,1,FFFFFFFFFFFFFFFF
AR,0,0x20066700,64,1,
AW,1,0x20066740,64,1,FFFFFFFFFFFFFFFF
AR,0,0x20066780,64,1,
AW,1,0x200667C0,64,1,FFFFFFFFFFFFFFFF
AR,0,0x20066800,64,1,
AW,1,0x20066840,64,1,FFFFFFFFFFFFFFFF
AR,0,0x20066880,64,1,
AW,1,0x200668C0,64,1,FFFFFFFFFFFFFFFF
AR,0,0x20066900,64,1,
AW,1,0x20066940,64,1,FFFFFFFFFFFFFFFF
AR,0,0x20066980,64,1,
AW,1,0x200669C0,64,1,FFFFFFFFFFFFFFFF
AR,0,0x20066A00,64,1,
AW,1,0x20066A40,64,1,FFFFFFFFFFFFFFFF
AR,0,0x20066A80,64,1,
AW,1,0x20066AC0,64,1,FFFFFFFFFFFFFFFF
AR,0,0x20066B00,64,1,
AW,1,0x20066B40,64,1,FFFFFFFFFFFFFFFF
AR,0,0x20066B80,64,1,
AW,1,0x20066BC0,64,1,FFFFFFFFFFFFFFFF
AR,0,0x20066C00,64,1,
AW,1,0x20066C40,64,1,FFFFFFFFFFFFFFFF
AR,0,0x20066C80,64,1,
AW,1,0x20066CC0,64,1,FFFFFFFFFFFFFFFF
AR,0,0x20066D00,64,1,
AW,1,0x20066D40,64,1,FFFFFFFFFFFFFFFF
AR,0,0x20066D80,64,1,
AW,1,0x20066DC0,64,1,FFFFFFFFFFFFFFFF
AR,0,0x20066E00,64,1,
AW,1,0x20066E40,64,1,FFFFFFFFFFFFFFFF
AR,0,0x20066E80,64,1,
AW,1,0x20066EC0,64,1,FFFFFFFFFFFFFFFF
AR,0,0x20066F00,64,1,
AW,1,0x20066F40,64,1,FFFFFFFFFFFFFFFF
AR,0,0x20066F80,64,1,
AW,1,0x20066FC0,64,1,FFFFFFFFFFFFFFFF
AR,0,0x20067000,64,1,
AW,1,0x20067040,64,1,FFFFFFFFFFFFFFFF
AR,0,0x20067080,64,1,
AW,1,0x200670C0,64,1,FFFFFFFFFFFFFFFF
AR,0,0x20067100,64,1,
AW,1,0x20067140,64,1,FFFFFFFFFFFFFFFF
AR,0,0x20067180,64,1,
AW,1,0x200671C0,64,1,FFFFFFFFFFFFFFFF
AR,0,0x20067200,64,1,
AW,1,0x20067240,64,1,FFFFFFFFFFFFFFFF
AR,0,0x20067280,64,1,
AW,1,0x200672C0,64,1,FFFFFFFFFFFFFFFF
AR,0,0x20067300,64,1,
AW,1,0x20067340,64,1,FFFFFFFFFFFFFFFF
AR,0,0x20067380,64,1,
AW,1,0x200673C0,64,1,FFFFFFFFFFFFFFFF
AR,0,0x20067400,64,1,
AW,1,0x20067440,64,1,FFFFFFFFFFFFFFFF
AR,0,0x20067480,64,1,
AW,1,0x200674C0,64,1,FFFFFFFFFFFFFFFF
AR,0,0x20067500,64,1,
AW,1,0x20067540,64,1,FFFFFFFFFFFFFFFF
AR,0,0x20067580,64,1,
AW,1,0x200675C0,64,1,FFFFFFFFFFFFFFFF
AR,0,0x20067600,64,1,
AW,1,0x20067640,64,1,FFFFFFFFFFFFFFFF
AR,0,0x20067680,64,1,
AW,1,0x200676C0,64,1,FFFFFFFFFFFFFFFF
AR,0,0x20067700,64,1,
AW,1,0x20067740,64,1,FFFFFFFFFFFFFFFF
AR,0,0x20067780,64,1,
AW,1,0x200677C0,64,1,FFFFFFFFFFFFFFFF
AR,0,0x20067800,64,1,
AW,1,0x20067840,64,1,FFFFFFFFFFFFFFFF
AR,0,0x20067880,64,1,
AW,1,0x200678C0,64,1,FFFFFFFFFFFFFFFF
AR,0,0x20067900,64,1,
AW,1,0x20067940,64,1,FFFFFFFFFFFFFFFF
AR,0,0x20067980,64,1,
AW,1,0x200679C0,64,1,FFFFFFFFFFFFFFFF
AR,0,0x20067A00,64,1,
AW,1,0x20067A40,64,1,FFFFFFFFFFFFFFFF
AR,0,0x20067A80,64,1,
AW,1,0x20067AC0,64,1,FFFFFFFFFFFFFFFF
AR,0,0x20067B00,64,1,
AW,1,0x20067B40,64,1,FFFFFFFFFFFFFFFF
AR,0,0x20067B80,64,1,
AW,1,0x20067BC0,64,1,FFFFFFFFFFFFFFFF
AR,0,0x20067C00,64,1,
AW,1,0x20067C40,64,1,FFFFFFFFFFFFFFFF
AR,0,0x20067C80,64,1,
AW,1,0x20067CC0,64,1,FFFFFFFFFFFFFFFF
AR,0,0x20067D00,64,1,
AW,1,0x20067D40,64,1,FFFFFFFFFFFFFFFF
AR,0,0x20067D80,64,1,
AW,1,0x20067DC0,64,1,FFFFFFFFFFFFFFFF
AR,0,0x20067E00,64,1,
AW,1,0x20067E40,64,1,FFFFFFFFFFFFFFFF
AR,0,0x20067E80,64,1,
AW,1,0x20067EC0,64,1,FFFFFFFFFFFFFFFF
AR,0,0x20067F00,64,1,
AW,1,0x20067F40,64,1,FFFFFFFFFFFFFFFF
AR,0,0x20067F80,64,1,
AW,1,0x20067FC0,64,1,FFFFFFFFFFFFFFFF
AR,0,0x20068000,64,1,
AW,1,0x20068040,64,1,FFFFFFFFFFFFFFFF
AR,0,0x20068080,64,1,
AW,1,0x200680C0,64,1,FFFFFFFFFFFFFFFF
AR,0,0x20068100,64,1,
AW,1,0x20068140,64,1,FFFFFFFFFFFFFFFF
AR,0,0x20068180,64,1,
AW,1,0x200681C0,64,1,FFFFFFFFFFFFFFFF
AR,0,0x20068200,64,1,
AW,1,0x20068240,64,1,FFFFFFFFFFFFFFFF
AR,0,0x20068280,64,1,
AW,1,0x200682C0,64,1,FFFFFFFFFFFFFFFF
AR,0,0x20068300,64,1,
AW,1,0x20068340,64,1,FFFFFFFFFFFFFFFF
AR,0,0x20068380,64,1,
AW,1,0x200683C0,64,1,FFFFFFFFFFFFFFFF
AR,0,0x20068400,64,1,
AW,1,0x20068440,64,1,FFFFFFFFFFFFFFFF
AR,0,0x20068480,64,1,
AW,1,0x200684C0,64,1,FFFFFFFFFFFFFFFF
AR,0,0x20068500,64,1,
AW,1,0x20068540,64,1,FFFFFFFFFFFFFFFF
AR,0,0x20068580,64,1,
AW,1,0x200685C0,64,1,FFFFFFFFFFFFFFFF
AR,0,0x20068600,64,1,
AW,1,0x20068640,64,1,FFFFFFFFFFFFFFFF
AR,0,0x20068680,64,1,
AW,1,0x200686C0,64,1,FFFFFFFFFFFFFFFF
AR,0,0x20068700,64,1,
AW,1,0x20068740,64,1,FFFFFFFFFFFFFFFF
AR,0,0x20068780,64,1,
AW,1,0x200687C0,64,1,FFFFFFFFFFFFFFFF
AR,0,0x20068800,64,1,
AW,1,0x20068840,64,1,FFFFFFFFFFFFFFFF
AR,0,0x20068880,64,1,
AW,1,0x200688C0,64,1,FFFFFFFFFFFFFFFF
AR,0,0x20068900,64,1,
AW,1,0x20068940,64,1,FFFFFFFFFFFFFFFF
AR,0,0x20068980,64,1,
AW,1,0x200689C0,64,1,FFFFFFFFFFFFFFFF
AR,0,0x20068A00,64,1,
AW,1,0x20068A40,64,1,FFFFFFFFFFFFFFFF
AR,0,0x20068A80,64,1,
AW,1,0x20068AC0,64,1,FFFFFFFFFFFFFFFF
AR,0,0x20068B00,64,1,
AW,1,0x20068B40,64,1,FFFFFFFFFFFFFFFF
AR,0,0x20068B80,64,1,
AW,1,0x20068BC0,64,1,FFFFFFFFFFFFFFFF
AR,0,0x20068C00,64,1,
AW,1,0x20068C40,64,1,FFFFFFFFFFFFFFFF
AR,0,0x20068C80,64,1,
AW,1,0x20068CC0,64,1,FFFFFFFFFFFFFFFF
AR,0,0x20068D00,64,1,
AW,1,0x20068D40,64,1,FFFFFFFFFFFFFFFF
AR,0,0x20068D80,64,1,
AW,1,0x20068DC0,64,1,FFFFFFFFFFFFFFFF
AR,0,0x20068E00,64,1,
AW,1,0x20068E40,64,1,FFFFFFFFFFFFFFFF
AR,0,0x20068E80,64,1,
AW,1,0x20068EC0,64,1,FFFFFFFFFFFFFFFF
AR,0,0x20068F00,64,1,
AW,1,0x20068F40,64,1,FFFFFFFFFFFFFFFF
AR,0,0x20068F80,64,1,
AW,1,0x20068FC0,64,1,FFFFFFFFFFFFFFFF
AR,0,0x20069000,64,1,
AW,1,0x20069040,64,1,FFFFFFFFFFFFFFFF
AR,0,0x20069080,64,1,
AW,1,0x200690C0,64,1,FFFFFFFFFFFFFFFF
AR,0,0x20069100,64,1,
AW,1,0x20069140,64,1,FFFFFFFFFFFFFFFF
AR,0,0x20069180,64,1,
AW,1,0x200691C0,64,1,FFFFFFFFFFFFFFFF
AR,0,0x20069200,64,1,
AW,1,0x20069240,64,1,FFFFFFFFFFFFFFFF
AR,0,0x20069280,64,1,
AW,1,0x200692C0,64,1,FFFFFFFFFFFFFFFF
AR,0,0x20069300,64,1,
AW,1,0x20069340,64,1,FFFFFFFFFFFFFFFF
AR,0,0x20069380,64,1,
AW,1,0x200693C0,64,1,FFFFFFFFFFFFFFFF
AR,0,0x20069400,64,1,
AW,1,0x20069440,64,1,FFFFFFFFFFFFFFFF
AR,0,0x20069480,64,1,
AW,1,0x200694C0,64,1,FFFFFFFFFFFFFFFF
AR,0,0x20069500,64,1,
AW,1,0x20069540,64,1,FFFFFFFFFFFFFFFF
AR,0,0x20069580,64,1,
AW,1,0x200695C0,64,1,FFFFFFFFFFFFFFFF
AR,0,0x20069600,64,1,
AW,1,0x20069640,64,1,FFFFFFFFFFFFFFFF
AR,0,0x20069680,64,1,
AW,1,0x200696C0,64,1,FFFFFFFFFFFFFFFF
AR,0,0x20069700,64,1,
AW,1,0x20069740,64,1,FFFFFFFFFFFFFFFF
AR,0,0x20069780,64,1,
AW,1,0x200697C0,64,1,FFFFFFFFFFFFFFFF
AR,0,0x20069800,64,1,
AW,1,0x20069840,64,1,FFFFFFFFFFFFFFFF
AR,0,0x20069880,64,1,
AW,1,0x200698C0,64,1,FFFFFFFFFFFFFFFF
AR,0,0x20069900,64,1,
AW,1,0x20069940,64,1,FFFFFFFFFFFFFFFF
AR,0,0x20069980,64,1,
AW,1,0x200699C0,64,1,FFFFFFFFFFFFFFFF
AR,0,0x20069A00,64,1,
AW,1,0x20069A40,64,1,FFFFFFFFFFFFFFFF
AR,0,0x20069A80,64,1,
AW,1,0x20069AC0,64,1,FFFFFFFFFFFFFFFF
AR,0,0x20069B00,64,1,
AW,1,0x20069B40,64,1,FFFFFFFFFFFFFFFF
AR,0,0x20069B80,64,1,
AW,1,0x20069BC0,64,1,FFFFFFFFFFFFFFFF
AR,0,0x20069C00,64,1,
AW,1,0x20069C40,64,1,FFFFFFFFFFFFFFFF
AR,0,0x20069C80,64,1,
AW,1,0x20069CC0,64,1,FFFFFFFFFFFFFFFF
AR,0,0x20069D00,64,1,
AW,1,0x20069D40,64,1,FFFFFFFFFFFFFFFF
AR,0,0x20069D80,64,1,
AW,1,0x20069DC0,64,1,FFFFFFFFFFFFFFFF
AR,0,0x20069E00,64,1,
AW,1,0x20069E40,64,1,FFFFFFFFFFFFFFFF
AR,0,0x20069E80,64,1,
AW,1,0x20069EC0,64,1,FFFFFFFFFFFFFFFF
AR,0,0x20069F00,64,1,
AW,1,0x20069F40,64,1,FFFFFFFFFFFFFFFF
AR,0,0x20069F80,64,1,
AW,1,0x20069FC0,64,1,FFFFFFFFFFFFFFFF
AR,0,0x2006A000,64,1,
AW,1,0x2006A040,64,1,FFFFFFFFFFFFFFFF
AR,0,0x2006A080,64,1,
AW,1,0x2006A0C0,64,1,FFFFFFFFFFFFFFFF
AR,0,0x2006A100,64,1,
AW,1,0x2006A140,64,1,FFFFFFFFFFFFFFFF
AR,0,0x2006A180,64,1,
AW,1,0x2006A1C0,64,1,FFFFFFFFFFFFFFFF
AR,0,0x2006A200,64,1,
AW,1,0x2006A240,64,1,FFFFFFFFFFFFFFFF
AR,0,0x2006A280,64,1,
AW,1,0x2006A2C0,64,1,FFFFFFFFFFFFFFFF
AR,0,0x2006A300,64,1,
AW,1,0x2006A340,64,1,FFFFFFFFFFFFFFFF
AR,0,0x2006A380,64,1,
AW,1,0x2006A3C0,64,1,FFFFFFFFFFFFFFFF
AR,0,0x2006A400,64,1,
AW,1,0x2006A440,64,1,FFFFFFFFFFFFFFFF
AR,0,0x2006A480,64,1,
AW,1,0x2006A4C0,64,1,FFFFFFFFFFFFFFFF
AR,0,0x2006A500,64,1,
AW,1,0x2006A540,64,1,FFFFFFFFFFFFFFFF
AR,0,0x2006A580,64,1,
AW,1,0x2006A5C0,64,1,FFFFFFFFFFFFFFFF
AR,0,0x2006A600,64,1,
AW,1,0x2006A640,64,1,FFFFFFFFFFFFFFFF
AR,0,0x2006A680,64,1,
AW,1,0x2006A6C0,64,1,FFFFFFFFFFFFFFFF
AR,0,0x2006A700,64,1,
AW,1,0x2006A740,64,1,FFFFFFFFFFFFFFFF
AR,0,0x2006A780,64,1,
AW,1,0x2006A7C0,64,1,FFFFFFFFFFFFFFFF
AR,0,0x2006A800,64,1,
AW,1,0x2006A840,64,1,FFFFFFFFFFFFFFFF
AR,0,0x2006A880,64,1,
AW,1,0x2006A8C0,64,1,FFFFFFFFFFFFFFFF
AR,0,0x2006A900,64,1,
AW,1,0x2006A940,64,1,FFFFFFFFFFFFFFFF
AR,0,0x2006A980,64,1,
AW,1,0x2006A9C0,64,1,FFFFFFFFFFFFFFFF
AR,0,0x2006AA00,64,1,
AW,1,0x2006AA40,64,1,FFFFFFFFFFFFFFFF
AR,0,0x2006AA80,64,1,
AW,1,0x2006AAC0,64,1,FFFFFFFFFFFFFFFF
AR,0,0x2006AB00,64,1,
AW,1,0x2006AB40,64,1,FFFFFFFFFFFFFFFF
AR,0,0x2006AB80,64,1,
AW,1,0x2006ABC0,64,1,FFFFFFFFFFFFFFFF
AR,0,0x2006AC00,64,1,
AW,1,0x2006AC40,64,1,FFFFFFFFFFFFFFFF
AR,0,0x2006AC80,64,1,
AW,1,0x2006ACC0,64,1,FFFFFFFFFFFFFFFF
AR,0,0x2006AD00,64,1,
AW,1,0x2006AD40,64,1,FFFFFFFFFFFFFFFF
AR,0,0x2006AD80,64,1,
AW,1,0x2006ADC0,64,1,FFFFFFFFFFFFFFFF
AR,0,0x2006AE00,64,1,
AW,1,0x2006AE40,64,1,FFFFFFFFFFFFFFFF
AR,0,0x2006AE80,64,1,
AW,1,0x2006AEC0,64,1,FFFFFFFFFFFFFFFF
AR,0,0x2006AF00,64,1,
AW,1,0x2006AF40,64,1,FFFFFFFFFFFFFFFF
AR,0,0x2006AF80,64,1,
AW,1,0x2006AFC0,64,1,FFFFFFFFFFFFFFFF
AR,0,0x2006B000,64,1,
AW,1,0x2006B040,64,1,FFFFFFFFFFFFFFFF
AR,0,0x2006B080,64,1,
AW,1,0x2006B0C0,64,1,FFFFFFFFFFFFFFFF
AR,0,0x2006B100,64,1,
AW,1,0x2006B140,64,1,FFFFFFFFFFFFFFFF
AR,0,0x2006B180,64,1,
AW,1,0x2006B1C0,64,1,FFFFFFFFFFFFFFFF
AR,0,0x2006B200,64,1,
AW,1,0x2006B240,64,1,FFFFFFFFFFFFFFFF
AR,0,0x2006B280,64,1,
AW,1,0x2006B2C0,64,1,FFFFFFFFFFFFFFFF
AR,0,0x2006B300,64,1,
AW,1,0x2006B340,64,1,FFFFFFFFFFFFFFFF
AR,0,0x2006B380,64,1,
AW,1,0x2006B3C0,64,1,FFFFFFFFFFFFFFFF
AR,0,0x2006B400,64,1,
AW,1,0x2006B440,64,1,FFFFFFFFFFFFFFFF
AR,0,0x2006B480,64,1,
AW,1,0x2006B4C0,64,1,FFFFFFFFFFFFFFFF
AR,0,0x2006B500,64,1,
AW,1,0x2006B540,64,1,FFFFFFFFFFFFFFFF
AR,0,0x2006B580,64,1,
AW,1,0x2006B5C0,64,1,FFFFFFFFFFFFFFFF
AR,0,0x2006B600,64,1,
AW,1,0x2006B640,64,1,FFFFFFFFFFFFFFFF
AR,0,0x2006B680,64,1,
AW,1,0x2006B6C0,64,1,FFFFFFFFFFFFFFFF
AR,0,0x2006B700,64,1,
AW,1,0x2006B740,64,1,FFFFFFFFFFFFFFFF
AR,0,0x2006B780,64,1,
AW,1,0x2006B7C0,64,1,FFFFFFFFFFFFFFFF
AR,0,0x2006B800,64,1,
AW,1,0x2006B840,64,1,FFFFFFFFFFFFFFFF
AR,0,0x2006B880,64,1,
AW,1,0x2006B8C0,64,1,FFFFFFFFFFFFFFFF
AR,0,0x2006B900,64,1,
AW,1,0x2006B940,64,1,FFFFFFFFFFFFFFFF
AR,0,0x2006B980,64,1,
AW,1,0x2006B9C0,64,1,FFFFFFFFFFFFFFFF
AR,0,0x2006BA00,64,1,
AW,1,0x2006BA40,64,1,FFFFFFFFFFFFFFFF
AR,0,0x2006BA80,64,1,
AW,1,0x2006BAC0,64,1,FFFFFFFFFFFFFFFF
AR,0,0x2006BB00,64,1,
AW,1,0x2006BB40,64,1,FFFFFFFFFFFFFFFF
AR,0,0x2006BB80,64,1,
AW,1,0x2006BBC0,64,1,FFFFFFFFFFFFFFFF
AR,0,0x2006BC00,64,1,
AW,1,0x2006BC40,64,1,FFFFFFFFFFFFFFFF
AR,0,0x2006BC80,64,1,
AW,1,0x2006BCC0,64,1,FFFFFFFFFFFFFFFF
AR,0,0x2006BD00,64,1,
AW,1,0x2006BD40,64,1,FFFFFFFFFFFFFFFF
AR,0,0x2006BD80,64,1,
AW,1,0x2006BDC0,64,1,FFFFFFFFFFFFFFFF
AR,0,0x2006BE00,64,1,
AW,1,0x2006BE40,64,1,FFFFFFFFFFFFFFFF
AR,0,0x2006BE80,64,1,
AW,1,0x2006BEC0,64,1,FFFFFFFFFFFFFFFF
AR,0,0x2006BF00,64,1,
AW,1,0x2006BF40,64,1,FFFFFFFFFFFFFFFF
AR,0,0x2006BF80,64,1,
AW,1,0x2006BFC0,64,1,FFFFFFFFFFFFFFFF
AR,0,0x2006C000,64,1,
AW,1,0x2006C040,64,1,FFFFFFFFFFFFFFFF
AR,0,0x2006C080,64,1,
AW,1,0x2006C0C0,64,1,FFFFFFFFFFFFFFFF
AR,0,0x2006C100,64,1,
AW,1,0x2006C140,64,1,FFFFFFFFFFFFFFFF
AR,0,0x2006C180,64,1,
AW,1,0x2006C1C0,64,1,FFFFFFFFFFFFFFFF
AR,0,0x2006C200,64,1,
AW,1,0x2006C240,64,1,FFFFFFFFFFFFFFFF
AR,0,0x2006C280,64,1,
AW,1,0x2006C2C0,64,1,FFFFFFFFFFFFFFFF
AR,0,0x2006C300,64,1,
AW,1,0x2006C340,64,1,FFFFFFFFFFFFFFFF
AR,0,0x2006C380,64,1,
AW,1,0x2006C3C0,64,1,FFFFFFFFFFFFFFFF
AR,0,0x2006C400,64,1,
AW,1,0x2006C440,64,1,FFFFFFFFFFFFFFFF
AR,0,0x2006C480,64,1,
AW,1,0x2006C4C0,64,1,FFFFFFFFFFFFFFFF
AR,0,0x2006C500,64,1,
AW,1,0x2006C540,64,1,FFFFFFFFFFFFFFFF
AR,0,0x2006C580,64,1,
AW,1,0x2006C5C0,64,1,FFFFFFFFFFFFFFFF
AR,0,0x2006C600,64,1,
AW,1,0x2006C640,64,1,FFFFFFFFFFFFFFFF
AR,0,0x2006C680,64,1,
AW,1,0x2006C6C0,64,1,FFFFFFFFFFFFFFFF
AR,0,0x2006C700,64,1,
AW,1,0x2006C740,64,1,FFFFFFFFFFFFFFFF
AR,0,0x2006C780,64,1,
AW,1,0x2006C7C0,64,1,FFFFFFFFFFFFFFFF
AR,0,0x2006C800,64,1,
AW,1,0x2006C840,64,1,FFFFFFFFFFFFFFFF
AR,0,0x2006C880,64,1,
AW,1,0x2006C8C0,64,1,FFFFFFFFFFFFFFFF
AR,0,0x2006C900,64,1,
AW,1,0x2006C940,64,1,FFFFFFFFFFFFFFFF
AR,0,0x2006C980,64,1,
AW,1,0x2006C9C0,64,1,FFFFFFFFFFFFFFFF
AR,0,0x2006CA00,64,1,
AW,1,0x2006CA40,64,1,FFFFFFFFFFFFFFFF
AR,0,0x2006CA80,64,1,
AW,1,0x2006CAC0,64,1,FFFFFFFFFFFFFFFF
AR,0,0x2006CB00,64,1,
AW,1,0x2006CB40,64,1,FFFFFFFFFFFFFFFF
AR,0,0x2006CB80,64,1,
AW,1,0x2006CBC0,64,1,FFFFFFFFFFFFFFFF
AR,0,0x2006CC00,64,1,
AW,1,0x2006CC40,64,1,FFFFFFFFFFFFFFFF
AR,0,0x2006CC80,64,1,
AW,1,0x2006CCC0,64,1,FFFFFFFFFFFFFFFF
AR,0,0x2006CD00,64,1,
AW,1,0x2006CD40,64,1,FFFFFFFFFFFFFFFF
AR,0,0x2006CD80,64,1,
AW,1,0x2006CDC0,64,1,FFFFFFFFFFFFFFFF
AR,0,0x2006CE00,64,1,
AW,1,0x2006CE40,64,1,FFFFFFFFFFFFFFFF
AR,0,0x2006CE80,64,1,
AW,1,0x2006CEC0,64,1,FFFFFFFFFFFFFFFF
AR,0,0x2006CF00,64,1,
AW,1,0x2006CF40,64,1,FFFFFFFFFFFFFFFF
AR,0,0x2006CF80,64,1,
AW,1,0x2006CFC0,64,1,FFFFFFFFFFFFFFFF
AR,0,0x2006D000,64,1,
AW,1,0x2006D040,64,1,FFFFFFFFFFFFFFFF
AR,0,0x2006D080,64,1,
AW,1,0x2006D0C0,64,1,FFFFFFFFFFFFFFFF
AR,0,0x2006D100,64,1,
AW,1,0x2006D140,64,1,FFFFFFFFFFFFFFFF
AR,0,0x2006D180,64,1,
AW,1,0x2006D1C0,64,1,FFFFFFFFFFFFFFFF
AR,0,0x2006D200,64,1,
AW,1,0x2006D240,64,1,FFFFFFFFFFFFFFFF
AR,0,0x2006D280,64,1,
AW,1,0x2006D2C0,64,1,FFFFFFFFFFFFFFFF
AR,0,0x2006D300,64,1,
AW,1,0x2006D340,64,1,FFFFFFFFFFFFFFFF
AR,0,0x2006D380,64,1,
AW,1,0x2006D3C0,64,1,FFFFFFFFFFFFFFFF
AR,0,0x2006D400,64,1,
AW,1,0x2006D440,64,1,FFFFFFFFFFFFFFFF
AR,0,0x2006D480,64,1,
AW,1,0x2006D4C0,64,1,FFFFFFFFFFFFFFFF
AR,0,0x2006D500,64,1,
AW,1,0x2006D540,64,1,FFFFFFFFFFFFFFFF
AR,0,0x2006D580,64,1,
AW,1,0x2006D5C0,64,1,FFFFFFFFFFFFFFFF
AR,0,0x2006D600,64,1,
AW,1,0x2006D640,64,1,FFFFFFFFFFFFFFFF
AR,0,0x2006D680,64,1,
AW,1,0x2006D6C0,64,1,FFFFFFFFFFFFFFFF
AR,0,0x2006D700,64,1,
AW,1,0x2006D740,64,1,FFFFFFFFFFFFFFFF
AR,0,0x2006D780,64,1,
AW,1,0x2006D7C0,64,1,FFFFFFFFFFFFFFFF
AR,0,0x2006D800,64,1,
AW,1,0x2006D840,64,1,FFFFFFFFFFFFFFFF
AR,0,0x2006D880,64,1,
AW,1,0x2006D8C0,64,1,FFFFFFFFFFFFFFFF
AR,0,0x2006D900,64,1,
AW,1,0x2006D940,64,1,FFFFFFFFFFFFFFFF
AR,0,0x2006D980,64,1,
AW,1,0x2006D9C0,64,1,FFFFFFFFFFFFFFFF
AR,0,0x2006DA00,64,1,
AW,1,0x2006DA40,64,1,FFFFFFFFFFFFFFFF
AR,0,0x2006DA80,64,1,
AW,1,0x2006DAC0,64,1,FFFFFFFFFFFFFFFF
AR,0,0x2006DB00,64,1,
AW,1,0x2006DB40,64,1,FFFFFFFFFFFFFFFF
AR,0,0x2006DB80,64,1,
AW,1,0x2006DBC0,64,1,FFFFFFFFFFFFFFFF
AR,0,0x2006DC00,64,1,
AW,1,0x2006DC40,64,1,FFFFFFFFFFFFFFFF
AR,0,0x2006DC80,64,1,
AW,1,0x2006DCC0,64,1,FFFFFFFFFFFFFFFF
AR,0,0x2006DD00,64,1,
AW,1,0x2006DD40,64,1,FFFFFFFFFFFFFFFF
AR,0,0x2006DD80,64,1,
AW,1,0x2006DDC0,64,1,FFFFFFFFFFFFFFFF
AR,0,0x2006DE00,64,1,
AW,1,0x2006DE40,64,1,FFFFFFFFFFFFFFFF
AR,0,0x2006DE80,64,1,
AW,1,0x2006DEC0,64,1,FFFFFFFFFFFFFFFF
AR,0,0x2006DF00,64,1,
AW,1,0x2006DF40,64,1,FFFFFFFFFFFFFFFF
AR,0,0x2006DF80,64,1,
AW,1,0x2006DFC0,64,1,FFFFFFFFFFFFFFFF
AR,0,0x2006E000,64,1,
AW,1,0x2006E040,64,1,FFFFFFFFFFFFFFFF
AR,0,0x2006E080,64,1,
AW,1,0x2006E0C0,64,1,FFFFFFFFFFFFFFFF
AR,0,0x2006E100,64,1,
AW,1,0x2006E140,64,1,FFFFFFFFFFFFFFFF
AR,0,0x2006E180,64,1,
AW,1,0x2006E1C0,64,1,FFFFFFFFFFFFFFFF
AR,0,0x2006E200,64,1,
AW,1,0x2006E240,64,1,FFFFFFFFFFFFFFFF
AR,0,0x2006E280,64,1,
AW,1,0x2006E2C0,64,1,FFFFFFFFFFFFFFFF
AR,0,0x2006E300,64,1,
AW,1,0x2006E340,64,1,FFFFFFFFFFFFFFFF
AR,0,0x2006E380,64,1,
AW,1,0x2006E3C0,64,1,FFFFFFFFFFFFFFFF
AR,0,0x2006E400,64,1,
AW,1,0x2006E440,64,1,FFFFFFFFFFFFFFFF
AR,0,0x2006E480,64,1,
AW,1,0x2006E4C0,64,1,FFFFFFFFFFFFFFFF
AR,0,0x2006E500,64,1,
AW,1,0x2006E540,64,1,FFFFFFFFFFFFFFFF
AR,0,0x2006E580,64,1,
AW,1,0x2006E5C0,64,1,FFFFFFFFFFFFFFFF
AR,0,0x2006E600,64,1,
AW,1,0x2006E640,64,1,FFFFFFFFFFFFFFFF
AR,0,0x2006E680,64,1,
AW,1,0x2006E6C0,64,1,FFFFFFFFFFFFFFFF
AR,0,0x2006E700,64,1,
AW,1,0x2006E740,64,1,FFFFFFFFFFFFFFFF
AR,0,0x2006E780,64,1,
AW,1,0x2006E7C0,64,1,FFFFFFFFFFFFFFFF
AR,0,0x2006E800,64,1,
AW,1,0x2006E840,64,1,FFFFFFFFFFFFFFFF
AR,0,0x2006E880,64,1,
AW,1,0x2006E8C0,64,1,FFFFFFFFFFFFFFFF
AR,0,0x2006E900,64,1,
AW,1,0x2006E940,64,1,FFFFFFFFFFFFFFFF
AR,0,0x2006E980,64,1,
AW,1,0x2006E9C0,64,1,FFFFFFFFFFFFFFFF
AR,0,0x2006EA00,64,1,
AW,1,0x2006EA40,64,1,FFFFFFFFFFFFFFFF
AR,0,0x2006EA80,64,1,
AW,1,0x2006EAC0,64,1,FFFFFFFFFFFFFFFF
AR,0,0x2006EB00,64,1,
AW,1,0x2006EB40,64,1,FFFFFFFFFFFFFFFF
AR,0,0x2006EB80,64,1,
AW,1,0x2006EBC0,64,1,FFFFFFFFFFFFFFFF
AR,0,0x2006EC00,64,1,
AW,1,0x2006EC40,64,1,FFFFFFFFFFFFFFFF
AR,0,0x2006EC80,64,1,
AW,1,0x2006ECC0,64,1,FFFFFFFFFFFFFFFF
AR,0,0x2006ED00,64,1,
AW,1,0x2006ED40,64,1,FFFFFFFFFFFFFFFF
AR,0,0x2006ED80,64,1,
AW,1,0x2006EDC0,64,1,FFFFFFFFFFFFFFFF
AR,0,0x2006EE00,64,1,
AW,1,0x2006EE40,64,1,FFFFFFFFFFFFFFFF
AR,0,0x2006EE80,64,1,
AW,1,0x2006EEC0,64,1,FFFFFFFFFFFFFFFF
AR,0,0x2006EF00,64,1,
AW,1,0x2006EF40,64,1,FFFFFFFFFFFFFFFF
AR,0,0x2006EF80,64,1,
AW,1,0x2006EFC0,64,1,FFFFFFFFFFFFFFFF
AR,0,0x2006F000,64,1,
AW,1,0x2006F040,64,1,FFFFFFFFFFFFFFFF
AR,0,0x2006F080,64,1,
AW,1,0x2006F0C0,64,1,FFFFFFFFFFFFFFFF
AR,0,0x2006F100,64,1,
AW,1,0x2006F140,64,1,FFFFFFFFFFFFFFFF
AR,0,0x2006F180,64,1,
AW,1,0x2006F1C0,64,1,FFFFFFFFFFFFFFFF
AR,0,0x2006F200,64,1,
AW,1,0x2006F240,64,1,FFFFFFFFFFFFFFFF
AR,0,0x2006F280,64,1,
AW,1,0x2006F2C0,64,1,FFFFFFFFFFFFFFFF
AR,0,0x2006F300,64,1,
AW,1,0x2006F340,64,1,FFFFFFFFFFFFFFFF
AR,0,0x2006F380,64,1,
AW,1,0x2006F3C0,64,1,FFFFFFFFFFFFFFFF
AR,0,0x2006F400,64,1,
AW,1,0x2006F440,64,1,FFFFFFFFFFFFFFFF
AR,0,0x2006F480,64,1,
AW,1,0x2006F4C0,64,1,FFFFFFFFFFFFFFFF
AR,0,0x2006F500,64,1,
AW,1,0x2006F540,64,1,FFFFFFFFFFFFFFFF
AR,0,0x2006F580,64,1,
AW,1,0x2006F5C0,64,1,FFFFFFFFFFFFFFFF
AR,0,0x2006F600,64,1,
AW,1,0x2006F640,64,1,FFFFFFFFFFFFFFFF
AR,0,0x2006F680,64,1,
AW,1,0x2006F6C0,64,1,FFFFFFFFFFFFFFFF
AR,0,0x2006F700,64,1,
AW,1,0x2006F740,64,1,FFFFFFFFFFFFFFFF
AR,0,0x2006F780,64,1,
AW,1,0x2006F7C0,64,1,FFFFFFFFFFFFFFFF
AR,0,0x2006F800,64,1,
AW,1,0x2006F840,64,1,FFFFFFFFFFFFFFFF
AR,0,0x2006F880,64,1,
AW,1,0x2006F8C0,64,1,FFFFFFFFFFFFFFFF
AR,0,0x2006F900,64,1,
AW,1,0x2006F940,64,1,FFFFFFFFFFFFFFFF
AR,0,0x2006F980,64,1,
AW,1,0x2006F9C0,64,1,FFFFFFFFFFFFFFFF
AR,0,0x2006FA00,64,1,
AW,1,0x2006FA40,64,1,FFFFFFFFFFFFFFFF
AR,0,0x2006FA80,64,1,
AW,1,0x2006FAC0,64,1,FFFFFFFFFFFFFFFF
AR,0,0x2006FB00,64,1,
AW,1,0x2006FB40,64,1,FFFFFFFFFFFFFFFF
AR,0,0x2006FB80,64,1,
AW,1,0x2006FBC0,64,1,FFFFFFFFFFFFFFFF
AR,0,0x2006FC00,64,1,
AW,1,0x2006FC40,64,1,FFFFFFFFFFFFFFFF
AR,0,0x2006FC80,64,1,
AW,1,0x2006FCC0,64,1,FFFFFFFFFFFFFFFF
AR,0,0x2006FD00,64,1,
AW,1,0x2006FD40,64,1,FFFFFFFFFFFFFFFF
AR,0,0x2006FD80,64,1,
AW,1,0x2006FDC0,64,1,FFFFFFFFFFFFFFFF
AR,0,0x2006FE00,64,1,
AW,1,0x2006FE40,64,1,FFFFFFFFFFFFFFFF
AR,0,0x2006FE80,64,1,
AW,1,0x2006FEC0,64,1,FFFFFFFFFFFFFFFF
AR,0,0x2006FF00,64,1,
AW,1,0x2006FF40,64,1,FFFFFFFFFFFFFFFF
AR,0,0x2006FF80,64,1,
AW,1,0x2006FFC0,64,1,FFFFFFFFFFFFFFFF
AR,0,0x20070000,64,1,
AW,1,0x20070040,64,1,FFFFFFFFFFFFFFFF
AR,0,0x20070080,64,1,
AW,1,0x200700C0,64,1,FFFFFFFFFFFFFFFF
AR,0,0x20070100,64,1,
AW,1,0x20070140,64,1,FFFFFFFFFFFFFFFF
AR,0,0x20070180,64,1,
AW,1,0x200701C0,64,1,FFFFFFFFFFFFFFFF
AR,0,0x20070200,64,1,
AW,1,0x20070240,64,1,FFFFFFFFFFFFFFFF
AR,0,0x20070280,64,1,
AW,1,0x200702C0,64,1,FFFFFFFFFFFFFFFF
AR,0,0x20070300,64,1,
AW,1,0x20070340,64,1,FFFFFFFFFFFFFFFF
AR,0,0x20070380,64,1,
AW,1,0x200703C0,64,1,FFFFFFFFFFFFFFFF
AR,0,0x20070400,64,1,
AW,1,0x20070440,64,1,FFFFFFFFFFFFFFFF
AR,0,0x20070480,64,1,
AW,1,0x200704C0,64,1,FFFFFFFFFFFFFFFF
AR,0,0x20070500,64,1,
AW,1,0x20070540,64,1,FFFFFFFFFFFFFFFF
AR,0,0x20070580,64,1,
AW,1,0x200705C0,64,1,FFFFFFFFFFFFFFFF
AR,0,0x20070600,64,1,
AW,1,0x20070640,64,1,FFFFFFFFFFFFFFFF
AR,0,0x20070680,64,1,
AW,1,0x200706C0,64,1,FFFFFFFFFFFFFFFF
AR,0,0x20070700,64,1,
AW,1,0x20070740,64,1,FFFFFFFFFFFFFFFF
AR,0,0x20070780,64,1,
AW,1,0x200707C0,64,1,FFFFFFFFFFFFFFFF
AR,0,0x20070800,64,1,
AW,1,0x20070840,64,1,FFFFFFFFFFFFFFFF
AR,0,0x20070880,64,1,
AW,1,0x200708C0,64,1,FFFFFFFFFFFFFFFF
AR,0,0x20070900,64,1,
AW,1,0x20070940,64,1,FFFFFFFFFFFFFFFF
AR,0,0x20070980,64,1,
AW,1,0x200709C0,64,1,FFFFFFFFFFFFFFFF
AR,0,0x20070A00,64,1,
AW,1,0x20070A40,64,1,FFFFFFFFFFFFFFFF
AR,0,0x20070A80,64,1,
AW,1,0x20070AC0,64,1,FFFFFFFFFFFFFFFF
AR,0,0x20070B00,64,1,
AW,1,0x20070B40,64,1,FFFFFFFFFFFFFFFF
AR,0,0x20070B80,64,1,
AW,1,0x20070BC0,64,1,FFFFFFFFFFFFFFFF
AR,0,0x20070C00,64,1,
AW,1,0x20070C40,64,1,FFFFFFFFFFFFFFFF
AR,0,0x20070C80,64,1,
AW,1,0x20070CC0,64,1,FFFFFFFFFFFFFFFF
AR,0,0x20070D00,64,1,
AW,1,0x20070D40,64,1,FFFFFFFFFFFFFFFF
AR,0,0x20070D80,64,1,
AW,1,0x20070DC0,64,1,FFFFFFFFFFFFFFFF
AR,0,0x20070E00,64,1,
AW,1,0x20070E40,64,1,FFFFFFFFFFFFFFFF
AR,0,0x20070E80,64,1,
AW,1,0x20070EC0,64,1,FFFFFFFFFFFFFFFF
AR,0,0x20070F00,64,1,
AW,1,0x20070F40,64,1,FFFFFFFFFFFFFFFF
AR,0,0x20070F80,64,1,
AW,1,0x20070FC0,64,1,FFFFFFFFFFFFFFFF
AR,0,0x20071000,64,1,
AW,1,0x20071040,64,1,FFFFFFFFFFFFFFFF
AR,0,0x20071080,64,1,
AW,1,0x200710C0,64,1,FFFFFFFFFFFFFFFF
AR,0,0x20071100,64,1,
AW,1,0x20071140,64,1,FFFFFFFFFFFFFFFF
AR,0,0x20071180,64,1,
AW,1,0x200711C0,64,1,FFFFFFFFFFFFFFFF
AR,0,0x20071200,64,1,
AW,1,0x20071240,64,1,FFFFFFFFFFFFFFFF
AR,0,0x20071280,64,1,
AW,1,0x200712C0,64,1,FFFFFFFFFFFFFFFF
AR,0,0x20071300,64,1,
AW,1,0x20071340,64,1,FFFFFFFFFFFFFFFF
AR,0,0x20071380,64,1,
AW,1,0x200713C0,64,1,FFFFFFFFFFFFFFFF
AR,0,0x20071400,64,1,
AW,1,0x20071440,64,1,FFFFFFFFFFFFFFFF
AR,0,0x20071480,64,1,
AW,1,0x200714C0,64,1,FFFFFFFFFFFFFFFF
AR,0,0x20071500,64,1,
AW,1,0x20071540,64,1,FFFFFFFFFFFFFFFF
AR,0,0x20071580,64,1,
AW,1,0x200715C0,64,1,FFFFFFFFFFFFFFFF
AR,0,0x20071600,64,1,
AW,1,0x20071640,64,1,FFFFFFFFFFFFFFFF
AR,0,0x20071680,64,1,
AW,1,0x200716C0,64,1,FFFFFFFFFFFFFFFF
AR,0,0x20071700,64,1,
AW,1,0x20071740,64,1,FFFFFFFFFFFFFFFF
AR,0,0x20071780,64,1,
AW,1,0x200717C0,64,1,FFFFFFFFFFFFFFFF
AR,0,0x20071800,64,1,
AW,1,0x20071840,64,1,FFFFFFFFFFFFFFFF
AR,0,0x20071880,64,1,
AW,1,0x200718C0,64,1,FFFFFFFFFFFFFFFF
AR,0,0x20071900,64,1,
AW,1,0x20071940,64,1,FFFFFFFFFFFFFFFF
AR,0,0x20071980,64,1,
AW,1,0x200719C0,64,1,FFFFFFFFFFFFFFFF
AR,0,0x20071A00,64,1,
AW,1,0x20071A40,64,1,FFFFFFFFFFFFFFFF
AR,0,0x20071A80,64,1,
AW,1,0x20071AC0,64,1,FFFFFFFFFFFFFFFF
AR,0,0x20071B00,64,1,
AW,1,0x20071B40,64,1,FFFFFFFFFFFFFFFF
AR,0,0x20071B80,64,1,
AW,1,0x20071BC0,64,1,FFFFFFFFFFFFFFFF
AR,0,0x20071C00,64,1,
AW,1,0x20071C40,64,1,FFFFFFFFFFFFFFFF
AR,0,0x20071C80,64,1,
AW,1,0x20071CC0,64,1,FFFFFFFFFFFFFFFF
AR,0,0x20071D00,64,1,
AW,1,0x20071D40,64,1,FFFFFFFFFFFFFFFF
AR,0,0x20071D80,64,1,
AW,1,0x20071DC0,64,1,FFFFFFFFFFFFFFFF
AR,0,0x20071E00,64,1,
AW,1,0x20071E40,64,1,FFFFFFFFFFFFFFFF
AR,0,0x20071E80,64,1,
AW,1,0x20071EC0,64,1,FFFFFFFFFFFFFFFF
AR,0,0x20071F00,64,1,
AW,1,0x20071F40,64,1,FFFFFFFFFFFFFFFF
AR,0,0x20071F80,64,1,
AW,1,0x20071FC0,64,1,FFFFFFFFFFFFFFFF
AR,0,0x20072000,64,1,
AW,1,0x20072040,64,1,FFFFFFFFFFFFFFFF
AR,0,0x20072080,64,1,
AW,1,0x200720C0,64,1,FFFFFFFFFFFFFFFF
AR,0,0x20072100,64,1,
AW,1,0x20072140,64,1,FFFFFFFFFFFFFFFF
AR,0,0x20072180,64,1,
AW,1,0x200721C0,64,1,FFFFFFFFFFFFFFFF
AR,0,0x20072200,64,1,
AW,1,0x20072240,64,1,FFFFFFFFFFFFFFFF
AR,0,0x20072280,64,1,
AW,1,0x200722C0,64,1,FFFFFFFFFFFFFFFF
AR,0,0x20072300,64,1,
AW,1,0x20072340,64,1,FFFFFFFFFFFFFFFF
AR,0,0x20072380,64,1,
AW,1,0x200723C0,64,1,FFFFFFFFFFFFFFFF
AR,0,0x20072400,64,1,
AW,1,0x20072440,64,1,FFFFFFFFFFFFFFFF
AR,0,0x20072480,64,1,
AW,1,0x200724C0,64,1,FFFFFFFFFFFFFFFF
AR,0,0x20072500,64,1,
AW,1,0x20072540,64,1,FFFFFFFFFFFFFFFF
AR,0,0x20072580,64,1,
AW,1,0x200725C0,64,1,FFFFFFFFFFFFFFFF
AR,0,0x20072600,64,1,
AW,1,0x20072640,64,1,FFFFFFFFFFFFFFFF
AR,0,0x20072680,64,1,
AW,1,0x200726C0,64,1,FFFFFFFFFFFFFFFF
AR,0,0x20072700,64,1,
AW,1,0x20072740,64,1,FFFFFFFFFFFFFFFF
AR,0,0x20072780,64,1,
AW,1,0x200727C0,64,1,FFFFFFFFFFFFFFFF
AR,0,0x20072800,64,1,
AW,1,0x20072840,64,1,FFFFFFFFFFFFFFFF
AR,0,0x20072880,64,1,
AW,1,0x200728C0,64,1,FFFFFFFFFFFFFFFF
AR,0,0x20072900,64,1,
AW,1,0x20072940,64,1,FFFFFFFFFFFFFFFF
AR,0,0x20072980,64,1,
AW,1,0x200729C0,64,1,FFFFFFFFFFFFFFFF
AR,0,0x20072A00,64,1,
AW,1,0x20072A40,64,1,FFFFFFFFFFFFFFFF
AR,0,0x20072A80,64,1,
AW,1,0x20072AC0,64,1,FFFFFFFFFFFFFFFF
AR,0,0x20072B00,64,1,
AW,1,0x20072B40,64,1,FFFFFFFFFFFFFFFF
AR,0,0x20072B80,64,1,
AW,1,0x20072BC0,64,1,FFFFFFFFFFFFFFFF
AR,0,0x20072C00,64,1,
AW,1,0x20072C40,64,1,FFFFFFFFFFFFFFFF
AR,0,0x20072C80,64,1,
AW,1,0x20072CC0,64,1,FFFFFFFFFFFFFFFF
AR,0,0x20072D00,64,1,
AW,1,0x20072D40,64,1,FFFFFFFFFFFFFFFF
AR,0,0x20072D80,64,1,
AW,1,0x20072DC0,64,1,FFFFFFFFFFFFFFFF
AR,0,0x20072E00,64,1,
AW,1,0x20072E40,64,1,FFFFFFFFFFFFFFFF
AR,0,0x20072E80,64,1,
AW,1,0x20072EC0,64,1,FFFFFFFFFFFFFFFF
AR,0,0x20072F00,64,1,
AW,1,0x20072F40,64,1,FFFFFFFFFFFFFFFF
AR,0,0x20072F80,64,1,
AW,1,0x20072FC0,64,1,FFFFFFFFFFFFFFFF
AR,0,0x20073000,64,1,
AW,1,0x20073040,64,1,FFFFFFFFFFFFFFFF
AR,0,0x20073080,64,1,
AW,1,0x200730C0,64,1,FFFFFFFFFFFFFFFF
AR,0,0x20073100,64,1,
AW,1,0x20073140,64,1,FFFFFFFFFFFFFFFF
AR,0,0x20073180,64,1,
AW,1,0x200731C0,64,1,FFFFFFFFFFFFFFFF
AR,0,0x20073200,64,1,
AW,1,0x20073240,64,1,FFFFFFFFFFFFFFFF
AR,0,0x20073280,64,1,
AW,1,0x200732C0,64,1,FFFFFFFFFFFFFFFF
AR,0,0x20073300,64,1,
AW,1,0x20073340,64,1,FFFFFFFFFFFFFFFF
AR,0,0x20073380,64,1,
AW,1,0x200733C0,64,1,FFFFFFFFFFFFFFFF
AR,0,0x20073400,64,1,
AW,1,0x20073440,64,1,FFFFFFFFFFFFFFFF
AR,0,0x20073480,64,1,
AW,1,0x200734C0,64,1,FFFFFFFFFFFFFFFF
AR,0,0x20073500,64,1,
AW,1,0x20073540,64,1,FFFFFFFFFFFFFFFF
AR,0,0x20073580,64,1,
AW,1,0x200735C0,64,1,FFFFFFFFFFFFFFFF
AR,0,0x20073600,64,1,
AW,1,0x20073640,64,1,FFFFFFFFFFFFFFFF
AR,0,0x20073680,64,1,
AW,1,0x200736C0,64,1,FFFFFFFFFFFFFFFF
AR,0,0x20073700,64,1,
AW,1,0x20073740,64,1,FFFFFFFFFFFFFFFF
AR,0,0x20073780,64,1,
AW,1,0x200737C0,64,1,FFFFFFFFFFFFFFFF
AR,0,0x20073800,64,1,
AW,1,0x20073840,64,1,FFFFFFFFFFFFFFFF
AR,0,0x20073880,64,1,
AW,1,0x200738C0,64,1,FFFFFFFFFFFFFFFF
AR,0,0x20073900,64,1,
AW,1,0x20073940,64,1,FFFFFFFFFFFFFFFF
AR,0,0x20073980,64,1,
AW,1,0x200739C0,64,1,FFFFFFFFFFFFFFFF
AR,0,0x20073A00,64,1,
AW,1,0x20073A40,64,1,FFFFFFFFFFFFFFFF
AR,0,0x20073A80,64,1,
AW,1,0x20073AC0,64,1,FFFFFFFFFFFFFFFF
AR,0,0x20073B00,64,1,
AW,1,0x20073B40,64,1,FFFFFFFFFFFFFFFF
AR,0,0x20073B80,64,1,
AW,1,0x20073BC0,64,1,FFFFFFFFFFFFFFFF
AR,0,0x20073C00,64,1,
AW,1,0x20073C40,64,1,FFFFFFFFFFFFFFFF
AR,0,0x20073C80,64,1,
AW,1,0x20073CC0,64,1,FFFFFFFFFFFFFFFF
AR,0,0x20073D00,64,1,
AW,1,0x20073D40,64,1,FFFFFFFFFFFFFFFF
AR,0,0x20073D80,64,1,
AW,1,0x20073DC0,64,1,FFFFFFFFFFFFFFFF
AR,0,0x20073E00,64,1,
AW,1,0x20073E40,64,1,FFFFFFFFFFFFFFFF
AR,0,0x20073E80,64,1,
AW,1,0x20073EC0,64,1,FFFFFFFFFFFFFFFF
AR,0,0x20073F00,64,1,
AW,1,0x20073F40,64,1,FFFFFFFFFFFFFFFF
AR,0,0x20073F80,64,1,
AW,1,0x20073FC0,64,1,FFFFFFFFFFFFFFFF
AR,0,0x20074000,64,1,
AW,1,0x20074040,64,1,FFFFFFFFFFFFFFFF
AR,0,0x20074080,64,1,
AW,1,0x200740C0,64,1,FFFFFFFFFFFFFFFF
AR,0,0x20074100,64,1,
AW,1,0x20074140,64,1,FFFFFFFFFFFFFFFF
AR,0,0x20074180,64,1,
AW,1,0x200741C0,64,1,FFFFFFFFFFFFFFFF
AR,0,0x20074200,64,1,
AW,1,0x20074240,64,1,FFFFFFFFFFFFFFFF
AR,0,0x20074280,64,1,
AW,1,0x200742C0,64,1,FFFFFFFFFFFFFFFF
AR,0,0x20074300,64,1,
AW,1,0x20074340,64,1,FFFFFFFFFFFFFFFF
AR,0,0x20074380,64,1,
AW,1,0x200743C0,64,1,FFFFFFFFFFFFFFFF
AR,0,0x20074400,64,1,
AW,1,0x20074440,64,1,FFFFFFFFFFFFFFFF
AR,0,0x20074480,64,1,
AW,1,0x200744C0,64,1,FFFFFFFFFFFFFFFF
AR,0,0x20074500,64,1,
AW,1,0x20074540,64,1,FFFFFFFFFFFFFFFF
AR,0,0x20074580,64,1,
AW,1,0x200745C0,64,1,FFFFFFFFFFFFFFFF
AR,0,0x20074600,64,1,
AW,1,0x20074640,64,1,FFFFFFFFFFFFFFFF
AR,0,0x20074680,64,1,
AW,1,0x200746C0,64,1,FFFFFFFFFFFFFFFF
AR,0,0x20074700,64,1,
AW,1,0x20074740,64,1,FFFFFFFFFFFFFFFF
AR,0,0x20074780,64,1,
AW,1,0x200747C0,64,1,FFFFFFFFFFFFFFFF
AR,0,0x20074800,64,1,
AW,1,0x20074840,64,1,FFFFFFFFFFFFFFFF
AR,0,0x20074880,64,1,
AW,1,0x200748C0,64,1,FFFFFFFFFFFFFFFF
AR,0,0x20074900,64,1,
AW,1,0x20074940,64,1,FFFFFFFFFFFFFFFF
AR,0,0x20074980,64,1,
AW,1,0x200749C0,64,1,FFFFFFFFFFFFFFFF
AR,0,0x20074A00,64,1,
AW,1,0x20074A40,64,1,FFFFFFFFFFFFFFFF
AR,0,0x20074A80,64,1,
AW,1,0x20074AC0,64,1,FFFFFFFFFFFFFFFF
AR,0,0x20074B00,64,1,
AW,1,0x20074B40,64,1,FFFFFFFFFFFFFFFF
AR,0,0x20074B80,64,1,
AW,1,0x20074BC0,64,1,FFFFFFFFFFFFFFFF
AR,0,0x20074C00,64,1,
AW,1,0x20074C40,64,1,FFFFFFFFFFFFFFFF
AR,0,0x20074C80,64,1,
AW,1,0x20074CC0,64,1,FFFFFFFFFFFFFFFF
AR,0,0x20074D00,64,1,
AW,1,0x20074D40,64,1,FFFFFFFFFFFFFFFF
AR,0,0x20074D80,64,1,
AW,1,0x20074DC0,64,1,FFFFFFFFFFFFFFFF
AR,0,0x20074E00,64,1,
AW,1,0x20074E40,64,1,FFFFFFFFFFFFFFFF
AR,0,0x20074E80,64,1,
AW,1,0x20074EC0,64,1,FFFFFFFFFFFFFFFF
AR,0,0x20074F00,64,1,
AW,1,0x20074F40,64,1,FFFFFFFFFFFFFFFF
AR,0,0x20074F80,64,1,
AW,1,0x20074FC0,64,1,FFFFFFFFFFFFFFFF
AR,0,0x20075000,64,1,
AW,1,0x20075040,64,1,FFFFFFFFFFFFFFFF
AR,0,0x20075080,64,1,
AW,1,0x200750C0,64,1,FFFFFFFFFFFFFFFF
AR,0,0x20075100,64,1,
AW,1,0x20075140,64,1,FFFFFFFFFFFFFFFF
AR,0,0x20075180,64,1,
AW,1,0x200751C0,64,1,FFFFFFFFFFFFFFFF
AR,0,0x20075200,64,1,
AW,1,0x20075240,64,1,FFFFFFFFFFFFFFFF
AR,0,0x20075280,64,1,
AW,1,0x200752C0,64,1,FFFFFFFFFFFFFFFF
AR,0,0x20075300,64,1,
AW,1,0x20075340,64,1,FFFFFFFFFFFFFFFF
AR,0,0x20075380,64,1,
AW,1,0x200753C0,64,1,FFFFFFFFFFFFFFFF
AR,0,0x20075400,64,1,
AW,1,0x20075440,64,1,FFFFFFFFFFFFFFFF
AR,0,0x20075480,64,1,
AW,1,0x200754C0,64,1,FFFFFFFFFFFFFFFF
AR,0,0x20075500,64,1,
AW,1,0x20075540,64,1,FFFFFFFFFFFFFFFF
AR,0,0x20075580,64,1,
AW,1,0x200755C0,64,1,FFFFFFFFFFFFFFFF
AR,0,0x20075600,64,1,
AW,1,0x20075640,64,1,FFFFFFFFFFFFFFFF
AR,0,0x20075680,64,1,
AW,1,0x200756C0,64,1,FFFFFFFFFFFFFFFF
AR,0,0x20075700,64,1,
AW,1,0x20075740,64,1,FFFFFFFFFFFFFFFF
AR,0,0x20075780,64,1,
AW,1,0x200757C0,64,1,FFFFFFFFFFFFFFFF
AR,0,0x20075800,64,1,
AW,1,0x20075840,64,1,FFFFFFFFFFFFFFFF
AR,0,0x20075880,64,1,
AW,1,0x200758C0,64,1,FFFFFFFFFFFFFFFF
AR,0,0x20075900,64,1,
AW,1,0x20075940,64,1,FFFFFFFFFFFFFFFF
AR,0,0x20075980,64,1,
AW,1,0x200759C0,64,1,FFFFFFFFFFFFFFFF
AR,0,0x20075A00,64,1,
AW,1,0x20075A40,64,1,FFFFFFFFFFFFFFFF
AR,0,0x20075A80,64,1,
AW,1,0x20075AC0,64,1,FFFFFFFFFFFFFFFF
AR,0,0x20075B00,64,1,
AW,1,0x20075B40,64,1,FFFFFFFFFFFFFFFF
AR,0,0x20075B80,64,1,
AW,1,0x20075BC0,64,1,FFFFFFFFFFFFFFFF
AR,0,0x20075C00,64,1,
AW,1,0x20075C40,64,1,FFFFFFFFFFFFFFFF
AR,0,0x20075C80,64,1,
AW,1,0x20075CC0,64,1,FFFFFFFFFFFFFFFF
AR,0,0x20075D00,64,1,
AW,1,0x20075D40,64,1,FFFFFFFFFFFFFFFF
AR,0,0x20075D80,64,1,
AW,1,0x20075DC0,64,1,FFFFFFFFFFFFFFFF
AR,0,0x20075E00,64,1,
AW,1,0x20075E40,64,1,FFFFFFFFFFFFFFFF
AR,0,0x20075E80,64,1,
AW,1,0x20075EC0,64,1,FFFFFFFFFFFFFFFF
AR,0,0x20075F00,64,1,
AW,1,0x20075F40,64,1,FFFFFFFFFFFFFFFF
AR,0,0x20075F80,64,1,
AW,1,0x20075FC0,64,1,FFFFFFFFFFFFFFFF
AR,0,0x20076000,64,1,
AW,1,0x20076040,64,1,FFFFFFFFFFFFFFFF
AR,0,0x20076080,64,1,
AW,1,0x200760C0,64,1,FFFFFFFFFFFFFFFF
AR,0,0x20076100,64,1,
AW,1,0x20076140,64,1,FFFFFFFFFFFFFFFF
AR,0,0x20076180,64,1,
AW,1,0x200761C0,64,1,FFFFFFFFFFFFFFFF
AR,0,0x20076200,64,1,
AW,1,0x20076240,64,1,FFFFFFFFFFFFFFFF
AR,0,0x20076280,64,1,
AW,1,0x200762C0,64,1,FFFFFFFFFFFFFFFF
AR,0,0x20076300,64,1,
AW,1,0x20076340,64,1,FFFFFFFFFFFFFFFF
AR,0,0x20076380,64,1,
AW,1,0x200763C0,64,1,FFFFFFFFFFFFFFFF
AR,0,0x20076400,64,1,
AW,1,0x20076440,64,1,FFFFFFFFFFFFFFFF
AR,0,0x20076480,64,1,
AW,1,0x200764C0,64,1,FFFFFFFFFFFFFFFF
AR,0,0x20076500,64,1,
AW,1,0x20076540,64,1,FFFFFFFFFFFFFFFF
AR,0,0x20076580,64,1,
AW,1,0x200765C0,64,1,FFFFFFFFFFFFFFFF
AR,0,0x20076600,64,1,
AW,1,0x20076640,64,1,FFFFFFFFFFFFFFFF
AR,0,0x20076680,64,1,
AW,1,0x200766C0,64,1,FFFFFFFFFFFFFFFF
AR,0,0x20076700,64,1,
AW,1,0x20076740,64,1,FFFFFFFFFFFFFFFF
AR,0,0x20076780,64,1,
AW,1,0x200767C0,64,1,FFFFFFFFFFFFFFFF
AR,0,0x20076800,64,1,
AW,1,0x20076840,64,1,FFFFFFFFFFFFFFFF
AR,0,0x20076880,64,1,
AW,1,0x200768C0,64,1,FFFFFFFFFFFFFFFF
AR,0,0x20076900,64,1,
AW,1,0x20076940,64,1,FFFFFFFFFFFFFFFF
AR,0,0x20076980,64,1,
AW,1,0x200769C0,64,1,FFFFFFFFFFFFFFFF
AR,0,0x20076A00,64,1,
AW,1,0x20076A40,64,1,FFFFFFFFFFFFFFFF
AR,0,0x20076A80,64,1,
AW,1,0x20076AC0,64,1,FFFFFFFFFFFFFFFF
AR,0,0x20076B00,64,1,
AW,1,0x20076B40,64,1,FFFFFFFFFFFFFFFF
AR,0,0x20076B80,64,1,
AW,1,0x20076BC0,64,1,FFFFFFFFFFFFFFFF
AR,0,0x20076C00,64,1,
AW,1,0x20076C40,64,1,FFFFFFFFFFFFFFFF
AR,0,0x20076C80,64,1,
AW,1,0x20076CC0,64,1,FFFFFFFFFFFFFFFF
AR,0,0x20076D00,64,1,
AW,1,0x20076D40,64,1,FFFFFFFFFFFFFFFF
AR,0,0x20076D80,64,1,
AW,1,0x20076DC0,64,1,FFFFFFFFFFFFFFFF
AR,0,0x20076E00,64,1,
AW,1,0x20076E40,64,1,FFFFFFFFFFFFFFFF
AR,0,0x20076E80,64,1,
AW,1,0x20076EC0,64,1,FFFFFFFFFFFFFFFF
AR,0,0x20076F00,64,1,
AW,1,0x20076F40,64,1,FFFFFFFFFFFFFFFF
AR,0,0x20076F80,64,1,
AW,1,0x20076FC0,64,1,FFFFFFFFFFFFFFFF
AR,0,0x20077000,64,1,
AW,1,0x20077040,64,1,FFFFFFFFFFFFFFFF
AR,0,0x20077080,64,1,
AW,1,0x200770C0,64,1,FFFFFFFFFFFFFFFF
AR,0,0x20077100,64,1,
AW,1,0x20077140,64,1,FFFFFFFFFFFFFFFF
AR,0,0x20077180,64,1,
AW,1,0x200771C0,64,1,FFFFFFFFFFFFFFFF
AR,0,0x20077200,64,1,
AW,1,0x20077240,64,1,FFFFFFFFFFFFFFFF
AR,0,0x20077280,64,1,
AW,1,0x200772C0,64,1,FFFFFFFFFFFFFFFF
AR,0,0x20077300,64,1,
AW,1,0x20077340,64,1,FFFFFFFFFFFFFFFF
AR,0,0x20077380,64,1,
AW,1,0x200773C0,64,1,FFFFFFFFFFFFFFFF
AR,0,0x20077400,64,1,
AW,1,0x20077440,64,1,FFFFFFFFFFFFFFFF
AR,0,0x20077480,64,1,
AW,1,0x200774C0,64,1,FFFFFFFFFFFFFFFF
AR,0,0x20077500,64,1,
AW,1,0x20077540,64,1,FFFFFFFFFFFFFFFF
AR,0,0x20077580,64,1,
AW,1,0x200775C0,64,1,FFFFFFFFFFFFFFFF
AR,0,0x20077600,64,1,
AW,1,0x20077640,64,1,FFFFFFFFFFFFFFFF
AR,0,0x20077680,64,1,
AW,1,0x200776C0,64,1,FFFFFFFFFFFFFFFF
AR,0,0x20077700,64,1,
AW,1,0x20077740,64,1,FFFFFFFFFFFFFFFF
AR,0,0x20077780,64,1,
AW,1,0x200777C0,64,1,FFFFFFFFFFFFFFFF
AR,0,0x20077800,64,1,
AW,1,0x20077840,64,1,FFFFFFFFFFFFFFFF
AR,0,0x20077880,64,1,
AW,1,0x200778C0,64,1,FFFFFFFFFFFFFFFF
AR,0,0x20077900,64,1,
AW,1,0x20077940,64,1,FFFFFFFFFFFFFFFF
AR,0,0x20077980,64,1,
AW,1,0x200779C0,64,1,FFFFFFFFFFFFFFFF
AR,0,0x20077A00,64,1,
AW,1,0x20077A40,64,1,FFFFFFFFFFFFFFFF
AR,0,0x20077A80,64,1,
AW,1,0x20077AC0,64,1,FFFFFFFFFFFFFFFF
AR,0,0x20077B00,64,1,
AW,1,0x20077B40,64,1,FFFFFFFFFFFFFFFF
AR,0,0x20077B80,64,1,
AW,1,0x20077BC0,64,1,FFFFFFFFFFFFFFFF
AR,0,0x20077C00,64,1,
AW,1,0x20077C40,64,1,FFFFFFFFFFFFFFFF
AR,0,0x20077C80,64,1,
AW,1,0x20077CC0,64,1,FFFFFFFFFFFFFFFF
AR,0,0x20077D00,64,1,
AW,1,0x20077D40,64,1,FFFFFFFFFFFFFFFF
AR,0,0x20077D80,64,1,
AW,1,0x20077DC0,64,1,FFFFFFFFFFFFFFFF
AR,0,0x20077E00,64,1,
AW,1,0x20077E40,64,1,FFFFFFFFFFFFFFFF
AR,0,0x20077E80,64,1,
AW,1,0x20077EC0,64,1,FFFFFFFFFFFFFFFF
AR,0,0x20077F00,64,1,
AW,1,0x20077F40,64,1,FFFFFFFFFFFFFFFF
AR,0,0x20077F80,64,1,
AW,1,0x20077FC0,64,1,FFFFFFFFFFFFFFFF
AR,0,0x20078000,64,1,
AW,1,0x20078040,64,1,FFFFFFFFFFFFFFFF
AR,0,0x20078080,64,1,
AW,1,0x200780C0,64,1,FFFFFFFFFFFFFFFF
AR,0,0x20078100,64,1,
AW,1,0x20078140,64,1,FFFFFFFFFFFFFFFF
AR,0,0x20078180,64,1,
AW,1,0x200781C0,64,1,FFFFFFFFFFFFFFFF
AR,0,0x20078200,64,1,
AW,1,0x20078240,64,1,FFFFFFFFFFFFFFFF
AR,0,0x20078280,64,1,
AW,1,0x200782C0,64,1,FFFFFFFFFFFFFFFF
AR,0,0x20078300,64,1,
AW,1,0x20078340,64,1,FFFFFFFFFFFFFFFF
AR,0,0x20078380,64,1,
AW,1,0x200783C0,64,1,FFFFFFFFFFFFFFFF
AR,0,0x20078400,64,1,
AW,1,0x20078440,64,1,FFFFFFFFFFFFFFFF
AR,0,0x20078480,64,1,
AW,1,0x200784C0,64,1,FFFFFFFFFFFFFFFF
AR,0,0x20078500,64,1,
AW,1,0x20078540,64,1,FFFFFFFFFFFFFFFF
AR,0,0x20078580,64,1,
AW,1,0x200785C0,64,1,FFFFFFFFFFFFFFFF
AR,0,0x20078600,64,1,
AW,1,0x20078640,64,1,FFFFFFFFFFFFFFFF
AR,0,0x20078680,64,1,
AW,1,0x200786C0,64,1,FFFFFFFFFFFFFFFF
AR,0,0x20078700,64,1,
AW,1,0x20078740,64,1,FFFFFFFFFFFFFFFF
AR,0,0x20078780,64,1,
AW,1,0x200787C0,64,1,FFFFFFFFFFFFFFFF
AR,0,0x20078800,64,1,
AW,1,0x20078840,64,1,FFFFFFFFFFFFFFFF
AR,0,0x20078880,64,1,
AW,1,0x200788C0,64,1,FFFFFFFFFFFFFFFF
AR,0,0x20078900,64,1,
AW,1,0x20078940,64,1,FFFFFFFFFFFFFFFF
AR,0,0x20078980,64,1,
AW,1,0x200789C0,64,1,FFFFFFFFFFFFFFFF
AR,0,0x20078A00,64,1,
AW,1,0x20078A40,64,1,FFFFFFFFFFFFFFFF
AR,0,0x20078A80,64,1,
AW,1,0x20078AC0,64,1,FFFFFFFFFFFFFFFF
AR,0,0x20078B00,64,1,
AW,1,0x20078B40,64,1,FFFFFFFFFFFFFFFF
AR,0,0x20078B80,64,1,
AW,1,0x20078BC0,64,1,FFFFFFFFFFFFFFFF
AR,0,0x20078C00,64,1,
AW,1,0x20078C40,64,1,FFFFFFFFFFFFFFFF
AR,0,0x20078C80,64,1,
AW,1,0x20078CC0,64,1,FFFFFFFFFFFFFFFF
AR,0,0x20078D00,64,1,
AW,1,0x20078D40,64,1,FFFFFFFFFFFFFFFF
AR,0,0x20078D80,64,1,
AW,1,0x20078DC0,64,1,FFFFFFFFFFFFFFFF
AR,0,0x20078E00,64,1,
AW,1,0x20078E40,64,1,FFFFFFFFFFFFFFFF
AR,0,0x20078E80,64,1,
AW,1,0x20078EC0,64,1,FFFFFFFFFFFFFFFF
AR,0,0x20078F00,64,1,
AW,1,0x20078F40,64,1,FFFFFFFFFFFFFFFF
AR,0,0x20078F80,64,1,
AW,1,0x20078FC0,64,1,FFFFFFFFFFFFFFFF
AR,0,0x20079000,64,1,
AW,1,0x20079040,64,1,FFFFFFFFFFFFFFFF
AR,0,0x20079080,64,1,
AW,1,0x200790C0,64,1,FFFFFFFFFFFFFFFF
AR,0,0x20079100,64,1,
AW,1,0x20079140,64,1,FFFFFFFFFFFFFFFF
AR,0,0x20079180,64,1,
AW,1,0x200791C0,64,1,FFFFFFFFFFFFFFFF
AR,0,0x20079200,64,1,
AW,1,0x20079240,64,1,FFFFFFFFFFFFFFFF
AR,0,0x20079280,64,1,
AW,1,0x200792C0,64,1,FFFFFFFFFFFFFFFF
AR,0,0x20079300,64,1,
AW,1,0x20079340,64,1,FFFFFFFFFFFFFFFF
AR,0,0x20079380,64,1,
AW,1,0x200793C0,64,1,FFFFFFFFFFFFFFFF
AR,0,0x20079400,64,1,
AW,1,0x20079440,64,1,FFFFFFFFFFFFFFFF
AR,0,0x20079480,64,1,
AW,1,0x200794C0,64,1,FFFFFFFFFFFFFFFF
AR,0,0x20079500,64,1,
AW,1,0x20079540,64,1,FFFFFFFFFFFFFFFF
AR,0,0x20079580,64,1,
AW,1,0x200795C0,64,1,FFFFFFFFFFFFFFFF
AR,0,0x20079600,64,1,
AW,1,0x20079640,64,1,FFFFFFFFFFFFFFFF
AR,0,0x20079680,64,1,
AW,1,0x200796C0,64,1,FFFFFFFFFFFFFFFF
AR,0,0x20079700,64,1,
AW,1,0x20079740,64,1,FFFFFFFFFFFFFFFF
AR,0,0x20079780,64,1,
AW,1,0x200797C0,64,1,FFFFFFFFFFFFFFFF
AR,0,0x20079800,64,1,
AW,1,0x20079840,64,1,FFFFFFFFFFFFFFFF
AR,0,0x20079880,64,1,
AW,1,0x200798C0,64,1,FFFFFFFFFFFFFFFF
AR,0,0x20079900,64,1,
AW,1,0x20079940,64,1,FFFFFFFFFFFFFFFF
AR,0,0x20079980,64,1,
AW,1,0x200799C0,64,1,FFFFFFFFFFFFFFFF
AR,0,0x20079A00,64,1,
AW,1,0x20079A40,64,1,FFFFFFFFFFFFFFFF
AR,0,0x20079A80,64,1,
AW,1,0x20079AC0,64,1,FFFFFFFFFFFFFFFF
AR,0,0x20079B00,64,1,
AW,1,0x20079B40,64,1,FFFFFFFFFFFFFFFF
AR,0,0x20079B80,64,1,
AW,1,0x20079BC0,64,1,FFFFFFFFFFFFFFFF
AR,0,0x20079C00,64,1,
AW,1,0x20079C40,64,1,FFFFFFFFFFFFFFFF
AR,0,0x20079C80,64,1,
AW,1,0x20079CC0,64,1,FFFFFFFFFFFFFFFF
AR,0,0x20079D00,64,1,
AW,1,0x20079D40,64,1,FFFFFFFFFFFFFFFF
AR,0,0x20079D80,64,1,
AW,1,0x20079DC0,64,1,FFFFFFFFFFFFFFFF
AR,0,0x20079E00,64,1,
AW,1,0x20079E40,64,1,FFFFFFFFFFFFFFFF
AR,0,0x20079E80,64,1,
AW,1,0x20079EC0,64,1,FFFFFFFFFFFFFFFF
AR,0,0x20079F00,64,1,
AW,1,0x20079F40,64,1,FFFFFFFFFFFFFFFF
AR,0,0x20079F80,64,1,
AW,1,0x20079FC0,64,1,FFFFFFFFFFFFFFFF
AR,0,0x2007A000,64,1,
AW,1,0x2007A040,64,1,FFFFFFFFFFFFFFFF
AR,0,0x2007A080,64,1,
AW,1,0x2007A0C0,64,1,FFFFFFFFFFFFFFFF
AR,0,0x2007A100,64,1,
AW,1,0x2007A140,64,1,FFFFFFFFFFFFFFFF
AR,0,0x2007A180,64,1,
AW,1,0x2007A1C0,64,1,FFFFFFFFFFFFFFFF
AR,0,0x2007A200,64,1,
AW,1,0x2007A240,64,1,FFFFFFFFFFFFFFFF
AR,0,0x2007A280,64,1,
AW,1,0x2007A2C0,64,1,FFFFFFFFFFFFFFFF
AR,0,0x2007A300,64,1,
AW,1,0x2007A340,64,1,FFFFFFFFFFFFFFFF
AR,0,0x2007A380,64,1,
AW,1,0x2007A3C0,64,1,FFFFFFFFFFFFFFFF
AR,0,0x2007A400,64,1,
AW,1,0x2007A440,64,1,FFFFFFFFFFFFFFFF
AR,0,0x2007A480,64,1,
AW,1,0x2007A4C0,64,1,FFFFFFFFFFFFFFFF
AR,0,0x2007A500,64,1,
AW,1,0x2007A540,64,1,FFFFFFFFFFFFFFFF
AR,0,0x2007A580,64,1,
AW,1,0x2007A5C0,64,1,FFFFFFFFFFFFFFFF
AR,0,0x2007A600,64,1,
AW,1,0x2007A640,64,1,FFFFFFFFFFFFFFFF
AR,0,0x2007A680,64,1,
AW,1,0x2007A6C0,64,1,FFFFFFFFFFFFFFFF
AR,0,0x2007A700,64,1,
AW,1,0x2007A740,64,1,FFFFFFFFFFFFFFFF
AR,0,0x2007A780,64,1,
AW,1,0x2007A7C0,64,1,FFFFFFFFFFFFFFFF
AR,0,0x2007A800,64,1,
AW,1,0x2007A840,64,1,FFFFFFFFFFFFFFFF
AR,0,0x2007A880,64,1,
AW,1,0x2007A8C0,64,1,FFFFFFFFFFFFFFFF
AR,0,0x2007A900,64,1,
AW,1,0x2007A940,64,1,FFFFFFFFFFFFFFFF
AR,0,0x2007A980,64,1,
AW,1,0x2007A9C0,64,1,FFFFFFFFFFFFFFFF
AR,0,0x2007AA00,64,1,
AW,1,0x2007AA40,64,1,FFFFFFFFFFFFFFFF
AR,0,0x2007AA80,64,1,
AW,1,0x2007AAC0,64,1,FFFFFFFFFFFFFFFF
AR,0,0x2007AB00,64,1,
AW,1,0x2007AB40,64,1,FFFFFFFFFFFFFFFF
AR,0,0x2007AB80,64,1,
AW,1,0x2007ABC0,64,1,FFFFFFFFFFFFFFFF
AR,0,0x2007AC00,64,1,
AW,1,0x2007AC40,64,1,FFFFFFFFFFFFFFFF
AR,0,0x2007AC80,64,1,
AW,1,0x2007ACC0,64,1,FFFFFFFFFFFFFFFF
AR,0,0x2007AD00,64,1,
AW,1,0x2007AD40,64,1,FFFFFFFFFFFFFFFF
AR,0,0x2007AD80,64,1,
AW,1,0x2007ADC0,64,1,FFFFFFFFFFFFFFFF
AR,0,0x2007AE00,64,1,
AW,1,0x2007AE40,64,1,FFFFFFFFFFFFFFFF
AR,0,0x2007AE80,64,1,
AW,1,0x2007AEC0,64,1,FFFFFFFFFFFFFFFF
AR,0,0x2007AF00,64,1,
AW,1,0x2007AF40,64,1,FFFFFFFFFFFFFFFF
AR,0,0x2007AF80,64,1,
AW,1,0x2007AFC0,64,1,FFFFFFFFFFFFFFFF
AR,0,0x2007B000,64,1,
AW,1,0x2007B040,64,1,FFFFFFFFFFFFFFFF
AR,0,0x2007B080,64,1,
AW,1,0x2007B0C0,64,1,FFFFFFFFFFFFFFFF
AR,0,0x2007B100,64,1,
AW,1,0x2007B140,64,1,FFFFFFFFFFFFFFFF
AR,0,0x2007B180,64,1,
AW,1,0x2007B1C0,64,1,FFFFFFFFFFFFFFFF
AR,0,0x2007B200,64,1,
AW,1,0x2007B240,64,1,FFFFFFFFFFFFFFFF
AR,0,0x2007B280,64,1,
AW,1,0x2007B2C0,64,1,FFFFFFFFFFFFFFFF
AR,0,0x2007B300,64,1,
AW,1,0x2007B340,64,1,FFFFFFFFFFFFFFFF
AR,0,0x2007B380,64,1,
AW,1,0x2007B3C0,64,1,FFFFFFFFFFFFFFFF
AR,0,0x2007B400,64,1,
AW,1,0x2007B440,64,1,FFFFFFFFFFFFFFFF
AR,0,0x2007B480,64,1,
AW,1,0x2007B4C0,64,1,FFFFFFFFFFFFFFFF
AR,0,0x2007B500,64,1,
AW,1,0x2007B540,64,1,FFFFFFFFFFFFFFFF
AR,0,0x2007B580,64,1,
AW,1,0x2007B5C0,64,1,FFFFFFFFFFFFFFFF
AR,0,0x2007B600,64,1,
AW,1,0x2007B640,64,1,FFFFFFFFFFFFFFFF
AR,0,0x2007B680,64,1,
AW,1,0x2007B6C0,64,1,FFFFFFFFFFFFFFFF
AR,0,0x2007B700,64,1,
AW,1,0x2007B740,64,1,FFFFFFFFFFFFFFFF
AR,0,0x2007B780,64,1,
AW,1,0x2007B7C0,64,1,FFFFFFFFFFFFFFFF
AR,0,0x2007B800,64,1,
AW,1,0x2007B840,64,1,FFFFFFFFFFFFFFFF
AR,0,0x2007B880,64,1,
AW,1,0x2007B8C0,64,1,FFFFFFFFFFFFFFFF
AR,0,0x2007B900,64,1,
AW,1,0x2007B940,64,1,FFFFFFFFFFFFFFFF
AR,0,0x2007B980,64,1,
AW,1,0x2007B9C0,64,1,FFFFFFFFFFFFFFFF
AR,0,0x2007BA00,64,1,
AW,1,0x2007BA40,64,1,FFFFFFFFFFFFFFFF
AR,0,0x2007BA80,64,1,
AW,1,0x2007BAC0,64,1,FFFFFFFFFFFFFFFF
AR,0,0x2007BB00,64,1,
AW,1,0x2007BB40,64,1,FFFFFFFFFFFFFFFF
AR,0,0x2007BB80,64,1,
AW,1,0x2007BBC0,64,1,FFFFFFFFFFFFFFFF
AR,0,0x2007BC00,64,1,
AW,1,0x2007BC40,64,1,FFFFFFFFFFFFFFFF
AR,0,0x2007BC80,64,1,
AW,1,0x2007BCC0,64,1,FFFFFFFFFFFFFFFF
AR,0,0x2007BD00,64,1,
AW,1,0x2007BD40,64,1,FFFFFFFFFFFFFFFF
AR,0,0x2007BD80,64,1,
AW,1,0x2007BDC0,64,1,FFFFFFFFFFFFFFFF
AR,0,0x2007BE00,64,1,
AW,1,0x2007BE40,64,1,FFFFFFFFFFFFFFFF
AR,0,0x2007BE80,64,1,
AW,1,0x2007BEC0,64,1,FFFFFFFFFFFFFFFF
AR,0,0x2007BF00,64,1,
AW,1,0x2007BF40,64,1,FFFFFFFFFFFFFFFF
AR,0,0x2007BF80,64,1,
AW,1,0x2007BFC0,64,1,FFFFFFFFFFFFFFFF
AR,0,0x2007C000,64,1,
AW,1,0x2007C040,64,1,FFFFFFFFFFFFFFFF
AR,0,0x2007C080,64,1,
AW,1,0x2007C0C0,64,1,FFFFFFFFFFFFFFFF
AR,0,0x2007C100,64,1,
AW,1,0x2007C140,64,1,FFFFFFFFFFFFFFFF
AR,0,0x2007C180,64,1,
AW,1,0x2007C1C0,64,1,FFFFFFFFFFFFFFFF
AR,0,0x2007C200,64,1,
AW,1,0x2007C240,64,1,FFFFFFFFFFFFFFFF
AR,0,0x2007C280,64,1,
AW,1,0x2007C2C0,64,1,FFFFFFFFFFFFFFFF
AR,0,0x2007C300,64,1,
AW,1,0x2007C340,64,1,FFFFFFFFFFFFFFFF
AR,0,0x2007C380,64,1,
AW,1,0x2007C3C0,64,1,FFFFFFFFFFFFFFFF
AR,0,0x2007C400,64,1,
AW,1,0x2007C440,64,1,FFFFFFFFFFFFFFFF
AR,0,0x2007C480,64,1,
AW,1,0x2007C4C0,64,1,FFFFFFFFFFFFFFFF
AR,0,0x2007C500,64,1,
AW,1,0x2007C540,64,1,FFFFFFFFFFFFFFFF
AR,0,0x2007C580,64,1,
AW,1,0x2007C5C0,64,1,FFFFFFFFFFFFFFFF
AR,0,0x2007C600,64,1,
AW,1,0x2007C640,64,1,FFFFFFFFFFFFFFFF
AR,0,0x2007C680,64,1,
AW,1,0x2007C6C0,64,1,FFFFFFFFFFFFFFFF
AR,0,0x2007C700,64,1,
AW,1,0x2007C740,64,1,FFFFFFFFFFFFFFFF
AR,0,0x2007C780,64,1,
AW,1,0x2007C7C0,64,1,FFFFFFFFFFFFFFFF
AR,0,0x2007C800,64,1,
AW,1,0x2007C840,64,1,FFFFFFFFFFFFFFFF
AR,0,0x2007C880,64,1,
AW,1,0x2007C8C0,64,1,FFFFFFFFFFFFFFFF
AR,0,0x2007C900,64,1,
AW,1,0x2007C940,64,1,FFFFFFFFFFFFFFFF
AR,0,0x2007C980,64,1,
AW,1,0x2007C9C0,64,1,FFFFFFFFFFFFFFFF
AR,0,0x2007CA00,64,1,
AW,1,0x2007CA40,64,1,FFFFFFFFFFFFFFFF
AR,0,0x2007CA80,64,1,
AW,1,0x2007CAC0,64,1,FFFFFFFFFFFFFFFF
AR,0,0x2007CB00,64,1,
AW,1,0x2007CB40,64,1,FFFFFFFFFFFFFFFF
AR,0,0x2007CB80,64,1,
AW,1,0x2007CBC0,64,1,FFFFFFFFFFFFFFFF
AR,0,0x2007CC00,64,1,
AW,1,0x2007CC40,64,1,FFFFFFFFFFFFFFFF
AR,0,0x2007CC80,64,1,
AW,1,0x2007CCC0,64,1,FFFFFFFFFFFFFFFF
AR,0,0x2007CD00,64,1,
AW,1,0x2007CD40,64,1,FFFFFFFFFFFFFFFF
AR,0,0x2007CD80,64,1,
AW,1,0x2007CDC0,64,1,FFFFFFFFFFFFFFFF
AR,0,0x2007CE00,64,1,
AW,1,0x2007CE40,64,1,FFFFFFFFFFFFFFFF
AR,0,0x2007CE80,64,1,
AW,1,0x2007CEC0,64,1,FFFFFFFFFFFFFFFF
AR,0,0x2007CF00,64,1,
AW,1,0x2007CF40,64,1,FFFFFFFFFFFFFFFF
AR,0,0x2007CF80,64,1,
AW,1,0x2007CFC0,64,1,FFFFFFFFFFFFFFFF
