type,id,addr,size,len,wstrb
AR,0,0x77E50F00,64,1,
AR,0,0x50BD86C0,64,1,
AR,0,0x774E12C0,64,1,
AR,0,0x74FEC740,64,1,
AR,0,0x642A7480,64,1,
AR,0,0x79CA9080,64,1,
AR,0,0x39444100,64,1,
AR,0,0x795B8D80,64,1,
AR,0,0x40DE1480,64,1,
AR,0,0x48F4FCC0,64,1,
AR,0,0x2A63CBC0,64,1,
AR,0,0x6BF78000,64,1,
AR,0,0x68F8C980,64,1,
AR,0,0x4BC61740,64,1,
AR,0,0x1CFADC80,64,1,
AR,0,0x7891FF80,64,1,
AR,0,0x52871E00,64,1,
AR,0,0x58F62F80,64,1,
AR,0,0x2CFEF7C0,64,1,
AR,0,0x93C8700,64,1,
AR,0,0x30369A80,64,1,
AR,0,0x7D5AFA80,64,1,
AR,0,0x52EE8700,64,1,
AR,0,0x66A65D00,64,1,
AR,0,0x7C0A2C00,64,1,
AR,0,0x4328ED00,64,1,
AR,0,0xB948740,64,1,
AR,0,0x7BF6ACC0,64,1,
AR,0,0x30D7DDC0,64,1,
AR,0,0x3C7F7140,64,1,
AR,0,0x799875C0,64,1,
AR,0,0x334BC0C0,64,1,
AR,0,0x79E09CC0,64,1,
AR,0,0x7B985480,64,1,
AR,0,0x41085800,64,1,
AR,0,0xC37CD40,64,1,
AR,0,0x65078A80,64,1,
AR,0,0x2ABF9E00,64,1,
AR,0,0x63A79600,64,1,
AR,0,0x6DEE4440,64,1,
AR,0,0x53543100,64,1,
AR,0,0x30EB4240,64,1,
AR,0,0x3DEE07C0,64,1,
AR,0,0x40930B80,64,1,
AR,0,0x397A40C0,64,1,
AR,0,0x38E7B280,64,1,
AR,0,0x5DA9FBC0,64,1,
AR,0,0x36F58C40,64,1,
AR,0,0x52B70B00,64,1,
AR,0,0x20D3C2C0,64,1,
AR,0,0x15421500,64,1,
AR,0,0x53612000,64,1,
AR,0,0x62ABB980,64,1,
AR,0,0x8C37A40,64,1,
AR,0,0x43797040,64,1,
AR,0,0x28B55C00,64,1,
AR,0,0x21EB1C00,64,1,
AR,0,0x1E0B1900,64,1,
AR,0,0x46B7BD00,64,1,
AR,0,0x7F768F80,64,1,
AR,0,0x40F14480,64,1,
AR,0,0x2048AC40,64,1,
AR,0,0x29DF7100,64,1,
AR,0,0x20951A80,64,1,
AR,0,0x54C5F340,64,1,
AR,0,0x5DC541C0,64,1,
AR,0,0x50BF7280,64,1,
AR,0,0x7D5013C0,64,1,
AR,0,0x7FAC0080,64,1,
AR,0,0x7D69C4C0,64,1,
AR,0,0x3532D900,64,1,
AR,0,0x7816E2C0,64,1,
AR,0,0x43A07900,64,1,
AR,0,0x4C8B9580,64,1,
AR,0,0x6D5E7FC0,64,1,
AR,0,0x3165AB40,64,1,
AR,0,0x7EE46F00,64,1,
AR,0,0x7A0D8D80,64,1,
AR,0,0x2B313600,64,1,
AR,0,0x547E9300,64,1,
AR,0,0x439BB000,64,1,
AR,0,0x48575B80,64,1,
AR,0,0x4CA36D80,64,1,
AR,0,0x212B8C00,64,1,
AR,0,0x1B6F7CC0,64,1,
AR,0,0x5740ACC0,64,1,
AR,0,0x2FE844C0,64,1,
AR,0,0x3764B00,64,1,
AR,0,0x3B9D35C0,64,1,
AR,0,0xE7AF40,64,1,
AR,0,0x3CE50600,64,1,
AR,0,0x3DA6A780,64,1,
AR,0,0x2EC41C00,64,1,
AR,0,0x324FB900,64,1,
AR,0,0x2F2A6300,64,1,
AR,0,0x565CF1C0,64,1,
AR,0,0x5EA8E680,64,1,
AR,0,0x249F1280,64,1,
AR,0,0x3E1C6740,64,1,
AR,0,0x7C5D8A80,64,1,
AR,0,0x43591740,64,1,
AR,0,0x785665C0,64,1,
AR,0,0x36E3D9C0,64,1,
AR,0,0x26B9ABC0,64,1,
AR,0,0x4A11AE80,64,1,
AR,0,0x24496780,64,1,
AR,0,0xBBE66C0,64,1,
AR,0,0x66732BC0,64,1,
AR,0,0x3F55D540,64,1,
AR,0,0x40D84740,64,1,
AR,0,0x7CF7B640,64,1,
AR,0,0x49099D40,64,1,
AR,0,0x622B53C0,64,1,
AR,0,0xB37D800,64,1,
AR,0,0x1BCEAD00,64,1,
AR,0,0xB1C9B80,64,1,
AR,0,0x384F6280,64,1,
AR,0,0x77AE9100,64,1,
AR,0,0x3C729B00,64,1,
AR,0,0x5AD0FB00,64,1,
AR,0,0xEFAB580,64,1,
AR,0,0x22FA5F00,64,1,
AR,0,0x25F058C0,64,1,
AR,0,0x2041A880,64,1,
AR,0,0x368E3300,64,1,
AR,0,0x7520F300,64,1,
AR,0,0x52614FC0,64,1,
AR,0,0x33322C00,64,1,
AR,0,0x5E42D0C0,64,1,
AR,0,0xE1B4880,64,1,
AR,0,0x1085A680,64,1,
AR,0,0x78703B40,64,1,
AR,0,0x6BE9C0C0,64,1,
AR,0,0x51236940,64,1,
AR,0,0x28111480,64,1,
AR,0,0x5E9AB280,64,1,
AR,0,0x55C39B80,64,1,
AR,0,0x36B4F080,64,1,
AR,0,0x1A331300,64,1,
AR,0,0x4F779980,64,1,
AR,0,0x4BE5380,64,1,
AR,0,0x2ED46840,64,1,
AR,0,0x35B1B600,64,1,
AR,0,0x6D42A580,64,1,
AR,0,0x6235ACC0,64,1,
AR,0,0x433A82C0,64,1,
AR,0,0x1423B300,64,1,
AR,0,0x12C0C400,64,1,
AR,0,0x54180280,64,1,
AR,0,0x177B4780,64,1,
AR,0,0x411E23C0,64,1,
AR,0,0x46D5CA40,64,1,
AR,0,0x624B7500,64,1,
AR,0,0x1BAE4280,64,1,
AR,0,0x452CF940,64,1,
AR,0,0x428D800,64,1,
AR,0,0x3E3D3C40,64,1,
AR,0,0x1A133900,64,1,
AR,0,0xDF8D880,64,1,
AR,0,0x43D1BC00,64,1,
AR,0,0x63AFC000,64,1,
AR,0,0x4DB81EC0,64,1,
AR,0,0x42790080,64,1,
AR,0,0x66BEBE40,64,1,
AR,0,0x1DC3EE80,64,1,
AR,0,0x252863C0,64,1,
AR,0,0x786EB480,64,1,
AR,0,0x55C026C0,64,1,
AR,0,0x37A22000,64,1,
AR,0,0x5832FB00,64,1,
AR,0,0x49E07D80,64,1,
AR,0,0x35EB6B40,64,1,
AR,0,0x62E7B700,64,1,
AR,0,0x2D57EF00,64,1,
AR,0,0x6160C80,64,1,
AR,0,0x13E3CB00,64,1,
AR,0,0x489DD500,64,1,
AR,0,0x540B1880,64,1,
AR,0,0x1E9E1C0,64,1,
AR,0,0x3F78A480,64,1,
AR,0,0x36A66680,64,1,
AR,0,0x11A5E940,64,1,
AR,0,0x58E18B80,64,1,
AR,0,0x423FE600,64,1,
AR,0,0x77AFCC40,64,1,
AR,0,0x15818300,64,1,
AR,0,0x77EADF80,64,1,
AR,0,0x2E7A9500,64,1,
AR,0,0x63137840,64,1,
AR,0,0x3839FAC0,64,1,
AR,0,0x48803B80,64,1,
AR,0,0x27C09A80,64,1,
AR,0,0x322D4E00,64,1,
AR,0,0x1E8C37C0,64,1,
AR,0,0x459D6FC0,64,1,
AR,0,0x3D17000,64,1,
AR,0,0x40541540,64,1,
AR,0,0x4FB2C000,64,1,
AR,0,0x4D667640,64,1,
AR,0,0x1F052C40,64,1,
AR,0,0x4CE80500,64,1,
AR,0,0x612E04C0,64,1,
AR,0,0x734AB1C0,64,1,
AR,0,0x34E70780,64,1,
AR,0,0x55E4A2C0,64,1,
AR,0,0x62847E40,64,1,
AR,0,0x25DFBD00,64,1,
AR,0,0x17CF2F80,64,1,
AR,0,0x3C6E2380,64,1,
AR,0,0x32F8C140,64,1,
AR,0,0x744D7EC0,64,1,
AR,0,0x333587C0,64,1,
AR,0,0x265FDC40,64,1,
AR,0,0x5FC7A4C0,64,1,
AR,0,0x6DD07D80,64,1,
AR,0,0xFF15800,64,1,
AR,0,0x70277CC0,64,1,
AR,0,0x5CCD9580,64,1,
AR,0,0xA0D5080,64,1,
AR,0,0x18657D80,64,1,
AR,0,0x3956F9C0,64,1,
AR,0,0x1E1B2AC0,64,1,
AR,0,0x3B3993C0,64,1,
AR,0,0x1EF22C00,64,1,
AR,0,0x7C1B9F40,64,1,
AR,0,0x7A4E8200,64,1,
AR,0,0x1C12F40,64,1,
AR,0,0x1166E000,64,1,
AR,0,0x2B5B6C80,64,1,
AR,0,0x6136F40,64,1,
AR,0,0x273EEC00,64,1,
AR,0,0x233FC000,64,1,
AR,0,0x70EA1E00,64,1,
AR,0,0x39E73340,64,1,
AR,0,0x467AAF00,64,1,
AR,0,0x65702980,64,1,
AR,0,0x7CBE4F00,64,1,
AR,0,0x57FCB400,64,1,
AR,0,0x31A80800,64,1,
AR,0,0x61368540,64,1,
AR,0,0x3F2672C0,64,1,
AR,0,0x2B0E7DC0,64,1,
AR,0,0x597BA440,64,1,
AR,0,0x57846400,64,1,
AR,0,0x3078C040,64,1,
AR,0,0x805A180,64,1,
AR,0,0x5CED4A40,64,1,
AR,0,0x286B6340,64,1,
AR,0,0x11252200,64,1,
AR,0,0x363A88C0,64,1,
AR,0,0x3C1F2880,64,1,
AR,0,0x4DE2B000,64,1,
AR,0,0x67040300,64,1,
AR,0,0x39579540,64,1,
AR,0,0x3D68D940,64,1,
AR,0,0x4A4D9440,64,1,
AR,0,0x18C10D00,64,1,
AR,0,0x266CD040,64,1,
AR,0,0x1938A780,64,1,
AR,0,0x730BFF00,64,1,
AR,0,0x25996480,64,1,
AR,0,0x2EFC9E00,64,1,
AR,0,0xECEA280,64,1,
AR,0,0x749C2B40,64,1,
AR,0,0x6C3F2D00,64,1,
AR,0,0x744D9E80,64,1,
AR,0,0xF6B3A80,64,1,
AR,0,0x10FBA200,64,1,
AR,0,0x679A300,64,1,
AR,0,0x1D1B2140,64,1,
AR,0,0x18657C00,64,1,
AR,0,0x1B42C6C0,64,1,
AR,0,0x32E54D40,64,1,
AR,0,0x73D8CC0,64,1,
AR,0,0xD714480,64,1,
AR,0,0x6E81D5C0,64,1,
AR,0,0x57B2C140,64,1,
AR,0,0x400A24C0,64,1,
AR,0,0x307CAAC0,64,1,
AR,0,0x5F85AC40,64,1,
AR,0,0x65DEB000,64,1,
AR,0,0x59E3EB80,64,1,
AR,0,0xE895500,64,1,
AR,0,0x6EC1AC40,64,1,
AR,0,0x24BAFB00,64,1,
AR,0,0x14B41E00,64,1,
AR,0,0x59462340,64,1,
AR,0,0x30247500,64,1,
AR,0,0x6190F700,64,1,
AR,0,0x2187A8C0,64,1,
AR,0,0x2D52A680,64,1,
AR,0,0x6A28A00,64,1,
AR,0,0x1D98D740,64,1,
AR,0,0x57EDED00,64,1,
AR,0,0x28B7A800,64,1,
AR,0,0x18108140,64,1,
AR,0,0x259515C0,64,1,
AR,0,0x65826F80,64,1,
AR,0,0x22822380,64,1,
AR,0,0x5F2DF400,64,1,
AR,0,0x19CC27C0,64,1,
AR,0,0x3B969C0,64,1,
AR,0,0x3F9C8800,64,1,
AR,0,0x2AEE9F00,64,1,
AR,0,0x2B4C8500,64,1,
AR,0,0x75904200,64,1,
AR,0,0x3A51BBC0,64,1,
AR,0,0x1E919980,64,1,
AR,0,0x137B1D00,64,1,
AR,0,0x3A638080,64,1,
AR,0,0x73F82940,64,1,
AR,0,0x71E6AEC0,64,1,
AR,0,0x53CB7600,64,1,
AR,0,0x175C4C0,64,1,
AR,0,0x2DD00100,64,1,
AR,0,0x54B04E40,64,1,
AR,0,0x32627D80,64,1,
AR,0,0x12326080,64,1,
AR,0,0x5BBFABC0,64,1,
AR,0,0x3CED9C40,64,1,
AR,0,0xAF63F40,64,1,
AR,0,0x74E9C6C0,64,1,
AR,0,0x6DD66E00,64,1,
AR,0,0x31503080,64,1,
AR,0,0xFA97240,64,1,
AR,0,0x38ADB000,64,1,
AR,0,0x1F67F180,64,1,
AR,0,0x300AACC0,64,1,
AR,0,0x6C3D540,64,1,
AR,0,0x11F05580,64,1,
AR,0,0x5D1A7600,64,1,
AR,0,0x372550C0,64,1,
AR,0,0x12195340,64,1,
AR,0,0xBD60840,64,1,
AR,0,0x618E0EC0,64,1,
AR,0,0x6F05FB80,64,1,
AR,0,0x3C41B280,64,1,
AR,0,0x3F9BD480,64,1,
AR,0,0x9597580,64,1,
AR,0,0x7AF401C0,64,1,
AR,0,0x23915680,64,1,
AR,0,0x70E74180,64,1,
AR,0,0x48FBA740,64,1,
AR,0,0x49000040,64,1,
AR,0,0x78002DC0,64,1,
AR,0,0x28C82380,64,1,
AR,0,0x43FAF140,64,1,
AR,0,0x74296800,64,1,
AR,0,0x6F360240,64,1,
AR,0,0x4C273680,64,1,
AR,0,0x7C781180,64,1,
AR,0,0x3FD61DC0,64,1,
AR,0,0x12E1ECC0,64,1,
AR,0,0x6D1D340,64,1,
AR,0,0x6EC00F40,64,1,
AR,0,0x5490FAC0,64,1,
AR,0,0x364DD740,64,1,
AR,0,0x620DB1C0,64,1,
AR,0,0x95B2540,64,1,
AR,0,0x62BB8800,64,1,
AR,0,0x56EEC540,64,1,
AR,0,0x401CCE00,64,1,
AR,0,0x1E642080,64,1,
AR,0,0x6FD76EC0,64,1,
AR,0,0x1E90AD40,64,1,
AR,0,0x27A73680,64,1,
AR,0,0x24F07B00,64,1,
AR,0,0x687D4D40,64,1,
AR,0,0x4FEB1D00,64,1,
AR,0,0x5DA7A080,64,1,
AR,0,0x63C12240,64,1,
AR,0,0x1693EA00,64,1,
AR,0,0x769EE3C0,64,1,
AR,0,0x3BF82880,64,1,
AR,0,0x28CA8640,64,1,
AR,0,0x390E040,64,1,
AR,0,0x1599140,64,1,
AR,0,0x71BFC200,64,1,
AR,0,0x7B8D9240,64,1,
AR,0,0x417477C0,64,1,
AR,0,0x7399E40,64,1,
AR,0,0x6D7DA380,64,1,
AR,0,0x47AD5E80,64,1,
AR,0,0x49FB5900,64,1,
AR,0,0x459E7A00,64,1,
AR,0,0x43A4D200,64,1,
AR,0,0xFAF9900,64,1,
AR,0,0x3A676A00,64,1,
AR,0,0x6CA6F900,64,1,
AR,0,0x279FC40,64,1,
AR,0,0x455A4180,64,1,
AR,0,0x65A18440,64,1,
AR,0,0x38C4A700,64,1,
AR,0,0x2799C440,64,1,
AR,0,0x351D8B00,64,1,
AR,0,0x6E4DBF40,64,1,
AR,0,0x22854CC0,64,1,
AR,0,0x36E97BC0,64,1,
AR,0,0x9FFD580,64,1,
AR,0,0x2192F600,64,1,
AR,0,0x3898DC0,64,1,
AR,0,0x73405FC0,64,1,
AR,0,0x6325FD00,64,1,
AR,0,0x59A7A740,64,1,
AR,0,0x3C685700,64,1,
AR,0,0x23CD6240,64,1,
AR,0,0x2248F2C0,64,1,
AR,0,0x2FF19380,64,1,
AR,0,0x39A5FC40,64,1,
AR,0,0xD7A3F00,64,1,
AR,0,0x28B33680,64,1,
AR,0,0x3620FB80,64,1,
AR,0,0xA4B5DC0,64,1,
AR,0,0x5694A500,64,1,
AR,0,0x1FF54D40,64,1,
AR,0,0x5E606E80,64,1,
AR,0,0x5FA84B00,64,1,
AR,0,0x4D5FC340,64,1,
AR,0,0x30BF9700,64,1,
AR,0,0x2E4D740,64,1,
AR,0,0x14A52F00,64,1,
AR,0,0x18102680,64,1,
AR,0,0x3AB5A840,64,1,
AR,0,0x47355B80,64,1,
AR,0,0xA2EF800,64,1,
AR,0,0x72BE03C0,64,1,
AR,0,0x76EB9D40,64,1,
AR,0,0x73CA7EC0,64,1,
AR,0,0x28572E00,64,1,
AR,0,0x6D785F80,64,1,
AR,0,0x4F15A40,64,1,
AR,0,0x16D62C0,64,1,
AR,0,0x210F8900,64,1,
AR,0,0x6D2DD500,64,1,
AR,0,0x114BA3C0,64,1,
AR,0,0x1DFF7380,64,1,
AR,0,0x36807E00,64,1,
AR,0,0x16198A40,64,1,
AR,0,0x6885CCC0,64,1,
AR,0,0x24AA0F80,64,1,
AR,0,0xE3E9340,64,1,
AR,0,0x1E0C6AC0,64,1,
AR,0,0x55840740,64,1,
AR,0,0x6A7E100,64,1,
AR,0,0x434AB780,64,1,
AR,0,0x9666800,64,1,
AR,0,0x79FB4F80,64,1,
AR,0,0x7F1A000,64,1,
AR,0,0x798BCB40,64,1,
AR,0,0x59DEFAC0,64,1,
AR,0,0xB76100,64,1,
AR,0,0x38848F00,64,1,
AR,0,0x5D078240,64,1,
AR,0,0x753DA700,64,1,
AR,0,0x7FB60940,64,1,
AR,0,0x5EDB5180,64,1,
AR,0,0x11010EC0,64,1,
AR,0,0x2B0B0080,64,1,
AR,0,0xE54B700,64,1,
AR,0,0x21212580,64,1,
AR,0,0x4A86E300,64,1,
AR,0,0x4E7FC100,64,1,
AR,0,0x7A171040,64,1,
AR,0,0x31285380,64,1,
AR,0,0x1967200,64,1,
AR,0,0x42016E00,64,1,
AR,0,0x374BFF40,64,1,
AR,0,0x11BDA00,64,1,
AR,0,0x74A5FD00,64,1,
AR,0,0x7AFEE40,64,1,
AR,0,0x2A31B4C0,64,1,
AR,0,0x3167040,64,1,
AR,0,0x26C07700,64,1,
AR,0,0x35592A40,64,1,
AR,0,0x56872380,64,1,
AR,0,0x2B1D9340,64,1,
AR,0,0x480E9800,64,1,
AR,0,0x1CE763C0,64,1,
AR,0,0x60ACD600,64,1,
AR,0,0x32281E40,64,1,
AR,0,0x3109B740,64,1,
AR,0,0x1D1AC40,64,1,
AR,0,0x60CDBD40,64,1,
AR,0,0x6C142A40,64,1,
AR,0,0x6D71B440,64,1,
AR,0,0x2A23AB00,64,1,
AR,0,0x1CC0AE80,64,1,
AR,0,0x3A7B8100,64,1,
AR,0,0x2E778200,64,1,
AR,0,0x29667400,64,1,
AR,0,0x4A31A00,64,1,
AR,0,0x17CCB200,64,1,
AR,0,0x28CC1A80,64,1,
AR,0,0x7AD45440,64,1,
AR,0,0x4C3FE280,64,1,
AR,0,0x4E83CEC0,64,1,
AR,0,0x7B121880,64,1,
AR,0,0x3FB45A40,64,1,
AR,0,0x3C89BC80,64,1,
AR,0,0x66669C80,64,1,
AR,0,0x6433E080,64,1,
AR,0,0x70698C0,64,1,
AR,0,0x6E9FB800,64,1,
AR,0,0x2F1BBB40,64,1,
AR,0,0x76D67DC0,64,1,
AR,0,0x66C76E80,64,1,
AR,0,0x14D67340,64,1,
AR,0,0x111F24C0,64,1,
AR,0,0x7D228780,64,1,
AR,0,0x5CCBD780,64,1,
AR,0,0x5C805940,64,1,
AR,0,0x820C480,64,1,
AR,0,0x69020D00,64,1,
AR,0,0x7B702B40,64,1,
AR,0,0x2A705080,64,1,
AR,0,0x1423A300,64,1,
AR,0,0x49217DC0,64,1,
AR,0,0x323EF480,64,1,
AR,0,0x76EBA9C0,64,1,
AR,0,0x7063B580,64,1,
AR,0,0x419857C0,64,1,
AR,0,0x448E5040,64,1,
AR,0,0x25334300,64,1,
AR,0,0x248E5240,64,1,
AR,0,0x51478340,64,1,
AR,0,0x4641C440,64,1,
AR,0,0x4A20B800,64,1,
AR,0,0x5FA74400,64,1,
AR,0,0x71E32CC0,64,1,
AR,0,0x5A0B9580,64,1,
AR,0,0x75F9D780,64,1,
AR,0,0x4F289800,64,1,
AR,0,0x744DA980,64,1,
AR,0,0x61B3A080,64,1,
AR,0,0x192C1D80,64,1,
AR,0,0x662F7140,64,1,
AR,0,0x3643F940,64,1,
AR,0,0x52DDC200,64,1,
AR,0,0x6388A9C0,64,1,
AR,0,0x20651640,64,1,
AR,0,0x2A836780,64,1,
AR,0,0x40223100,64,1,
AR,0,0x4C3A480,64,1,
AR,0,0x25383F80,64,1,
AR,0,0x7FE625C0,64,1,
AR,0,0x154B6280,64,1,
AR,0,0x13C46280,64,1,
AR,0,0x6737A780,64,1,
AR,0,0x230B8740,64,1,
AR,0,0x33123A00,64,1,
AR,0,0x60FE61C0,64,1,
AR,0,0x6B555280,64,1,
AR,0,0x6EC47D80,64,1,
AR,0,0x396D8680,64,1,
AR,0,0xFF2B600,64,1,
AR,0,0x29EE9C0,64,1,
AR,0,0x78288540,64,1,
AR,0,0x5CDCF900,64,1,
AR,0,0x3D30F40,64,1,
AR,0,0x52AB5900,64,1,
AR,0,0x3D292080,64,1,
AR,0,0x16B86980,64,1,
AR,0,0x4698B6C0,64,1,
AR,0,0x79172640,64,1,
AR,0,0xAAF5280,64,1,
AR,0,0x3C443BC0,64,1,
AR,0,0x3825D580,64,1,
AR,0,0x1F346C00,64,1,
AR,0,0x48A10140,64,1,
AR,0,0x2509E980,64,1,
AR,0,0x7E45F8C0,64,1,
AR,0,0x2EA63C80,64,1,
AR,0,0x40D44980,64,1,
AR,0,0x670D4C0,64,1,
AR,0,0x4E1DDE00,64,1,
AR,0,0x97F2340,64,1,
AR,0,0x2B279C0,64,1,
AR,0,0x3ECBFDC0,64,1,
AR,0,0x7FD57180,64,1,
AR,0,0x338AA00,64,1,
AR,0,0x68689A40,64,1,
AR,0,0x25D18E00,64,1,
AR,0,0x661B0180,64,1,
AR,0,0x15E1C780,64,1,
AR,0,0x310B0A00,64,1,
AR,0,0x2A382340,64,1,
AR,0,0x2913BA00,64,1,
AR,0,0x9BDF380,64,1,
AR,0,0x6A5F5600,64,1,
AR,0,0x36A904C0,64,1,
AR,0,0x6DB59940,64,1,
AR,0,0x4ADCE680,64,1,
AR,0,0x42F3EC00,64,1,
AR,0,0x7D6BE240,64,1,
AR,0,0x121F5700,64,1,
AR,0,0x1F937A40,64,1,
AR,0,0x1F49CC80,64,1,
AR,0,0x590C1A80,64,1,
AR,0,0x68970880,64,1,
AR,0,0x7BEF8800,64,1,
AR,0,0x5C78CB40,64,1,
AR,0,0x2D1B1C00,64,1,
AR,0,0x372BF540,64,1,
AR,0,0x12B53F40,64,1,
AR,0,0x10C3DFC0,64,1,
AR,0,0x1045CBC0,64,1,
AR,0,0x15B1D600,64,1,
AR,0,0xB986D00,64,1,
AR,0,0x28B08CC0,64,1,
AR,0,0x537CA80,64,1,
AR,0,0x37A61680,64,1,
AR,0,0x6FD92C00,64,1,
AR,0,0x70FB8B80,64,1,
AR,0,0x734D4AC0,64,1,
AR,0,0x158D4900,64,1,
AR,0,0x39781200,64,1,
AR,0,0x680EC6C0,64,1,
AR,0,0x12754000,64,1,
AR,0,0xC3A8600,64,1,
AR,0,0x7CA842C0,64,1,
AR,0,0x5A33E440,64,1,
AR,0,0x2D1D3300,64,1,
AR,0,0x323B5540,64,1,
AR,0,0x14EB9F80,64,1,
AR,0,0x7B64040,64,1,
AR,0,0x5B53B9C0,64,1,
AR,0,0x434D0980,64,1,
AR,0,0x46F67D80,64,1,
AR,0,0xF1476C0,64,1,
AR,0,0x47CB8380,64,1,
AR,0,0x5C8947C0,64,1,
AR,0,0x54169C00,64,1,
AR,0,0x67BA88C0,64,1,
AR,0,0xF354CC0,64,1,
AR,0,0x62652E00,64,1,
AR,0,0x3A033A40,64,1,
AR,0,0x789B0580,64,1,
AR,0,0x6D66D800,64,1,
AR,0,0x748D10C0,64,1,
AR,0,0x68D4F180,64,1,
AR,0,0x4A818180,64,1,
AR,0,0x2553CC40,64,1,
AR,0,0x5997BC40,64,1,
AR,0,0x64EDC9C0,64,1,
AR,0,0xE985E00,64,1,
AR,0,0x569B0300,64,1,
AR,0,0x6B7B3D80,64,1,
AR,0,0x74C5CA80,64,1,
AR,0,0x38E8480,64,1,
AR,0,0x2F5D48C0,64,1,
AR,0,0x41A85F80,64,1,
AR,0,0x30C11F40,64,1,
AR,0,0x76DA1E80,64,1,
AR,0,0x3B5AC000,64,1,
AR,0,0x3075AF00,64,1,
AR,0,0x5276E740,64,1,
AR,0,0x6298A0C0,64,1,
AR,0,0x32B73640,64,1,
AR,0,0x75A4240,64,1,
AR,0,0x2483A5C0,64,1,
AR,0,0x10BC0D40,64,1,
AR,0,0x554AB840,64,1,
AR,0,0x75A1DF40,64,1,
AR,0,0x413C3F80,64,1,
AR,0,0x25AD4E80,64,1,
AR,0,0x76440E00,64,1,
AR,0,0x3618F140,64,1,
AR,0,0x76F1F600,64,1,
AR,0,0x6E2CE140,64,1,
AR,0,0x20106CC0,64,1,
AR,0,0x13501640,64,1,
AR,0,0x1B9E38C0,64,1,
AR,0,0xD31DA00,64,1,
AR,0,0x2AF98780,64,1,
AR,0,0x3CDDA580,64,1,
AR,0,0x38F17F00,64,1,
AR,0,0x1FB52000,64,1,
AR,0,0x483AF680,64,1,
AR,0,0x66743C40,64,1,
AR,0,0x5C4E40C0,64,1,
AR,0,0x7BE0B740,64,1,
AR,0,0x1D331880,64,1,
AR,0,0x2C2929C0,64,1,
AR,0,0x6AF83F40,64,1,
AR,0,0x325C1040,64,1,
AR,0,0x4720B2C0,64,1,
AR,0,0x61661BC0,64,1,
AR,0,0x44AB5400,64,1,
AR,0,0x1E8DE500,64,1,
AR,0,0x58AA7F80,64,1,
AR,0,0x6068F6C0,64,1,
AR,0,0xDD4C40,64,1,
AR,0,0x30179340,64,1,
AR,0,0x4F491C00,64,1,
AR,0,0x6A32C800,64,1,
AR,0,0x121ADA40,64,1,
AR,0,0x58D786C0,64,1,
AR,0,0x463384C0,64,1,
AR,0,0x1D97C540,64,1,
AR,0,0x31A041C0,64,1,
AR,0,0x4DA12040,64,1,
AR,0,0x39F20AC0,64,1,
AR,0,0x23C8040,64,1,
AR,0,0x47834840,64,1,
AR,0,0x2056DD00,64,1,
AR,0,0x1135FF80,64,1,
AR,0,0x16EFC580,64,1,
AR,0,0x7730AB80,64,1,
AR,0,0x530CFF40,64,1,
AR,0,0x40B88DC0,64,1,
AR,0,0x6E1AEC80,64,1,
AR,0,0x275A22C0,64,1,
AR,0,0x74F2DB00,64,1,
AR,0,0x4B7E6800,64,1,
AR,0,0x7EC7E580,64,1,
AR,0,0x11371E40,64,1,
AR,0,0x2B725A80,64,1,
AR,0,0x45CC5D00,64,1,
AR,0,0x3A63BB80,64,1,
AR,0,0x14E35D00,64,1,
AR,0,0x649A540,64,1,
AR,0,0xC0EE7C0,64,1,
AR,0,0x51070F80,64,1,
AR,0,0x5E14FD80,64,1,
AR,0,0x4F8BB300,64,1,
AR,0,0xE5EA240,64,1,
AR,0,0xF1CBB40,64,1,
AR,0,0x2B018480,64,1,
AR,0,0x518A6980,64,1,
AR,0,0x7C75F4C0,64,1,
AR,0,0x66E90FC0,64,1,
AR,0,0x381AE800,64,1,
AR,0,0x77D0C980,64,1,
AR,0,0x3CD68380,64,1,
AR,0,0x6154A00,64,1,
AR,0,0x5179D780,64,1,
AR,0,0x34762700,64,1,
AR,0,0x6EC8EBC0,64,1,
AR,0,0x6131E800,64,1,
AR,0,0x585553C0,64,1,
AR,0,0x749E1800,64,1,
AR,0,0x4F045980,64,1,
AR,0,0x63669540,64,1,
AR,0,0x3AA23300,64,1,
AR,0,0x379D2380,64,1,
AR,0,0x6B4E1380,64,1,
AR,0,0x18EA300,64,1,
AR,0,0x32E03080,64,1,
AR,0,0x63238480,64,1,
AR,0,0x25F50000,64,1,
AR,0,0x1F217780,64,1,
AR,0,0x117DB8C0,64,1,
AR,0,0x2F790E40,64,1,
AR,0,0x3A56AB40,64,1,
AR,0,0x231768C0,64,1,
AR,0,0x35B24A80,64,1,
AR,0,0x68C51A00,64,1,
AR,0,0x34ADFFC0,64,1,
AR,0,0x251EE7C0,64,1,
AR,0,0x18653140,64,1,
AR,0,0x18020100,64,1,
AR,0,0x3E9C6000,64,1,
AR,0,0x3A1E7180,64,1,
AR,0,0x1E1CC140,64,1,
AR,0,0xD2E2C00,64,1,
AR,0,0xE26A100,64,1,
AR,0,0x567DE100,64,1,
AR,0,0x22267380,64,1,
AR,0,0x3537E280,64,1,
AR,0,0x741A9EC0,64,1,
AR,0,0x4D43AC80,64,1,
AR,0,0x334F1D80,64,1,
AR,0,0x668A7B80,64,1,
AR,0,0x4C0616C0,64,1,
AR,0,0x73850C0,64,1,
AR,0,0x71578A40,64,1,
AR,0,0x1B5AF1C0,64,1,
AR,0,0x1BE8B5C0,64,1,
AR,0,0x4D66340,64,1,
AR,0,0x6E2A7440,64,1,
AR,0,0x3842A400,64,1,
AR,0,0x1B7116C0,64,1,
AR,0,0x12212440,64,1,
AR,0,0xC5BE500,64,1,
AR,0,0x4FDE9F80,64,1,
AR,0,0x2FC2A180,64,1,
AR,0,0x2CB5E540,64,1,
AR,0,0x4E4A92C0,64,1,
AR,0,0x20724C80,64,1,
AR,0,0x2D862240,64,1,
AR,0,0x6C70C780,64,1,
AR,0,0x77D8A840,64,1,
AR,0,0x174A3480,64,1,
AR,0,0x808BB00,64,1,
AR,0,0x72114EC0,64,1,
AR,0,0x6FC862C0,64,1,
AR,0,0x74706340,64,1,
AR,0,0x51B4B100,64,1,
AR,0,0x76C47800,64,1,
AR,0,0x173E0F00,64,1,
AR,0,0x59242BC0,64,1,
AR,0,0x58FF26C0,64,1,
AR,0,0x6ADCFC0,64,1,
AR,0,0x77D18B00,64,1,
AR,0,0x52A4F1C0,64,1,
AR,0,0x62253880,64,1,
AR,0,0x5840A340,64,1,
AR,0,0x346BE640,64,1,
AR,0,0x8B89680,64,1,
AR,0,0x5B921600,64,1,
AR,0,0x1AEB6BC0,64,1,
AR,0,0x5B63DF00,64,1,
AR,0,0x1525E100,64,1,
AR,0,0x40D3C480,64,1,
AR,0,0xEA02480,64,1,
AR,0,0x5FBB5E00,64,1,
AR,0,0x7D315200,64,1,
AR,0,0x1A1068C0,64,1,
AR,0,0x75EB1180,64,1,
AR,0,0x73844F80,64,1,
AR,0,0x3AE57140,64,1,
AR,0,0x37516C40,64,1,
AR,0,0x45C29500,64,1,
AR,0,0x5AEDCAC0,64,1,
AR,0,0x44595D40,64,1,
AR,0,0x79003780,64,1,
AR,0,0x366F0D40,64,1,
AR,0,0x6E05EB80,64,1,
AR,0,0x5E7AF840,64,1,
AR,0,0x257F7700,64,1,
AR,0,0x1E4417C0,64,1,
AR,0,0x50537E40,64,1,
AR,0,0x3EEC1A40,64,1,
AR,0,0x51DD1E40,64,1,
AR,0,0x10E14900,64,1,
AR,0,0x5EE2F2C0,64,1,
AR,0,0x2BB1F080,64,1,
AR,0,0x2CC67680,64,1,
AR,0,0x1D71F240,64,1,
AR,0,0x3F3C86C0,64,1,
AR,0,0x6B06D980,64,1,
AR,0,0x234BED40,64,1,
AR,0,0x80A8AC0,64,1,
AR,0,0x6A652900,64,1,
AR,0,0x4E2D5000,64,1,
AR,0,0x76B0E900,64,1,
AR,0,0x534A0B00,64,1,
AR,0,0x155C01C0,64,1,
AR,0,0x6EDFA700,64,1,
AR,0,0xDCF8100,64,1,
AR,0,0x4243D8C0,64,1,
AR,0,0x46A05780,64,1,
AR,0,0x19C698C0,64,1,
AR,0,0x1E7135C0,64,1,
AR,0,0x4C00E440,64,1,
AR,0,0x66C2A700,64,1,
AR,0,0x7B10E540,64,1,
AR,0,0x7AA421C0,64,1,
AR,0,0x1F387F40,64,1,
AR,0,0x1E6F6C80,64,1,
AR,0,0x1B3A1740,64,1,
AR,0,0x7D5B0280,64,1,
AR,0,0x11CAF500,64,1,
AR,0,0x4AA36280,64,1,
AR,0,0x167EF540,64,1,
AR,0,0x3D0EB5C0,64,1,
AR,0,0x40BCB680,64,1,
AR,0,0x3936B380,64,1,
AR,0,0x3FA55000,64,1,
AR,0,0x60FCE180,64,1,
AR,0,0x67C5C00,64,1,
AR,0,0x60021600,64,1,
AR,0,0x3624CE00,64,1,
AR,0,0x15B87E80,64,1,
AR,0,0x50FBCBC0,64,1,
AR,0,0x1C17440,64,1,
AR,0,0x61F2A840,64,1,
AR,0,0x7E365840,64,1,
AR,0,0x613DC0C0,64,1,
AR,0,0x43261FC0,64,1,
AR,0,0x2F172180,64,1,
AR,0,0x27D3DF80,64,1,
AR,0,0x41A1C900,64,1,
AR,0,0x68E3A3C0,64,1,
AR,0,0x253EFB00,64,1,
AR,0,0x4CE41340,64,1,
AR,0,0x1677DA80,64,1,
AR,0,0x323CD700,64,1,
AR,0,0x29146CC0,64,1,
AR,0,0x3C97D5C0,64,1,
AR,0,0x32190180,64,1,
AR,0,0x2BF67040,64,1,
AR,0,0x556BE2C0,64,1,
AR,0,0x42ADEA80,64,1,
AR,0,0x5BB18380,64,1,
AR,0,0x26B0FFC0,64,1,
AR,0,0x3A6C11C0,64,1,
AR,0,0x72936F00,64,1,
AR,0,0x210C9AC0,64,1,
AR,0,0x1E4D2640,64,1,
AR,0,0x66653440,64,1,
AR,0,0x3DECFAC0,64,1,
AR,0,0x200F7100,64,1,
AR,0,0x11A81F00,64,1,
AR,0,0x13706C00,64,1,
AR,0,0x4A858680,64,1,
AR,0,0x68CF1F40,64,1,
AR,0,0x327C5240,64,1,
AR,0,0x1E3A4F80,64,1,
AR,0,0x1E8B9C0,64,1,
AR,0,0xF31A880,64,1,
AR,0,0x67C2B780,64,1,
AR,0,0x1EB0A780,64,1,
AR,0,0x6D7C7640,64,1,
AR,0,0xBD86B80,64,1,
AR,0,0x6C7C0EC0,64,1,
AR,0,0x5D45AF40,64,1,
AR,0,0x6FD56080,64,1,
AR,0,0x37328800,64,1,
AR,0,0x4435ADC0,64,1,
AR,0,0x5CA7FBC0,64,1,
AR,0,0x25A4680,64,1,
AR,0,0x3239CAC0,64,1,
AR,0,0x68AD1D40,64,1,
AR,0,0x2D8F5C00,64,1,
AR,0,0x61B16D80,64,1,
AR,0,0x7C8ECD00,64,1,
AR,0,0x79C68100,64,1,
AR,0,0x2451D7C0,64,1,
AR,0,0x79691140,64,1,
AR,0,0x1BAEC40,64,1,
AR,0,0x3A93CC00,64,1,
AR,0,0x42DAB280,64,1,
AR,0,0x70A051C0,64,1,
AR,0,0x4DDE4E40,64,1,
AR,0,0x7BEE90C0,64,1,
AR,0,0x572E76C0,64,1,
AR,0,0x105FCC0,64,1,
AR,0,0x367F6FC0,64,1,
AR,0,0x7650A4C0,64,1,
AR,0,0x1EFE41C0,64,1,
AR,0,0x14928B00,64,1,
AR,0,0x4CC34640,64,1,
AR,0,0x68D86200,64,1,
AR,0,0x45E24CC0,64,1,
AR,0,0x37C43040,64,1,
AR,0,0xAEC2A40,64,1,
AR,0,0x43BA9140,64,1,
AR,0,0x49F65DC0,64,1,
AR,0,0x31749040,64,1,
AR,0,0xDB2E300,64,1,
AR,0,0x1219B080,64,1,
AR,0,0x6C05B900,64,1,
AR,0,0x47999D00,64,1,
AR,0,0x375EAC0,64,1,
AR,0,0x345D7640,64,1,
AR,0,0x2E716700,64,1,
AR,0,0x12E2F740,64,1,
AR,0,0x7AB687C0,64,1,
AR,0,0x34AB2940,64,1,
AR,0,0x4D5A7140,64,1,
AR,0,0x5F224E00,64,1,
AR,0,0x1A275C0,64,1,
AR,0,0x16003A40,64,1,
AR,0,0x1658AD80,64,1,
AR,0,0x244827C0,64,1,
AR,0,0x10A29800,64,1,
AR,0,0x35F7CF00,64,1,
AR,0,0xDFA2840,64,1,
AR,0,0x65E12E00,64,1,
AR,0,0x380AC00,64,1,
AR,0,0x31D2DCC0,64,1,
AR,0,0x2F2B4F80,64,1,
AR,0,0x23B3C640,64,1,
AR,0,0xE3EE640,64,1,
AR,0,0x4BDF6980,64,1,
AR,0,0x21D70640,64,1,
AR,0,0x3E53E300,64,1,
AR,0,0x18074A40,64,1,
AR,0,0x51BD7DC0,64,1,
AR,0,0x1C1A6840,64,1,
AR,0,0x62B2C180,64,1,
AR,0,0x2A5EE280,64,1,
AR,0,0x7EBDDDC0,64,1,
AR,0,0x27DBAE00,64,1,
AR,0,0x74076A80,64,1,
AR,0,0x4A137A80,64,1,
AR,0,0x1ED93800,64,1,
AR,0,0x38106640,64,1,
AR,0,0x74958B00,64,1,
AR,0,0x22ED6DC0,64,1,
AR,0,0x7021F1C0,64,1,
AR,0,0x5206A3C0,64,1,
AR,0,0x7919E40,64,1,
AR,0,0x133A85C0,64,1,
AR,0,0x67E04380,64,1,
AR,0,0x50A16D00,64,1,
AR,0,0x252D9640,64,1,
AR,0,0x129AD500,64,1,
AR,0,0x16A5CE40,64,1,
AR,0,0x400D2900,64,1,
AR,0,0x18FDA800,64,1,
AR,0,0x5C7D3EC0,64,1,
AR,0,0x16F91780,64,1,
AR,0,0x44E93840,64,1,
AR,0,0x7000B0C0,64,1,
AR,0,0x556BC540,64,1,
AR,0,0x59BF8E40,64,1,
AR,0,0x758CC740,64,1,
AR,0,0x410BB540,64,1,
AR,0,0x4F7972C0,64,1,
AR,0,0x4AE53580,64,1,
AR,0,0x94D0D80,64,1,
AR,0,0x6DC519C0,64,1,
AR,0,0x433F3B40,64,1,
AR,0,0x186D4140,64,1,
AR,0,0x69E21000,64,1,
AR,0,0x2873F000,64,1,
AR,0,0x78667FC0,64,1,
AR,0,0x502CD380,64,1,
AR,0,0x3FCEEF00,64,1,
AR,0,0x6DD19200,64,1,
AR,0,0x590056C0,64,1,
AR,0,0x57031380,64,1,
AR,0,0x16C74F80,64,1,
AR,0,0x39ED340,64,1,
AR,0,0x4C8F7200,64,1,
AR,0,0x67D9DBC0,64,1,
AR,0,0x51136BC0,64,1,
AR,0,0x49CDBD00,64,1,
AR,0,0x4940AE00,64,1,
AR,0,0x6D68BE80,64,1,
AR,0,0x76704E80,64,1,
AR,0,0x420E7BC0,64,1,
AR,0,0x5C77A00,64,1,
AR,0,0x7D39580,64,1,
AR,0,0x258619C0,64,1,
AR,0,0x53BE4C40,64,1,
AR,0,0x682939C0,64,1,
AR,0,0x14A9F780,64,1,
AR,0,0x1A998680,64,1,
AR,0,0x57BA7A00,64,1,
AR,0,0x564A40,64,1,
AR,0,0x3EADDE00,64,1,
AR,0,0x496304C0,64,1,
AR,0,0x78A6480,64,1,
AR,0,0x1EEC3DC0,64,1,
AR,0,0x34715380,64,1,
AR,0,0x4EBA9500,64,1,
AR,0,0x2036FB00,64,1,
AR,0,0x2401FD00,64,1,
AR,0,0x14200500,64,1,
AR,0,0x272E18C0,64,1,
AR,0,0x58F19180,64,1,
AR,0,0x32A9100,64,1,
AR,0,0x6D030140,64,1,
AR,0,0x31261B00,64,1,
AR,0,0x579DDC00,64,1,
AR,0,0x433C6A00,64,1,
AR,0,0x7553C00,64,1,
AR,0,0x37C5E080,64,1,
AR,0,0x42E07180,64,1,
AR,0,0x6F338880,64,1,
AR,0,0x2D61C300,64,1,
AR,0,0x1C65A440,64,1,
AR,0,0x43695640,64,1,
AR,0,0x5D437140,64,1,
AR,0,0x3C801140,64,1,
AR,0,0x2F5DBC00,64,1,
AR,0,0x740AED80,64,1,
AR,0,0x1E95E80,64,1,
AR,0,0x3EE1D1C0,64,1,
AR,0,0x64B7AC80,64,1,
AR,0,0x18F98180,64,1,
AR,0,0x1C87A000,64,1,
AR,0,0x6FC89200,64,1,
AR,0,0x14FE1280,64,1,
AR,0,0x53327640,64,1,
AR,0,0x5EC55440,64,1,
AR,0,0x597A8C0,64,1,
AR,0,0x8895040,64,1,
AR,0,0x332CD7C0,64,1,
AR,0,0x445BB800,64,1,
AR,0,0x59AE8800,64,1,
AR,0,0x6C87E300,64,1,
AR,0,0x19AA42C0,64,1,
AR,0,0x6777FC80,64,1,
AR,0,0x18794AC0,64,1,
AR,0,0x7F7DC580,64,1,
AR,0,0x12BD4100,64,1,
AR,0,0x455B1A00,64,1,
AR,0,0x19CBC180,64,1,
AR,0,0x2F9D7F40,64,1,
AR,0,0x47F7C0,64,1,
AR,0,0x2D940900,64,1,
AR,0,0x63FC35C0,64,1,
AR,0,0x59C3D00,64,1,
AR,0,0x7C0BEA80,64,1,
AR,0,0x5BCDC680,64,1,
AR,0,0x32A27240,64,1,
AR,0,0x5A553400,64,1,
AR,0,0x6F6177C0,64,1,
AR,0,0x2955BD80,64,1,
AR,0,0x28661AC0,64,1,
AR,0,0x613A6C40,64,1,
AR,0,0x12635E00,64,1,
AR,0,0x2E67A940,64,1,
AR,0,0xA8E8E40,64,1,
AR,0,0x1F751680,64,1,
AR,0,0x8C5D680,64,1,
AR,0,0x35CFA280,64,1,
AR,0,0x6A776B00,64,1,
AR,0,0x75F79840,64,1,
AR,0,0x35CDD780,64,1,
AR,0,0x65072C40,64,1,
AR,0,0xA636980,64,1,
AR,0,0x1B8235C0,64,1,
AR,0,0x76C9200,64,1,
AR,0,0x3E8F6680,64,1,
AR,0,0x1CB9EFC0,64,1,
AR,0,0x1F82A380,64,1,
AR,0,0x3262D3C0,64,1,
AR,0,0x709DA140,64,1,
AR,0,0x2DB60A00,64,1,
AR,0,0x44A1F340,64,1,
AR,0,0x6283C80,64,1,
AR,0,0x4CF100,64,1,
AR,0,0x435FF800,64,1,
AR,0,0x2FFE4CC0,64,1,
AR,0,0xAF73480,64,1,
AR,0,0x6063E6C0,64,1,
AR,0,0x4FED5C40,64,1,
AR,0,0x31C36100,64,1,
AR,0,0x30E5BE80,64,1,
AR,0,0x4FAA7D40,64,1,
AR,0,0x10AF1980,64,1,
AR,0,0x11CA8300,64,1,
AR,0,0x759C1F80,64,1,
AR,0,0x1937CE80,64,1,
AR,0,0x5528DE40,64,1,
AR,0,0x40791280,64,1,
AR,0,0x2C6C2DC0,64,1,
AR,0,0x5DD845C0,64,1,
AR,0,0x6F792100,64,1,
AR,0,0x7917540,64,1,
AR,0,0x4626EC40,64,1,
AR,0,0x5DEC3200,64,1,
AR,0,0x50C17540,64,1,
AR,0,0x2532FA40,64,1,
AR,0,0x7A500180,64,1,
AR,0,0x4B91A740,64,1,
AR,0,0x19D39D80,64,1,
AR,0,0x5A1BC380,64,1,
AR,0,0x58D1380,64,1,
AR,0,0x79075740,64,1,
AR,0,0x3313CE80,64,1,
AR,0,0x241C9240,64,1,
AR,0,0x5AA416C0,64,1,
AR,0,0x3505E080,64,1,
AR,0,0x185F5240,64,1,
AR,0,0x462A0C40,64,1,
AR,0,0x27470EC0,64,1,
AR,0,0x79238C0,64,1,
AR,0,0x24851C00,64,1,
AR,0,0x5CDEC180,64,1,
AR,0,0x45488B80,64,1,
AR,0,0x7B948CC0,64,1,
AR,0,0x20F20380,64,1,
AR,0,0x380BE240,64,1,
AR,0,0x66E18180,64,1,
AR,0,0x4A0889C0,64,1,
AR,0,0x20070340,64,1,
AR,0,0x5C1FA980,64,1,
AR,0,0x18FF840,64,1,
AR,0,0xB6B800,64,1,
AR,0,0x5FE34500,64,1,
AR,0,0x7BAE1A00,64,1,
AR,0,0x5B9D940,64,1,
AR,0,0x4C1DD440,64,1,
AR,0,0x38234200,64,1,
AR,0,0x2A2DCD80,64,1,
AR,0,0x4DF3F200,64,1,
AR,0,0x74F9FE80,64,1,
AR,0,0x2DC55CC0,64,1,
AR,0,0x214D3C80,64,1,
AR,0,0x1D8FC800,64,1,
AR,0,0x60F8E300,64,1,
AR,0,0x7C7F780,64,1,
AR,0,0xE48C900,64,1,
AR,0,0x21FF0C00,64,1,
AR,0,0x58BC78C0,64,1,
AR,0,0x32C2DD80,64,1,
AR,0,0x75E5E580,64,1,
AR,0,0x61AC9D80,64,1,
AR,0,0x9ECBC40,64,1,
AR,0,0x5D477200,64,1,
AR,0,0x3D092100,64,1,
AR,0,0x6351C800,64,1,
AR,0,0x7D9F5280,64,1,
AR,0,0x5A9D4FC0,64,1,
AR,0,0x5E0CC240,64,1,
AR,0,0x3199140,64,1,
AR,0,0x7EE6D6C0,64,1,
AR,0,0x87F1900,64,1,
AR,0,0x123B98C0,64,1,
AR,0,0x223DFE80,64,1,
AR,0,0x4FCBD080,64,1,
AR,0,0x406E23C0,64,1,
AR,0,0x1753E3C0,64,1,
AR,0,0x518B7A00,64,1,
AR,0,0x4E35D900,64,1,
AR,0,0x3BD58C0,64,1,
AR,0,0x42F3CAC0,64,1,
AR,0,0x53065080,64,1,
AR,0,0x26AC3380,64,1,
AR,0,0x7A7E28C0,64,1,
AR,0,0x633424C0,64,1,
AR,0,0x52C24F80,64,1,
AR,0,0x74842280,64,1,
AR,0,0x1D437300,64,1,
AR,0,0x4B9EC000,64,1,
AR,0,0xC221CC0,64,1,
AR,0,0x7C405EC0,64,1,
AR,0,0x1615FD00,64,1,
AR,0,0x5C206A00,64,1,
AR,0,0x5320EC0,64,1,
AR,0,0x74969940,64,1,
AR,0,0x3942B800,64,1,
AR,0,0x3B91A1C0,64,1,
AR,0,0x4F5F4E40,64,1,
AR,0,0x87E5C00,64,1,
AR,0,0x4D003600,64,1,
AR,0,0x7D9E9D80,64,1,
AR,0,0x7C964580,64,1,
AR,0,0x6A63B280,64,1,
AR,0,0xAB1F900,64,1,
AR,0,0x582BAA40,64,1,
AR,0,0x5F1200,64,1,
AR,0,0x2819E840,64,1,
AR,0,0x2D218D00,64,1,
AR,0,0x40C86440,64,1,
AR,0,0x3AE69B00,64,1,
AR,0,0x6F597940,64,1,
AR,0,0x2DACFB40,64,1,
AR,0,0x757DF000,64,1,
AR,0,0x6D5E2780,64,1,
AR,0,0x319CF440,64,1,
AR,0,0x1B38F600,64,1,
AR,0,0x3B54B240,64,1,
AR,0,0x7CF623C0,64,1,
AR,0,0xA3C6400,64,1,
AR,0,0x263943C0,64,1,
AR,0,0x2200BAC0,64,1,
AR,0,0x63C21240,64,1,
AR,0,0x6C0E9F40,64,1,
AR,0,0x385661C0,64,1,
AR,0,0x164C8F00,64,1,
AR,0,0x4E6E3040,64,1,
AR,0,0x71D2240,64,1,
AR,0,0x38E6E500,64,1,
AR,0,0x12C59AC0,64,1,
AR,0,0x5666DE00,64,1,
AR,0,0x3BF8DC0,64,1,
AR,0,0x7C4FDA80,64,1,
AR,0,0x7EF99580,64,1,
AR,0,0x17048E80,64,1,
AR,0,0x39CA2D00,64,1,
AR,0,0x6B0DD8C0,64,1,
AR,0,0x5A889E40,64,1,
AR,0,0x13AA8F80,64,1,
AR,0,0x65929F80,64,1,
AR,0,0x537ECEC0,64,1,
AR,0,0x3EBCF580,64,1,
AR,0,0x5499EB00,64,1,
AR,0,0x344BCB80,64,1,
AR,0,0x323E0500,64,1,
AR,0,0x48DA9A40,64,1,
AR,0,0x1D89800,64,1,
AR,0,0x69C0F5C0,64,1,
AR,0,0x7B07A580,64,1,
AR,0,0x71BB0400,64,1,
AR,0,0x38CC1240,64,1,
AR,0,0x5BF77080,64,1,
AR,0,0x16564E80,64,1,
AR,0,0x1053ADC0,64,1,
AR,0,0x5CA5D4C0,64,1,
AR,0,0x4C48F400,64,1,
AR,0,0x23291EC0,64,1,
AR,0,0x772AB740,64,1,
AR,0,0x518E5900,64,1,
AR,0,0x1A2AC680,64,1,
AR,0,0x40BAEF80,64,1,
AR,0,0x3068D2C0,64,1,
AR,0,0x5249B5C0,64,1,
AR,0,0xBB254C0,64,1,
AR,0,0x1B7CA800,64,1,
AR,0,0x3D4AC100,64,1,
AR,0,0x543D58C0,64,1,
AR,0,0x64988C00,64,1,
AR,0,0x2B09E540,64,1,
AR,0,0x5E5A9000,64,1,
AR,0,0x14702640,64,1,
AR,0,0x6C76C140,64,1,
AR,0,0x21397E00,64,1,
AR,0,0x5D485480,64,1,
AR,0,0x59B77F40,64,1,
AR,0,0x66325E00,64,1,
AR,0,0x1ED26B80,64,1,
AR,0,0x4A169C80,64,1,
AR,0,0x5C66B3C0,64,1,
AR,0,0x6F2F5780,64,1,
AR,0,0x59F63C0,64,1,
AR,0,0x3DAF1340,64,1,
AR,0,0x6C3EAA40,64,1,
AR,0,0x3A33E500,64,1,
AR,0,0x39376580,64,1,
AR,0,0x14B8FC0,64,1,
AR,0,0x2BCB4340,64,1,
AR,0,0x7DC569C0,64,1,
AR,0,0x7B77C600,64,1,
AR,0,0x6B4F01C0,64,1,
AR,0,0x28DD28C0,64,1,
AR,0,0x2AD673C0,64,1,
AR,0,0xCA10940,64,1,
AR,0,0x41ED9200,64,1,
AR,0,0x7E885200,64,1,
AR,0,0x4D905880,64,1,
AR,0,0x118A5680,64,1,
AR,0,0x560DE100,64,1,
AR,0,0x4CEF0580,64,1,
AR,0,0x2C10FE80,64,1,
AR,0,0x7F55D40,64,1,
AR,0,0x53BE5240,64,1,
AR,0,0x60976400,64,1,
AR,0,0x73E4CB80,64,1,
AR,0,0x3F018B40,64,1,
AR,0,0x581DC680,64,1,
AR,0,0x441C6D00,64,1,
AR,0,0x7EF08240,64,1,
AR,0,0x4F15DA40,64,1,
AR,0,0x57EA6E00,64,1,
AR,0,0x5BFAC100,64,1,
AR,0,0x5BA3C440,64,1,
AR,0,0x52B8F640,64,1,
AR,0,0x67FC4F80,64,1,
AR,0,0x35F86000,64,1,
AR,0,0x6D196100,64,1,
AR,0,0x41180F00,64,1,
AR,0,0x3073E2C0,64,1,
AR,0,0x1691400,64,1,
AR,0,0x4572E800,64,1,
AR,0,0x42981600,64,1,
AR,0,0x47F563C0,64,1,
AR,0,0x66AC9C00,64,1,
AR,0,0x7E93ECC0,64,1,
AR,0,0x13F43B80,64,1,
AR,0,0xD050F00,64,1,
AR,0,0x59A4D100,64,1,
AR,0,0x4B342EC0,64,1,
AR,0,0x3A5D1DC0,64,1,
AR,0,0x3E5302C0,64,1,
AR,0,0x7955D7C0,64,1,
AR,0,0x51F66000,64,1,
AR,0,0x6DF4A6C0,64,1,
AR,0,0x66234440,64,1,
AR,0,0x5738580,64,1,
AR,0,0x40F296C0,64,1,
AR,0,0xE212740,64,1,
AR,0,0x27B24740,64,1,
AR,0,0x1A46F8C0,64,1,
AR,0,0x33DC9C0,64,1,
AR,0,0x5667EBC0,64,1,
AR,0,0x2CE3F200,64,1,
AR,0,0x77435EC0,64,1,
AR,0,0x79CCD740,64,1,
AR,0,0x33977580,64,1,
AR,0,0x2F0D62C0,64,1,
AR,0,0xC4BE4C0,64,1,
AR,0,0x464700C0,64,1,
AR,0,0x68F48B80,64,1,
AR,0,0x26BCF5C0,64,1,
AR,0,0x2A0C3700,64,1,
AR,0,0x638F1780,64,1,
AR,0,0x1360B300,64,1,
AR,0,0xCF40B00,64,1,
AR,0,0x46C9F580,64,1,
AR,0,0x4C098C00,64,1,
AR,0,0x6209DDC0,64,1,
AR,0,0x6960B100,64,1,
AR,0,0x64C27C00,64,1,
AR,0,0xDEA8F80,64,1,
AR,0,0x6A2E96C0,64,1,
AR,0,0x6F5085C0,64,1,
AR,0,0x1779D800,64,1,
AR,0,0x4DC98FC0,64,1,
AR,0,0x5486E1C0,64,1,
AR,0,0x108A21C0,64,1,
AR,0,0x664A0E40,64,1,
AR,0,0x45EE9D40,64,1,
AR,0,0x1EF0F100,64,1,
AR,0,0x2D404000,64,1,
AR,0,0xD41D900,64,1,
AR,0,0x1EDC34C0,64,1,
AR,0,0x46A78040,64,1,
AR,0,0x62055A40,64,1,
AR,0,0x12631100,64,1,
AR,0,0x38134140,64,1,
AR,0,0x7187F3C0,64,1,
AR,0,0x355C9E00,64,1,
AR,0,0x9E533C0,64,1,
AR,0,0x36E4AD40,64,1,
AR,0,0x21199480,64,1,
AR,0,0x7E166100,64,1,
AR,0,0x694F3F00,64,1,
AR,0,0x1C6A2D00,64,1,
AR,0,0x2CCD6C40,64,1,
AR,0,0x10DC8980,64,1,
AR,0,0x3CE1FCC0,64,1,
AR,0,0x6D4FFB80,64,1,
AR,0,0x69E16BC0,64,1,
AR,0,0x2BCAF80,64,1,
AR,0,0x4850F440,64,1,
AR,0,0x6C2A8AC0,64,1,
AR,0,0x721CC780,64,1,
AR,0,0x71E20FC0,64,1,
AR,0,0x65A8AAC0,64,1,
AR,0,0x281BD640,64,1,
AR,0,0x252E7880,64,1,
AR,0,0x166D4A00,64,1,
AR,0,0x14AAA140,64,1,
AR,0,0x7DA56640,64,1,
AR,0,0x7564F300,64,1,
AR,0,0x37DA4640,64,1,
AR,0,0x70AB1080,64,1,
AR,0,0x7F928F00,64,1,
AR,0,0x58C9B0C0,64,1,
AR,0,0x6119F40,64,1,
AR,0,0x2312B200,64,1,
AR,0,0x34C62C80,64,1,
AR,0,0x136C90C0,64,1,
AR,0,0x48F98F40,64,1,
AR,0,0x3F89D3C0,64,1,
AR,0,0x2DABB9C0,64,1,
AR,0,0x385C5E80,64,1,
AR,0,0x5DF38C0,64,1,
AR,0,0xDEA4E40,64,1,
AR,0,0x28B51200,64,1,
AR,0,0x4B158F80,64,1,
AR,0,0x1C9C4980,64,1,
AR,0,0x3E7C1080,64,1,
AR,0,0x58605C00,64,1,
AR,0,0x7F0D3600,64,1,
AR,0,0x7C8C8780,64,1,
AR,0,0x39D18700,64,1,
AR,0,0x42413E40,64,1,
AR,0,0x3B85E000,64,1,
AR,0,0x26D4E5C0,64,1,
AR,0,0x1121DD00,64,1,
AR,0,0x23CADC00,64,1,
AR,0,0x18172CC0,64,1,
AR,0,0x3C3B00C0,64,1,
AR,0,0x2CF6A380,64,1,
AR,0,0x5EC78EC0,64,1,
AR,0,0x7034ECC0,64,1,
AR,0,0x7AFD6600,64,1,
AR,0,0x281CDA80,64,1,
AR,0,0x33CF8180,64,1,
AR,0,0x6EE6DF40,64,1,
AR,0,0x67FF1440,64,1,
AR,0,0x45DD4580,64,1,
AR,0,0xDD96640,64,1,
AR,0,0x27A57B00,64,1,
AR,0,0x792441C0,64,1,
AR,0,0x5B7ECEC0,64,1,
AR,0,0x10DB5500,64,1,
AR,0,0xF755100,64,1,
AR,0,0x6C347C40,64,1,
AR,0,0x4C1A0A80,64,1,
AR,0,0x17967140,64,1,
AR,0,0x1F56CA40,64,1,
AR,0,0x2A2CCA80,64,1,
AR,0,0x8728F40,64,1,
AR,0,0x72B55C40,64,1,
AR,0,0x611E7140,64,1,
AR,0,0x22E1CB40,64,1,
AR,0,0x74052440,64,1,
AR,0,0x5A3D8D00,64,1,
AR,0,0x7231EC0,64,1,
AR,0,0x60223080,64,1,
AR,0,0x22C2640,64,1,
AR,0,0x7D3AB380,64,1,
AR,0,0x5DD42180,64,1,
AR,0,0x348A2780,64,1,
AR,0,0x66B71F00,64,1,
AR,0,0x67CCF740,64,1,
AR,0,0x466269C0,64,1,
AR,0,0x4D537280,64,1,
AR,0,0x567F2E00,64,1,
AR,0,0x3A19D140,64,1,
AR,0,0x7AA864C0,64,1,
AR,0,0x55489340,64,1,
AR,0,0x2C63B4C0,64,1,
AR,0,0xAA1C380,64,1,
AR,0,0x56EA5D80,64,1,
AR,0,0x353EA4C0,64,1,
AR,0,0x106ADCC0,64,1,
AR,0,0x584D4980,64,1,
AR,0,0x1F380200,64,1,
AR,0,0x3A663AC0,64,1,
AR,0,0x189C13C0,64,1,
AR,0,0x61032100,64,1,
AR,0,0x253714C0,64,1,
AR,0,0x48242900,64,1,
AR,0,0x210F1500,64,1,
AR,0,0x4D63C280,64,1,
AR,0,0x2A1F2280,64,1,
AR,0,0x665CB80,64,1,
AR,0,0x28117C40,64,1,
AR,0,0x3BA857C0,64,1,
AR,0,0x74156740,64,1,
AR,0,0x3577A8C0,64,1,
AR,0,0x180A1E80,64,1,
AR,0,0x47E27140,64,1,
AR,0,0x78906240,64,1,
AR,0,0x7171F180,64,1,
AR,0,0x59F6EC0,64,1,
AR,0,0x7F18E00,64,1,
AR,0,0x4E1F24C0,64,1,
AR,0,0x6495E280,64,1,
AR,0,0x6D085640,64,1,
AR,0,0x76B252C0,64,1,
AR,0,0x6415A00,64,1,
AR,0,0x4F15C140,64,1,
AR,0,0x31D6ED80,64,1,
AR,0,0x423C4D00,64,1,
AR,0,0x6BE6BA00,64,1,
AR,0,0x16949DC0,64,1,
AR,0,0x5ECB4680,64,1,
AR,0,0x1C1F8EC0,64,1,
AR,0,0x75A2E980,64,1,
AR,0,0x3D1BF3C0,64,1,
AR,0,0xBBF80C0,64,1,
AR,0,0x3B167200,64,1,
AR,0,0x25202E40,64,1,
AR,0,0x12366C00,64,1,
AR,0,0x79310CC0,64,1,
AR,0,0x6F2EE740,64,1,
AR,0,0x73E46740,64,1,
AR,0,0x337E9780,64,1,
AR,0,0x36BC140,64,1,
AR,0,0x37D5B680,64,1,
AR,0,0x2A5602C0,64,1,
AR,0,0x74AF2CC0,64,1,
AR,0,0x7084E980,64,1,
AR,0,0x52BFD780,64,1,
AR,0,0x524C66C0,64,1,
AR,0,0x63AD0E00,64,1,
AR,0,0x755B2C40,64,1,
AR,0,0xE283EC0,64,1,
AR,0,0x1F5638C0,64,1,
AR,0,0x41C1B240,64,1,
AR,0,0x28F31E40,64,1,
AR,0,0x6D0C0B40,64,1,
AR,0,0x715D0040,64,1,
AR,0,0x1B72ED80,64,1,
AR,0,0x6816E680,64,1,
AR,0,0xD8CA680,64,1,
AR,0,0x2ABB280,64,1,
AR,0,0x7CBB4200,64,1,
AR,0,0x3D51FA00,64,1,
AR,0,0x5CA72DC0,64,1,
AR,0,0x490155C0,64,1,
AR,0,0x5AF0ADC0,64,1,
AR,0,0x4147E140,64,1,
AR,0,0x3966DBC0,64,1,
AR,0,0x60F72340,64,1,
AR,0,0x3CF81F00,64,1,
AR,0,0x50251800,64,1,
AR,0,0xA5DA080,64,1,
AR,0,0x2B439B40,64,1,
AR,0,0x26F7D980,64,1,
AR,0,0x3B978E00,64,1,
AR,0,0x43DBB200,64,1,
AR,0,0x5B3E0E40,64,1,
AR,0,0x2515BF40,64,1,
AR,0,0x35880,64,1,
AR,0,0x7C8690C0,64,1,
AR,0,0x69031480,64,1,
AR,0,0x2B70CE00,64,1,
AR,0,0x1785E480,64,1,
AR,0,0x4B207FC0,64,1,
AR,0,0x235A9EC0,64,1,
AR,0,0x1F0CD240,64,1,
AR,0,0x20311300,64,1,
AR,0,0x62FF0580,64,1,
AR,0,0x66AD4540,64,1,
AR,0,0x1A110700,64,1,
AR,0,0x152507C0,64,1,
AR,0,0x5FFF3B00,64,1,
AR,0,0x3A49BC80,64,1,
AR,0,0x4A87BA00,64,1,
AR,0,0x15C35600,64,1,
AR,0,0x58A0F3C0,64,1,
AR,0,0x5B9A18C0,64,1,
AR,0,0x668F4980,64,1,
AR,0,0x372143C0,64,1,
AR,0,0x51938D00,64,1,
AR,0,0x38726180,64,1,
AR,0,0x6172B280,64,1,
AR,0,0x5F13CB40,64,1,
AR,0,0x54541C80,64,1,
AR,0,0x4B74DC40,64,1,
AR,0,0x34C80840,64,1,
AR,0,0x6087240,64,1,
AR,0,0xD7B0040,64,1,
AR,0,0x42171700,64,1,
AR,0,0x4AA26F80,64,1,
AR,0,0x863FDC0,64,1,
AR,0,0x9F7C40,64,1,
AR,0,0x54D0BC40,64,1,
AR,0,0x5920C1C0,64,1,
AR,0,0x286B10C0,64,1,
AR,0,0x37BB01C0,64,1,
AR,0,0x427D7800,64,1,
AR,0,0x6F4D9BC0,64,1,
AR,0,0x2E9F5A40,64,1,
AR,0,0x7BDA55C0,64,1,
AR,0,0x2203E3C0,64,1,
AR,0,0x66462DC0,64,1,
AR,0,0x5DD87A40,64,1,
AR,0,0xE7BA800,64,1,
AR,0,0xA24C440,64,1,
AR,0,0x57DE4CC0,64,1,
AR,0,0x252A2A00,64,1,
AR,0,0x76D47780,64,1,
AR,0,0x25A57680,64,1,
AR,0,0x23978A80,64,1,
AR,0,0x5A23C200,64,1,
AR,0,0x14875B00,64,1,
AR,0,0x170D980,64,1,
AR,0,0x35B2700,64,1,
AR,0,0x522E3E80,64,1,
AR,0,0x2D373080,64,1,
AR,0,0x1F2D6800,64,1,
AR,0,0x47CA74C0,64,1,
AR,0,0x77B4A340,64,1,
AR,0,0x34863FC0,64,1,
AR,0,0x65E76140,64,1,
AR,0,0x6C7DA8C0,64,1,
AR,0,0x6610B940,64,1,
AR,0,0x64C8BC0,64,1,
AR,0,0x777695C0,64,1,
AR,0,0x16474F00,64,1,
AR,0,0x1C6CD500,64,1,
AR,0,0x358A00C0,64,1,
AR,0,0x1F8EA540,64,1,
AR,0,0x5CC4D0C0,64,1,
AR,0,0x66849E80,64,1,
AR,0,0x61B9CFC0,64,1,
AR,0,0x5220A300,64,1,
AR,0,0x12475B80,64,1,
AR,0,0x4002DAC0,64,1,
AR,0,0x1833EA80,64,1,
AR,0,0x43D53A80,64,1,
AR,0,0x12DA1680,64,1,
AR,0,0x7786B40,64,1,
AR,0,0x189DEFC0,64,1,
AR,0,0x1684CE80,64,1,
AR,0,0x7FD45B40,64,1,
AR,0,0x3D6510C0,64,1,
AR,0,0x402D9340,64,1,
AR,0,0x5FF4AC40,64,1,
AR,0,0x3AFB7F40,64,1,
AR,0,0x36FEF480,64,1,
AR,0,0x5E1D96C0,64,1,
AR,0,0x283C5B40,64,1,
AR,0,0x3386AFC0,64,1,
AR,0,0x7D275100,64,1,
AR,0,0x2E943580,64,1,
AR,0,0x14EC5F80,64,1,
AR,0,0x58796CC0,64,1,
AR,0,0x34023600,64,1,
AR,0,0x1B85B240,64,1,
AR,0,0x4FD536C0,64,1,
AR,0,0x697BC1C0,64,1,
AR,0,0x753002C0,64,1,
AR,0,0x6339B5C0,64,1,
AR,0,0x308A2D00,64,1,
AR,0,0x337AA340,64,1,
AR,0,0x185E8F40,64,1,
AR,0,0x3BC3ED80,64,1,
AR,0,0x349F30C0,64,1,
AR,0,0x29D3A580,64,1,
AR,0,0x373D240,64,1,
AR,0,0x313CCD00,64,1,
AR,0,0x51A89140,64,1,
AR,0,0x510DE580,64,1,
AR,0,0xFEB1E80,64,1,
AR,0,0x1B135940,64,1,
AR,0,0x39768080,64,1,
AR,0,0x6C8BC900,64,1,
AR,0,0x65D69600,64,1,
AR,0,0x41952C80,64,1,
AR,0,0x18A3E740,64,1,
AR,0,0x7A1F7E00,64,1,
AR,0,0x48859540,64,1,
AR,0,0x6C939CC0,64,1,
AR,0,0x71B449C0,64,1,
AR,0,0x435DC7C0,64,1,
AR,0,0x71212240,64,1,
AR,0,0x17098AC0,64,1,
AR,0,0x6975D3C0,64,1,
AR,0,0x335AF600,64,1,
AR,0,0x70A9E040,64,1,
AR,0,0x45636280,64,1,
AR,0,0x37388900,64,1,
AR,0,0x421E5480,64,1,
AR,0,0x4AEBE0C0,64,1,
AR,0,0x2FD6900,64,1,
AR,0,0x2F4EB80,64,1,
AR,0,0x419F4540,64,1,
AR,0,0x174576C0,64,1,
AR,0,0x78346640,64,1,
AR,0,0x7DAF1A80,64,1,
AR,0,0x2CC99700,64,1,
AR,0,0x6E8A12C0,64,1,
AR,0,0x1B1C15C0,64,1,
AR,0,0x6913A480,64,1,
AR,0,0x77DEC180,64,1,
AR,0,0x8C7F700,64,1,
AR,0,0x5CB96F40,64,1,
AR,0,0x25409240,64,1,
AR,0,0x4DF139C0,64,1,
AR,0,0x212E8380,64,1,
AR,0,0x53BEDB40,64,1,
AR,0,0x27F1CC00,64,1,
AR,0,0x11952AC0,64,1,
AR,0,0x6303FE00,64,1,
AR,0,0x5A75C440,64,1,
AR,0,0x53EC3600,64,1,
AR,0,0x44B5E080,64,1,
AR,0,0x4D1553C0,64,1,
AR,0,0x9C68D00,64,1,
AR,0,0x1F141EC0,64,1,
AR,0,0x1C164400,64,1,
AR,0,0x16F8CE00,64,1,
AR,0,0x702B20C0,64,1,
AR,0,0x398FBBC0,64,1,
AR,0,0x1312B1C0,64,1,
AR,0,0x237C3940,64,1,
AR,0,0x155DA540,64,1,
AR,0,0x19AB12C0,64,1,
AR,0,0x769F8540,64,1,
AR,0,0x106C6580,64,1,
AR,0,0x5957F8C0,64,1,
AR,0,0x30806280,64,1,
AR,0,0x545F2680,64,1,
AR,0,0x50403A80,64,1,
AR,0,0x43B8F700,64,1,
AR,0,0x2FA98F80,64,1,
AR,0,0x69389C00,64,1,
AR,0,0xE4B2B00,64,1,
AR,0,0x4DFCF440,64,1,
AR,0,0x598C8EC0,64,1,
AR,0,0x21025940,64,1,
AR,0,0xC5A75C0,64,1,
AR,0,0x1B928440,64,1,
AR,0,0x57532500,64,1,
AR,0,0x6B11A000,64,1,
AR,0,0x6AA327C0,64,1,
AR,0,0x2166D4C0,64,1,
AR,0,0x14E26440,64,1,
AR,0,0x7BFCA3C0,64,1,
AR,0,0x411FCC0,64,1,
AR,0,0x23056DC0,64,1,
AR,0,0x164C3DC0,64,1,
AR,0,0x7E5C0EC0,64,1,
AR,0,0x7FA1D40,64,1,
AR,0,0x4952A280,64,1,
AR,0,0x44EBB380,64,1,
AR,0,0x7DE16F00,64,1,
AR,0,0x2E142B00,64,1,
AR,0,0xF040D40,64,1,
AR,0,0x1122F480,64,1,
AR,0,0x67DDEDC0,64,1,
AR,0,0x1D8470C0,64,1,
AR,0,0x3CDDE340,64,1,
AR,0,0x408F3200,64,1,
AR,0,0x37F4C1C0,64,1,
AR,0,0x56E41B00,64,1,
AR,0,0x2F5B4000,64,1,
AR,0,0x386970C0,64,1,
AR,0,0x81DAA00,64,1,
AR,0,0x71DBFC80,64,1,
AR,0,0x62E4CC80,64,1,
AR,0,0x7EF2440,64,1,
AR,0,0x425741C0,64,1,
AR,0,0x3AFA1940,64,1,
AR,0,0x75B89300,64,1,
AR,0,0x19202840,64,1,
AR,0,0x598AA2C0,64,1,
AR,0,0x11565FC0,64,1,
AR,0,0x5165DC80,64,1,
AR,0,0x52CB8C40,64,1,
AR,0,0x46990B40,64,1,
AR,0,0x4DE1F9C0,64,1,
AR,0,0x5B358400,64,1,
AR,0,0x1C43F280,64,1,
AR,0,0x271AA580,64,1,
AR,0,0x2AB748C0,64,1,
AR,0,0x6E0E0280,64,1,
AR,0,0x17DE7480,64,1,
AR,0,0x69E90080,64,1,
AR,0,0x17B04040,64,1,
AR,0,0x74615040,64,1,
AR,0,0x16669D00,64,1,
AR,0,0x6040F480,64,1,
AR,0,0x2B0987C0,64,1,
AR,0,0x3D238F00,64,1,
AR,0,0x27392840,64,1,
AR,0,0x48BBF480,64,1,
AR,0,0x2FE6E500,64,1,
AR,0,0x5EA5CEC0,64,1,
AR,0,0x46759940,64,1,
AR,0,0x2ED0E440,64,1,
AR,0,0x6BDE7600,64,1,
AR,0,0x2CB16840,64,1,
AR,0,0x41D5FE40,64,1,
AR,0,0x2AAE5B00,64,1,
AR,0,0x5EA05400,64,1,
AR,0,0x1F53AEC0,64,1,
AR,0,0x23066700,64,1,
AR,0,0x70558340,64,1,
AR,0,0x29A35840,64,1,
AR,0,0x7248A480,64,1,
AR,0,0x49D8E680,64,1,
AR,0,0x1E250200,64,1,
AR,0,0x7D76FA80,64,1,
AR,0,0x31E00F00,64,1,
AR,0,0x63189A40,64,1,
AR,0,0x43D234C0,64,1,
AR,0,0x515CEF40,64,1,
AR,0,0x593D83C0,64,1,
AR,0,0x21960DC0,64,1,
AR,0,0x5D86A640,64,1,
AR,0,0x69A64C80,64,1,
AR,0,0x2A49C1C0,64,1,
AR,0,0x3C46B700,64,1,
AR,0,0x3E06AC40,64,1,
AR,0,0x5CBF5E40,64,1,
AR,0,0x145EEC40,64,1,
AR,0,0xC46C780,64,1,
AR,0,0x1DAA2680,64,1,
AR,0,0x1274BA40,64,1,
AR,0,0x2DB8C1C0,64,1,
AR,0,0x6986A980,64,1,
AR,0,0x169C34C0,64,1,
AR,0,0x5BB8E000,64,1,
AR,0,0x725DFF80,64,1,
AR,0,0x1FD65E00,64,1,
AR,0,0x3C7480,64,1,
AR,0,0x59D97440,64,1,
AR,0,0x76D75240,64,1,
AR,0,0xE2D48C0,64,1,
AR,0,0x7F9BC580,64,1,
AR,0,0x15358B40,64,1,
AR,0,0x201F1500,64,1,
AR,0,0x497F96C0,64,1,
AR,0,0x43876100,64,1,
AR,0,0x72EA3640,64,1,
AR,0,0x76E2F8C0,64,1,
AR,0,0xED33100,64,1,
AR,0,0x2BDCF640,64,1,
AR,0,0x3BD69140,64,1,
AR,0,0x1BCF6580,64,1,
AR,0,0x71CD7D80,64,1,
AR,0,0x95FD180,64,1,
AR,0,0x40F18B80,64,1,
AR,0,0x6EE50FC0,64,1,
AR,0,0x59893F00,64,1,
AR,0,0x208E8540,64,1,
AR,0,0x4BE4EA40,64,1,
AR,0,0x11CBFE40,64,1,
AR,0,0x33537DC0,64,1,
AR,0,0x2B6FF480,64,1,
AR,0,0x1BC223C0,64,1,
AR,0,0x15E7EDC0,64,1,
AR,0,0x4FAD1B80,64,1,
AR,0,0x7772C940,64,1,
AR,0,0x6EE36640,64,1,
AR,0,0x4F382040,64,1,
AR,0,0x3216EE00,64,1,
AR,0,0x6099680,64,1,
AR,0,0x5834E340,64,1,
AR,0,0x4677C380,64,1,
AR,0,0x336F94C0,64,1,
AR,0,0x22F614C0,64,1,
AR,0,0x5F637580,64,1,
AR,0,0x52C40A00,64,1,
AR,0,0x10CBF500,64,1,
AR,0,0xAC6C300,64,1,
AR,0,0x4EA244C0,64,1,
AR,0,0x7D8E1B00,64,1,
AR,0,0x522C0200,64,1,
AR,0,0x290BC900,64,1,
AR,0,0x7957C440,64,1,
AR,0,0x2AEA48C0,64,1,
AR,0,0x61EE1580,64,1,
AR,0,0x30348300,64,1,
AR,0,0x2A198880,64,1,
AR,0,0x328D9C40,64,1,
AR,0,0x5A168340,64,1,
AR,0,0x46099240,64,1,
AR,0,0x4BE4F7C0,64,1,
AR,0,0x79421940,64,1,
AR,0,0x133ECB00,64,1,
AR,0,0x466DA100,64,1,
AR,0,0x493DED40,64,1,
AR,0,0x47B21140,64,1,
AR,0,0xF33B940,64,1,
AR,0,0xBF010C0,64,1,
AR,0,0x411876C0,64,1,
AR,0,0x2F020AC0,64,1,
AR,0,0x64CF5480,64,1,
AR,0,0x3CE30EC0,64,1,
AR,0,0x51D0DF00,64,1,
AR,0,0x5DEFECC0,64,1,
AR,0,0x94C88C0,64,1,
AR,0,0x3D3DFE40,64,1,
AR,0,0x350C2340,64,1,
AR,0,0x592019C0,64,1,
AR,0,0x4C8B3080,64,1,
AR,0,0x12ADB240,64,1,
AR,0,0x406C9B80,64,1,
AR,0,0x216F8440,64,1,
AR,0,0x4D908600,64,1,
AR,0,0x6B37B400,64,1,
AR,0,0x738958C0,64,1,
AR,0,0x6F74A780,64,1,
AR,0,0x4BFBD940,64,1,
AR,0,0x6FE32400,64,1,
AR,0,0xAD24940,64,1,
AR,0,0x6C7BF680,64,1,
AR,0,0x4C66EF80,64,1,
AR,0,0x7741D9C0,64,1,
AR,0,0x538A5200,64,1,
AR,0,0x4DD55100,64,1,
AR,0,0x501104C0,64,1,
AR,0,0x2EDD1E00,64,1,
AR,0,0x6215E540,64,1,
AR,0,0x3EE549C0,64,1,
AR,0,0x32B58180,64,1,
AR,0,0x2C73E240,64,1,
AR,0,0x60FC52C0,64,1,
AR,0,0x6F546200,64,1,
AR,0,0x7F180100,64,1,
AR,0,0x73AB33C0,64,1,
AR,0,0x4E26B740,64,1,
AR,0,0x35999740,64,1,
AR,0,0x7872FBC0,64,1,
AR,0,0x4AE6F500,64,1,
AR,0,0x2C739400,64,1,
AR,0,0x48E2CBC0,64,1,
AR,0,0x1555D2C0,64,1,
AR,0,0x2598AF40,64,1,
AR,0,0x22993180,64,1,
AR,0,0x40DB3E00,64,1,
AR,0,0x3A1DEBC0,64,1,
AR,0,0x68A8CFC0,64,1,
AR,0,0x1750F840,64,1,
AR,0,0x42CDDB40,64,1,
AR,0,0x6F275DC0,64,1,
AR,0,0x6A8655C0,64,1,
AR,0,0x3FB43E00,64,1,
AR,0,0xB5AF600,64,1,
AR,0,0x73B427C0,64,1,
AR,0,0x7DE92DC0,64,1,
AR,0,0x39FE00C0,64,1,
AR,0,0x50689980,64,1,
AR,0,0x42FE3640,64,1,
AR,0,0x69AA3000,64,1,
AR,0,0x46BD0280,64,1,
AR,0,0x3F1D4CC0,64,1,
AR,0,0x78B977C0,64,1,
AR,0,0x5A5C4B00,64,1,
AR,0,0x1DD255C0,64,1,
AR,0,0x7E33AA80,64,1,
AR,0,0x7D84B880,64,1,
AR,0,0xF0F6280,64,1,
AR,0,0x47160FC0,64,1,
AR,0,0x69148540,64,1,
AR,0,0x6B090E80,64,1,
AR,0,0x226F2100,64,1,
AR,0,0x310472C0,64,1,
AR,0,0x7BB6C180,64,1,
AR,0,0xEC59E40,64,1,
AR,0,0x13069000,64,1,
AR,0,0x666C600,64,1,
AR,0,0x2D7B1480,64,1,
AR,0,0x6182D140,64,1,
AR,0,0x23731A40,64,1,
AR,0,0x5869B600,64,1,
AR,0,0x24CD3600,64,1,
AR,0,0xD1FA080,64,1,
AR,0,0x68D53C40,64,1,
AR,0,0x71AA7680,64,1,
AR,0,0x4620F540,64,1,
AR,0,0x46AFEE80,64,1,
AR,0,0x60200EC0,64,1,
AR,0,0x28161C00,64,1,
AR,0,0x635515C0,64,1,
AR,0,0x4F719E40,64,1,
AR,0,0x4AB12A40,64,1,
AR,0,0x62616EC0,64,1,
AR,0,0x1307DD80,64,1,
AR,0,0x7F66E380,64,1,
AR,0,0x5A9D8700,64,1,
AR,0,0x1C167200,64,1,
AR,0,0x7E0E1B80,64,1,
AR,0,0x45445E40,64,1,
AR,0,0x7AECB480,64,1,
AR,0,0x3A6DA900,64,1,
AR,0,0xBF8EEC0,64,1,
AR,0,0x4A12E780,64,1,
AR,0,0x8B87380,64,1,
AR,0,0x681DA340,64,1,
AR,0,0x2B354F00,64,1,
AR,0,0x2C6149C0,64,1,
AR,0,0x3C3B800,64,1,
AR,0,0x6C4E4EC0,64,1,
AR,0,0xF72DE80,64,1,
AR,0,0x7AFAA700,64,1,
AR,0,0x2229B440,64,1,
AR,0,0x36441500,64,1,
AR,0,0x375BAB40,64,1,
AR,0,0x567E6100,64,1,
AR,0,0x492EC080,64,1,
AR,0,0x23F59C40,64,1,
AR,0,0x55CAAF00,64,1,
AR,0,0x1C357C0,64,1,
AR,0,0x7A251540,64,1,
AR,0,0x6FBBB1C0,64,1,
AR,0,0xC8B1B00,64,1,
AR,0,0x774C4800,64,1,
AR,0,0x575CC3C0,64,1,
AR,0,0x5F80F540,64,1,
AR,0,0x751C0680,64,1,
AR,0,0x7C247900,64,1,
AR,0,0x6538A2C0,64,1,
AR,0,0x68116100,64,1,
AR,0,0x479641C0,64,1,
AR,0,0x7C078C0,64,1,
AR,0,0x1EBEE80,64,1,
AR,0,0x45702B40,64,1,
AR,0,0x2F51DE80,64,1,
AR,0,0x2B9AFEC0,64,1,
AR,0,0x6D5A87C0,64,1,
AR,0,0x5522400,64,1,
AR,0,0x551E0540,64,1,
AR,0,0x24089980,64,1,
AR,0,0x1CC8AB00,64,1,
AR,0,0x17FC0840,64,1,
AR,0,0x53E5C700,64,1,
AR,0,0x3CD54240,64,1,
AR,0,0x60890580,64,1,
AR,0,0x71E40480,64,1,
AR,0,0x6C3C8AC0,64,1,
AR,0,0x67E973C0,64,1,
AR,0,0x68F84BC0,64,1,
AR,0,0x18E231C0,64,1,
AR,0,0x4D43B80,64,1,
AR,0,0x5318CAC0,64,1,
AR,0,0xD5D6740,64,1,
AR,0,0x6C6E4500,64,1,
AR,0,0x77D16340,64,1,
AR,0,0x73C143C0,64,1,
AR,0,0xADB84C0,64,1,
AR,0,0x460A5840,64,1,
AR,0,0x34B093C0,64,1,
AR,0,0x2634F340,64,1,
AR,0,0x75514400,64,1,
AR,0,0x16BE0980,64,1,
AR,0,0x122EF180,64,1,
AR,0,0x29F6F440,64,1,
AR,0,0x321D2A40,64,1,
AR,0,0x13137980,64,1,
AR,0,0x62DBF000,64,1,
AR,0,0x237E7440,64,1,
AR,0,0x313DCB40,64,1,
AR,0,0x45C1C640,64,1,
AR,0,0x4996AE00,64,1,
AR,0,0x38EB5540,64,1,
AR,0,0x37247680,64,1,
AR,0,0x4504ADC0,64,1,
AR,0,0x7BE91740,64,1,
AR,0,0x493D1A80,64,1,
AR,0,0x12F84D80,64,1,
AR,0,0x4DB35000,64,1,
AR,0,0x51D9CC80,64,1,
AR,0,0x64C392C0,64,1,
AR,0,0x30387D80,64,1,
AR,0,0x689095C0,64,1,
AR,0,0x58CAEC0,64,1,
AR,0,0x25F34F00,64,1,
AR,0,0x7A26B3C0,64,1,
AR,0,0x212B5D80,64,1,
AR,0,0x2306F080,64,1,
AR,0,0xB79FAC0,64,1,
AR,0,0x7654F00,64,1,
AR,0,0x4EBA0900,64,1,
AR,0,0x769E4D40,64,1,
AR,0,0x22A39800,64,1,
AR,0,0x6BE31E40,64,1,
AR,0,0x7E969B00,64,1,
AR,0,0x1BDD0A80,64,1,
AR,0,0x1E08A280,64,1,
AR,0,0x7F9BB640,64,1,
AR,0,0x72F907C0,64,1,
AR,0,0x1144EE40,64,1,
AR,0,0x77FFF380,64,1,
AR,0,0x8106E40,64,1,
AR,0,0x2B7138C0,64,1,
AR,0,0x1D783680,64,1,
AR,0,0x4D559980,64,1,
AR,0,0x58B7540,64,1,
AR,0,0x76A554C0,64,1,
AR,0,0x7D3102C0,64,1,
AR,0,0x142EB600,64,1,
AR,0,0x4E031880,64,1,
AR,0,0x797F0480,64,1,
AR,0,0xC286BC0,64,1,
AR,0,0x27872C80,64,1,
AR,0,0x1965840,64,1,
AR,0,0x26D4E00,64,1,
AR,0,0x24A0D980,64,1,
AR,0,0x3215A6C0,64,1,
AR,0,0x18233940,64,1,
AR,0,0x7940B000,64,1,
AR,0,0x468C2140,64,1,
AR,0,0x71ED2080,64,1,
AR,0,0x62497C40,64,1,
AR,0,0x7CA0C740,64,1,
AR,0,0x5CDA7200,64,1,
AR,0,0x71329C0,64,1,
AR,0,0x7D578E00,64,1,
AR,0,0x2B1FDD00,64,1,
AR,0,0x59F38DC0,64,1,
AR,0,0x58B6F780,64,1,
AR,0,0x82B100,64,1,
AR,0,0x1C5DB600,64,1,
AR,0,0x4AE8D4C0,64,1,
AR,0,0x6A83A5C0,64,1,
AR,0,0x53659F80,64,1,
AR,0,0x12C7EA40,64,1,
AR,0,0x32ED0E40,64,1,
AR,0,0xCDC0A00,64,1,
AR,0,0x3262ECC0,64,1,
AR,0,0x321C6E00,64,1,
AR,0,0x6203F240,64,1,
AR,0,0x77D3C180,64,1,
AR,0,0x792B2240,64,1,
AR,0,0x36164B40,64,1,
AR,0,0x46F95600,64,1,
AR,0,0xB25AF00,64,1,
AR,0,0xB2568C0,64,1,
AR,0,0x4F381340,64,1,
AR,0,0x3179A800,64,1,
AR,0,0x333BB7C0,64,1,
AR,0,0x7EF054C0,64,1,
AR,0,0x62CF5940,64,1,
AR,0,0x14377700,64,1,
AR,0,0x2F12C080,64,1,
AR,0,0x7ABE1800,64,1,
AR,0,0x7302A400,64,1,
AR,0,0x6CB5F680,64,1,
AR,0,0x7041C640,64,1,
AR,0,0x487BDE80,64,1,
AR,0,0x67493400,64,1,
AR,0,0xBEE8240,64,1,
AR,0,0x67CB8300,64,1,
AR,0,0x67BADB00,64,1,
AR,0,0x6D7FB180,64,1,
AR,0,0x66C8AF40,64,1,
AR,0,0x5416AF80,64,1,
AR,0,0x448F8E00,64,1,
AR,0,0x5D9A3FC0,64,1,
AR,0,0x22E57440,64,1,
AR,0,0x3B25BC0,64,1,
AR,0,0x53620140,64,1,
AR,0,0x286A6B40,64,1,
AR,0,0x7240D2C0,64,1,
AR,0,0x63B45540,64,1,
AR,0,0x6AB31F00,64,1,
AR,0,0x45413940,64,1,
AR,0,0x4F4B6840,64,1,
AR,0,0x7C05CF40,64,1,
AR,0,0x4EA765C0,64,1,
AR,0,0x46B82680,64,1,
AR,0,0x5A4AA480,64,1,
AR,0,0xBE8BE00,64,1,
AR,0,0xF781980,64,1,
AR,0,0x6B06AE40,64,1,
AR,0,0xF7A8C80,64,1,
AR,0,0x61DFEAC0,64,1,
AR,0,0x2DA8B1C0,64,1,
AR,0,0x2FCEA40,64,1,
AR,0,0x37AE0180,64,1,
AR,0,0x305433C0,64,1,
AR,0,0x7B98B740,64,1,
AR,0,0x13F7DCC0,64,1,
AR,0,0x7A312D00,64,1,
AR,0,0x29A3A640,64,1,
AR,0,0x4E6A24C0,64,1,
AR,0,0x6538DA00,64,1,
AR,0,0x55B7DD80,64,1,
AR,0,0x4A4BC00,64,1,
AR,0,0x2084B700,64,1,
AR,0,0x30669EC0,64,1,
AR,0,0xA263700,64,1,
AR,0,0x1B36C0C0,64,1,
AR,0,0x2208600,64,1,
AR,0,0x29888980,64,1,
AR,0,0x6B84E240,64,1,
AR,0,0x6A70E840,64,1,
AR,0,0x2042EE00,64,1,
AR,0,0x640613C0,64,1,
AR,0,0x172FF40,64,1,
AR,0,0x4A7B4E00,64,1,
AR,0,0x322BC800,64,1,
AR,0,0x97C6700,64,1,
AR,0,0x3DED1980,64,1,
AR,0,0x160CCFC0,64,1,
AR,0,0x2C4E7180,64,1,
AR,0,0x155D2340,64,1,
AR,0,0x99BBD40,64,1,
AR,0,0x23347A80,64,1,
AR,0,0x3AD94780,64,1,
AR,0,0x11A16BC0,64,1,
AR,0,0x16FA2A80,64,1,
AR,0,0x403B1800,64,1,
AR,0,0x12AB33C0,64,1,
AR,0,0x7953D900,64,1,
AR,0,0x3A9C18C0,64,1,
AR,0,0x415B08C0,64,1,
AR,0,0x660D7300,64,1,
AR,0,0x21CC2CC0,64,1,
AR,0,0x17FC3400,64,1,
AR,0,0x22FE1540,64,1,
AR,0,0x2F60FA80,64,1,
AR,0,0x1FABCE40,64,1,
AR,0,0x14F66340,64,1,
AR,0,0x36FCADC0,64,1,
AR,0,0x7B2C22C0,64,1,
AR,0,0x30644200,64,1,
AR,0,0x2ABD8040,64,1,
AR,0,0x68F76FC0,64,1,
AR,0,0x3E85B440,64,1,
AR,0,0x56738900,64,1,
AR,0,0x5A2B9740,64,1,
AR,0,0x23D2BB00,64,1,
AR,0,0x435DD00,64,1,
AR,0,0x6C45B180,64,1,
AR,0,0x19E45640,64,1,
AR,0,0x3442A80,64,1,
AR,0,0x4DCA4840,64,1,
AR,0,0x584DC580,64,1,
AR,0,0x3528FE80,64,1,
AR,0,0x62257CC0,64,1,
AR,0,0x526FC9C0,64,1,
AR,0,0x3C75B400,64,1,
AR,0,0x3644FA80,64,1,
AR,0,0x66C49F80,64,1,
AR,0,0x2300,64,1,
AR,0,0x5AAD15C0,64,1,
AR,0,0x52F6E00,64,1,
AR,0,0x1E4F47C0,64,1,
AR,0,0x57851C80,64,1,
AR,0,0x5D24B340,64,1,
AR,0,0x79DD82C0,64,1,
AR,0,0x3B10C900,64,1,
AR,0,0x2F52F980,64,1,
AR,0,0x2C7F2B80,64,1,
AR,0,0x1CB066C0,64,1,
AR,0,0x10E17E40,64,1,
AR,0,0x577C5640,64,1,
AR,0,0x6C2DDE40,64,1,
AR,0,0x25B27D80,64,1,
AR,0,0x19662A40,64,1,
AR,0,0x58226380,64,1,
AR,0,0x75666040,64,1,
AR,0,0x38E7FE80,64,1,
AR,0,0x224BB340,64,1,
AR,0,0x18D1D200,64,1,
AR,0,0x5FFA0080,64,1,
AR,0,0x3F279200,64,1,
AR,0,0x6DB2CE80,64,1,
AR,0,0x7CCB3C80,64,1,
AR,0,0x7B60CB40,64,1,
AR,0,0x4C0868C0,64,1,
AR,0,0x45CEB240,64,1,
AR,0,0x364B980,64,1,
AR,0,0x7849F00,64,1,
AR,0,0x363B2C80,64,1,
AR,0,0x6F2D10C0,64,1,
AR,0,0x76B1F180,64,1,
AR,0,0x4E0F4300,64,1,
AR,0,0x732E1E80,64,1,
AR,0,0x48F764C0,64,1,
AR,0,0x5D9CA2C0,64,1,
AR,0,0x2C047980,64,1,
AR,0,0xFE0F840,64,1,
AR,0,0x36F75B00,64,1,
AR,0,0x11063DC0,64,1,
AR,0,0x10C93500,64,1,
AR,0,0x42BB2200,64,1,
AR,0,0x75F57600,64,1,
AR,0,0x465DCE80,64,1,
AR,0,0x60C8B240,64,1,
AR,0,0x2F556D00,64,1,
AR,0,0x1B0E9B40,64,1,
AR,0,0x72AF2580,64,1,
AR,0,0x38011BC0,64,1,
AR,0,0x41F59640,64,1,
AR,0,0xF9C1CC0,64,1,
AR,0,0x7F4135C0,64,1,
AR,0,0x3E3ED480,64,1,
AR,0,0x5C8DF200,64,1,
AR,0,0x19BEE900,64,1,
AR,0,0x3D5C5D40,64,1,
AR,0,0x385B840,64,1,
AR,0,0x6BCAF280,64,1,
AR,0,0x7415AE80,64,1,
AR,0,0x266D5C80,64,1,
AR,0,0x6570D680,64,1,
AR,0,0x5BDE2E80,64,1,
AR,0,0x5040CA40,64,1,
AR,0,0x14C9BA40,64,1,
AR,0,0x31DAE180,64,1,
AR,0,0x73765EC0,64,1,
AR,0,0x22496F40,64,1,
AR,0,0x13D62080,64,1,
AR,0,0x32E20500,64,1,
AR,0,0x5FACE880,64,1,
AR,0,0x2EBF8500,64,1,
AR,0,0x51DAAAC0,64,1,
AR,0,0x1CCEE880,64,1,
AR,0,0x2CAF6A80,64,1,
AR,0,0x29439D40,64,1,
AR,0,0x202D9B80,64,1,
AR,0,0xD6B7B00,64,1,
AR,0,0x3DE27700,64,1,
AR,0,0x504B2F00,64,1,
AR,0,0x56803340,64,1,
AR,0,0x5BCC1200,64,1,
AR,0,0x4F4727C0,64,1,
AR,0,0x40D6E000,64,1,
AR,0,0x4A277800,64,1,
AR,0,0x40195F40,64,1,
AR,0,0x31F93080,64,1,
AR,0,0x682C88C0,64,1,
AR,0,0x10A46DC0,64,1,
AR,0,0x6C059840,64,1,
AR,0,0x1425DC80,64,1,
AR,0,0x10091440,64,1,
AR,0,0x62B40DC0,64,1,
AR,0,0xF36B200,64,1,
AR,0,0xDC66600,64,1,
AR,0,0x4C623200,64,1,
AR,0,0x51040340,64,1,
AR,0,0x13FA0680,64,1,
AR,0,0x4F03F2C0,64,1,
AR,0,0x5E28EC40,64,1,
AR,0,0x7C81F4C0,64,1,
AR,0,0x1072D680,64,1,
AR,0,0x36D17400,64,1,
AR,0,0x4A0B8100,64,1,
AR,0,0x7679B540,64,1,
AR,0,0x48EE78C0,64,1,
AR,0,0x5DAE8080,64,1,
AR,0,0x74C2FD80,64,1,
AR,0,0x3C7CBB40,64,1,
AR,0,0x7DBF6300,64,1,
AR,0,0x461F2CC0,64,1,
AR,0,0x6A1A1000,64,1,
AR,0,0x6C729600,64,1,
AR,0,0x17B47AC0,64,1,
AR,0,0x7EFBC740,64,1,
AR,0,0x5DD09E80,64,1,
AR,0,0x7E5EDD00,64,1,
AR,0,0x4132F5C0,64,1,
AR,0,0x639B6480,64,1,
AR,0,0x175D2040,64,1,
AR,0,0x73D433C0,64,1,
AR,0,0x1B93CC80,64,1,
AR,0,0x1BB74D80,64,1,
AR,0,0x55C66E80,64,1,
AR,0,0xC1D2500,64,1,
AR,0,0x668BFE40,64,1,
AR,0,0x4CC1B200,64,1,
AR,0,0x5A060D00,64,1,
AR,0,0x56799FC0,64,1,
AR,0,0x77875380,64,1,
AR,0,0x48D0CB40,64,1,
AR,0,0x3C987BC0,64,1,
AR,0,0x6B6B2380,64,1,
AR,0,0x6B216B00,64,1,
AR,0,0x64F28F00,64,1,
AR,0,0x5DF06480,64,1,
AR,0,0x7699E7C0,64,1,
AR,0,0x1FB5D580,64,1,
AR,0,0x212DF340,64,1,
AR,0,0x53FBB7C0,64,1,
AR,0,0x28747D40,64,1,
AR,0,0x3F0C2A00,64,1,
AR,0,0x3B43DAC0,64,1,
AR,0,0x10AFA6C0,64,1,
AR,0,0x43134E00,64,1,
AR,0,0x2F60F200,64,1,
AR,0,0x2EF64A40,64,1,
AR,0,0x715CE480,64,1,
AR,0,0x76DE6D80,64,1,
AR,0,0x6FA045C0,64,1,
AR,0,0x68F468C0,64,1,
AR,0,0x31B556C0,64,1,
AR,0,0x20034F00,64,1,
AR,0,0x5643F100,64,1,
AR,0,0x777AA000,64,1,
AR,0,0x6D1127C0,64,1,
AR,0,0x5D10F7C0,64,1,
AR,0,0x30C2880,64,1,
AR,0,0x617AB100,64,1,
AR,0,0xB78C800,64,1,
AR,0,0x5EAD4000,64,1,
AR,0,0x1EFDA2C0,64,1,
AR,0,0x34887240,64,1,
AR,0,0x60A93900,64,1,
AR,0,0x4CA0F1C0,64,1,
AR,0,0x5BED4580,64,1,
AR,0,0x630FEC80,64,1,
AR,0,0xB40580,64,1,
AR,0,0x59012C40,64,1,
AR,0,0x45B98A00,64,1,
AR,0,0x13BD76C0,64,1,
AR,0,0x272A7980,64,1,
AR,0,0x2C944180,64,1,
AR,0,0x683FF440,64,1,
AR,0,0x5F5BE0C0,64,1,
AR,0,0x4F734640,64,1,
AR,0,0x4AC36540,64,1,
AR,0,0x4591EF80,64,1,
AR,0,0x1519CE40,64,1,
AR,0,0x4AFE5A40,64,1,
AR,0,0x66595E80,64,1,
AR,0,0x2549D140,64,1,
AR,0,0x77636740,64,1,
AR,0,0x666BA3C0,64,1,
AR,0,0x4D2C17C0,64,1,
AR,0,0x5E6B5340,64,1,
AR,0,0x5990E240,64,1,
AR,0,0x5F051BC0,64,1,
AR,0,0x70037300,64,1,
AR,0,0xF9F4E40,64,1,
AR,0,0x25154680,64,1,
AR,0,0x33FF2A00,64,1,
AR,0,0x20BE2480,64,1,
AR,0,0x5A46E9C0,64,1,
AR,0,0x4FC2CBC0,64,1,
AR,0,0x1F625A00,64,1,
AR,0,0x29263A40,64,1,
AR,0,0x5E737C80,64,1,
AR,0,0x65E74600,64,1,
AR,0,0x7C4CEDC0,64,1,
AR,0,0x4D166240,64,1,
AR,0,0x25D270C0,64,1,
AR,0,0xE8B2C80,64,1,
AR,0,0xECCF40,64,1,
AR,0,0x3210D40,64,1,
AR,0,0x38E13C40,64,1,
AR,0,0x4C2985C0,64,1,
AR,0,0x42188880,64,1,
AR,0,0x6EB969C0,64,1,
AR,0,0x7584B280,64,1,
AR,0,0x23FFCF40,64,1,
AR,0,0x5E47040,64,1,
AR,0,0x198070C0,64,1,
AR,0,0x65542E00,64,1,
AR,0,0x4C690300,64,1,
AR,0,0x94239C0,64,1,
AR,0,0x58B708C0,64,1,
AR,0,0x7B48240,64,1,
AR,0,0x74420440,64,1,
AR,0,0xE8F4900,64,1,
AR,0,0x5F31CF00,64,1,
AR,0,0x42CAB300,64,1,
AR,0,0x16ECE200,64,1,
AR,0,0x2FA4F640,64,1,
AR,0,0x12C07F40,64,1,
AR,0,0x5140D080,64,1,
AR,0,0x39BAA480,64,1,
AR,0,0x3C1B8AC0,64,1,
AR,0,0x558EF940,64,1,
AR,0,0x7B1E4C80,64,1,
AR,0,0x6DAD8880,64,1,
AR,0,0x57C6DB00,64,1,
AR,0,0x3D92BA40,64,1,
AR,0,0x29A8BAC0,64,1,
AR,0,0x12AAD9C0,64,1,
AR,0,0x63C0D340,64,1,
AR,0,0x32DF7BC0,64,1,
AR,0,0x48396B00,64,1,
AR,0,0x78D9D140,64,1,
AR,0,0x77C7D340,64,1,
AR,0,0x6700D140,64,1,
AR,0,0x48F2380,64,1,
AR,0,0xC3C50C0,64,1,
AR,0,0x74510A40,64,1,
AR,0,0x370DCC40,64,1,
AR,0,0x55268B00,64,1,
AR,0,0x5FF6A340,64,1,
AR,0,0x14EEBB40,64,1,
AR,0,0x6E4630C0,64,1,
AR,0,0x30EB6F80,64,1,
AR,0,0x165B39C0,64,1,
AR,0,0x26971DC0,64,1,
AR,0,0x134EDA40,64,1,
AR,0,0x1D91A80,64,1,
AR,0,0x5DE10600,64,1,
AR,0,0x7A4BF980,64,1,
AR,0,0x7BFB40,64,1,
AR,0,0x5C8D7C80,64,1,
AR,0,0x15B49340,64,1,
AR,0,0x430485C0,64,1,
AR,0,0x60D49480,64,1,
AR,0,0xDBA3000,64,1,
AR,0,0x199B5EC0,64,1,
AR,0,0x1EEE4D00,64,1,
AR,0,0x26235DC0,64,1,
AR,0,0x67B2CE00,64,1,
AR,0,0x49649280,64,1,
AR,0,0x27E2B800,64,1,
AR,0,0x33F086C0,64,1,
AR,0,0x53469480,64,1,
AR,0,0x7D14E200,64,1,
AR,0,0x18888F00,64,1,
AR,0,0x75D7C5C0,64,1,
AR,0,0x666B2BC0,64,1,
AR,0,0x6A8497C0,64,1,
AR,0,0x39C0A500,64,1,
AR,0,0x7503D200,64,1,
AR,0,0x5EDFAC0,64,1,
AR,0,0x4B6760C0,64,1,
AR,0,0x4B324080,64,1,
AR,0,0x2FB12D40,64,1,
AR,0,0x6A48A700,64,1,
AR,0,0x5E4F0AC0,64,1,
AR,0,0x2402E200,64,1,
AR,0,0xC165F80,64,1,
AR,0,0x24098800,64,1,
AR,0,0x5FDC9200,64,1,
AR,0,0x29CE0580,64,1,
AR,0,0x6110ED40,64,1,
AR,0,0x37C71240,64,1,
AR,0,0x348AAAC0,64,1,
AR,0,0xDD46980,64,1,
AR,0,0x23E95940,64,1,
AR,0,0x57EEFB80,64,1,
AR,0,0x5A09A080,64,1,
AR,0,0x1EE59DC0,64,1,
AR,0,0x640BDD80,64,1,
AR,0,0x510E76C0,64,1,
AR,0,0x470F5240,64,1,
AR,0,0x4552B2C0,64,1,
AR,0,0x56E9A700,64,1,
AR,0,0x6D42DAC0,64,1,
AR,0,0x6E374800,64,1,
AR,0,0x105F8680,64,1,
AR,0,0x390BDB80,64,1,
AR,0,0x57E7FF40,64,1,
AR,0,0x134CF380,64,1,
AR,0,0x96F7B00,64,1,
AR,0,0x14C767C0,64,1,
AR,0,0xBC0280,64,1,
AR,0,0x15FF1240,64,1,
AR,0,0x6CE426C0,64,1,
AR,0,0x57622F00,64,1,
AR,0,0x7F421D40,64,1,
AR,0,0x69BB9780,64,1,
AR,0,0x7501BF40,64,1,
AR,0,0x500022C0,64,1,
AR,0,0x5032E2C0,64,1,
AR,0,0x46844BC0,64,1,
AR,0,0x66445800,64,1,
AR,0,0x5B44AE00,64,1,
AR,0,0x316C6BC0,64,1,
AR,0,0x12117D00,64,1,
AR,0,0x79DB4B00,64,1,
AR,0,0x3CD3B540,64,1,
AR,0,0x7C5B7F00,64,1,
AR,0,0x101A1E40,64,1,
AR,0,0x7D862AC0,64,1,
AR,0,0x4819EB00,64,1,
AR,0,0x2ADAEF00,64,1,
AR,0,0x763C0880,64,1,
AR,0,0x610DC000,64,1,
AR,0,0x5880D000,64,1,
AR,0,0x2BCFF340,64,1,
AR,0,0x6FC0DF00,64,1,
AR,0,0x5AD3F640,64,1,
AR,0,0x4E362F00,64,1,
AR,0,0x7CF7DDC0,64,1,
AR,0,0x6CB21B00,64,1,
AR,0,0x4A1625C0,64,1,
AR,0,0x71FE3D00,64,1,
AR,0,0x449EED00,64,1,
AR,0,0x1C0BFCC0,64,1,
AR,0,0x3722DC0,64,1,
AR,0,0x6E8485C0,64,1,
AR,0,0x2C280F00,64,1,
AR,0,0x2F3B8B40,64,1,
AR,0,0x1A45E3C0,64,1,
AR,0,0x328AF980,64,1,
AR,0,0x148B0000,64,1,
AR,0,0x143929C0,64,1,
AR,0,0x22C6F0C0,64,1,
AR,0,0xE759E00,64,1,
AR,0,0x761D8240,64,1,
AR,0,0x34AEE80,64,1,
AR,0,0x71F08580,64,1,
AR,0,0x4A59A740,64,1,
AR,0,0xC522D80,64,1,
AR,0,0x3E295240,64,1,
AR,0,0x60B007C0,64,1,
AR,0,0x5E7AD880,64,1,
AR,0,0x7FFA3AC0,64,1,
AR,0,0x693593C0,64,1,
AR,0,0x3FC3C740,64,1,
AR,0,0x1E64C2C0,64,1,
AR,0,0x5D155300,64,1,
AR,0,0x6C45A9C0,64,1,
AR,0,0xCDC780,64,1,
AR,0,0x3EF76D40,64,1,
AR,0,0x3850C8C0,64,1,
AR,0,0x67C29800,64,1,
AR,0,0x4AF83B80,64,1,
AR,0,0xA598900,64,1,
AR,0,0x43526600,64,1,
AR,0,0x6A07A180,64,1,
AR,0,0x54986380,64,1,
AR,0,0x6EB53780,64,1,
AR,0,0x79147980,64,1,
AR,0,0x18A64180,64,1,
AR,0,0x4A1945C0,64,1,
AR,0,0x42D87940,64,1,
AR,0,0x1D7F8F80,64,1,
AR,0,0x58DADF80,64,1,
AR,0,0x203652C0,64,1,
AR,0,0x7C775100,64,1,
AR,0,0x2DFE0FC0,64,1,
AR,0,0x229B5BC0,64,1,
AR,0,0x29F846C0,64,1,
AR,0,0x6784EA00,64,1,
AR,0,0x7F754780,64,1,
AR,0,0x20856F40,64,1,
AR,0,0x49EAC080,64,1,
AR,0,0x2F436480,64,1,
AR,0,0x39605940,64,1,
AR,0,0x481A2F40,64,1,
AR,0,0x239599C0,64,1,
AR,0,0x4C1A3A40,64,1,
AR,0,0x6B5F8080,64,1,
AR,0,0x686D2E40,64,1,
AR,0,0x71FF7840,64,1,
AR,0,0x944480,64,1,
AR,0,0x5C16AD80,64,1,
AR,0,0x6A7CC540,64,1,
AR,0,0x419F6A00,64,1,
AR,0,0x1EB5C100,64,1,
AR,0,0x6666D5C0,64,1,
AR,0,0x29532F00,64,1,
AR,0,0x58535B80,64,1,
AR,0,0x5261E40,64,1,
AR,0,0x4F3A5C0,64,1,
AR,0,0x7C239B00,64,1,
AR,0,0x48777F80,64,1,
AR,0,0x7691C200,64,1,
AR,0,0x55CF7100,64,1,
AR,0,0x21F72AC0,64,1,
AR,0,0x2AE23300,64,1,
AR,0,0x56D76380,64,1,
AR,0,0x5C54E300,64,1,
AR,0,0x57758F00,64,1,
AR,0,0x44FAD900,64,1,
AR,0,0x30885780,64,1,
AR,0,0x39B10D00,64,1,
AR,0,0x5A275280,64,1,
AR,0,0x59F9A6C0,64,1,
AR,0,0x28BA4D40,64,1,
AR,0,0x2C56CB00,64,1,
AR,0,0x2A12D180,64,1,
AR,0,0x1DA55080,64,1,
AR,0,0x30F67180,64,1,
AR,0,0x470F08C0,64,1,
AR,0,0x7DCCD240,64,1,
AR,0,0x1A4E3200,64,1,
AR,0,0x4892BC80,64,1,
AR,0,0x5C458480,64,1,
AR,0,0x5C15DC40,64,1,
AR,0,0x72DD8F80,64,1,
AR,0,0x6837C800,64,1,
AR,0,0x43FE0600,64,1,
AR,0,0x206C13C0,64,1,
AR,0,0x684F32C0,64,1,
AR,0,0x2B641080,64,1,
AR,0,0x7CAC4940,64,1,
AR,0,0x3AB80540,64,1,
AR,0,0x7A974C80,64,1,
AR,0,0x74DDF40,64,1,
AR,0,0x3F52EB80,64,1,
AR,0,0x6E526000,64,1,
AR,0,0xB1F9540,64,1,
AR,0,0x784B7800,64,1,
AR,0,0x4ABE68C0,64,1,
AR,0,0x47320740,64,1,
AR,0,0x1A082900,64,1,
AR,0,0x4CF0480,64,1,
AR,0,0x31527140,64,1,
AR,0,0x5569D500,64,1,
AR,0,0x5F462E00,64,1,
AR,0,0x72B62B80,64,1,
AR,0,0x2F5AEDC0,64,1,
AR,0,0x606CFA80,64,1,
AR,0,0x7F838500,64,1,
AR,0,0x28F8140,64,1,
AR,0,0x4E59940,64,1,
AR,0,0x47A9BB40,64,1,
AR,0,0x6AEA8A80,64,1,
AR,0,0xE38FAC0,64,1,
AR,0,0x54D1E5C0,64,1,
AR,0,0x55E9500,64,1,
AR,0,0x34F04E40,64,1,
AR,0,0x56501840,64,1,
AR,0,0x677B8940,64,1,
AR,0,0x4CB52E40,64,1,
AR,0,0x5F55E240,64,1,
AR,0,0x68309200,64,1,
AR,0,0xBADBB40,64,1,
AR,0,0x132D3180,64,1,
AR,0,0x2F8E2080,64,1,
AR,0,0x7AF24340,64,1,
AR,0,0x79214A00,64,1,
AR,0,0x38F5BA40,64,1,
AR,0,0x4820D380,64,1,
AR,0,0x7948DFC0,64,1,
AR,0,0x4288ED00,64,1,
AR,0,0xD061000,64,1,
AR,0,0x67620A00,64,1,
AR,0,0x443D9640,64,1,
AR,0,0x5438D700,64,1,
AR,0,0xCFBFF80,64,1,
AR,0,0x6142D200,64,1,
AR,0,0x189F1A00,64,1,
AR,0,0x277DABC0,64,1,
AR,0,0x129B7580,64,1,
AR,0,0x5BC3E8C0,64,1,
AR,0,0x693B1880,64,1,
AR,0,0x53FFC200,64,1,
AR,0,0x67EEAC80,64,1,
AR,0,0x60C7480,64,1,
AR,0,0x470DEE00,64,1,
AR,0,0x7EB692C0,64,1,
AR,0,0x1759D740,64,1,
AR,0,0x63E0A000,64,1,
AR,0,0x64CC6400,64,1,
AR,0,0x6FC76800,64,1,
AR,0,0x403123C0,64,1,
AR,0,0x7E7F5D00,64,1,
AR,0,0x491F8D80,64,1,
AR,0,0x446AC040,64,1,
AR,0,0x207BFE40,64,1,
AR,0,0x2AF85D00,64,1,
AR,0,0x71C5DB80,64,1,
AR,0,0x2D025F80,64,1,
AR,0,0x1C2FEB80,64,1,
AR,0,0x23A21600,64,1,
AR,0,0x150669C0,64,1,
AR,0,0x70110CC0,64,1,
AR,0,0x474F2A80,64,1,
AR,0,0x7EA7B5C0,64,1,
AR,0,0x6FEE5140,64,1,
AR,0,0x78614F80,64,1,
AR,0,0x258A9D40,64,1,
AR,0,0x4A290E80,64,1,
AR,0,0x45E4A2C0,64,1,
AR,0,0x16B0180,64,1,
AR,0,0x2628880,64,1,
AR,0,0x6843B840,64,1,
AR,0,0x16740C00,64,1,
AR,0,0x409D8C0,64,1,
AR,0,0x46E26780,64,1,
AR,0,0x5384DB40,64,1,
AR,0,0x42BC61C0,64,1,
AR,0,0x18657500,64,1,
AR,0,0x6A59FA40,64,1,
AR,0,0x6C78E480,64,1,
AR,0,0x53603100,64,1,
AR,0,0x42019340,64,1,
AR,0,0x31CA5200,64,1,
AR,0,0x2D25FCC0,64,1,
AR,0,0x3E997C0,64,1,
AR,0,0x50876900,64,1,
AR,0,0x31C1040,64,1,
AR,0,0x31D0A440,64,1,
AR,0,0x172F3CC0,64,1,
AR,0,0x35A6D00,64,1,
AR,0,0x19346B80,64,1,
AR,0,0x1C3CB400,64,1,
AR,0,0x7A68DB80,64,1,
AR,0,0x534DFC0,64,1,
AR,0,0x58A74780,64,1,
AR,0,0x4FFD0A80,64,1,
AR,0,0x60F05F80,64,1,
AR,0,0x7149DE80,64,1,
AR,0,0x14DDB300,64,1,
AR,0,0x5FB4DEC0,64,1,
AR,0,0x3EF87600,64,1,
AR,0,0x2A7FD780,64,1,
AR,0,0x67B41740,64,1,
AR,0,0x17EC8CC0,64,1,
AR,0,0x6F3F40C0,64,1,
AR,0,0x97E8280,64,1,
AR,0,0x4C6B0E40,64,1,
AR,0,0x7B976C80,64,1,
AR,0,0xF8FC80,64,1,
AR,0,0x4F529040,64,1,
AR,0,0x683918C0,64,1,
AR,0,0x3D6BED80,64,1,
AR,0,0x624CEC00,64,1,
AR,0,0x2CC49A40,64,1,
AR,0,0x1304E6C0,64,1,
AR,0,0x7E1B940,64,1,
AR,0,0x2CA33B40,64,1,
AR,0,0x29C08880,64,1,
AR,0,0x5CDD9D00,64,1,
AR,0,0x2CE0C7C0,64,1,
AR,0,0x74566A40,64,1,
AR,0,0x41FEEE40,64,1,
AR,0,0x3D460C00,64,1,
AR,0,0x4B7404C0,64,1,
AR,0,0x2A9A9480,64,1,
AR,0,0x9345780,64,1,
AR,0,0x2B765240,64,1,
AR,0,0x356805C0,64,1,
AR,0,0x31D2D1C0,64,1,
AR,0,0x50EB4500,64,1,
AR,0,0x7665280,64,1,
AR,0,0x6AC04E80,64,1,
AR,0,0x4F1E6C00,64,1,
AR,0,0x5F94B240,64,1,
AR,0,0xC003680,64,1,
AR,0,0x64FE0940,64,1,
AR,0,0x46E86D40,64,1,
AR,0,0x42FD6440,64,1,
AR,0,0xDEB03C0,64,1,
AR,0,0x1CCF0EC0,64,1,
AR,0,0x724BA700,64,1,
AR,0,0x618F6D40,64,1,
AR,0,0x1480F3C0,64,1,
AR,0,0x39878700,64,1,
AR,0,0x3211F580,64,1,
AR,0,0x15562900,64,1,
AR,0,0x2379540,64,1,
AR,0,0x320CAEC0,64,1,
AR,0,0xC49CD80,64,1,
AR,0,0x2DD33BC0,64,1,
AR,0,0xF31E7C0,64,1,
AR,0,0x6776D500,64,1,
AR,0,0x6622B3C0,64,1,
AR,0,0x5FA2CB80,64,1,
AR,0,0x299949C0,64,1,
AR,0,0x1BCE1D00,64,1,
AR,0,0x2D4ED840,64,1,
AR,0,0x3D955000,64,1,
AR,0,0x56F58C80,64,1,
AR,0,0x7ADEFA80,64,1,
AR,0,0x203D780,64,1,
AR,0,0x6847CEC0,64,1,
AR,0,0x49795440,64,1,
AR,0,0x3CE19540,64,1,
AR,0,0x11A24CC0,64,1,
AR,0,0x863B640,64,1,
AR,0,0x24FEB040,64,1,
AR,0,0x828E600,64,1,
AR,0,0x38AF3680,64,1,
AR,0,0x380874C0,64,1,
AR,0,0x4803D180,64,1,
AR,0,0x8BF8480,64,1,
AR,0,0x4ADCDAC0,64,1,
AR,0,0x77AD74C0,64,1,
AR,0,0x4596E700,64,1,
AR,0,0x310CFF80,64,1,
AR,0,0x7E4D2780,64,1,
AR,0,0x2563C6C0,64,1,
AR,0,0x14A76E40,64,1,
AR,0,0x7C937080,64,1,
AR,0,0x61564C80,64,1,
AR,0,0x10EB0A00,64,1,
AR,0,0x1406EC80,64,1,
AR,0,0x448BE80,64,1,
AR,0,0x1A4D2D80,64,1,
AR,0,0x1AC86F00,64,1,
AR,0,0x6F5AE100,64,1,
AR,0,0x1A8AF740,64,1,
AR,0,0x28F142C0,64,1,
AR,0,0x18E1DA00,64,1,
AR,0,0x34D93B80,64,1,
AR,0,0x5AC20800,64,1,
AR,0,0x644CB2C0,64,1,
AR,0,0x48CDA700,64,1,
AR,0,0x2DB36E00,64,1,
AR,0,0x326E4000,64,1,
AR,0,0x4B43E3C0,64,1,
AR,0,0x57B08040,64,1,
AR,0,0x6735F8C0,64,1,
AR,0,0x3C05D780,64,1,
AR,0,0x613D2340,64,1,
AR,0,0x1EB67700,64,1,
AR,0,0x77CB8A40,64,1,
AR,0,0x6AE6BC80,64,1,
AR,0,0x64A75B80,64,1,
AR,0,0x205DC400,64,1,
AR,0,0x62406E80,64,1,
AR,0,0x738A2840,64,1,
AR,0,0x26345480,64,1,
AR,0,0x6D2A5DC0,64,1,
AR,0,0x38235840,64,1,
AR,0,0x3413A8C0,64,1,
AR,0,0x3246C5C0,64,1,
AR,0,0x35D1840,64,1,
AR,0,0x519ABEC0,64,1,
AR,0,0x75B12240,64,1,
AR,0,0x39804280,64,1,
AR,0,0x8684140,64,1,
AR,0,0x3D872240,64,1,
AR,0,0xFCC8C00,64,1,
AR,0,0x5341E580,64,1,
AR,0,0x11573680,64,1,
AR,0,0x47152580,64,1,
AR,0,0x1BA4900,64,1,
AR,0,0x13F2E240,64,1,
AR,0,0x550B3000,64,1,
AR,0,0x3E432B80,64,1,
AR,0,0x5E85E700,64,1,
AR,0,0x76E9DA80,64,1,
AR,0,0x9985540,64,1,
AR,0,0x60C41480,64,1,
AR,0,0x2FB2D3C0,64,1,
AR,0,0xAFCEA40,64,1,
AR,0,0x2B291700,64,1,
AR,0,0x3412FC0,64,1,
AR,0,0x74205040,64,1,
AR,0,0x24AED880,64,1,
AR,0,0x6084F280,64,1,
AR,0,0x5714BC80,64,1,
AR,0,0x36CD5780,64,1,
AR,0,0x4F503E80,64,1,
AR,0,0xB270640,64,1,
AR,0,0x4FFBAA00,64,1,
AR,0,0x478B8440,64,1,
AR,0,0x584EC600,64,1,
AR,0,0x50B6F180,64,1,
AR,0,0x71EB1840,64,1,
AR,0,0x19AFAC80,64,1,
AR,0,0x46BCDD00,64,1,
AR,0,0x13BA08C0,64,1,
AR,0,0xA7E8880,64,1,
AR,0,0xF4255C0,64,1,
AR,0,0x351E8E40,64,1,
AR,0,0x4ADC0980,64,1,
AR,0,0x3D706180,64,1,
AR,0,0x283943C0,64,1,
AR,0,0x76470600,64,1,
AR,0,0x5C73E100,64,1,
AR,0,0x7B154A40,64,1,
AR,0,0x3E06F100,64,1,
AR,0,0x36EBDDC0,64,1,
AR,0,0x5AB12400,64,1,
AR,0,0x652DF000,64,1,
AR,0,0x6EA13400,64,1,
AR,0,0x52AB9880,64,1,
AR,0,0xD52D00,64,1,
AR,0,0x1D0C9980,64,1,
AR,0,0x7C5DAC80,64,1,
AR,0,0x6D1BF700,64,1,
AR,0,0x73B95040,64,1,
AR,0,0x77AFE240,64,1,
AR,0,0x5ACEE4C0,64,1,
AR,0,0x696188C0,64,1,
AR,0,0x27AF9540,64,1,
AR,0,0x357263C0,64,1,
AR,0,0x781C6DC0,64,1,
AR,0,0x69F5280,64,1,
AR,0,0x4F6764C0,64,1,
AR,0,0xEA59800,64,1,
AR,0,0xD579980,64,1,
AR,0,0x3E7DAA80,64,1,
AR,0,0xDCFAF80,64,1,
AR,0,0x2F840F80,64,1,
AR,0,0x5AAAC080,64,1,
AR,0,0x6279B580,64,1,
AR,0,0x34D44080,64,1,
AR,0,0x7ADCF600,64,1,
AR,0,0x6B131540,64,1,
AR,0,0x78A9FCC0,64,1,
AR,0,0x4B342940,64,1,
AR,0,0x7B1FF2C0,64,1,
AR,0,0x1D8FE380,64,1,
AR,0,0xA848980,64,1,
AR,0,0x33DDDE40,64,1,
AR,0,0x2B39A740,64,1,
AR,0,0x46DF33C0,64,1,
AR,0,0x5BBC1080,64,1,
AR,0,0x12EBA5C0,64,1,
AR,0,0x6BD65B80,64,1,
AR,0,0x3956B00,64,1,
AR,0,0x5C5E46C0,64,1,
AR,0,0x22621540,64,1,
AR,0,0x1FBC0700,64,1,
AR,0,0x7DAAA200,64,1,
AR,0,0x749820C0,64,1,
AR,0,0x701173C0,64,1,
AR,0,0x68008B40,64,1,
AR,0,0x61A39300,64,1,
AR,0,0x50F6EA80,64,1,
AR,0,0x2987F780,64,1,
AR,0,0x6ABD3380,64,1,
AR,0,0x5E96D0C0,64,1,
AR,0,0x2250F6C0,64,1,
AR,0,0x30EFED80,64,1,
AR,0,0x5891CB40,64,1,
AR,0,0x36BD0940,64,1,
AR,0,0xDBF9640,64,1,
AR,0,0x3DA92EC0,64,1,
AR,0,0x2AC7CB80,64,1,
AR,0,0x47EDD900,64,1,
AR,0,0x550BA00,64,1,
AR,0,0x2452D740,64,1,
AR,0,0x7B495580,64,1,
AR,0,0x4DEFBFC0,64,1,
AR,0,0x753BA0C0,64,1,
AR,0,0x7FEA580,64,1,
AR,0,0x36183F40,64,1,
AR,0,0x1A674C00,64,1,
AR,0,0x5E656340,64,1,
AR,0,0x56718E40,64,1,
AR,0,0x79C42E80,64,1,
AR,0,0x121C54C0,64,1,
AR,0,0x6FB49D00,64,1,
AR,0,0x7BEE0A40,64,1,
AR,0,0x28253200,64,1,
AR,0,0x5E03D400,64,1,
AR,0,0x2585A200,64,1,
AR,0,0x3A153700,64,1,
AR,0,0x7E0D2980,64,1,
AR,0,0x6B2AB980,64,1,
AR,0,0x126A1280,64,1,
AR,0,0x588D6E40,64,1,
AR,0,0x7B095840,64,1,
AR,0,0x768020C0,64,1,
AR,0,0x5FE1A240,64,1,
AR,0,0x60DF5840,64,1,
AR,0,0x37304200,64,1,
AR,0,0x3A4E0840,64,1,
AR,0,0x4429F040,64,1,
AR,0,0x7B1C5E40,64,1,
AR,0,0x46D56D00,64,1,
AR,0,0x7D80CFC0,64,1,
AR,0,0x134F5500,64,1,
AR,0,0x499E84C0,64,1,
AR,0,0x39A62840,64,1,
AR,0,0x51A7ED00,64,1,
AR,0,0x34590C80,64,1,
AR,0,0x1E34E00,64,1,
AR,0,0x3B635100,64,1,
AR,0,0xB3FEC40,64,1,
AR,0,0x2B7481C0,64,1,
AR,0,0x5DD5C6C0,64,1,
AR,0,0xCE65A00,64,1,
AR,0,0x2FDA94C0,64,1,
AR,0,0x15BC5C00,64,1,
AR,0,0x4CD82240,64,1,
AR,0,0x250C2540,64,1,
AR,0,0x356E2600,64,1,
AR,0,0x5C733000,64,1,
AR,0,0x16058080,64,1,
AR,0,0x4AF26640,64,1,
AR,0,0xD73DE00,64,1,
AR,0,0x1394E7C0,64,1,
AR,0,0x1EE5E840,64,1,
AR,0,0x27933E80,64,1,
AR,0,0x69831600,64,1,
AR,0,0x64A7AF00,64,1,
AR,0,0x76865680,64,1,
AR,0,0x133D0500,64,1,
AR,0,0x26C268C0,64,1,
AR,0,0x26C2F140,64,1,
AR,0,0x7FBB9540,64,1,
AR,0,0x5DC01C00,64,1,
AR,0,0xADDC140,64,1,
AR,0,0x40B3D1C0,64,1,
AR,0,0x2258A00,64,1,
AR,0,0x700C8380,64,1,
AR,0,0x5D623000,64,1,
AR,0,0x2CB123C0,64,1,
AR,0,0x6226B4C0,64,1,
AR,0,0x6FB32300,64,1,
AR,0,0x15761100,64,1,
AR,0,0x3439C6C0,64,1,
AR,0,0x4B12D940,64,1,
AR,0,0x45A29E40,64,1,
AR,0,0x10F95C0,64,1,
AR,0,0x53E82080,64,1,
AR,0,0x51708B80,64,1,
AR,0,0x614CC840,64,1,
AR,0,0x7FB61A80,64,1,
AR,0,0x60034D00,64,1,
AR,0,0x5297A180,64,1,
AR,0,0x336D4880,64,1,
AR,0,0x5D222400,64,1,
AR,0,0x6DA63D40,64,1,
AR,0,0x5BCB11C0,64,1,
AR,0,0x7775ED00,64,1,
AR,0,0x4E3BEEC0,64,1,
AR,0,0x31B8E800,64,1,
AR,0,0xAA27A00,64,1,
AR,0,0x20CD0C00,64,1,
AR,0,0x20CE40,64,1,
AR,0,0x1A17C8C0,64,1,
AR,0,0xF0C9200,64,1,
AR,0,0x7C4BB380,64,1,
AR,0,0x243F1C40,64,1,
AR,0,0x6FB92180,64,1,
AR,0,0x3D36F280,64,1,
AR,0,0x5537A200,64,1,
AR,0,0x547D2EC0,64,1,
AR,0,0x695ABCC0,64,1,
AR,0,0x4DD96CC0,64,1,
AR,0,0x7BD1B740,64,1,
AR,0,0x6D3D3540,64,1,
AR,0,0x372ADB40,64,1,
AR,0,0x7AAB7500,64,1,
AR,0,0x3C691F00,64,1,
AR,0,0xE970E40,64,1,
AR,0,0x57FE5900,64,1,
AR,0,0x6FA0B600,64,1,
AR,0,0x2CACA500,64,1,
AR,0,0xF237940,64,1,
AR,0,0x65482680,64,1,
AR,0,0x53548580,64,1,
AR,0,0x4DD49480,64,1,
AR,0,0x65428E40,64,1,
AR,0,0x65F4C1C0,64,1,
AR,0,0x46CEEA80,64,1,
AR,0,0x41756DC0,64,1,
AR,0,0x4EC62D80,64,1,
AR,0,0x65722100,64,1,
AR,0,0x7871BDC0,64,1,
AR,0,0x6E975040,64,1,
AR,0,0x62566640,64,1,
AR,0,0x2CDB6380,64,1,
AR,0,0x7B46FA40,64,1,
AR,0,0x4983DE00,64,1,
AR,0,0x2F155240,64,1,
AR,0,0xA5ADDC0,64,1,
AR,0,0x3D2AF9C0,64,1,
AR,0,0x3FF90040,64,1,
AR,0,0x5A120140,64,1,
AR,0,0x521F8880,64,1,
AR,0,0x50223F80,64,1,
AR,0,0x54CF46C0,64,1,
AR,0,0x5ABF2300,64,1,
AR,0,0x64117280,64,1,
AR,0,0x5F101000,64,1,
AR,0,0x543FD100,64,1,
AR,0,0x56E1B880,64,1,
AR,0,0x25004800,64,1,
AR,0,0x2B20CC80,64,1,
AR,0,0x5205F5C0,64,1,
AR,0,0x59103A40,64,1,
AR,0,0x29B6DC40,64,1,
AR,0,0x17605E40,64,1,
AR,0,0x2FB34DC0,64,1,
AR,0,0x1E370800,64,1,
AR,0,0x5C0EAEC0,64,1,
AR,0,0x71E9A1C0,64,1,
AR,0,0x3B1B300,64,1,
AR,0,0x5BBC4540,64,1,
AR,0,0x72F18FC0,64,1,
AR,0,0x368629C0,64,1,
AR,0,0x4C942AC0,64,1,
AR,0,0x78806680,64,1,
AR,0,0x5BF9D140,64,1,
AR,0,0x30B30080,64,1,
AR,0,0x37B91AC0,64,1,
AR,0,0x324DF200,64,1,
AR,0,0x59D23AC0,64,1,
AR,0,0x22718B80,64,1,
AR,0,0x5C335E40,64,1,
AR,0,0x1E155100,64,1,
AR,0,0x2EB73500,64,1,
AR,0,0x723B0440,64,1,
AR,0,0x497CB140,64,1,
AR,0,0x50662080,64,1,
AR,0,0x1CDF5F80,64,1,
AR,0,0x393C2BC0,64,1,
AR,0,0x13F0E5C0,64,1,
AR,0,0x7C1437C0,64,1,
AR,0,0x119EBC0,64,1,
AR,0,0x10D52540,64,1,
AR,0,0x6B03C280,64,1,
AR,0,0x116E6E40,64,1,
AR,0,0x3DA04000,64,1,
AR,0,0x6BBF9880,64,1,
AR,0,0x2EA35740,64,1,
AR,0,0x2C463940,64,1,
AR,0,0x62748040,64,1,
AR,0,0x620F06C0,64,1,
AR,0,0x2D19AF00,64,1,
AR,0,0x3B4EE6C0,64,1,
AR,0,0x219ABE40,64,1,
AR,0,0x29305AC0,64,1,
AR,0,0x36BDF000,64,1,
AR,0,0x24CFB00,64,1,
AR,0,0x60DCD200,64,1,
AR,0,0x4C033D00,64,1,
AR,0,0x1BF11440,64,1,
AR,0,0x230EFDC0,64,1,
AR,0,0x49C4B400,64,1,
AR,0,0x3CA54940,64,1,
AR,0,0x559C2180,64,1,
AR,0,0x3D768300,64,1,
AR,0,0x1A1DDA00,64,1,
AR,0,0xE7049C0,64,1,
AR,0,0x50105B80,64,1,
AR,0,0x1BABF900,64,1,
AR,0,0x6A808380,64,1,
AR,0,0x3099C180,64,1,
AR,0,0x13E8BBC0,64,1,
AR,0,0x3AFEAB80,64,1,
AR,0,0x607B5280,64,1,
AR,0,0x7F4A2540,64,1,
AR,0,0x47439140,64,1,
AR,0,0x7717A3C0,64,1,
AR,0,0x18178EC0,64,1,
AR,0,0x1779380,64,1,
AR,0,0x5E84B740,64,1,
AR,0,0x1052A840,64,1,
AR,0,0x386F34C0,64,1,
AR,0,0x1F920E80,64,1,
AR,0,0x6B831B00,64,1,
AR,0,0x221E6880,64,1,
AR,0,0x711C9540,64,1,
AR,0,0x372F6FC0,64,1,
AR,0,0x1C1F5140,64,1,
AR,0,0x7AC61C00,64,1,
AR,0,0x5CE20E80,64,1,
AR,0,0x12403E40,64,1,
AR,0,0xDBEC9C0,64,1,
AR,0,0x1160FE00,64,1,
AR,0,0x792CF200,64,1,
AR,0,0x14A19580,64,1,
AR,0,0x707F9780,64,1,
AR,0,0x5B5F6FC0,64,1,
AR,0,0x37962E80,64,1,
AR,0,0x640A5780,64,1,
AR,0,0x76F9FF80,64,1,
AR,0,0x53B86480,64,1,
AR,0,0x4F4315C0,64,1,
AR,0,0x41795140,64,1,
AR,0,0x6B0FCBC0,64,1,
AR,0,0x4DDF6DC0,64,1,
AR,0,0x3F3BD4C0,64,1,
AR,0,0x7B851B00,64,1,
AR,0,0x3CF12580,64,1,
AR,0,0x1E004840,64,1,
AR,0,0x276FA1C0,64,1,
AR,0,0x7D299E00,64,1,
AR,0,0x3B6DFA00,64,1,
AR,0,0x147BA7C0,64,1,
AR,0,0x19B29940,64,1,
AR,0,0x50DCEEC0,64,1,
AR,0,0x798B7080,64,1,
AR,0,0x16C0CA80,64,1,
AR,0,0x20B20080,64,1,
AR,0,0x2E94DCC0,64,1,
AR,0,0x469BF9C0,64,1,
AR,0,0x3B18D680,64,1,
AR,0,0x7B437700,64,1,
AR,0,0x3A1C4C00,64,1,
AR,0,0x21B70680,64,1,
AR,0,0x73825380,64,1,
AR,0,0x25466800,64,1,
AR,0,0x4FDA2200,64,1,
AR,0,0x3D049A40,64,1,
AR,0,0x8F72A00,64,1,
AR,0,0x49280700,64,1,
AR,0,0x73460380,64,1,
AR,0,0x5429EE00,64,1,
AR,0,0xC594AC0,64,1,
AR,0,0x52AEC3C0,64,1,
AR,0,0xEAD1640,64,1,
AR,0,0x12D1AC0,64,1,
AR,0,0x75238000,64,1,
AR,0,0x32A7BB40,64,1,
AR,0,0x2AA08C00,64,1,
AR,0,0x7930D300,64,1,
AR,0,0xFA98800,64,1,
AR,0,0x4BB71A00,64,1,
AR,0,0x1306B900,64,1,
AR,0,0x31F23640,64,1,
AR,0,0x7DAA93C0,64,1,
AR,0,0x36BC1A00,64,1,
AR,0,0x43444D00,64,1,
AR,0,0x6FA69240,64,1,
AR,0,0x141EDA80,64,1,
AR,0,0x5A95AB40,64,1,
AR,0,0x6D0AA180,64,1,
AR,0,0x341FF200,64,1,
AR,0,0x5B2B7DC0,64,1,
AR,0,0x8F24D00,64,1,
AR,0,0x2FC5E0C0,64,1,
AR,0,0x60F5ACC0,64,1,
AR,0,0x29DE4380,64,1,
AR,0,0x45042B40,64,1,
AR,0,0x5A7285C0,64,1,
AR,0,0x65AC1540,64,1,
AR,0,0x204A4F00,64,1,
AR,0,0x35AB9CC0,64,1,
AR,0,0x49C3DAC0,64,1,
AR,0,0x665040C0,64,1,
AR,0,0x571F64C0,64,1,
AR,0,0x74E32A80,64,1,
AR,0,0x5815E240,64,1,
AR,0,0x499DAA80,64,1,
AR,0,0x17972580,64,1,
AR,0,0x7098CB40,64,1,
AR,0,0x11EA78C0,64,1,
AR,0,0x46ECDF80,64,1,
AR,0,0x456C2A80,64,1,
AR,0,0x2DC0340,64,1,
AR,0,0x5F3A9DC0,64,1,
AR,0,0x1C9933C0,64,1,
AR,0,0x6A4ED940,64,1,
AR,0,0x271E9F80,64,1,
AR,0,0x36FC0440,64,1,
AR,0,0x43FFA740,64,1,
AR,0,0x3212F200,64,1,
AR,0,0x66E157C0,64,1,
AR,0,0x43EA66C0,64,1,
AR,0,0x5E224000,64,1,
AR,0,0x19154B40,64,1,
AR,0,0x8255600,64,1,
AR,0,0x558F56C0,64,1,
AR,0,0x50685080,64,1,
AR,0,0x50E242C0,64,1,
AR,0,0x15DB8340,64,1,
AR,0,0x32D45600,64,1,
AR,0,0xE08EB80,64,1,
AR,0,0x663B66C0,64,1,
AR,0,0x1AB21E80,64,1,
AR,0,0x291421C0,64,1,
AR,0,0x13D87D40,64,1,
AR,0,0x3FA9B9C0,64,1,
AR,0,0x29D62A40,64,1,
AR,0,0x2D301AC0,64,1,
AR,0,0x256D6BC0,64,1,
AR,0,0x42B92780,64,1,
AR,0,0x21BA3E40,64,1,
AR,0,0x687B14C0,64,1,
AR,0,0x42DA7600,64,1,
AR,0,0x4B76EA00,64,1,
AR,0,0x85F7140,64,1,
AR,0,0x682C8B00,64,1,
AR,0,0x51A630C0,64,1,
AR,0,0x45CB4C40,64,1,
AR,0,0x452BF2C0,64,1,
AR,0,0x5473FDC0,64,1,
AR,0,0x6D10A6C0,64,1,
AR,0,0xEF3D300,64,1,
AR,0,0x4B514C40,64,1,
AR,0,0x35D3FE40,64,1,
AR,0,0x38A74A40,64,1,
AR,0,0x37C9EC00,64,1,
AR,0,0x6B9AB580,64,1,
AR,0,0x3D024C80,64,1,
AR,0,0x6AD2A2C0,64,1,
AR,0,0x112BFD80,64,1,
AR,0,0x64EAB3C0,64,1,
AR,0,0x3EC244C0,64,1,
AR,0,0x4AECBEC0,64,1,
AR,0,0x169DD000,64,1,
AR,0,0x34DC0A00,64,1,
AR,0,0x52462900,64,1,
AR,0,0x4BA62940,64,1,
AR,0,0x336A7AC0,64,1,
AR,0,0xF0A9040,64,1,
AR,0,0x67EF5E00,64,1,
AR,0,0x81E3280,64,1,
AR,0,0x4B234B40,64,1,
AR,0,0x9D8A100,64,1,
AR,0,0xE7A7480,64,1,
AR,0,0x13CAAB40,64,1,
AR,0,0x469ACB00,64,1,
AR,0,0x44C195C0,64,1,
AR,0,0x153454C0,64,1,
AR,0,0x89CA80,64,1,
AR,0,0x57574A40,64,1,
AR,0,0x20AC2C40,64,1,
AR,0,0x62A3A0C0,64,1,
AR,0,0x3151480,64,1,
AR,0,0x47F62180,64,1,
AR,0,0x5FA45C40,64,1,
AR,0,0x70B1CA80,64,1,
AR,0,0x1E2F7C40,64,1,
AR,0,0xC8B7A80,64,1,
AR,0,0x6BCDF140,64,1,
AR,0,0x6D353B40,64,1,
AR,0,0x20C12F80,64,1,
AR,0,0x59CA9B00,64,1,
AR,0,0x9C47DC0,64,1,
AR,0,0x3F26C4C0,64,1,
AR,0,0x71861740,64,1,
AR,0,0x6CDDB900,64,1,
AR,0,0x376DCD40,64,1,
AR,0,0x42A174C0,64,1,
AR,0,0x43D6D000,64,1,
AR,0,0x286FBA00,64,1,
AR,0,0x40979C40,64,1,
AR,0,0x11774B00,64,1,
AR,0,0x76A928C0,64,1,
AR,0,0x643A7040,64,1,
AR,0,0x679E1C40,64,1,
AR,0,0x278BB000,64,1,
AR,0,0x7E9C1380,64,1,
AR,0,0x223FEE80,64,1,
AR,0,0x230ECE40,64,1,
AR,0,0x61A23C00,64,1,
AR,0,0x629B84C0,64,1,
AR,0,0x32562A80,64,1,
AR,0,0x1493A980,64,1,
AR,0,0x270A5540,64,1,
AR,0,0x44BC6EC0,64,1,
AR,0,0x18EF940,64,1,
AR,0,0x20910A00,64,1,
AR,0,0x4C598900,64,1,
AR,0,0x6A3EAAC0,64,1,
AR,0,0x59F56580,64,1,
AR,0,0x4EA29F80,64,1,
AR,0,0x479C4C0,64,1,
AR,0,0x41DEEB80,64,1,
AR,0,0x4B8DC000,64,1,
AR,0,0x5268DBC0,64,1,
AR,0,0x451CB140,64,1,
AR,0,0x4F2C6DC0,64,1,
AR,0,0x4AD7A680,64,1,
AR,0,0x1A333380,64,1,
AR,0,0x4EEF3D00,64,1,
AR,0,0x6B0DF880,64,1,
AR,0,0x59FA8000,64,1,
AR,0,0x499DEC0,64,1,
AR,0,0x77FF040,64,1,
AR,0,0x14874540,64,1,
AR,0,0x3D98DF40,64,1,
AR,0,0x635BA6C0,64,1,
AR,0,0x5F13F940,64,1,
AR,0,0xD616940,64,1,
AR,0,0x571D6280,64,1,
AR,0,0x3D362D00,64,1,
AR,0,0x313808C0,64,1,
AR,0,0x26F77480,64,1,
AR,0,0x2D677980,64,1,
AR,0,0x9E80DC0,64,1,
AR,0,0x496B9D40,64,1,
AR,0,0xBC0CCC0,64,1,
AR,0,0x54422180,64,1,
AR,0,0x6D883E80,64,1,
AR,0,0x1B380340,64,1,
AR,0,0x3068BA00,64,1,
AR,0,0x1EB2C3C0,64,1,
AR,0,0x443C00,64,1,
AR,0,0x5CBA3580,64,1,
AR,0,0x23621200,64,1,
AR,0,0x179CCD00,64,1,
AR,0,0xA337580,64,1,
AR,0,0x77F07CC0,64,1,
AR,0,0x4FD693C0,64,1,
AR,0,0x4EC20640,64,1,
AR,0,0x73021840,64,1,
AR,0,0x4BFABF00,64,1,
AR,0,0x590F8C00,64,1,
AR,0,0x14EEBCC0,64,1,
AR,0,0x7665ED40,64,1,
AR,0,0xE745DC0,64,1,
AR,0,0x2ECD4100,64,1,
AR,0,0xBE54340,64,1,
AR,0,0x7ABF9F00,64,1,
AR,0,0x6542A40,64,1,
AR,0,0x191C380,64,1,
AR,0,0x68E6EC0,64,1,
AR,0,0x4A11F900,64,1,
AR,0,0x6871EA40,64,1,
AR,0,0x59C8A00,64,1,
AR,0,0x4B28400,64,1,
AR,0,0x1044CAC0,64,1,
AR,0,0x268D4200,64,1,
AR,0,0x6462E40,64,1,
AR,0,0x65865D40,64,1,
AR,0,0x5FBE1F00,64,1,
AR,0,0x3FB62400,64,1,
AR,0,0x4A100380,64,1,
AR,0,0x25329540,64,1,
AR,0,0x23BA780,64,1,
AR,0,0x531CBAC0,64,1,
AR,0,0x6784D640,64,1,
AR,0,0x2ED0D980,64,1,
AR,0,0x4FC84D80,64,1,
AR,0,0x91862C0,64,1,
AR,0,0x2D780040,64,1,
AR,0,0x784B4F00,64,1,
AR,0,0x1E6CE580,64,1,
AR,0,0x542EE780,64,1,
AR,0,0x63AD2F80,64,1,
AR,0,0x51669740,64,1,
AR,0,0x6D157480,64,1,
AR,0,0x7199DD40,64,1,
AR,0,0x11A78F40,64,1,
AR,0,0x5A08D280,64,1,
AR,0,0xD9A5080,64,1,
AR,0,0x58B4500,64,1,
AR,0,0x6956DFC0,64,1,
AR,0,0x119FDEC0,64,1,
AR,0,0x524AA7C0,64,1,
AR,0,0x483D9C40,64,1,
AR,0,0xA27FBC0,64,1,
AR,0,0x6B2FACC0,64,1,
AR,0,0x32AFB240,64,1,
AR,0,0x2E7E17C0,64,1,
AR,0,0x7226FD40,64,1,
AR,0,0x7AA57C0,64,1,
AR,0,0xB317680,64,1,
AR,0,0x3E45F1C0,64,1,
AR,0,0x6141FFC0,64,1,
AR,0,0x68EC70C0,64,1,
AR,0,0x7BFAD040,64,1,
AR,0,0x6CC2CF40,64,1,
AR,0,0x7A3E63C0,64,1,
AR,0,0x5A8BED00,64,1,
AR,0,0x18472740,64,1,
AR,0,0x60622000,64,1,
AR,0,0x76C17B40,64,1,
AR,0,0x6C4F2E40,64,1,
AR,0,0x49755A40,64,1,
AR,0,0x3B77CD80,64,1,
AR,0,0x754B0BC0,64,1,
AR,0,0x39F39840,64,1,
AR,0,0xB471E80,64,1,
AR,0,0x67CE4F80,64,1,
AR,0,0x70C2D4C0,64,1,
AR,0,0x16F72180,64,1,
AR,0,0x610DE00,64,1,
AR,0,0x2986B80,64,1,
AR,0,0x704DF980,64,1,
AR,0,0x5E2FC900,64,1,
AR,0,0x6B7CD040,64,1,
AR,0,0x9FE5140,64,1,
AR,0,0x6ACA5400,64,1,
AR,0,0xDF21080,64,1,
AR,0,0x4DAE1180,64,1,
AR,0,0x3C2BD440,64,1,
AR,0,0x1F923E00,64,1,
AR,0,0x6EE4B000,64,1,
AR,0,0x3CAA3D40,64,1,
AR,0,0x6945ED80,64,1,
AR,0,0x2B5EAD00,64,1,
AR,0,0x4D081EC0,64,1,
AR,0,0x1E5F0280,64,1,
AR,0,0x4BBB5C80,64,1,
AR,0,0x27B0B000,64,1,
AR,0,0x3307F3C0,64,1,
AR,0,0x84E2640,64,1,
AR,0,0x57D4AE40,64,1,
AR,0,0x1001AAC0,64,1,
AR,0,0x75C54280,64,1,
AR,0,0x5C501880,64,1,
AR,0,0x63CE8700,64,1,
AR,0,0x5A808780,64,1,
AR,0,0x44583480,64,1,
AR,0,0x3829D5C0,64,1,
AR,0,0x28AC2D40,64,1,
AR,0,0x476D6240,64,1,
AR,0,0xB7A24C0,64,1,
AR,0,0xCDF19C0,64,1,
AR,0,0x28D2C9C0,64,1,
AR,0,0x644FB740,64,1,
AR,0,0x27BA5300,64,1,
AR,0,0x134A9700,64,1,
AR,0,0x55FBE180,64,1,
AR,0,0x24529E40,64,1,
AR,0,0x6BB3F640,64,1,
AR,0,0x29CAD440,64,1,
AR,0,0x454E7C40,64,1,
AR,0,0x289FF300,64,1,
AR,0,0x5CF99FC0,64,1,
AR,0,0x29E7B500,64,1,
AR,0,0x49295740,64,1,
AR,0,0x32773A80,64,1,
AR,0,0x277AA240,64,1,
AR,0,0x11EA6300,64,1,
AR,0,0x407E0F40,64,1,
AR,0,0x20FF9E00,64,1,
AR,0,0x6257F2C0,64,1,
AR,0,0x35942700,64,1,
AR,0,0x4C0486C0,64,1,
AR,0,0x452200C0,64,1,
AR,0,0x11CBE140,64,1,
AR,0,0x54897F40,64,1,
AR,0,0x6615CE00,64,1,
AR,0,0x74997400,64,1,
AR,0,0x22C43180,64,1,
AR,0,0x342BDF80,64,1,
AR,0,0x7322AE80,64,1,
AR,0,0x517E2E00,64,1,
AR,0,0x3AB4E040,64,1,
AR,0,0x5088C200,64,1,
AR,0,0x270DF6C0,64,1,
AR,0,0x6713A3C0,64,1,
AR,0,0x4ADF240,64,1,
AR,0,0x3E411200,64,1,
AR,0,0x6B9BBE40,64,1,
AR,0,0x186C3500,64,1,
AR,0,0x62288E40,64,1,
AR,0,0x3BFE3300,64,1,
AR,0,0x52EFE540,64,1,
AR,0,0x13C03080,64,1,
AR,0,0x1820BF00,64,1,
AR,0,0xB76A080,64,1,
AR,0,0x893D880,64,1,
AR,0,0x58907300,64,1,
AR,0,0x4AEB2C40,64,1,
AR,0,0x4DB511C0,64,1,
AR,0,0x3D866480,64,1,
AR,0,0x5485F180,64,1,
AR,0,0x3E95F580,64,1,
AR,0,0x6E234EC0,64,1,
AR,0,0x52D8E840,64,1,
AR,0,0x17FC8AC0,64,1,
AR,0,0x23F16C80,64,1,
AR,0,0x4B1C4B80,64,1,
AR,0,0x642DFE80,64,1,
AR,0,0x16FC27C0,64,1,
AR,0,0x17DE6840,64,1,
AR,0,0xDE64E40,64,1,
AR,0,0x3BD096C0,64,1,
AR,0,0x1A4DCFC0,64,1,
AR,0,0x274F4140,64,1,
AR,0,0x1C9AA9C0,64,1,
AR,0,0x42014A80,64,1,
AR,0,0x65C3BAC0,64,1,
AR,0,0x3461AA00,64,1,
AR,0,0x48BA2740,64,1,
AR,0,0x30022C80,64,1,
AR,0,0xF6BB240,64,1,
AR,0,0x71D57A80,64,1,
AR,0,0x2BA76740,64,1,
AR,0,0x6415CB80,64,1,
AR,0,0x7F296100,64,1,
AR,0,0x151565C0,64,1,
AR,0,0x39E81380,64,1,
AR,0,0x71571080,64,1,
AR,0,0x2C356780,64,1,
AR,0,0xF27E80,64,1,
AR,0,0x7B567700,64,1,
AR,0,0xBE4E800,64,1,
AR,0,0x2E9C9480,64,1,
AR,0,0xF83BC0,64,1,
AR,0,0x4C7C57C0,64,1,
AR,0,0x1800A300,64,1,
AR,0,0x2A872100,64,1,
AR,0,0x5F1EB3C0,64,1,
AR,0,0x314A81C0,64,1,
AR,0,0x5A66E6C0,64,1,
AR,0,0x4DB90C00,64,1,
AR,0,0x1B266580,64,1,
AR,0,0x6E1D4F00,64,1,
AR,0,0x4EB02540,64,1,
AR,0,0x1B4DFC40,64,1,
AR,0,0xE7DA800,64,1,
AR,0,0x545C4980,64,1,
AR,0,0x4288A800,64,1,
AR,0,0x2FD48800,64,1,
AR,0,0x5507C700,64,1,
AR,0,0x32236340,64,1,
AR,0,0x54FA4200,64,1,
AR,0,0x43477F40,64,1,
AR,0,0x7876A840,64,1,
AR,0,0x1C08EC00,64,1,
AR,0,0x2D54FEC0,64,1,
AR,0,0x7BAA3A40,64,1,
AR,0,0x6F7C2AC0,64,1,
AR,0,0x2A615BC0,64,1,
AR,0,0x6C808A00,64,1,
AR,0,0x3206DE00,64,1,
AR,0,0x4D873B00,64,1,
AR,0,0x724737C0,64,1,
AR,0,0x58DD2940,64,1,
AR,0,0x2868AD40,64,1,
AR,0,0x3AC82300,64,1,
AR,0,0x2A2B1280,64,1,
AR,0,0x2B94E8C0,64,1,
AR,0,0x789078C0,64,1,
AR,0,0x7EC4E100,64,1,
AR,0,0x3D492280,64,1,
AR,0,0x67B5ED40,64,1,
AR,0,0x63C81B80,64,1,
AR,0,0x3E7866C0,64,1,
AR,0,0x3EDCF80,64,1,
AR,0,0x64E2AB00,64,1,
AR,0,0xC0340,64,1,
AR,0,0x61569C00,64,1,
AR,0,0x5A923800,64,1,
AR,0,0x10753CC0,64,1,
AR,0,0x66B65400,64,1,
AR,0,0x4C379680,64,1,
AR,0,0x65524880,64,1,
AR,0,0x67432880,64,1,
AR,0,0x7D988740,64,1,
AR,0,0x12EF440,64,1,
AR,0,0x3577C3C0,64,1,
AR,0,0x195421C0,64,1,
AR,0,0x6583E540,64,1,
AR,0,0x1F07FE40,64,1,
AR,0,0x8BD83C0,64,1,
AR,0,0x7CE69140,64,1,
AR,0,0x7333FE00,64,1,
AR,0,0x5BA99E40,64,1,
AR,0,0x5B7C5340,64,1,
AR,0,0xDE6E700,64,1,
AR,0,0x7A6504C0,64,1,
AR,0,0x24754C40,64,1,
AR,0,0x6C94A3C0,64,1,
AR,0,0x7CA8A380,64,1,
AR,0,0x90B9500,64,1,
AR,0,0x1B317540,64,1,
AR,0,0xE0F25C0,64,1,
AR,0,0x45570D80,64,1,
AR,0,0x37B8D140,64,1,
AR,0,0x68BE3300,64,1,
AR,0,0x4C80FAC0,64,1,
AR,0,0x4AA45C0,64,1,
AR,0,0x61AACD80,64,1,
AR,0,0x1C292FC0,64,1,
AR,0,0x6320DC0,64,1,
AR,0,0x73E4B500,64,1,
AR,0,0x33E440,64,1,
AR,0,0x77E89C80,64,1,
AR,0,0x4ACE98C0,64,1,
AR,0,0x50A125C0,64,1,
AR,0,0x56BF8880,64,1,
AR,0,0x49081B80,64,1,
AR,0,0x8AE4BC0,64,1,
AR,0,0x7F848140,64,1,
AR,0,0x5230D580,64,1,
AR,0,0x4B096240,64,1,
AR,0,0x2FB8EC80,64,1,
AR,0,0x50E27340,64,1,
AR,0,0x6D08BF40,64,1,
AR,0,0x1AA129C0,64,1,
AR,0,0x343BEBC0,64,1,
AR,0,0x5DA8EC00,64,1,
AR,0,0x589B3F00,64,1,
AR,0,0x7E3F8040,64,1,
AR,0,0x3207F8C0,64,1,
AR,0,0x46C2CE40,64,1,
AR,0,0x53261A80,64,1,
AR,0,0x332ACFC0,64,1,
AR,0,0x3BD84100,64,1,
AR,0,0x7BF2600,64,1,
AR,0,0x45D908C0,64,1,
AR,0,0x3D1752C0,64,1,
AR,0,0x3DE12C0,64,1,
AR,0,0x76E04000,64,1,
AR,0,0x2820DC40,64,1,
AR,0,0x12C68F00,64,1,
AR,0,0x7A283000,64,1,
AR,0,0x405565C0,64,1,
AR,0,0x35934B00,64,1,
AR,0,0x28F9C4C0,64,1,
AR,0,0x7C3B1640,64,1,
AR,0,0x3750E900,64,1,
AR,0,0x488B8900,64,1,
AR,0,0x35847B40,64,1,
AR,0,0x24F313C0,64,1,
AR,0,0x37977E40,64,1,
AR,0,0x123CD140,64,1,
AR,0,0x31524040,64,1,
AR,0,0x61DF81C0,64,1,
AR,0,0x4D269F40,64,1,
AR,0,0x69FE9A00,64,1,
AR,0,0x5A5EB940,64,1,
AR,0,0x2D6C3540,64,1,
AR,0,0x9C42480,64,1,
AR,0,0x4EC16380,64,1,
AR,0,0x7531D000,64,1,
AR,0,0xF58F580,64,1,
AR,0,0x66825680,64,1,
AR,0,0x47A60400,64,1,
AR,0,0x7437C440,64,1,
AR,0,0x592BF580,64,1,
AR,0,0x44061F40,64,1,
AR,0,0x47174FC0,64,1,
AR,0,0x690322C0,64,1,
AR,0,0x3EB31F40,64,1,
AR,0,0x32769580,64,1,
AR,0,0x3BC6C940,64,1,
AR,0,0x5FF13C00,64,1,
AR,0,0xC9005C0,64,1,
AR,0,0x15EDEB40,64,1,
AR,0,0x79CD4A40,64,1,
AR,0,0x739F1240,64,1,
AR,0,0x2A453EC0,64,1,
AR,0,0x21BB9D00,64,1,
AR,0,0xAFDEAC0,64,1,
AR,0,0x3A451B80,64,1,
AR,0,0x180441C0,64,1,
AR,0,0x1770D00,64,1,
AR,0,0x4E92AB00,64,1,
AR,0,0x4898DB40,64,1,
AR,0,0x68360840,64,1,
AR,0,0x57DF2DC0,64,1,
AR,0,0x58FBF880,64,1,
AR,0,0x1CD58500,64,1,
AR,0,0x4ADD0F00,64,1,
AR,0,0x1E856780,64,1,
AR,0,0x22B03800,64,1,
AR,0,0x5A6971C0,64,1,
AR,0,0x588EDCC0,64,1,
AR,0,0x56EA0040,64,1,
AR,0,0x434B3600,64,1,
AR,0,0x5A34BC00,64,1,
AR,0,0x56796780,64,1,
AR,0,0x562F6580,64,1,
AR,0,0x5C252700,64,1,
AR,0,0x175745C0,64,1,
AR,0,0x7F2CF880,64,1,
AR,0,0x53D31D00,64,1,
AR,0,0x4E02C880,64,1,
AR,0,0x5D647840,64,1,
AR,0,0x5FFF1580,64,1,
AR,0,0x6EAEBB80,64,1,
AR,0,0x716FC400,64,1,
AR,0,0xD504BC0,64,1,
AR,0,0x20C47F80,64,1,
AR,0,0x628A3EC0,64,1,
AR,0,0x1608A140,64,1,
AR,0,0xA068840,64,1,
AR,0,0xCF7FE40,64,1,
AR,0,0x2AC7CB00,64,1,
AR,0,0x70E42DC0,64,1,
AR,0,0x19C45E80,64,1,
AR,0,0x1DD70240,64,1,
AR,0,0x308B4E00,64,1,
AR,0,0x63AEE700,64,1,
AR,0,0x595D9380,64,1,
AR,0,0x2C4CC640,64,1,
AR,0,0x3AD47300,64,1,
AR,0,0x13E6EB00,64,1,
AR,0,0x75E2DC40,64,1,
AR,0,0x596E6F00,64,1,
AR,0,0x612CEC0,64,1,
AR,0,0x23317640,64,1,
AR,0,0x6E18E500,64,1,
AR,0,0x48987E80,64,1,
AR,0,0x45F73740,64,1,
AR,0,0x749DB740,64,1,
AR,0,0x690CF180,64,1,
AR,0,0x9372900,64,1,
AR,0,0xB12D780,64,1,
AR,0,0x3C1DAA80,64,1,
AR,0,0x61265B00,64,1,
AR,0,0x67C38B40,64,1,
AR,0,0x56843040,64,1,
AR,0,0x66FFBFC0,64,1,
AR,0,0x3B1323C0,64,1,
AR,0,0x4EF16180,64,1,
AR,0,0xE76BA00,64,1,
AR,0,0x27630800,64,1,
AR,0,0x6E76F780,64,1,
AR,0,0x5D826840,64,1,
AR,0,0x6C3B2780,64,1,
AR,0,0x4F10B680,64,1,
AR,0,0x3ECD8B00,64,1,
AR,0,0x71FBAF40,64,1,
AR,0,0x463E15C0,64,1,
AR,0,0x512F8880,64,1,
AR,0,0x16721480,64,1,
AR,0,0x10288000,64,1,
AR,0,0x73F6A080,64,1,
AR,0,0x5F108F40,64,1,
AR,0,0x59479DC0,64,1,
AR,0,0x6CE84580,64,1,
AR,0,0x3D437440,64,1,
AR,0,0x486F4200,64,1,
AR,0,0x3B0DEF40,64,1,
AR,0,0x40C0CF00,64,1,
AR,0,0x290B4A80,64,1,
AR,0,0x7A357440,64,1,
AR,0,0x182F9A40,64,1,
AR,0,0x4CBC2900,64,1,
AR,0,0x6183E440,64,1,
AR,0,0x6B8DDF00,64,1,
AR,0,0x74171580,64,1,
AR,0,0x4636A940,64,1,
AR,0,0x766F82C0,64,1,
AR,0,0x56EF7D80,64,1,
AR,0,0x3E3B5F40,64,1,
AR,0,0x53DD3000,64,1,
AR,0,0x1A794A00,64,1,
AR,0,0x4FD1DA40,64,1,
AR,0,0x41A83B40,64,1,
AR,0,0x27519440,64,1,
AR,0,0x2A382300,64,1,
AR,0,0x79AF02C0,64,1,
AR,0,0x91DFFC0,64,1,
AR,0,0xC29A380,64,1,
AR,0,0x43353940,64,1,
AR,0,0x2E56C940,64,1,
AR,0,0x55E2BC0,64,1,
AR,0,0x6648CF40,64,1,
AR,0,0x7DFBCD00,64,1,
AR,0,0x1CBFE980,64,1,
AR,0,0x527770C0,64,1,
AR,0,0xCB3E280,64,1,
AR,0,0x5AB44C0,64,1,
AR,0,0xC6E06C0,64,1,
AR,0,0x3CD4C0,64,1,
AR,0,0x32C6CC80,64,1,
AR,0,0x62D54580,64,1,
AR,0,0x40373200,64,1,
AR,0,0x4C777980,64,1,
AR,0,0x6EBE7380,64,1,
AR,0,0x4BE49900,64,1,
AR,0,0x7B44FA00,64,1,
AR,0,0x4CEFE240,64,1,
AR,0,0x4A839F40,64,1,
AR,0,0x43D4000,64,1,
AR,0,0x6E7D1C00,64,1,
AR,0,0x38FB78C0,64,1,
AR,0,0x49929600,64,1,
AR,0,0x3E30A000,64,1,
AR,0,0x4F7ECB80,64,1,
AR,0,0x43200140,64,1,
AR,0,0x55701200,64,1,
AR,0,0x15A12340,64,1,
AR,0,0x161EAD40,64,1,
AR,0,0x498A0C0,64,1,
AR,0,0x7D7A40,64,1,
AR,0,0x69F42580,64,1,
AR,0,0x4175D400,64,1,
AR,0,0x32AAA880,64,1,
AR,0,0x2F2AEF80,64,1,
AR,0,0x7AEBF480,64,1,
AR,0,0x62D60E00,64,1,
AR,0,0x78C70D40,64,1,
AR,0,0x3C9FFE80,64,1,
AR,0,0x403F2F00,64,1,
AR,0,0x7BB83A80,64,1,
AR,0,0x34F23080,64,1,
AR,0,0x54AFC540,64,1,
AR,0,0x433D8D00,64,1,
AR,0,0x4FD32BC0,64,1,
AR,0,0x2C5A73C0,64,1,
AR,0,0x4C62F400,64,1,
AR,0,0x34364040,64,1,
AR,0,0x41CC38C0,64,1,
AR,0,0x12242300,64,1,
AR,0,0x49834D00,64,1,
AR,0,0x317FAEC0,64,1,
AR,0,0x390E4EC0,64,1,
AR,0,0x2F603FC0,64,1,
AR,0,0x6387B780,64,1,
AR,0,0x53A34DC0,64,1,
AR,0,0x6D3C40C0,64,1,
AR,0,0x61C8E000,64,1,
AR,0,0xBDE7D40,64,1,
AR,0,0x1ABD5B00,64,1,
AR,0,0x54C5DD00,64,1,
AR,0,0x5FB59980,64,1,
AR,0,0x644B1E40,64,1,
AR,0,0x65520100,64,1,
AR,0,0x7B5AC840,64,1,
AR,0,0x655F27C0,64,1,
AR,0,0x6A672D80,64,1,
AR,0,0x2C0C0600,64,1,
AR,0,0x484FC0,64,1,
AR,0,0x4B2F3800,64,1,
AR,0,0x1F608AC0,64,1,
AR,0,0x14773AC0,64,1,
AR,0,0x2139D640,64,1,
AR,0,0x23FCA100,64,1,
AR,0,0x70ED2680,64,1,
AR,0,0x470CE780,64,1,
AR,0,0x62047A40,64,1,
AR,0,0x589DDA40,64,1,
AR,0,0x45454B40,64,1,
AR,0,0x7B31FBC0,64,1,
AR,0,0x4C3C8880,64,1,
AR,0,0x3C572B80,64,1,
AR,0,0x238D6D40,64,1,
AR,0,0x5DC3AD00,64,1,
AR,0,0x37DDA580,64,1,
AR,0,0x1491F680,64,1,
AR,0,0x6F4A4140,64,1,
AR,0,0x2AB8F6C0,64,1,
AR,0,0x78D1AC00,64,1,
AR,0,0x1346B000,64,1,
AR,0,0x1D495C0,64,1,
AR,0,0x1D8C4840,64,1,
AR,0,0x5C5FA500,64,1,
AR,0,0x345C7E40,64,1,
AR,0,0x158C2D80,64,1,
AR,0,0x52291140,64,1,
AR,0,0x63CF3080,64,1,
AR,0,0x6E692700,64,1,
AR,0,0x7D64F440,64,1,
AR,0,0x39D068C0,64,1,
AR,0,0x3B39FFC0,64,1,
AR,0,0x70E68DC0,64,1,
AR,0,0xCE2EFC0,64,1,
AR,0,0x66EB0980,64,1,
AR,0,0x402FB140,64,1,
AR,0,0x3267B8C0,64,1,
AR,0,0x52CF89C0,64,1,
AR,0,0x1DD37540,64,1,
AR,0,0x30117D00,64,1,
AR,0,0x43B38940,64,1,
AR,0,0x2CAE7180,64,1,
AR,0,0x66AE4CC0,64,1,
AR,0,0x6E5E8CC0,64,1,
AR,0,0x6A593800,64,1,
AR,0,0x7F5FA800,64,1,
AR,0,0x193680C0,64,1,
AR,0,0x400DE580,64,1,
AR,0,0x3F756C00,64,1,
AR,0,0x608DF280,64,1,
AR,0,0x2409C400,64,1,
AR,0,0x4CAD06C0,64,1,
AR,0,0x7070B340,64,1,
AR,0,0x155A6240,64,1,
AR,0,0x3409C700,64,1,
AR,0,0x6B7F94C0,64,1,
AR,0,0x40670800,64,1,
AR,0,0x29D4F500,64,1,
AR,0,0xE9604C0,64,1,
AR,0,0x6BFCBA00,64,1,
AR,0,0x70BB8140,64,1,
AR,0,0x418D0680,64,1,
AR,0,0x6053B900,64,1,
AR,0,0x299E7EC0,64,1,
AR,0,0x69208AC0,64,1,
AR,0,0x2C710340,64,1,
AR,0,0x360BE080,64,1,
AR,0,0xF423C80,64,1,
AR,0,0x54F5FB40,64,1,
AR,0,0x43020B00,64,1,
AR,0,0x1A7B7DC0,64,1,
AR,0,0x3BEBB1C0,64,1,
AR,0,0x396CE3C0,64,1,
AR,0,0x73862C40,64,1,
AR,0,0x783C100,64,1,
AR,0,0x707F2900,64,1,
AR,0,0xEDE1280,64,1,
AR,0,0x187B1080,64,1,
AR,0,0x6E331EC0,64,1,
AR,0,0x3B77F1C0,64,1,
AR,0,0x2D079280,64,1,
AR,0,0x4C062100,64,1,
AR,0,0x63E29E80,64,1,
AR,0,0x6795EF00,64,1,
AR,0,0xDF407C0,64,1,
AR,0,0x4129DA80,64,1,
AR,0,0x60293940,64,1,
AR,0,0x79AEFA00,64,1,
AR,0,0x4FF6F0C0,64,1,
AR,0,0x3BC88640,64,1,
AR,0,0x3FF5A200,64,1,
AR,0,0x1D64AE00,64,1,
AR,0,0x11F8D9C0,64,1,
AR,0,0x4F7A5F40,64,1,
AR,0,0x7683900,64,1,
AR,0,0xCD81F00,64,1,
AR,0,0x51EC5200,64,1,
AR,0,0x5F2B3680,64,1,
AR,0,0x87AB300,64,1,
AR,0,0x5B882040,64,1,
AR,0,0x46FC67C0,64,1,
AR,0,0x781E6880,64,1,
AR,0,0x54EE9280,64,1,
AR,0,0x49F380C0,64,1,
AR,0,0x6ECE2D80,64,1,
AR,0,0x6F17E1C0,64,1,
AR,0,0x56BF4400,64,1,
AR,0,0x3C50900,64,1,
AR,0,0x175FE400,64,1,
AR,0,0x75988A40,64,1,
AR,0,0x716D6640,64,1,
AR,0,0x48C7C580,64,1,
AR,0,0x220E13C0,64,1,
AR,0,0xEB2B280,64,1,
AR,0,0xB9CAF40,64,1,
AR,0,0x1B3EE4C0,64,1,
AR,0,0x6760E900,64,1,
AR,0,0x1C099B40,64,1,
AR,0,0x3C8E42C0,64,1,
AR,0,0x49C85380,64,1,
AR,0,0x6F096840,64,1,
AR,0,0x30446480,64,1,
AR,0,0x60F5D80,64,1,
AR,0,0x4856AB80,64,1,
AR,0,0xABB7400,64,1,
AR,0,0x22EA3C40,64,1,
AR,0,0x269A7700,64,1,
AR,0,0x9085680,64,1,
AR,0,0x696DAE80,64,1,
AR,0,0x31A28040,64,1,
AR,0,0x5B8B600,64,1,
AR,0,0x6E6D3AC0,64,1,
AR,0,0x44820F40,64,1,
AR,0,0x6DAA6B80,64,1,
AR,0,0x47384C0,64,1,
AR,0,0x7DE47680,64,1,
AR,0,0x150CBE80,64,1,
AR,0,0x13034300,64,1,
AR,0,0x1F309600,64,1,
AR,0,0x6213AB40,64,1,
AR,0,0x2E0B240,64,1,
AR,0,0x72149800,64,1,
AR,0,0x41B1D140,64,1,
AR,0,0x37BD0140,64,1,
AR,0,0x8F76200,64,1,
AR,0,0x59891440,64,1,
AR,0,0x24A6A200,64,1,
AR,0,0x50D12980,64,1,
AR,0,0x32253D40,64,1,
AR,0,0x271123C0,64,1,
AR,0,0x20499C40,64,1,
AR,0,0x27757480,64,1,
AR,0,0x6AF2AB00,64,1,
AR,0,0xEBC4D00,64,1,
AR,0,0x771B50C0,64,1,
AR,0,0x211321C0,64,1,
AR,0,0x34CCF9C0,64,1,
AR,0,0x596BD080,64,1,
AR,0,0x4EBBA840,64,1,
AR,0,0x2105C400,64,1,
AR,0,0x7EAD3C0,64,1,
AR,0,0x159A7C80,64,1,
AR,0,0x5F30F500,64,1,
AR,0,0x25BA7D80,64,1,
AR,0,0x58C639C0,64,1,
AR,0,0x420F1880,64,1,
AR,0,0x7BABB380,64,1,
AR,0,0x64EE7040,64,1,
AR,0,0x2E0298C0,64,1,
AR,0,0x6F14E40,64,1,
AR,0,0x3DA36840,64,1,
AR,0,0x5AC86CC0,64,1,
AR,0,0x567D0C00,64,1,
AR,0,0x3B731280,64,1,
AR,0,0x69701980,64,1,
AR,0,0x7EA38540,64,1,
AR,0,0x5404C680,64,1,
AR,0,0x73A1A640,64,1,
AR,0,0x45DE2F80,64,1,
AR,0,0x8CFBDC0,64,1,
AR,0,0xD36F080,64,1,
AR,0,0x6E871B00,64,1,
AR,0,0x6F2078C0,64,1,
AR,0,0x71F4DA40,64,1,
AR,0,0x3FAC3100,64,1,
AR,0,0x2A7E9500,64,1,
AR,0,0x45921A80,64,1,
AR,0,0x27060C80,64,1,
AR,0,0x7CE0AB00,64,1,
AR,0,0x14102180,64,1,
AR,0,0x4BCA3840,64,1,
AR,0,0x102C8340,64,1,
AR,0,0xC695940,64,1,
AR,0,0x4F3C4780,64,1,
AR,0,0x5CD96EC0,64,1,
AR,0,0x613B2F00,64,1,
AR,0,0x418F9740,64,1,
AR,0,0xA5A2A40,64,1,
AR,0,0x30562B00,64,1,
AR,0,0x2F403A00,64,1,
AR,0,0x43A1D500,64,1,
AR,0,0x32E62D00,64,1,
AR,0,0x57519E00,64,1,
AR,0,0x9DE1540,64,1,
AR,0,0x75026140,64,1,
AR,0,0x3A5B4A40,64,1,
AR,0,0x7D875440,64,1,
AR,0,0x658A040,64,1,
AR,0,0x3718EC00,64,1,
AR,0,0x3F522340,64,1,
AR,0,0x79186AC0,64,1,
AR,0,0x7FEE0380,64,1,
AR,0,0x41709BC0,64,1,
AR,0,0x5F4A1EC0,64,1,
AR,0,0x1D2501C0,64,1,
AR,0,0x1E8AB040,64,1,
AR,0,0x401FFDC0,64,1,
AR,0,0x1CD9A4C0,64,1,
AR,0,0x55F52180,64,1,
AR,0,0x3DC67080,64,1,
AR,0,0x4A27E40,64,1,
AR,0,0x6A9A8B00,64,1,
AR,0,0xB4F0E80,64,1,
AR,0,0x6B7D5380,64,1,
AR,0,0x10D4F500,64,1,
AR,0,0x4B429100,64,1,
AR,0,0x2DEA35C0,64,1,
AR,0,0x3DBC0B00,64,1,
AR,0,0x76E6FD40,64,1,
AR,0,0x78DA5580,64,1,
AR,0,0x5A3F1CC0,64,1,
AR,0,0x73881B40,64,1,
AR,0,0x27327200,64,1,
AR,0,0x2F486880,64,1,
AR,0,0x5B5D3100,64,1,
AR,0,0x13436400,64,1,
AR,0,0x15FB8840,64,1,
AR,0,0x54AD10C0,64,1,
AR,0,0x5E0A0040,64,1,
AR,0,0xA714D00,64,1,
AR,0,0x37C566C0,64,1,
AR,0,0x68DD8100,64,1,
AR,0,0x3F754C0,64,1,
AR,0,0x46B67F40,64,1,
AR,0,0x25E2FA40,64,1,
AR,0,0x30F49B40,64,1,
AR,0,0x5DA668C0,64,1,
AR,0,0x5420800,64,1,
AR,0,0x1BDB8B40,64,1,
AR,0,0x725B0880,64,1,
AR,0,0xFFDBC40,64,1,
AR,0,0xBC71940,64,1,
AR,0,0x492DAC80,64,1,
AR,0,0x64F26E40,64,1,
AR,0,0x4C860900,64,1,
AR,0,0x63C00D80,64,1,
AR,0,0x35EA7140,64,1,
AR,0,0x7DE76840,64,1,
AR,0,0xB691500,64,1,
AR,0,0x960C500,64,1,
AR,0,0x162032C0,64,1,
AR,0,0x41E6D500,64,1,
AR,0,0x760228C0,64,1,
AR,0,0xF2ED780,64,1,
AR,0,0x64FD00,64,1,
AR,0,0x77F5F880,64,1,
AR,0,0x79603E00,64,1,
AR,0,0x78711E80,64,1,
AR,0,0x6FE5F080,64,1,
AR,0,0xC8F2A40,64,1,
AR,0,0x26F08B40,64,1,
AR,0,0x4B560300,64,1,
AR,0,0x5D71BA80,64,1,
AR,0,0x1FA1C7C0,64,1,
AR,0,0x746B3400,64,1,
AR,0,0x1E1E3A00,64,1,
AR,0,0x3A9DAA00,64,1,
AR,0,0x632C2CC0,64,1,
AR,0,0x6BF0B80,64,1,
AR,0,0x12E2C100,64,1,
AR,0,0x57D4D200,64,1,
AR,0,0x6FA09BC0,64,1,
AR,0,0x5BE1BF40,64,1,
AR,0,0x7EE51880,64,1,
AR,0,0x493D2980,64,1,
AR,0,0x15D68880,64,1,
AR,0,0x18E82940,64,1,
AR,0,0x129DEC80,64,1,
AR,0,0x72616080,64,1,
AR,0,0x749C4100,64,1,
AR,0,0x47883C40,64,1,
AR,0,0x718C6A80,64,1,
AR,0,0x3E534740,64,1,
AR,0,0x5862BE80,64,1,
AR,0,0x5985FFC0,64,1,
AR,0,0xE519D80,64,1,
AR,0,0x37849880,64,1,
AR,0,0x53FFAB40,64,1,
AR,0,0x2C61B400,64,1,
AR,0,0x7A8C2000,64,1,
AR,0,0x20820100,64,1,
AR,0,0x3697AB40,64,1,
AR,0,0x27F0CAC0,64,1,
AR,0,0x70689500,64,1,
AR,0,0x36B65AC0,64,1,
AR,0,0x54EC64C0,64,1,
AR,0,0x2E7E3200,64,1,
AR,0,0xF614580,64,1,
AR,0,0x2BB1BC80,64,1,
AR,0,0xACD08C0,64,1,
AR,0,0x64073040,64,1,
AR,0,0x6340A040,64,1,
AR,0,0x632BED80,64,1,
AR,0,0x74744D00,64,1,
AR,0,0x19BEEC0,64,1,
AR,0,0x434084C0,64,1,
AR,0,0x6DA88940,64,1,
AR,0,0x38127380,64,1,
AR,0,0x1CEDFAC0,64,1,
AR,0,0x6CE82680,64,1,
AR,0,0xC0F0E40,64,1,
AR,0,0x6ED4B2C0,64,1,
AR,0,0x12166D80,64,1,
AR,0,0x1ED928C0,64,1,
AR,0,0x5BA8F9C0,64,1,
AR,0,0x69CCA1C0,64,1,
AR,0,0x957D700,64,1,
AR,0,0x7EBF69C0,64,1,
AR,0,0x2952E0C0,64,1,
AR,0,0x15E36540,64,1,
AR,0,0xEBD2840,64,1,
AR,0,0x779FE980,64,1,
AR,0,0x757126C0,64,1,
AR,0,0x576EBB00,64,1,
AR,0,0x23F0EB40,64,1,
AR,0,0x3888A500,64,1,
AR,0,0x74462BC0,64,1,
AR,0,0x35DD7500,64,1,
AR,0,0x3648BD80,64,1,
AR,0,0x79C4E080,64,1,
AR,0,0x2D709000,64,1,
AR,0,0x9E1F140,64,1,
AR,0,0x432D400,64,1,
AR,0,0x4F481B00,64,1,
AR,0,0x2413E0C0,64,1,
AR,0,0x462AFB40,64,1,
AR,0,0x566D680,64,1,
AR,0,0x50BFB80,64,1,
AR,0,0x5DFFD4C0,64,1,
AR,0,0x15B6CE40,64,1,
AR,0,0x3220A9C0,64,1,
AR,0,0x447F5680,64,1,
AR,0,0x3CFD2BC0,64,1,
AR,0,0x1C6C6F00,64,1,
AR,0,0x77F3340,64,1,
AR,0,0x47DBEFC0,64,1,
AR,0,0x6E1CA940,64,1,
AR,0,0x6FEAF000,64,1,
AR,0,0x1F4D3300,64,1,
AR,0,0x297E5680,64,1,
AR,0,0x16582BC0,64,1,
AR,0,0x2A5DBB40,64,1,
AR,0,0x60CC5200,64,1,
AR,0,0x4DBE3340,64,1,
AR,0,0x6E940BC0,64,1,
AR,0,0x2F8C4300,64,1,
AR,0,0x21CC5300,64,1,
AR,0,0x778B23C0,64,1,
AR,0,0x500FD00,64,1,
AR,0,0x70028900,64,1,
AR,0,0xE2D3100,64,1,
AR,0,0x351BBCC0,64,1,
AR,0,0x2297A00,64,1,
AR,0,0x4B993040,64,1,
AR,0,0x7EA11080,64,1,
AR,0,0x226D50C0,64,1,
AR,0,0x2C4CF300,64,1,
AR,0,0x6C7EEBC0,64,1,
AR,0,0x21D88600,64,1,
AR,0,0x23F6240,64,1,
AR,0,0x7258C840,64,1,
AR,0,0x7149000,64,1,
AR,0,0x44D05280,64,1,
AR,0,0x34903780,64,1,
AR,0,0x1AEBB80,64,1,
AR,0,0xA70F1C0,64,1,
AR,0,0xD199980,64,1,
AR,0,0x37B079C0,64,1,
AR,0,0x7965440,64,1,
AR,0,0x3C65AB80,64,1,
AR,0,0x54128700,64,1,
AR,0,0x669D6180,64,1,
AR,0,0x62B2A840,64,1,
AR,0,0x5E2B6440,64,1,
AR,0,0x160A740,64,1,
AR,0,0xB0FFE80,64,1,
AR,0,0x2ADB7F40,64,1,
AR,0,0x11F10480,64,1,
AR,0,0x4160FB00,64,1,
AR,0,0x5F796740,64,1,
AR,0,0x6A098380,64,1,
AR,0,0x4A9160C0,64,1,
AR,0,0x3EB93F40,64,1,
AR,0,0x6C28E440,64,1,
AR,0,0x78E8BBC0,64,1,
AR,0,0x3BA71CC0,64,1,
AR,0,0x3F239580,64,1,
AR,0,0x7361B780,64,1,
AR,0,0x37DB2DC0,64,1,
AR,0,0x4E5E5880,64,1,
AR,0,0x254DB100,64,1,
AR,0,0x3D5A69C0,64,1,
AR,0,0x1AA00000,64,1,
AR,0,0x7D7C01C0,64,1,
AR,0,0x39060440,64,1,
AR,0,0x631A2FC0,64,1,
AR,0,0x290DB800,64,1,
AR,0,0x51576BC0,64,1,
AR,0,0xAC3EC80,64,1,
AR,0,0x598A31C0,64,1,
AR,0,0xC7F2580,64,1,
AR,0,0x10DDE200,64,1,
AR,0,0x1E8D28C0,64,1,
AR,0,0x17571E40,64,1,
AR,0,0x7EAED6C0,64,1,
AR,0,0x55530600,64,1,
AR,0,0xC5BA200,64,1,
AR,0,0xE24AA00,64,1,
AR,0,0x677E8880,64,1,
AR,0,0x58FB9800,64,1,
AR,0,0x511BBC80,64,1,
AR,0,0x34AC4C40,64,1,
AR,0,0x64F94EC0,64,1,
AR,0,0x386B2300,64,1,
AR,0,0x7ACBA4C0,64,1,
AR,0,0x763DC340,64,1,
AR,0,0x53FA4580,64,1,
AR,0,0x6EC6A9C0,64,1,
AR,0,0x1784B700,64,1,
AR,0,0x434F800,64,1,
AR,0,0x2BE37540,64,1,
AR,0,0x5E669980,64,1,
AR,0,0x3D92B800,64,1,
AR,0,0xEA35100,64,1,
AR,0,0x5B009400,64,1,
AR,0,0x53FFE440,64,1,
AR,0,0xB87F880,64,1,
AR,0,0x32F42F40,64,1,
AR,0,0x79BBF8C0,64,1,
AR,0,0x41E76280,64,1,
AR,0,0x3F0AFBC0,64,1,
AR,0,0xEC67BC0,64,1,
AR,0,0x31330D40,64,1,
AR,0,0x24536DC0,64,1,
AR,0,0x5D3719C0,64,1,
AR,0,0x4AC9DC00,64,1,
AR,0,0x33B3E300,64,1,
AR,0,0x60CFD880,64,1,
AR,0,0x68F42880,64,1,
AR,0,0x360B8540,64,1,
AR,0,0x50C826C0,64,1,
AR,0,0x22B9D700,64,1,
AR,0,0x497A1280,64,1,
AR,0,0x4C17EDC0,64,1,
AR,0,0x2D8D3C40,64,1,
AR,0,0x41508A80,64,1,
AR,0,0x4FDC9D00,64,1,
AR,0,0x3BAFCE00,64,1,
AR,0,0x4532C600,64,1,
AR,0,0x50487A80,64,1,
AR,0,0x27929200,64,1,
AR,0,0x16457B80,64,1,
AR,0,0x7ED9BFC0,64,1,
AR,0,0x69046440,64,1,
AR,0,0x21F91100,64,1,
AR,0,0x5D8E6B80,64,1,
AR,0,0x64349CC0,64,1,
AR,0,0x6BD3C00,64,1,
AR,0,0x25068080,64,1,
AR,0,0x51C45C00,64,1,
AR,0,0x1BC1D380,64,1,
AR,0,0x18628E40,64,1,
AR,0,0x385B63C0,64,1,
AR,0,0x693CDDC0,64,1,
AR,0,0x3DF1E600,64,1,
AR,0,0x64E982C0,64,1,
AR,0,0x1EDB2600,64,1,
AR,0,0x29C9BC00,64,1,
AR,0,0x144E5780,64,1,
AR,0,0x31B5A380,64,1,
AR,0,0x46779BC0,64,1,
AR,0,0x5E046640,64,1,
AR,0,0x1AEF3F40,64,1,
AR,0,0x74572C80,64,1,
AR,0,0x5D37D300,64,1,
AR,0,0x135C6B40,64,1,
AR,0,0x764E7C0,64,1,
AR,0,0x7AEF8EC0,64,1,
AR,0,0x6F879E40,64,1,
AR,0,0x15024C80,64,1,
AR,0,0xD4187C0,64,1,
AR,0,0x26E10580,64,1,
AR,0,0x1DB5C3C0,64,1,
AR,0,0x46A52B00,64,1,
AR,0,0x466AE700,64,1,
AR,0,0x7871A700,64,1,
AR,0,0x11479980,64,1,
AR,0,0x783AE580,64,1,
AR,0,0x55D128C0,64,1,
AR,0,0x77684740,64,1,
AR,0,0x2EC82700,64,1,
AR,0,0x7D9F1180,64,1,
AR,0,0x70D4FB40,64,1,
AR,0,0x27B26C40,64,1,
AR,0,0x6AFB5A80,64,1,
AR,0,0x57C98A00,64,1,
AR,0,0x5232A9C0,64,1,
AR,0,0x535A8180,64,1,
AR,0,0x6157D680,64,1,
AR,0,0x7E913880,64,1,
AR,0,0x7163B040,64,1,
AR,0,0x5B269640,64,1,
AR,0,0x5B950900,64,1,
AR,0,0x1CD3BFC0,64,1,
AR,0,0x30AB37C0,64,1,
AR,0,0x7A885080,64,1,
AR,0,0x761F5980,64,1,
AR,0,0x62703F40,64,1,
AR,0,0x5BAF9840,64,1,
AR,0,0x44B30480,64,1,
AR,0,0x5CB4D900,64,1,
AR,0,0x18E0C400,64,1,
AR,0,0x4A8D9980,64,1,
AR,0,0x61263B40,64,1,
AR,0,0x635A3940,64,1,
AR,0,0x4FD6DE40,64,1,
AR,0,0x1ACC9A40,64,1,
AR,0,0x45097B00,64,1,
AR,0,0x3E344B80,64,1,
AR,0,0x4B314C00,64,1,
AR,0,0x5FE01C80,64,1,
AR,0,0xC1F1E00,64,1,
AR,0,0x316B8780,64,1,
AR,0,0x6E41B1C0,64,1,
AR,0,0x20B21B00,64,1,
AR,0,0x78A40C80,64,1,
AR,0,0x68CB8280,64,1,
AR,0,0x674EC9C0,64,1,
AR,0,0x2F7B3040,64,1,
AR,0,0x3AB94C0,64,1,
AR,0,0x7E4FBA00,64,1,
AR,0,0x5549D00,64,1,
AR,0,0x79D94940,64,1,
AR,0,0x26B37580,64,1,
AR,0,0x31810340,64,1,
AR,0,0x1C06B8C0,64,1,
AR,0,0x3C77BD80,64,1,
AR,0,0x5314EAC0,64,1,
AR,0,0x3FB2AA00,64,1,
AR,0,0x76F8A800,64,1,
AR,0,0x65E12940,64,1,
AR,0,0x137CB700,64,1,
AR,0,0x2400FDC0,64,1,
AR,0,0x714682C0,64,1,
AR,0,0x2360C5C0,64,1,
AR,0,0x586D3880,64,1,
AR,0,0x79B090C0,64,1,
AR,0,0x7608FC80,64,1,
AR,0,0x125DEB00,64,1,
AR,0,0x4AAAB100,64,1,
AR,0,0xA55D7C0,64,1,
AR,0,0x27D05400,64,1,
AR,0,0x405A8100,64,1,
AR,0,0x3BC27940,64,1,
AR,0,0x5F9559C0,64,1,
AR,0,0x7E1DC400,64,1,
AR,0,0x5A43AF00,64,1,
AR,0,0x37A9880,64,1,
AR,0,0x6D0D4280,64,1,
AR,0,0x6EA9C980,64,1,
AR,0,0x31EFD80,64,1,
AR,0,0x1CF09840,64,1,
AR,0,0x7EED8240,64,1,
AR,0,0x2AFCEFC0,64,1,
AR,0,0xD392940,64,1,
AR,0,0x70FEA500,64,1,
AR,0,0x59809EC0,64,1,
AR,0,0x57B3C400,64,1,
AR,0,0x68BA3980,64,1,
AR,0,0x21DFA040,64,1,
AR,0,0x4A240700,64,1,
AR,0,0x39A4A140,64,1,
AR,0,0xDC97300,64,1,
AR,0,0x54B27B80,64,1,
AR,0,0x4441C700,64,1,
AR,0,0x146FCC80,64,1,
AR,0,0x3662D5C0,64,1,
AR,0,0x16F88200,64,1,
AR,0,0x1C8E91C0,64,1,
AR,0,0x6B31CF00,64,1,
AR,0,0x4BC2F6C0,64,1,
AR,0,0x5E217640,64,1,
AR,0,0x54BBA500,64,1,
AR,0,0x54146340,64,1,
AR,0,0x55BE40,64,1,
AR,0,0x1552540,64,1,
AR,0,0x27A13380,64,1,
AR,0,0x7FA8E940,64,1,
AR,0,0x25909A40,64,1,
AR,0,0x74611280,64,1,
AR,0,0x3BAD2280,64,1,
AR,0,0x50574600,64,1,
AR,0,0x35879AC0,64,1,
AR,0,0x2030C880,64,1,
AR,0,0x312275C0,64,1,
AR,0,0x778ECAC0,64,1,
AR,0,0x4D1F2CC0,64,1,
AR,0,0x16BA8840,64,1,
AR,0,0x20AA1440,64,1,
AR,0,0x33843B40,64,1,
AR,0,0x6A3B7280,64,1,
AR,0,0x2A0D0800,64,1,
AR,0,0x59547C40,64,1,
AR,0,0x4E1EEF40,64,1,
AR,0,0x34A8AD80,64,1,
AR,0,0x4A46BD00,64,1,
AR,0,0x945C780,64,1,
AR,0,0x22712900,64,1,
AR,0,0x1BA7A380,64,1,
AR,0,0x2CA74780,64,1,
AR,0,0x32753980,64,1,
AR,0,0x20B20280,64,1,
AR,0,0x4FE62F00,64,1,
AR,0,0x7FD09140,64,1,
AR,0,0x269AB4C0,64,1,
AR,0,0x4AA65A40,64,1,
AR,0,0x5BF64300,64,1,
AR,0,0x36229A40,64,1,
AR,0,0xAB7D80,64,1,
AR,0,0x1BA61D40,64,1,
AR,0,0x1DACF840,64,1,
AR,0,0x5583CD00,64,1,
AR,0,0x40CFAC00,64,1,
AR,0,0x70C49A80,64,1,
AR,0,0x74E8FF40,64,1,
AR,0,0x4CBCBA40,64,1,
AR,0,0x1A05B7C0,64,1,
AR,0,0x1A01A8C0,64,1,
AR,0,0x1C7909C0,64,1,
AR,0,0x6C5BBE00,64,1,
AR,0,0x2AE98640,64,1,
AR,0,0xE137700,64,1,
AR,0,0x3FA7DB40,64,1,
AR,0,0x3A2A0AC0,64,1,
AR,0,0x1CCEE080,64,1,
AR,0,0x6E6BB8C0,64,1,
AR,0,0x61B5280,64,1,
AR,0,0x3BA50000,64,1,
AR,0,0x582E0040,64,1,
AR,0,0x2C9150C0,64,1,
AR,0,0x3FD27600,64,1,
AR,0,0x3B9630C0,64,1,
AR,0,0x2202DDC0,64,1,
AR,0,0x4461DC00,64,1,
AR,0,0x889BD80,64,1,
AR,0,0x2B12BB40,64,1,
AR,0,0x2DBDEC00,64,1,
AR,0,0x5E5E1F80,64,1,
AR,0,0x677A1AC0,64,1,
AR,0,0x78AD4080,64,1,
AR,0,0x608B1F40,64,1,
AR,0,0x255CCB40,64,1,
AR,0,0x527AE00,64,1,
AR,0,0x3DA1C40,64,1,
AR,0,0x6A9F5200,64,1,
AR,0,0x1489AFC0,64,1,
AR,0,0x8482C0,64,1,
AR,0,0x26861BC0,64,1,
AR,0,0x423AE340,64,1,
AR,0,0x638C2000,64,1,
AR,0,0x7EE3B300,64,1,
AR,0,0x4D17B2C0,64,1,
AR,0,0x53986DC0,64,1,
AR,0,0x57EFEBC0,64,1,
AR,0,0x8090D80,64,1,
AR,0,0x70722980,64,1,
AR,0,0x56F5CA00,64,1,
AR,0,0x32C63480,64,1,
AR,0,0x48F7FA80,64,1,
AR,0,0x71AAE180,64,1,
AR,0,0x49FFB6C0,64,1,
AR,0,0x4FC23E40,64,1,
AR,0,0x2112C40,64,1,
AR,0,0x24623440,64,1,
AR,0,0x5657E240,64,1,
AR,0,0xF2D9CC0,64,1,
AR,0,0x1B538500,64,1,
AR,0,0x40C8D80,64,1,
AR,0,0x39A84240,64,1,
AR,0,0x60A56AC0,64,1,
AR,0,0x4AEDEE00,64,1,
AR,0,0xCA4DC40,64,1,
AR,0,0x61915E80,64,1,
AR,0,0x1F232C0,64,1,
AR,0,0x62AF3500,64,1,
AR,0,0x7DE8C140,64,1,
AR,0,0x6499DBC0,64,1,
AR,0,0xE084BC0,64,1,
AR,0,0x28DCDFC0,64,1,
AR,0,0x7149C080,64,1,
AR,0,0x5A867DC0,64,1,
AR,0,0x78A99000,64,1,
AR,0,0x2DB09940,64,1,
AR,0,0x80D80,64,1,
AR,0,0x47362B00,64,1,
AR,0,0x2FCAC5C0,64,1,
AR,0,0x696AF300,64,1,
AR,0,0x32962F00,64,1,
AR,0,0x62DAF9C0,64,1,
AR,0,0x2752E680,64,1,
AR,0,0x3779B880,64,1,
AR,0,0x2E160D00,64,1,
AR,0,0x6E4D1640,64,1,
AR,0,0x4FD5DDC0,64,1,
AR,0,0x3CF1B580,64,1,
AR,0,0x17FDF4C0,64,1,
AR,0,0xD3484C0,64,1,
AR,0,0x13A59800,64,1,
AR,0,0x2C7E3F80,64,1,
AR,0,0x7E78C80,64,1,
AR,0,0x55975440,64,1,
AR,0,0x76675180,64,1,
AR,0,0x555EF280,64,1,
AR,0,0x665A300,64,1,
AR,0,0x582674C0,64,1,
AR,0,0x10599DC0,64,1,
AR,0,0x2EE82580,64,1,
AR,0,0x66058C40,64,1,
AR,0,0x28DBD600,64,1,
AR,0,0x762D4300,64,1,
AR,0,0x87DC140,64,1,
AR,0,0x619C7300,64,1,
AR,0,0x57F6BC00,64,1,
AR,0,0x165DC040,64,1,
AR,0,0x3B5D4580,64,1,
AR,0,0x48B7640,64,1,
AR,0,0x7F103C00,64,1,
AR,0,0x21A28600,64,1,
AR,0,0x381F1A80,64,1,
AR,0,0x2AA3C880,64,1,
AR,0,0x1176B9C0,64,1,
AR,0,0x713AEE00,64,1,
AR,0,0x11517200,64,1,
AR,0,0x290FAC40,64,1,
AR,0,0x2D131080,64,1,
AR,0,0x454ADF00,64,1,
AR,0,0x41545540,64,1,
AR,0,0x534A2A00,64,1,
AR,0,0x7AD63E80,64,1,
AR,0,0x63267A80,64,1,
AR,0,0x5F9A3AC0,64,1,
AR,0,0x45AEC8C0,64,1,
AR,0,0x1ED4DCC0,64,1,
AR,0,0x73791600,64,1,
AR,0,0x2F9C4700,64,1,
AR,0,0x1AC078C0,64,1,
AR,0,0x71995900,64,1,
AR,0,0x6F8FE740,64,1,
AR,0,0x17AFFD00,64,1,
AR,0,0x7BE4B940,64,1,
AR,0,0x492887C0,64,1,
AR,0,0x20500B80,64,1,
AR,0,0x28395D80,64,1,
AR,0,0x532B12C0,64,1,
AR,0,0x68471EC0,64,1,
AR,0,0x27AEE00,64,1,
AR,0,0x4187D540,64,1,
AR,0,0x493C32C0,64,1,
AR,0,0x1CE895C0,64,1,
AR,0,0x62F52100,64,1,
AR,0,0x6650BA40,64,1,
AR,0,0x30EE8940,64,1,
AR,0,0x35B300,64,1,
AR,0,0x4504E600,64,1,
AR,0,0x6578B3C0,64,1,
AR,0,0x19BDD100,64,1,
AR,0,0x7C2B0680,64,1,
AR,0,0x73CE27C0,64,1,
AR,0,0x49FD3580,64,1,
AR,0,0x66E19180,64,1,
AR,0,0x60DB3900,64,1,
AR,0,0x287E4140,64,1,
AR,0,0x60082F00,64,1,
AR,0,0x284599C0,64,1,
AR,0,0x1C0591C0,64,1,
AR,0,0x60A8B500,64,1,
AR,0,0x1DDA3B40,64,1,
AR,0,0x120CD8C0,64,1,
AR,0,0x6EB93DC0,64,1,
AR,0,0x1116D380,64,1,
AR,0,0x7846A240,64,1,
AR,0,0x5B788500,64,1,
AR,0,0x5EACEE00,64,1,
AR,0,0xD6D2E00,64,1,
AR,0,0x10FE9FC0,64,1,
AR,0,0x1BE77C0,64,1,
AR,0,0x656140,64,1,
AR,0,0x15EECDC0,64,1,
AR,0,0x58AACF80,64,1,
AR,0,0x63151F80,64,1,
AR,0,0x19E8A580,64,1,
AR,0,0x42461DC0,64,1,
AR,0,0x3ADBDFC0,64,1,
AR,0,0x411AD600,64,1,
AR,0,0x5413B600,64,1,
AR,0,0x103FD480,64,1,
AR,0,0x7CE083C0,64,1,
AR,0,0x69035540,64,1,
AR,0,0x79EEB680,64,1,
AR,0,0x3CD6780,64,1,
AR,0,0xD87C480,64,1,
AR,0,0x2BC8E8C0,64,1,
AR,0,0x66B25980,64,1,
AR,0,0x3F326200,64,1,
AR,0,0x4E18B540,64,1,
AR,0,0x7C30F300,64,1,
AR,0,0x1F63E6C0,64,1,
AR,0,0x3CDDB5C0,64,1,
AR,0,0x6CA0700,64,1,
AR,0,0x23C4E400,64,1,
AR,0,0x260F4700,64,1,
AR,0,0x35E4B8C0,64,1,
AR,0,0x61192500,64,1,
AR,0,0x796B7C00,64,1,
AR,0,0x3CBC3A80,64,1,
AR,0,0x57381B40,64,1,
AR,0,0x3CAA5B00,64,1,
AR,0,0x10D3A2C0,64,1,
AR,0,0x483E4040,64,1,
AR,0,0x485AFC40,64,1,
AR,0,0x7C2AD940,64,1,
AR,0,0xC9D8000,64,1,
AR,0,0x516F7540,64,1,
AR,0,0x7C853640,64,1,
AR,0,0x659A4B40,64,1,
AR,0,0x6EAB3900,64,1,
AR,0,0x2DB9F940,64,1,
AR,0,0x78D4AC80,64,1,
AR,0,0x5A56B0C0,64,1,
AR,0,0x67D6B700,64,1,
AR,0,0x7BECED00,64,1,
AR,0,0x1DB74C00,64,1,
AR,0,0x53BE6200,64,1,
AR,0,0x63F36EC0,64,1,
AR,0,0x535E6000,64,1,
AR,0,0x56CBA680,64,1,
AR,0,0x20FAD980,64,1,
AR,0,0x1E2BCF80,64,1,
AR,0,0x23153480,64,1,
AR,0,0x15F8BB80,64,1,
AR,0,0x5DF86C40,64,1,
AR,0,0x662C1C00,64,1,
AR,0,0x32CEF140,64,1,
AR,0,0x443CF9C0,64,1,
AR,0,0x65283B80,64,1,
AR,0,0x1FBE00C0,64,1,
AR,0,0x500457C0,64,1,
AR,0,0x5FC0E180,64,1,
AR,0,0x66760E80,64,1,
AR,0,0x1BD8B380,64,1,
AR,0,0x48389280,64,1,
AR,0,0x3C7D5FC0,64,1,
AR,0,0x80C700,64,1,
AR,0,0x7342740,64,1,
AR,0,0x25897500,64,1,
AR,0,0x4721F940,64,1,
AR,0,0x3E987A80,64,1,
AR,0,0x43B0A040,64,1,
AR,0,0x34574D80,64,1,
AR,0,0x3492E080,64,1,
AR,0,0x6F3C1E00,64,1,
AR,0,0x3CD86BC0,64,1,
AR,0,0x3DCD7C00,64,1,
AR,0,0x49C5D640,64,1,
AR,0,0x5298D5C0,64,1,
AR,0,0x3CC7200,64,1,
AR,0,0x39929CC0,64,1,
AR,0,0x59CC3580,64,1,
AR,0,0x60E44900,64,1,
AR,0,0x21BF3980,64,1,
AR,0,0x1407C4C0,64,1,
AR,0,0x425E5680,64,1,
AR,0,0x1685C740,64,1,
AR,0,0x3C142C0,64,1,
AR,0,0xED3B0C0,64,1,
AR,0,0x5525CF80,64,1,
AR,0,0x5E44FDC0,64,1,
AR,0,0x174F8D00,64,1,
AR,0,0xF8F4C0,64,1,
AR,0,0x6AA4100,64,1,
AR,0,0x6AE6B340,64,1,
AR,0,0x175F2940,64,1,
AR,0,0x7E053980,64,1,
AR,0,0x52CFC80,64,1,
AR,0,0x648A8900,64,1,
AR,0,0x6AD27B40,64,1,
AR,0,0x50206A80,64,1,
AR,0,0x19D8EB00,64,1,
AR,0,0x54E55E00,64,1,
AR,0,0xA7E0400,64,1,
AR,0,0x3E28C540,64,1,
AR,0,0x3BCC85C0,64,1,
AR,0,0x6FE68C40,64,1,
AR,0,0x37112D40,64,1,
AR,0,0x19C2F800,64,1,
AR,0,0x7B6F5280,64,1,
AR,0,0x16641700,64,1,
AR,0,0x40366380,64,1,
AR,0,0x386FB900,64,1,
AR,0,0x18344F00,64,1,
AR,0,0x101DA000,64,1,
AR,0,0x41566840,64,1,
AR,0,0x25084400,64,1,
AR,0,0x505996C0,64,1,
AR,0,0x6A8A0C40,64,1,
AR,0,0xE7BE800,64,1,
AR,0,0x4F424400,64,1,
AR,0,0x686FE680,64,1,
AR,0,0x749E5D00,64,1,
AR,0,0x355C2A00,64,1,
AR,0,0x7D739180,64,1,
AR,0,0x392CA4C0,64,1,
AR,0,0x365E1940,64,1,
AR,0,0x79D3EC80,64,1,
AR,0,0x5FAA6500,64,1,
AR,0,0x32EFB800,64,1,
AR,0,0xA4D7740,64,1,
AR,0,0x2DFD080,64,1,
AR,0,0x69320500,64,1,
AR,0,0x1F86AB00,64,1,
AR,0,0x68EF3D40,64,1,
AR,0,0x397FF5C0,64,1,
AR,0,0x66E95280,64,1,
AR,0,0x7A168900,64,1,
AR,0,0x1DC85F80,64,1,
AR,0,0x4E00BF40,64,1,
AR,0,0x1128B7C0,64,1,
AR,0,0x53DA6E80,64,1,
AR,0,0x57D5DEC0,64,1,
AR,0,0x3AAFF580,64,1,
AR,0,0x24671700,64,1,
AR,0,0x1DBA3980,64,1,
AR,0,0x2CDD5240,64,1,
AR,0,0xB877800,64,1,
AR,0,0x8FD1740,64,1,
AR,0,0x2CC2E140,64,1,
AR,0,0xAB72F80,64,1,
AR,0,0xF161C40,64,1,
AR,0,0x54A43B80,64,1,
AR,0,0x5E844B40,64,1,
AR,0,0x7159D740,64,1,
AR,0,0x2E36A3C0,64,1,
AR,0,0x7AC71340,64,1,
AR,0,0x66627980,64,1,
AR,0,0x30B14F80,64,1,
AR,0,0x708DA180,64,1,
AR,0,0x54F0AC00,64,1,
AR,0,0x326D8F00,64,1,
AR,0,0x46B478C0,64,1,
AR,0,0x8ED9E00,64,1,
AR,0,0x3F9B94C0,64,1,
AR,0,0x318D9640,64,1,
AR,0,0x5A04640,64,1,
AR,0,0xE989A80,64,1,
AR,0,0x4D9ED9C0,64,1,
AR,0,0x60817380,64,1,
AR,0,0x68B8E300,64,1,
AR,0,0x5165AE80,64,1,
AR,0,0x692B9B40,64,1,
AR,0,0x6AF1F200,64,1,
AR,0,0x620E8640,64,1,
AR,0,0x38FC280,64,1,
AR,0,0x3D0B4480,64,1,
AR,0,0x2419DF00,64,1,
AR,0,0x691BB180,64,1,
AR,0,0x3893BC0,64,1,
AR,0,0x58761900,64,1,
AR,0,0xE978300,64,1,
AR,0,0x310C7E40,64,1,
AR,0,0x54E2CE80,64,1,
AR,0,0x78943740,64,1,
AR,0,0x276D2780,64,1,
AR,0,0x3F31EA40,64,1,
AR,0,0x58C7F340,64,1,
AR,0,0x4EC55D80,64,1,
AR,0,0x359A6740,64,1,
AR,0,0x23669C00,64,1,
AR,0,0x5441C280,64,1,
AR,0,0x50987B80,64,1,
AR,0,0x1C45BA80,64,1,
AR,0,0x3B148880,64,1,
AR,0,0x60750B40,64,1,
AR,0,0x57496B00,64,1,
AR,0,0x5D9A6D40,64,1,
AR,0,0x22AD4BC0,64,1,
AR,0,0x5DA08A40,64,1,
AR,0,0x3C7B3900,64,1,
AR,0,0x1CDF41C0,64,1,
AR,0,0x73F78800,64,1,
AR,0,0x25668800,64,1,
AR,0,0x3C9C16C0,64,1,
AR,0,0x52F49980,64,1,
AR,0,0x9CBB5C0,64,1,
AR,0,0x2886FC80,64,1,
AR,0,0x5D40440,64,1,
AR,0,0x3A209C00,64,1,
AR,0,0x8CA9080,64,1,
AR,0,0x4D0EA700,64,1,
AR,0,0x6BFF3740,64,1,
AR,0,0x616E87C0,64,1,
AR,0,0x18AD61C0,64,1,
AR,0,0x10F15140,64,1,
AR,0,0x1C515880,64,1,
AR,0,0x6CDD200,64,1,
AR,0,0x7754C100,64,1,
AR,0,0x789C63C0,64,1,
AR,0,0x2B756F80,64,1,
AR,0,0x50ABEB00,64,1,
AR,0,0x477D7C80,64,1,
AR,0,0x1E3105C0,64,1,
AR,0,0x73FE5940,64,1,
AR,0,0x4F0A4840,64,1,
AR,0,0xE821780,64,1,
AR,0,0x68EE5600,64,1,
AR,0,0x34D85B40,64,1,
AR,0,0x31D47B00,64,1,
AR,0,0x11C92F80,64,1,
AR,0,0x2BED1C80,64,1,
AR,0,0x26C7C440,64,1,
AR,0,0x39EACB40,64,1,
AR,0,0x56C4A3C0,64,1,
AR,0,0x62050A00,64,1,
AR,0,0x214802C0,64,1,
AR,0,0xE9D8FC0,64,1,
AR,0,0x364E5C40,64,1,
AR,0,0x23DBA6C0,64,1,
AR,0,0x691C6B40,64,1,
AR,0,0x59BF40,64,1,
AR,0,0x4A1B0340,64,1,
AR,0,0x7E005080,64,1,
AR,0,0x19E47B00,64,1,
AR,0,0x34F750C0,64,1,
AR,0,0x42E1000,64,1,
AR,0,0x6D7E8B00,64,1,
AR,0,0x74D06880,64,1,
AR,0,0x5CBEAEC0,64,1,
AR,0,0x73FD9F40,64,1,
AR,0,0x2E86EFC0,64,1,
AR,0,0x56788600,64,1,
AR,0,0x288AD240,64,1,
AR,0,0x76E338C0,64,1,
AR,0,0x4D9B8980,64,1,
AR,0,0x9147C80,64,1,
AR,0,0x466A240,64,1,
AR,0,0x6041CA80,64,1,
AR,0,0xDDA9300,64,1,
AR,0,0x13F7E380,64,1,
AR,0,0x67C5BAC0,64,1,
AR,0,0x6FAF7940,64,1,
AR,0,0x68FC9A80,64,1,
AR,0,0x3211B700,64,1,
AR,0,0xC6539C0,64,1,
AR,0,0x5BAA2980,64,1,
AR,0,0x4703CE80,64,1,
AR,0,0x5C7AB140,64,1,
AR,0,0x564209C0,64,1,
AR,0,0x1BB676C0,64,1,
AR,0,0x3F0AD700,64,1,
AR,0,0x7DE19440,64,1,
AR,0,0x44803A40,64,1,
AR,0,0x4EBBBD80,64,1,
AR,0,0x52CC8E40,64,1,
AR,0,0xB55F0C0,64,1,
AR,0,0x23EE6C80,64,1,
AR,0,0x42E8A980,64,1,
AR,0,0x18F44D80,64,1,
AR,0,0xA213480,64,1,
AR,0,0x13C15E80,64,1,
AR,0,0x1D838AC0,64,1,
AR,0,0x5A235600,64,1,
AR,0,0x625CC440,64,1,
AR,0,0x4E961700,64,1,
AR,0,0x6CF67F00,64,1,
AR,0,0x7B4D4BC0,64,1,
AR,0,0x1FD83A80,64,1,
AR,0,0xAB587C0,64,1,
AR,0,0x2FDF1780,64,1,
AR,0,0x6E984500,64,1,
AR,0,0x3B1B7940,64,1,
AR,0,0x2878240,64,1,
AR,0,0x69389B80,64,1,
AR,0,0x6AA8DD00,64,1,
AR,0,0x690E1B40,64,1,
AR,0,0x117E1400,64,1,
AR,0,0xCCEE100,64,1,
AR,0,0x2FA6EC40,64,1,
AR,0,0x1F81C740,64,1,
AR,0,0x4C8083C0,64,1,
AR,0,0x5D72480,64,1,
AR,0,0x59C38040,64,1,
AR,0,0x1A086640,64,1,
AR,0,0x4D1A0300,64,1,
AR,0,0x303A8AC0,64,1,
AR,0,0x4446AAC0,64,1,
AR,0,0x4219F940,64,1,
AR,0,0x31352F40,64,1,
AR,0,0xD2D4500,64,1,
AR,0,0x21F757C0,64,1,
AR,0,0x193E9FC0,64,1,
AR,0,0x2441C280,64,1,
AR,0,0x1D7B0C0,64,1,
AR,0,0xBF6B40,64,1,
AR,0,0x3D5BDF80,64,1,
AR,0,0x515E9C40,64,1,
AR,0,0x10BC8D80,64,1,
AR,0,0x47536800,64,1,
AR,0,0x3DA9CA00,64,1,
AR,0,0x648AF840,64,1,
AR,0,0x7AB33CC0,64,1,
AR,0,0x4A1B4FC0,64,1,
AR,0,0x54497BC0,64,1,
AR,0,0x11002980,64,1,
AR,0,0x5BEA6540,64,1,
AR,0,0x4980D100,64,1,
AR,0,0x3FEBA400,64,1,
AR,0,0x431A5840,64,1,
AR,0,0x6EE9AC0,64,1,
AR,0,0xBF81440,64,1,
AR,0,0x62555C80,64,1,
AR,0,0x275E1D80,64,1,
AR,0,0x71C58740,64,1,
AR,0,0x46A4740,64,1,
AR,0,0x4C30F240,64,1,
AR,0,0x4EE1A6C0,64,1,
AR,0,0x3CF367C0,64,1,
AR,0,0x604DB300,64,1,
AR,0,0x6D3C7DC0,64,1,
AR,0,0x45F88E00,64,1,
AR,0,0x165F6700,64,1,
AR,0,0x8447E80,64,1,
AR,0,0x609FE780,64,1,
AR,0,0xE584E00,64,1,
AR,0,0x41AE0780,64,1,
AR,0,0x38742000,64,1,
AR,0,0x56445140,64,1,
AR,0,0x7FE24D00,64,1,
AR,0,0x72AA6A40,64,1,
AR,0,0x5B2AA100,64,1,
AR,0,0x4E2CD900,64,1,
AR,0,0x47F68D80,64,1,
AR,0,0x71E717C0,64,1,
AR,0,0x4CE0C180,64,1,
AR,0,0x81649C0,64,1,
AR,0,0x13E3600,64,1,
AR,0,0x30B71F40,64,1,
AR,0,0x502966C0,64,1,
AR,0,0x3B08FE40,64,1,
AR,0,0x66CF2600,64,1,
AR,0,0x57D1E140,64,1,
AR,0,0x5F76A5C0,64,1,
AR,0,0x2FC1DF80,64,1,
AR,0,0x56EE9A40,64,1,
AR,0,0x33A4F0C0,64,1,
AR,0,0x7B96DEC0,64,1,
AR,0,0x695DE4C0,64,1,
AR,0,0x4DE28D80,64,1,
AR,0,0x4E37B5C0,64,1,
AR,0,0x48B35D40,64,1,
AR,0,0x50698800,64,1,
AR,0,0x4813B780,64,1,
AR,0,0x5B536640,64,1,
AR,0,0xC5D8140,64,1,
AR,0,0x59219FC0,64,1,
AR,0,0x3AC22B00,64,1,
AR,0,0x79CAAEC0,64,1,
AR,0,0x2076C340,64,1,
AR,0,0x258B8D00,64,1,
AR,0,0xA781A80,64,1,
AR,0,0x7724A7C0,64,1,
AR,0,0x68F7B140,64,1,
AR,0,0x66987980,64,1,
AR,0,0x4F82C980,64,1,
AR,0,0x6F3A5800,64,1,
AR,0,0x71B6F640,64,1,
AR,0,0xD19FEC0,64,1,
AR,0,0x4E3D85C0,64,1,
AR,0,0x46DDD8C0,64,1,
AR,0,0x66E66980,64,1,
AR,0,0x524616C0,64,1,
AR,0,0x7CA47C80,64,1,
AR,0,0x185FA6C0,64,1,
AR,0,0x5F5C3C00,64,1,
AR,0,0x13B23EC0,64,1,
AR,0,0x56E37F80,64,1,
AR,0,0x572DD80,64,1,
AR,0,0x503B6E00,64,1,
AR,0,0xBF68C40,64,1,
AR,0,0x146C6F80,64,1,
AR,0,0x3B980BC0,64,1,
AR,0,0x5E1B8980,64,1,
AR,0,0x46E1C280,64,1,
AR,0,0x2C1AF140,64,1,
AR,0,0x7A7E3E40,64,1,
AR,0,0xE460580,64,1,
AR,0,0x761CE280,64,1,
AR,0,0x6443AEC0,64,1,
AR,0,0xA2E8C80,64,1,
AR,0,0x19EAFC40,64,1,
AR,0,0x15C7BCC0,64,1,
AR,0,0x2CE95C80,64,1,
AR,0,0x16183480,64,1,
AR,0,0x5E99E680,64,1,
AR,0,0x6D9CE380,64,1,
AR,0,0x2735D180,64,1,
AR,0,0x321A8DC0,64,1,
AR,0,0x58329600,64,1,
AR,0,0x736F5200,64,1,
AR,0,0x4DA2FB00,64,1,
AR,0,0x5C1E5F40,64,1,
AR,0,0x3AABC040,64,1,
AR,0,0x1466D400,64,1,
AR,0,0x32F48700,64,1,
AR,0,0x7DA37080,64,1,
AR,0,0x4DE3500,64,1,
AR,0,0x5978D5C0,64,1,
AR,0,0x1C9ED5C0,64,1,
AR,0,0x1AD53C80,64,1,
AR,0,0x66667F40,64,1,
AR,0,0x32E9F4C0,64,1,
AR,0,0x72427940,64,1,
AR,0,0x227B2540,64,1,
AR,0,0x5ECCDA00,64,1,
AR,0,0x50375A40,64,1,
AR,0,0x72BB34C0,64,1,
AR,0,0x4ACA4DC0,64,1,
AR,0,0x31D13B80,64,1,
AR,0,0x40C33500,64,1,
AR,0,0x7AE9A000,64,1,
AR,0,0x781DA540,64,1,
AR,0,0x3EBDFE00,64,1,
AR,0,0x140F81C0,64,1,
AR,0,0x617512C0,64,1,
AR,0,0x274EBB00,64,1,
AR,0,0x71A88380,64,1,
AR,0,0x5B4589C0,64,1,
AR,0,0x18181DC0,64,1,
AR,0,0x71D49840,64,1,
AR,0,0x45E8E800,64,1,
AR,0,0x290A1EC0,64,1,
AR,0,0x7F3B2B00,64,1,
AR,0,0x16B36400,64,1,
AR,0,0x55579680,64,1,
AR,0,0x173DC600,64,1,
AR,0,0x24FBFBC0,64,1,
AR,0,0x47627F00,64,1,
AR,0,0x4214B1C0,64,1,
AR,0,0x6535A200,64,1,
AR,0,0x77A60A80,64,1,
AR,0,0x352D8440,64,1,
AR,0,0x72CFF7C0,64,1,
AR,0,0x20F999C0,64,1,
AR,0,0x1EAAA480,64,1,
AR,0,0xC6C6D00,64,1,
AR,0,0x23AAE580,64,1,
AR,0,0x1A41C7C0,64,1,
AR,0,0x2D5B0C00,64,1,
AR,0,0x6D2382C0,64,1,
AR,0,0x540AD40,64,1,
AR,0,0x7C15A100,64,1,
AR,0,0x62DDCE40,64,1,
AR,0,0x2339B440,64,1,
AR,0,0x7E537300,64,1,
AR,0,0x7DFE3900,64,1,
AR,0,0x10B986C0,64,1,
AR,0,0x62610C00,64,1,
AR,0,0x37AB6D80,64,1,
AR,0,0x57E06C0,64,1,
AR,0,0xD059880,64,1,
AR,0,0x74EAEE00,64,1,
AR,0,0x79C80300,64,1,
AR,0,0x8F40D00,64,1,
AR,0,0x7C488AC0,64,1,
AR,0,0x2CC54E40,64,1,
AR,0,0x72F5F000,64,1,
AR,0,0x6A954AC0,64,1,
AR,0,0x29F00A80,64,1,
AR,0,0x3E1A7280,64,1,
AR,0,0x26F8E00,64,1,
AR,0,0x30B83940,64,1,
AR,0,0x3E917200,64,1,
AR,0,0x32731340,64,1,
AR,0,0x3DA19840,64,1,
AR,0,0x2D722A00,64,1,
AR,0,0x6041BDC0,64,1,
AR,0,0x71CCA580,64,1,
AR,0,0x27D281C0,64,1,
AR,0,0x20F6FD40,64,1,
AR,0,0x72293100,64,1,
AR,0,0x3C0D7400,64,1,
AR,0,0xD34B540,64,1,
AR,0,0x780D8480,64,1,
AR,0,0xC37880,64,1,
AR,0,0x212B7D80,64,1,
AR,0,0x520CA380,64,1,
AR,0,0x305B4680,64,1,
AR,0,0x46C0CEC0,64,1,
AR,0,0x86A1640,64,1,
AR,0,0x2C1FA200,64,1,
AR,0,0x4F205B40,64,1,
AR,0,0x3CDAD40,64,1,
AR,0,0x20DB4500,64,1,
AR,0,0xB255380,64,1,
AR,0,0x3CBDE200,64,1,
AR,0,0xED9F40,64,1,
AR,0,0x1C483B00,64,1,
AR,0,0x162E2400,64,1,
AR,0,0xD0DA740,64,1,
AR,0,0x1AAE5E40,64,1,
AR,0,0x5D83ED00,64,1,
AR,0,0x39E1D340,64,1,
AR,0,0x517C07C0,64,1,
AR,0,0x46D4EB80,64,1,
AR,0,0x30976080,64,1,
AR,0,0x2F2B8780,64,1,
AR,0,0x68D8E3C0,64,1,
AR,0,0x5B89E80,64,1,
AR,0,0x29CF2EC0,64,1,
AR,0,0x2990A8C0,64,1,
AR,0,0x42187700,64,1,
AR,0,0x14056E00,64,1,
AR,0,0x43D5E5C0,64,1,
AR,0,0x5F2F1E00,64,1,
AR,0,0x53CD9600,64,1,
AR,0,0x35D00740,64,1,
AR,0,0x4E955F40,64,1,
AR,0,0x25F25240,64,1,
AR,0,0x26A2E540,64,1,
AR,0,0x29ACB200,64,1,
AR,0,0x1CDCECC0,64,1,
AR,0,0x5417F3C0,64,1,
AR,0,0x10B304C0,64,1,
AR,0,0x55E6CB40,64,1,
AR,0,0x58DE1580,64,1,
AR,0,0x405AFD80,64,1,
AR,0,0x4CB3F640,64,1,
AR,0,0x63FAE00,64,1,
AR,0,0x7D77A940,64,1,
AR,0,0x343AC180,64,1,
AR,0,0x4B6696C0,64,1,
AR,0,0x345BAE40,64,1,
AR,0,0x53F3B240,64,1,
AR,0,0x2C2240,64,1,
AR,0,0x6A9D5240,64,1,
AR,0,0x69FE2580,64,1,
AR,0,0x1E767500,64,1,
AR,0,0x9756500,64,1,
AR,0,0x49540400,64,1,
AR,0,0x42DF15C0,64,1,
AR,0,0xBEE67C0,64,1,
AR,0,0x75AC74C0,64,1,
AR,0,0x7E2B4C0,64,1,
AR,0,0x7EF03D80,64,1,
AR,0,0x55363E00,64,1,
AR,0,0x5A286CC0,64,1,
AR,0,0x27F19C00,64,1,
AR,0,0x3E1496C0,64,1,
AR,0,0x7F499F00,64,1,
AR,0,0x5C09D580,64,1,
AR,0,0x68EEFB40,64,1,
AR,0,0x42BE6D80,64,1,
AR,0,0x22205800,64,1,
AR,0,0x1D8A9380,64,1,
AR,0,0x333D66C0,64,1,
AR,0,0x5C39D700,64,1,
AR,0,0x56A7B00,64,1,
AR,0,0x1B0C94C0,64,1,
AR,0,0x70A44D40,64,1,
AR,0,0x7FCE6D00,64,1,
AR,0,0x31625340,64,1,
AR,0,0x470C5D40,64,1,
AR,0,0x7BEACD80,64,1,
AR,0,0x1E855F80,64,1,
AR,0,0x2A34C2C0,64,1,
AR,0,0xFEE97C0,64,1,
AR,0,0xAE57C00,64,1,
AR,0,0x3F450340,64,1,
AR,0,0x729636C0,64,1,
AR,0,0x2FDC6440,64,1,
AR,0,0x3D4CB40,64,1,
AR,0,0x2DA103C0,64,1,
AR,0,0x5A41AE00,64,1,
AR,0,0x503CB5C0,64,1,
AR,0,0x732D94C0,64,1,
AR,0,0x45EDAC80,64,1,
AR,0,0x4B766380,64,1,
AR,0,0x12F85180,64,1,
AR,0,0x6B535CC0,64,1,
AR,0,0x53ACD0C0,64,1,
AR,0,0x32FEF480,64,1,
AR,0,0x3B1DE5C0,64,1,
AR,0,0x72FE7300,64,1,
AR,0,0x1EB6DB00,64,1,
AR,0,0x7DD27580,64,1,
AR,0,0x269BDF80,64,1,
AR,0,0x36D90B40,64,1,
AR,0,0x29CA0D00,64,1,
AR,0,0x4188F300,64,1,
AR,0,0x4A6BB040,64,1,
AR,0,0x844D640,64,1,
AR,0,0xBAD3700,64,1,
AR,0,0x538B540,64,1,
AR,0,0x2A77C840,64,1,
AR,0,0x30F3F200,64,1,
AR,0,0x1B9AB980,64,1,
AR,0,0x32B5F500,64,1,
AR,0,0x7B6AA940,64,1,
AR,0,0x344D1500,64,1,
AR,0,0x348AA400,64,1,
AR,0,0x3F36FC80,64,1,
AR,0,0x7C2EF2C0,64,1,
AR,0,0x48499700,64,1,
AR,0,0x5EDA2580,64,1,
AR,0,0x7F5F7AC0,64,1,
AR,0,0x7081A240,64,1,
AR,0,0x32AC1540,64,1,
AR,0,0x3B87FD40,64,1,
AR,0,0x46638A40,64,1,
AR,0,0x3091C400,64,1,
AR,0,0x5DDB4000,64,1,
AR,0,0x9C79940,64,1,
AR,0,0x4EFDD140,64,1,
AR,0,0x2403A800,64,1,
AR,0,0x4C599B00,64,1,
AR,0,0x5ECB7680,64,1,
AR,0,0x77D6E480,64,1,
AR,0,0x4776FD00,64,1,
AR,0,0x3FE63540,64,1,
AR,0,0x713DD700,64,1,
AR,0,0x6E3F75C0,64,1,
AR,0,0x4614D540,64,1,
AR,0,0x17884F00,64,1,
AR,0,0x404A3D40,64,1,
AR,0,0x5A50C0C0,64,1,
AR,0,0x5F902F80,64,1,
AR,0,0x46BD8980,64,1,
AR,0,0xAD22A40,64,1,
AR,0,0x4A258C00,64,1,
AR,0,0x31D7980,64,1,
AR,0,0x279228C0,64,1,
AR,0,0x56238940,64,1,
AR,0,0x7A77F100,64,1,
AR,0,0x5EF66500,64,1,
AR,0,0x485E9140,64,1,
AR,0,0x23251040,64,1,
AR,0,0x3DB61AC0,64,1,
AR,0,0x277B1D80,64,1,
AR,0,0x7A39FC00,64,1,
AR,0,0x5A5E8B40,64,1,
AR,0,0x5FAD6F40,64,1,
AR,0,0x3A5346C0,64,1,
AR,0,0x5E332780,64,1,
AR,0,0x2BE0B80,64,1,
AR,0,0x1880E440,64,1,
AR,0,0x12A46F80,64,1,
AR,0,0x36D207C0,64,1,
AR,0,0x7ACC780,64,1,
AR,0,0x3691FD80,64,1,
AR,0,0x784BB80,64,1,
AR,0,0x470A4B80,64,1,
AR,0,0x218D1080,64,1,
AR,0,0x4FA17040,64,1,
AR,0,0x65D3BC0,64,1,
AR,0,0x38704CC0,64,1,
AR,0,0x3FA03C40,64,1,
AR,0,0x7A113D00,64,1,
AR,0,0x278DA4C0,64,1,
AR,0,0x19FD5B80,64,1,
AR,0,0x22CF1B40,64,1,
AR,0,0x7ED54A00,64,1,
AR,0,0x349B28C0,64,1,
AR,0,0xBC15580,64,1,
AR,0,0x590960C0,64,1,
AR,0,0x1091C340,64,1,
AR,0,0x66DF2D00,64,1,
AR,0,0x41937280,64,1,
AR,0,0x3009E100,64,1,
AR,0,0x218585C0,64,1,
AR,0,0xB3419C0,64,1,
AR,0,0x1265DFC0,64,1,
AR,0,0x4F6D7000,64,1,
AR,0,0x4A7C7D80,64,1,
AR,0,0x40EBD500,64,1,
AR,0,0x4871FC00,64,1,
AR,0,0x74AD4700,64,1,
AR,0,0x6C35CC0,64,1,
AR,0,0x3A54B940,64,1,
AR,0,0x25DC7EC0,64,1,
AR,0,0x305AAA40,64,1,
AR,0,0x29F39AC0,64,1,
AR,0,0x15113EC0,64,1,
AR,0,0x295E9600,64,1,
AR,0,0x5E593D00,64,1,
AR,0,0x5A4E17C0,64,1,
AR,0,0x2129EC40,64,1,
AR,0,0x292AEAC0,64,1,
AR,0,0x538F31C0,64,1,
AR,0,0x743753C0,64,1,
AR,0,0x5DE08F80,64,1,
AR,0,0x3DF7C800,64,1,
AR,0,0x2C9CD8C0,64,1,
AR,0,0x5F818080,64,1,
AR,0,0x52539C40,64,1,
AR,0,0x26D02840,64,1,
AR,0,0x5F50ED40,64,1,
AR,0,0x356A2240,64,1,
AR,0,0x49701BC0,64,1,
AR,0,0x34ACDD00,64,1,
AR,0,0x7A3119C0,64,1,
AR,0,0x59E4D0C0,64,1,
AR,0,0x62FB9180,64,1,
AR,0,0x3DA61A00,64,1,
AR,0,0x23FA6880,64,1,
AR,0,0x53536280,64,1,
AR,0,0x5094F7C0,64,1,
AR,0,0x55166E80,64,1,
AR,0,0x60478FC0,64,1,
AR,0,0x7EF767C0,64,1,
AR,0,0x7740E000,64,1,
AR,0,0x1E836140,64,1,
AR,0,0x26C2F8C0,64,1,
AR,0,0x633E900,64,1,
AR,0,0x64B0F400,64,1,
AR,0,0x1775D140,64,1,
AR,0,0x30B42F80,64,1,
AR,0,0x7B679BC0,64,1,
AR,0,0x4A8B640,64,1,
AR,0,0x728A9C00,64,1,
AR,0,0x136891C0,64,1,
AR,0,0x3D28CD00,64,1,
AR,0,0xF528880,64,1,
AR,0,0x320695C0,64,1,
AR,0,0x6D30840,64,1,
AR,0,0x7D559D40,64,1,
AR,0,0x7F293D80,64,1,
AR,0,0x19A73A80,64,1,
AR,0,0x73009140,64,1,
AR,0,0x6A0287C0,64,1,
AR,0,0x258128C0,64,1,
AR,0,0x5C7C800,64,1,
AR,0,0x117F3280,64,1,
AR,0,0x107DBF40,64,1,
AR,0,0x13039AC0,64,1,
AR,0,0x35E71C00,64,1,
AR,0,0x51537C40,64,1,
AR,0,0x5D8E9000,64,1,
AR,0,0x41A28600,64,1,
AR,0,0x68E770C0,64,1,
AR,0,0x6DD13DC0,64,1,
AR,0,0x279F6C00,64,1,
AR,0,0x58F80A00,64,1,
AR,0,0x2CF02100,64,1,
AR,0,0x346716C0,64,1,
AR,0,0x3E64C9C0,64,1,
AR,0,0x4BF54F80,64,1,
AR,0,0x431F1700,64,1,
AR,0,0x2559A240,64,1,
AR,0,0x684DB4C0,64,1,
AR,0,0x1B837F80,64,1,
AR,0,0x1826A480,64,1,
AR,0,0x6EFB7F80,64,1,
AR,0,0x39457540,64,1,
AR,0,0x2551CC0,64,1,
AR,0,0x5FC8B1C0,64,1,
AR,0,0x58F831C0,64,1,
AR,0,0x1848B440,64,1,
AR,0,0x43023680,64,1,
AR,0,0x6F3A9980,64,1,
AR,0,0x57A3FA80,64,1,
AR,0,0x4984CD80,64,1,
AR,0,0x76224400,64,1,
AR,0,0x71958480,64,1,
AR,0,0x503D5840,64,1,
AR,0,0x6AE8F080,64,1,
AR,0,0x681F1340,64,1,
AR,0,0x4A61A940,64,1,
AR,0,0x74CBE580,64,1,
AR,0,0x43142880,64,1,
AR,0,0x42A88C00,64,1,
AR,0,0x5F90DFC0,64,1,
AR,0,0x147DFD80,64,1,
AR,0,0x3C048340,64,1,
AR,0,0x345DCE80,64,1,
AR,0,0x49CA3780,64,1,
AR,0,0x6184DD40,64,1,
AR,0,0x5E3A3EC0,64,1,
AR,0,0x3941D240,64,1,
AR,0,0x2D0C9AC0,64,1,
AR,0,0x5A04040,64,1,
AR,0,0x66A610C0,64,1,
AR,0,0x58666CC0,64,1,
AR,0,0x58B2B480,64,1,
AR,0,0x77AD8400,64,1,
AR,0,0x796A3240,64,1,
AR,0,0x3ADEFAC0,64,1,
AR,0,0x14716700,64,1,
AR,0,0x1F76D900,64,1,
AR,0,0x782C8700,64,1,
AR,0,0x37BCA280,64,1,
AR,0,0x4B8EEFC0,64,1,
AR,0,0x17396EC0,64,1,
AR,0,0x70F01240,64,1,
AR,0,0xAE2B1C0,64,1,
AR,0,0x1586D300,64,1,
AR,0,0x32B3E080,64,1,
AR,0,0x13D528C0,64,1,
AR,0,0x66966500,64,1,
AR,0,0xAE775C0,64,1,
AR,0,0x66A3B900,64,1,
AR,0,0x6206DBC0,64,1,
AR,0,0x5DB7DD40,64,1,
AR,0,0x1412E580,64,1,
AR,0,0xA2E200,64,1,
AR,0,0x23C4ADC0,64,1,
AR,0,0x758B15C0,64,1,
AR,0,0x56EA21C0,64,1,
AR,0,0x697F6800,64,1,
AR,0,0x31AC6580,64,1,
AR,0,0x18D1DA40,64,1,
AR,0,0x14C4BC40,64,1,
AR,0,0x70A69F80,64,1,
AR,0,0x7D1B00,64,1,
AR,0,0x78F162C0,64,1,
AR,0,0x3A5C2C00,64,1,
AR,0,0x5C6C48C0,64,1,
AR,0,0x24184480,64,1,
AR,0,0x7A780700,64,1,
AR,0,0x30ED8A00,64,1,
AR,0,0x18B9A780,64,1,
AR,0,0x200988C0,64,1,
AR,0,0x82E3A40,64,1,
AR,0,0x24C9F380,64,1,
AR,0,0x13553900,64,1,
AR,0,0x33A869C0,64,1,
AR,0,0x58A96D40,64,1,
AR,0,0x39EC9280,64,1,
AR,0,0x54DAEA80,64,1,
AR,0,0x7D6439C0,64,1,
AR,0,0x214BE500,64,1,
AR,0,0x7314AC40,64,1,
AR,0,0x22C6D180,64,1,
AR,0,0x2B8E2CC0,64,1,
AR,0,0x4071CDC0,64,1,
AR,0,0x435A8E00,64,1,
AR,0,0x1D71C840,64,1,
AR,0,0xDB34740,64,1,
AR,0,0x5466B0C0,64,1,
AR,0,0x481EE200,64,1,
AR,0,0x7844340,64,1,
AR,0,0x58557D80,64,1,
AR,0,0x53FB980,64,1,
AR,0,0x4E83EF00,64,1,
AR,0,0x5280AC00,64,1,
AR,0,0x3B89A240,64,1,
AR,0,0x426D6200,64,1,
AR,0,0x743B7FC0,64,1,
AR,0,0x4984D1C0,64,1,
AR,0,0x5DF33640,64,1,
AR,0,0x5354DC00,64,1,
AR,0,0x75D51840,64,1,
AR,0,0x1C432880,64,1,
AR,0,0x54A25EC0,64,1,
AR,0,0x6517F980,64,1,
AR,0,0x2DAC9B80,64,1,
AR,0,0x6797B880,64,1,
AR,0,0x4E6BDA80,64,1,
AR,0,0x148F1640,64,1,
AR,0,0x1E548000,64,1,
AR,0,0x5C05B440,64,1,
AR,0,0x1680680,64,1,
AR,0,0x20A84900,64,1,
AR,0,0x2D14D600,64,1,
AR,0,0x3E8F7880,64,1,
AR,0,0x2E06A840,64,1,
AR,0,0x34F39600,64,1,
AR,0,0x5E9A1440,64,1,
AR,0,0x37328B40,64,1,
AR,0,0x688634C0,64,1,
AR,0,0x18FE2B00,64,1,
AR,0,0x1A0487C0,64,1,
AR,0,0x56A97AC0,64,1,
AR,0,0x31AE7CC0,64,1,
AR,0,0x101D9940,64,1,
AR,0,0x23F5F5C0,64,1,
AR,0,0xF6A0400,64,1,
AR,0,0x2DDDDBC0,64,1,
AR,0,0xCDE3880,64,1,
AR,0,0x3B284780,64,1,
AR,0,0x39ACB800,64,1,
AR,0,0x7B87F500,64,1,
AR,0,0x1BA23100,64,1,
AR,0,0x195FCE80,64,1,
AR,0,0x4D59540,64,1,
AR,0,0x5A395F40,64,1,
AR,0,0x2E363C00,64,1,
AR,0,0x76159780,64,1,
AR,0,0xED29040,64,1,
AR,0,0x696F2880,64,1,
AR,0,0x4869E780,64,1,
AR,0,0x39A88F00,64,1,
AR,0,0x7AAD1D80,64,1,
AR,0,0x176A2400,64,1,
AR,0,0x307B900,64,1,
AR,0,0x48E9A980,64,1,
AR,0,0x12F95400,64,1,
AR,0,0x5C2C86C0,64,1,
AR,0,0x7FD9DE40,64,1,
AR,0,0x7C375FC0,64,1,
AR,0,0x5B2E8780,64,1,
AR,0,0x4F0A51C0,64,1,
AR,0,0x46E75480,64,1,
AR,0,0x662A3900,64,1,
AR,0,0x35010AC0,64,1,
AR,0,0x7E8CB140,64,1,
AR,0,0x3D70A2C0,64,1,
AR,0,0x65ECF500,64,1,
AR,0,0x3141C580,64,1,
AR,0,0x2D9042C0,64,1,
AR,0,0x23490FC0,64,1,
AR,0,0xD7E6C00,64,1,
AR,0,0x41C9E6C0,64,1,
AR,0,0x5D8F9CC0,64,1,
AR,0,0x6460AB00,64,1,
AR,0,0x3ED333C0,64,1,
AR,0,0x16FF3280,64,1,
AR,0,0x58F28B40,64,1,
AR,0,0x47D5D480,64,1,
AR,0,0x436A8F00,64,1,
AR,0,0x797700,64,1,
AR,0,0x79A4EC80,64,1,
AR,0,0x6EFC33C0,64,1,
AR,0,0x30D753C0,64,1,
AR,0,0x44BDDF40,64,1,
AR,0,0xBA89880,64,1,
AR,0,0x429FF780,64,1,
AR,0,0x2A623F00,64,1,
AR,0,0x4EF11200,64,1,
AR,0,0x3A1339C0,64,1,
AR,0,0x3DDCF480,64,1,
AR,0,0x4F673B80,64,1,
AR,0,0x6AC2F340,64,1,
AR,0,0x58D999C0,64,1,
AR,0,0x51330440,64,1,
AR,0,0x31064580,64,1,
AR,0,0x6D5E2F40,64,1,
AR,0,0x2382EE00,64,1,
AR,0,0x3B1EF300,64,1,
AR,0,0x767CD800,64,1,
AR,0,0x7DD44B80,64,1,
AR,0,0x5C26D500,64,1,
AR,0,0x524851C0,64,1,
AR,0,0x4EA2FFC0,64,1,
AR,0,0x7D4558C0,64,1,
AR,0,0x10206A80,64,1,
AR,0,0xD7195C0,64,1,
AR,0,0x702096C0,64,1,
AR,0,0x2D9FBE80,64,1,
AR,0,0x26C8880,64,1,
AR,0,0x6F969C00,64,1,
AR,0,0x4006A480,64,1,
AR,0,0x603B2940,64,1,
AR,0,0x70717940,64,1,
AR,0,0x23F5F000,64,1,
AR,0,0x380C0540,64,1,
AR,0,0x330EF180,64,1,
AR,0,0x757236C0,64,1,
AR,0,0x6F182300,64,1,
AR,0,0x753126C0,64,1,
AR,0,0x51AD5700,64,1,
AR,0,0x1FFC6940,64,1,
AR,0,0x61C629C0,64,1,
AR,0,0x67CBBF00,64,1,
AR,0,0x474E8340,64,1,
AR,0,0x3BCD8F00,64,1,
AR,0,0x62B99640,64,1,
AR,0,0x7B76BA00,64,1,
AR,0,0x5FC91840,64,1,
AR,0,0x2708C7C0,64,1,
AR,0,0x6BA0D880,64,1,
AR,0,0x54218C40,64,1,
AR,0,0x14B75EC0,64,1,
AR,0,0x71CF2DC0,64,1,
AR,0,0x70456740,64,1,
AR,0,0x58573700,64,1,
AR,0,0x7CF555C0,64,1,
AR,0,0x1C7F6140,64,1,
AR,0,0x26B50800,64,1,
AR,0,0x63A98540,64,1,
AR,0,0x763B7100,64,1,
AR,0,0x5E6B1480,64,1,
AR,0,0x5D43FC00,64,1,
AR,0,0x5E0CBC40,64,1,
AR,0,0x5DDEFC80,64,1,
AR,0,0x284E0D40,64,1,
AR,0,0x1239C240,64,1,
AR,0,0x23BC9200,64,1,
AR,0,0x7CE4A2C0,64,1,
AR,0,0x1E8D1540,64,1,
AR,0,0x2B4A9280,64,1,
AR,0,0x63CFE800,64,1,
AR,0,0x793D6CC0,64,1,
AR,0,0x6A60DC00,64,1,
AR,0,0x19BEDA40,64,1,
AR,0,0x73AC6D00,64,1,
AR,0,0xCEEE480,64,1,
AR,0,0x45A85D80,64,1,
AR,0,0x50C99EC0,64,1,
AR,0,0x2ECCFC40,64,1,
AR,0,0x74DD7B00,64,1,
AR,0,0x558A5C40,64,1,
AR,0,0x985D640,64,1,
AR,0,0xFD69240,64,1,
AR,0,0xBBD5400,64,1,
AR,0,0x6FADFAC0,64,1,
AR,0,0x3CF0CF40,64,1,
AR,0,0x1D280A80,64,1,
AR,0,0x76EBB340,64,1,
AR,0,0x74851740,64,1,
AR,0,0x459ED00,64,1,
AR,0,0x21613280,64,1,
AR,0,0x27300B80,64,1,
AR,0,0xFAD7800,64,1,
AR,0,0x16EBEE00,64,1,
AR,0,0x273C0B40,64,1,
AR,0,0x7C39180,64,1,
AR,0,0x1C1DD0C0,64,1,
AR,0,0x9161D40,64,1,
AR,0,0x20144BC0,64,1,
AR,0,0x56A4E180,64,1,
AR,0,0x2091A4C0,64,1,
AR,0,0x61E94800,64,1,
AR,0,0x3B1E6340,64,1,
AR,0,0x7DBA3180,64,1,
AR,0,0x35BDCD80,64,1,
AR,0,0x29399C00,64,1,
AR,0,0x589E8840,64,1,
AR,0,0x2428340,64,1,
AR,0,0x70AF3BC0,64,1,
AR,0,0x78815A40,64,1,
AR,0,0x27A2EA40,64,1,
AR,0,0x5C908700,64,1,
AR,0,0x64C32740,64,1,
AR,0,0x779DF440,64,1,
AR,0,0x19466280,64,1,
AR,0,0x79439F80,64,1,
AR,0,0x43D051C0,64,1,
AR,0,0x27D11040,64,1,
AR,0,0xC88F9C0,64,1,
AR,0,0x71B49300,64,1,
AR,0,0x75C83400,64,1,
AR,0,0x42C07A80,64,1,
AR,0,0x3C15880,64,1,
AR,0,0x5A207B40,64,1,
AR,0,0x6D4B7480,64,1,
AR,0,0x199CF880,64,1,
AR,0,0x30A56780,64,1,
AR,0,0x169B29C0,64,1,
AR,0,0x36372200,64,1,
AR,0,0x7F62E200,64,1,
AR,0,0x5681A600,64,1,
AR,0,0x2D213500,64,1,
AR,0,0x3064E1C0,64,1,
AR,0,0x65FD7DC0,64,1,
AR,0,0x71EC9840,64,1,
AR,0,0x7DC5C9C0,64,1,
AR,0,0x2BF93180,64,1,
AR,0,0x2AF61980,64,1,
AR,0,0x2FB41BC0,64,1,
AR,0,0x33A32780,64,1,
AR,0,0x31308880,64,1,
AR,0,0x115B5400,64,1,
AR,0,0x70F7FEC0,64,1,
AR,0,0x6D1ABAC0,64,1,
AR,0,0x7F066540,64,1,
AR,0,0x3FD7D5C0,64,1,
AR,0,0x6D782740,64,1,
AR,0,0x73E154C0,64,1,
AR,0,0x6C896040,64,1,
AR,0,0x600100C0,64,1,
AR,0,0x1E687680,64,1,
AR,0,0x41D225C0,64,1,
AR,0,0x3A001880,64,1,
AR,0,0x6C8F8E00,64,1,
AR,0,0x1A490980,64,1,
AR,0,0x152B8A40,64,1,
AR,0,0x783332C0,64,1,
AR,0,0x5273A180,64,1,
AR,0,0x65FE0C0,64,1,
AR,0,0x1D421C40,64,1,
AR,0,0x6363AD00,64,1,
AR,0,0x49B40BC0,64,1,
AR,0,0x3A6D8BC0,64,1,
AR,0,0x1D1AE8C0,64,1,
AR,0,0x633C2400,64,1,
AR,0,0x167ACD80,64,1,
AR,0,0x28DD53C0,64,1,
AR,0,0xD469100,64,1,
AR,0,0x706F6280,64,1,
AR,0,0x34E01380,64,1,
AR,0,0xB883980,64,1,
AR,0,0x208DDD00,64,1,
AR,0,0x15302540,64,1,
AR,0,0x69B6C580,64,1,
AR,0,0x2E54FAC0,64,1,
AR,0,0x6B021A80,64,1,
AR,0,0x4E578200,64,1,
AR,0,0x51241A00,64,1,
AR,0,0x75A24C00,64,1,
AR,0,0x473A1BC0,64,1,
AR,0,0x4C46F940,64,1,
AR,0,0x175EA80,64,1,
AR,0,0x414C7340,64,1,
AR,0,0x6C81ED80,64,1,
AR,0,0x415236C0,64,1,
AR,0,0xBDD7380,64,1,
AR,0,0x1C7BF980,64,1,
AR,0,0xDC22400,64,1,
AR,0,0x7FA2A8C0,64,1,
AR,0,0x5DDFDB40,64,1,
AR,0,0x209B1B80,64,1,
AR,0,0xBCBED40,64,1,
AR,0,0x1559D2C0,64,1,
AR,0,0x6711E600,64,1,
AR,0,0x4762C880,64,1,
AR,0,0x2EE5E7C0,64,1,
AR,0,0x2BD50B00,64,1,
AR,0,0x1E5E6E40,64,1,
AR,0,0x34504100,64,1,
AR,0,0x6389CDC0,64,1,
AR,0,0x5EFCC000,64,1,
AR,0,0x7DCA0B40,64,1,
AR,0,0x67BEEC80,64,1,
AR,0,0x722CB200,64,1,
AR,0,0x6AB48D80,64,1,
AR,0,0xC643140,64,1,
AR,0,0x40F49440,64,1,
AR,0,0x178145C0,64,1,
AR,0,0x6E7515C0,64,1,
AR,0,0x3AEE8580,64,1,
AR,0,0x45086280,64,1,
AR,0,0x75FA1400,64,1,
AR,0,0x22278100,64,1,
AR,0,0x46660580,64,1,
AR,0,0x5B459680,64,1,
AR,0,0x5F17FFC0,64,1,
AR,0,0x7A7C9480,64,1,
AR,0,0x258C9580,64,1,
AR,0,0x6598BAC0,64,1,
AR,0,0x5031A9C0,64,1,
AR,0,0x32B70280,64,1,
AR,0,0x1D4AEA40,64,1,
AR,0,0x50ADF240,64,1,
AR,0,0x19238500,64,1,
AR,0,0x7F71DA40,64,1,
AR,0,0x5E74900,64,1,
AR,0,0x2C2C0780,64,1,
AR,0,0x464EC940,64,1,
AR,0,0x61CC0700,64,1,
AR,0,0xD130C00,64,1,
AR,0,0x3F41DE80,64,1,
AR,0,0x323AA440,64,1,
AR,0,0x1995B800,64,1,
AR,0,0x6B441780,64,1,
AR,0,0x3ACF6200,64,1,
AR,0,0x6236C200,64,1,
AR,0,0x5C6F2B40,64,1,
AR,0,0x787EB400,64,1,
AR,0,0x612FAA80,64,1,
AR,0,0x16C7F140,64,1,
AR,0,0x1C38ECC0,64,1,
AR,0,0x72FD7440,64,1,
AR,0,0x660ADA80,64,1,
AR,0,0x193F29C0,64,1,
AR,0,0x7EDBB340,64,1,
AR,0,0x55A7CD00,64,1,
AR,0,0x23479400,64,1,
AR,0,0x667CCB00,64,1,
AR,0,0x440FFB80,64,1,
AR,0,0x743C9440,64,1,
AR,0,0x5A7C7200,64,1,
AR,0,0x3736D740,64,1,
AR,0,0x686C8380,64,1,
AR,0,0x6D864480,64,1,
AR,0,0x11FFDC00,64,1,
AR,0,0x6ADB0840,64,1,
AR,0,0x179971C0,64,1,
AR,0,0x411661C0,64,1,
AR,0,0x2FAEE780,64,1,
AR,0,0x3F288EC0,64,1,
AR,0,0x583BFF40,64,1,
AR,0,0x4511BA40,64,1,
AR,0,0x734FDAC0,64,1,
AR,0,0x3AD9CC40,64,1,
AR,0,0x473FBE00,64,1,
AR,0,0x540F6180,64,1,
AR,0,0x5C2EC500,64,1,
AR,0,0x499B14C0,64,1,
AR,0,0x4FBA69C0,64,1,
AR,0,0x5F1A9080,64,1,
AR,0,0x32AB7D00,64,1,
AR,0,0x13D13F00,64,1,
AR,0,0x7EF9F80,64,1,
AR,0,0x20C81600,64,1,
AR,0,0x7CF1140,64,1,
AR,0,0x45F45CC0,64,1,
AR,0,0x109ECA00,64,1,
AR,0,0x1922AC80,64,1,
AR,0,0x4DB52B40,64,1,
AR,0,0x6E99DB40,64,1,
AR,0,0x392C5740,64,1,
AR,0,0x2E7048C0,64,1,
AR,0,0x246A7BC0,64,1,
AR,0,0x7F2DBA80,64,1,
AR,0,0x12A966C0,64,1,
AR,0,0x22ABE880,64,1,
AR,0,0x47EB9740,64,1,
AR,0,0x3707D200,64,1,
AR,0,0x44C7F9C0,64,1,
AR,0,0x13648100,64,1,
AR,0,0xD8AA2C0,64,1,
AR,0,0x572691C0,64,1,
AR,0,0x5C119600,64,1,
AR,0,0x20F87CC0,64,1,
AR,0,0x17505480,64,1,
AR,0,0x64A28600,64,1,
AR,0,0x6E7DAE00,64,1,
AR,0,0x49EECB00,64,1,
AR,0,0x4A325140,64,1,
AR,0,0x3EAACD80,64,1,
AR,0,0x4A2801C0,64,1,
AR,0,0x44917300,64,1,
AR,0,0x47086B00,64,1,
AR,0,0x7BCC77C0,64,1,
AR,0,0x5F8A33C0,64,1,
AR,0,0x7793F100,64,1,
AR,0,0x1F263400,64,1,
AR,0,0x58E37780,64,1,
AR,0,0x444F7D40,64,1,
AR,0,0x79A98700,64,1,
AR,0,0x5C2E4980,64,1,
AR,0,0x4DC22080,64,1,
AR,0,0x7371BF80,64,1,
AR,0,0x39C92FC0,64,1,
AR,0,0x54AE8AC0,64,1,
AR,0,0x40B33940,64,1,
AR,0,0x1C2E3C80,64,1,
AR,0,0x6858AE40,64,1,
AR,0,0x2EF999C0,64,1,
AR,0,0x20470F00,64,1,
AR,0,0x23761FC0,64,1,
AR,0,0x1DAD74C0,64,1,
AR,0,0x19C0CD80,64,1,
AR,0,0x4DE72540,64,1,
AR,0,0x65BC8800,64,1,
AR,0,0x318EEAC0,64,1,
AR,0,0x3B2A7F40,64,1,
AR,0,0x61095140,64,1,
AR,0,0x7C821F00,64,1,
AR,0,0x63D53D00,64,1,
AR,0,0x543F1A00,64,1,
AR,0,0x3AB72A00,64,1,
AR,0,0x401A0740,64,1,
AR,0,0x6D74EFC0,64,1,
AR,0,0x100FB440,64,1,
AR,0,0x3F54A780,64,1,
AR,0,0x74CC4E40,64,1,
AR,0,0x56EA3140,64,1,
AR,0,0x6E9978C0,64,1,
AR,0,0x6281B6C0,64,1,
AR,0,0x7CF46380,64,1,
AR,0,0x6FD79580,64,1,
AR,0,0x55EED180,64,1,
AR,0,0x3C623700,64,1,
AR,0,0x6318AFC0,64,1,
AR,0,0x6378BB00,64,1,
AR,0,0x4E4FB7C0,64,1,
AR,0,0x3ECCAB80,64,1,
AR,0,0x5C864480,64,1,
AR,0,0x3F691100,64,1,
AR,0,0x2510C640,64,1,
AR,0,0x30477740,64,1,
AR,0,0x67DB44C0,64,1,
AR,0,0x1A8EE9C0,64,1,
AR,0,0x2BEEA880,64,1,
AR,0,0xC536480,64,1,
AR,0,0x5D29A940,64,1,
AR,0,0x19716B80,64,1,
AR,0,0x4CDF2EC0,64,1,
AR,0,0x5940E580,64,1,
AR,0,0x51BA2000,64,1,
AR,0,0x47B22100,64,1,
AR,0,0x471E0600,64,1,
AR,0,0x6F57D3C0,64,1,
AR,0,0x692130C0,64,1,
AR,0,0x296FB840,64,1,
AR,0,0x6F9EC240,64,1,
AR,0,0x3BF398C0,64,1,
AR,0,0x52D96F40,64,1,
AR,0,0x37353D40,64,1,
AR,0,0x6AC22AC0,64,1,
AR,0,0x63BBE300,64,1,
AR,0,0x6362C40,64,1,
AR,0,0xBC82040,64,1,
AR,0,0x434C8900,64,1,
AR,0,0x15852DC0,64,1,
AR,0,0x7563EAC0,64,1,
AR,0,0xC481100,64,1,
AR,0,0x3C4B0940,64,1,
AR,0,0x34EA0380,64,1,
AR,0,0x585243C0,64,1,
AR,0,0xCA0F240,64,1,
AR,0,0x697BE580,64,1,
AR,0,0x1974AC40,64,1,
AR,0,0x24F33140,64,1,
AR,0,0x387C5700,64,1,
AR,0,0x23DD8900,64,1,
AR,0,0x2CB8B5C0,64,1,
AR,0,0x2300180,64,1,
AR,0,0x4D5B8B00,64,1,
AR,0,0x57EFC540,64,1,
AR,0,0x2B71EB00,64,1,
AR,0,0x1382E2C0,64,1,
AR,0,0x195C80C0,64,1,
AR,0,0x728A8080,64,1,
AR,0,0x43CE0300,64,1,
AR,0,0x121ADD80,64,1,
AR,0,0x589E0AC0,64,1,
AR,0,0x60CE73C0,64,1,
AR,0,0x44ACB180,64,1,
AR,0,0x25C3BCC0,64,1,
AR,0,0x569716C0,64,1,
AR,0,0x11540D80,64,1,
AR,0,0x25465B00,64,1,
AR,0,0x699A3A00,64,1,
AR,0,0x67C18FC0,64,1,
AR,0,0x7C22AA40,64,1,
AR,0,0x18FA51C0,64,1,
AR,0,0x78DE8D80,64,1,
AR,0,0x2CD6B040,64,1,
AR,0,0x640BEE80,64,1,
AR,0,0x31570900,64,1,
AR,0,0x2F885980,64,1,
AR,0,0x5E6D580,64,1,
AR,0,0x12E266C0,64,1,
AR,0,0x4CA0B680,64,1,
AR,0,0x1E8E9480,64,1,
AR,0,0x116BF040,64,1,
AR,0,0x4A70D400,64,1,
AR,0,0x65407CC0,64,1,
AR,0,0x5EDB8100,64,1,
AR,0,0x6249E700,64,1,
AR,0,0x35920880,64,1,
AR,0,0x6A91F380,64,1,
AR,0,0xA1CD400,64,1,
AR,0,0x7A5D5180,64,1,
AR,0,0x38525E80,64,1,
AR,0,0x6338F000,64,1,
AR,0,0x60495740,64,1,
AR,0,0x7225DA80,64,1,
AR,0,0x2314EF00,64,1,
AR,0,0x348C31C0,64,1,
AR,0,0x5FEDA00,64,1,
AR,0,0x284901C0,64,1,
AR,0,0xA809400,64,1,
AR,0,0x2B358E40,64,1,
AR,0,0x71881680,64,1,
AR,0,0x6C2C5840,64,1,
AR,0,0x2E399AC0,64,1,
AR,0,0x242876C0,64,1,
AR,0,0x618CBC0,64,1,
AR,0,0x2CF07F00,64,1,
AR,0,0x4D193000,64,1,
AR,0,0x8F02480,64,1,
AR,0,0x66835080,64,1,
AR,0,0x45FB1440,64,1,
AR,0,0x3692E2C0,64,1,
AR,0,0x73C82300,64,1,
AR,0,0x4BF0D400,64,1,
AR,0,0x158D24C0,64,1,
AR,0,0x633812C0,64,1,
AR,0,0x1EAA7E80,64,1,
AR,0,0x1C3FD640,64,1,
AR,0,0x14EC3840,64,1,
AR,0,0x195F5B00,64,1,
AR,0,0x200635C0,64,1,
AR,0,0x792EA040,64,1,
AR,0,0x6C996640,64,1,
AR,0,0x4E9D7AC0,64,1,
AR,0,0x549017C0,64,1,
AR,0,0x13E0D280,64,1,
AR,0,0x5D173140,64,1,
AR,0,0x5D6077C0,64,1,
AR,0,0xA775200,64,1,
AR,0,0x8D94AC0,64,1,
AR,0,0x3714F780,64,1,
AR,0,0x4D996BC0,64,1,
AR,0,0x1EE36A80,64,1,
AR,0,0x68644700,64,1,
AR,0,0x5D6E3C00,64,1,
AR,0,0x75F94800,64,1,
AR,0,0x32DB4380,64,1,
AR,0,0x2AD5DD80,64,1,
AR,0,0x3F1BC280,64,1,
AR,0,0x2CD480,64,1,
AR,0,0x112F3B00,64,1,
AR,0,0x21FBEC40,64,1,
AR,0,0x68D38CC0,64,1,
AR,0,0x19BDE540,64,1,
AR,0,0x74D4400,64,1,
AR,0,0x4FBDA4C0,64,1,
AR,0,0x7CB92380,64,1,
AR,0,0x742B96C0,64,1,
AR,0,0x696E7600,64,1,
AR,0,0x25BDDF00,64,1,
AR,0,0x581FF000,64,1,
AR,0,0x2B6DDA80,64,1,
AR,0,0x3A7E89C0,64,1,
AR,0,0x286AA600,64,1,
AR,0,0x301B8CC0,64,1,
AR,0,0x783385C0,64,1,
AR,0,0x4597D140,64,1,
AR,0,0x13C3AAC0,64,1,
AR,0,0x16DD4980,64,1,
AR,0,0x5C69CB80,64,1,
AR,0,0x41B9C3C0,64,1,
AR,0,0x665EE540,64,1,
AR,0,0x79B95F40,64,1,
AR,0,0x318DF40,64,1,
AR,0,0x1663700,64,1,
AR,0,0x54AFB40,64,1,
AR,0,0x5E826800,64,1,
AR,0,0x78F4A640,64,1,
AR,0,0x7596FE40,64,1,
AR,0,0x2CDD9580,64,1,
AR,0,0x47BF8000,64,1,
AR,0,0x92D7CC0,64,1,
AR,0,0xDE51CC0,64,1,
AR,0,0x7946B480,64,1,
AR,0,0x4D044800,64,1,
AR,0,0x427F7B80,64,1,
AR,0,0x774710C0,64,1,
AR,0,0x6938F400,64,1,
AR,0,0x308DEB80,64,1,
AR,0,0x1A5A3680,64,1,
AR,0,0xBA95940,64,1,
AR,0,0x39E63680,64,1,
AR,0,0x7A6BF340,64,1,
AR,0,0x4601E2C0,64,1,
AR,0,0x21B524C0,64,1,
AR,0,0x392954C0,64,1,
AR,0,0x1A7F5200,64,1,
AR,0,0x2ED689C0,64,1,
AR,0,0x244B380,64,1,
AR,0,0x67685C40,64,1,
AR,0,0x6CC8E140,64,1,
AR,0,0x5CBC8140,64,1,
AR,0,0x6F0D12C0,64,1,
AR,0,0x1446D0C0,64,1,
AR,0,0x6479280,64,1,
AR,0,0x7F768C80,64,1,
AR,0,0x111D64C0,64,1,
AR,0,0x7B351B00,64,1,
AR,0,0x6566EAC0,64,1,
AR,0,0x271CD940,64,1,
AR,0,0x673F58C0,64,1,
AR,0,0x70E427C0,64,1,
AR,0,0x4D82C5C0,64,1,
AR,0,0x70BFB180,64,1,
AR,0,0x203402C0,64,1,
AR,0,0x2D70BD80,64,1,
AR,0,0x70DD9AC0,64,1,
AR,0,0x5BD60680,64,1,
AR,0,0x46C02780,64,1,
AR,0,0x421B9B00,64,1,
AR,0,0x1F646280,64,1,
AR,0,0x338E9F80,64,1,
AR,0,0xA7AD100,64,1,
AR,0,0x5B636080,64,1,
AR,0,0x54B5EA80,64,1,
AR,0,0x72467680,64,1,
AR,0,0x12FF9740,64,1,
AR,0,0x6D0AF780,64,1,
AR,0,0x6CBCF0C0,64,1,
AR,0,0x1508A540,64,1,
AR,0,0x2424B40,64,1,
AR,0,0x3F23BA00,64,1,
AR,0,0x787C4680,64,1,
AR,0,0x3E33F080,64,1,
AR,0,0x1E166640,64,1,
AR,0,0x64CF8F40,64,1,
AR,0,0x1FCDAA00,64,1,
AR,0,0x736EEE80,64,1,
AR,0,0x518CC40,64,1,
AR,0,0x42922E80,64,1,
AR,0,0x10B80140,64,1,
AR,0,0x1CAA7C40,64,1,
AR,0,0x81DC040,64,1,
AR,0,0x693A9C00,64,1,
AR,0,0x6C55E40,64,1,
AR,0,0xB65A900,64,1,
AR,0,0x49F9E00,64,1,
AR,0,0x5F15EC40,64,1,
AR,0,0x5C283C00,64,1,
AR,0,0x1CE4D380,64,1,
AR,0,0x7B026FC0,64,1,
AR,0,0x7B7F6140,64,1,
AR,0,0x691F600,64,1,
AR,0,0x3632B980,64,1,
AR,0,0x59B76000,64,1,
AR,0,0x7961240,64,1,
AR,0,0x76A9AF00,64,1,
AR,0,0x64BB0CC0,64,1,
AR,0,0x36DD8C40,64,1,
AR,0,0x28F36FC0,64,1,
AR,0,0x5256E840,64,1,
AR,0,0x7DD37A40,64,1,
AR,0,0x691A440,64,1,
AR,0,0x4651E240,64,1,
AR,0,0x19419D80,64,1,
AR,0,0xBEB1A00,64,1,
AR,0,0x7F972500,64,1,
AR,0,0x7AB9740,64,1,
AR,0,0x47DC1140,64,1,
AR,0,0x4FA43F00,64,1,
AR,0,0x195EDE40,64,1,
AR,0,0x78A1A640,64,1,
AR,0,0x6011BEC0,64,1,
AR,0,0x140B93C0,64,1,
AR,0,0x4093AB80,64,1,
AR,0,0x673A6C80,64,1,
AR,0,0x4E526C00,64,1,
AR,0,0x4563FFC0,64,1,
AR,0,0xE473940,64,1,
AR,0,0x480B3980,64,1,
AR,0,0x21A7D980,64,1,
AR,0,0x4120F9C0,64,1,
AR,0,0x654BDE40,64,1,
AR,0,0x7BA4CB00,64,1,
AR,0,0xA64680,64,1,
AR,0,0x41F7A300,64,1,
AR,0,0x4513BB80,64,1,
AR,0,0x2BCE16C0,64,1,
AR,0,0x678B4D40,64,1,
AR,0,0x7F4542C0,64,1,
AR,0,0x4BF1C900,64,1,
AR,0,0x46F25A00,64,1,
AR,0,0x7B29BC80,64,1,
AR,0,0x7267D200,64,1,
AR,0,0x71742200,64,1,
AR,0,0x36186DC0,64,1,
AR,0,0x4E93DCC0,64,1,
AR,0,0x70DE1940,64,1,
AR,0,0x2CCCF900,64,1,
AR,0,0x3A60F740,64,1,
AR,0,0x4BB76740,64,1,
AR,0,0x5ABF2B80,64,1,
AR,0,0x5F5644C0,64,1,
AR,0,0x1315FF40,64,1,
AR,0,0x3108E80,64,1,
AR,0,0x6C64A200,64,1,
AR,0,0x6A056BC0,64,1,
AR,0,0x419ED2C0,64,1,
AR,0,0x1FAD6D40,64,1,
AR,0,0x7BE1E800,64,1,
AR,0,0xD9E6900,64,1,
AR,0,0x9377040,64,1,
AR,0,0x3DCCA000,64,1,
AR,0,0x1C46FBC0,64,1,
AR,0,0x1188D940,64,1,
AR,0,0x3D953480,64,1,
AR,0,0x2955840,64,1,
AR,0,0x4508C0C0,64,1,
AR,0,0x2E2DD500,64,1,
AR,0,0x54A5240,64,1,
AR,0,0x546C22C0,64,1,
AR,0,0x4414F380,64,1,
AR,0,0x5011ED00,64,1,
AR,0,0x30EA2180,64,1,
AR,0,0x275E5F80,64,1,
AR,0,0x56ABF600,64,1,
AR,0,0x531728C0,64,1,
AR,0,0x7ABC5E40,64,1,
AR,0,0x22630700,64,1,
AR,0,0x7EBB9740,64,1,
AR,0,0x18BDB400,64,1,
AR,0,0x4BE8A00,64,1,
AR,0,0x33472380,64,1,
AR,0,0x1A75DEC0,64,1,
AR,0,0x5DD775C0,64,1,
AR,0,0x29CC4280,64,1,
AR,0,0x45090B80,64,1,
AR,0,0x7E736040,64,1,
AR,0,0x18C9FE00,64,1,
AR,0,0x793E4100,64,1,
AR,0,0x319A2A80,64,1,
AR,0,0x7CFB4BC0,64,1,
AR,0,0x3138CE40,64,1,
AR,0,0x4834E9C0,64,1,
AR,0,0x723C40C0,64,1,
AR,0,0x7237AE00,64,1,
AR,0,0x8F0BE00,64,1,
AR,0,0x42E3BB80,64,1,
AR,0,0x70FED100,64,1,
AR,0,0x2D06200,64,1,
AR,0,0x63181500,64,1,
AR,0,0x6B6A6040,64,1,
AR,0,0x66FB9300,64,1,
AR,0,0x29C93440,64,1,
AR,0,0x3C597540,64,1,
AR,0,0x45087F00,64,1,
AR,0,0x33FC400,64,1,
AR,0,0x270F3DC0,64,1,
AR,0,0x15B519C0,64,1,
AR,0,0x38C64940,64,1,
AR,0,0x3BDC1900,64,1,
AR,0,0x19A4C600,64,1,
AR,0,0x3C6B9680,64,1,
AR,0,0xD4933C0,64,1,
AR,0,0x6118880,64,1,
AR,0,0x711FE0C0,64,1,
AR,0,0x44AAB580,64,1,
AR,0,0x3BA26380,64,1,
AR,0,0xDCFB440,64,1,
AR,0,0x4EE19E00,64,1,
AR,0,0x7E2C5D80,64,1,
AR,0,0x5CD688C0,64,1,
AR,0,0x5BC00C40,64,1,
AR,0,0x71BB6700,64,1,
AR,0,0x6F7D6B00,64,1,
AR,0,0x2396C6C0,64,1,
AR,0,0x381AED40,64,1,
AR,0,0x781AE440,64,1,
AR,0,0x1BA107C0,64,1,
AR,0,0x470F7440,64,1,
AR,0,0x1502BBC0,64,1,
AR,0,0x5A947A40,64,1,
AR,0,0x194B4700,64,1,
AR,0,0x76BC5140,64,1,
AR,0,0x26BD840,64,1,
AR,0,0x6684B600,64,1,
AR,0,0x356C7DC0,64,1,
AR,0,0x2C62E700,64,1,
AR,0,0x56F41740,64,1,
AR,0,0x433951C0,64,1,
AR,0,0x44201E40,64,1,
AR,0,0x1A6F3E40,64,1,
AR,0,0x3DBD34C0,64,1,
AR,0,0x68DA5D80,64,1,
AR,0,0x1F2E7640,64,1,
AR,0,0x60C3AF40,64,1,
AR,0,0x8D55B80,64,1,
AR,0,0x32BD4AC0,64,1,
AR,0,0x4F770B80,64,1,
AR,0,0x16B6FB40,64,1,
AR,0,0x228F600,64,1,
AR,0,0x2256C500,64,1,
AR,0,0x15CAD600,64,1,
AR,0,0x23DE2D80,64,1,
AR,0,0x2A895C40,64,1,
AR,0,0x3E365340,64,1,
AR,0,0x28560580,64,1,
AR,0,0x6FEC2540,64,1,
AR,0,0x7D3CCE40,64,1,
AR,0,0x41666280,64,1,
AR,0,0x89396C0,64,1,
AR,0,0x73496CC0,64,1,
AR,0,0x76545700,64,1,
AR,0,0x5D71F0C0,64,1,
AR,0,0x123B600,64,1,
AR,0,0xAD102C0,64,1,
AR,0,0x462369C0,64,1,
AR,0,0xCE00B40,64,1,
AR,0,0x7D56C5C0,64,1,
AR,0,0x134962C0,64,1,
AR,0,0x545A2640,64,1,
AR,0,0x526BA440,64,1,
AR,0,0x15EB4500,64,1,
AR,0,0x910ECC0,64,1,
AR,0,0x3D7E8280,64,1,
AR,0,0x59952040,64,1,
AR,0,0x10AE4640,64,1,
AR,0,0x773366C0,64,1,
AR,0,0x6491E840,64,1,
AR,0,0x7597D040,64,1,
AR,0,0x6C66A780,64,1,
AR,0,0x6F9CDF80,64,1,
AR,0,0xBA10C0,64,1,
AR,0,0xCD681C0,64,1,
AR,0,0x4DE0D9C0,64,1,
AR,0,0xF8D6600,64,1,
AR,0,0x5A9EEBC0,64,1,
AR,0,0x4D380B80,64,1,
AR,0,0x6E2F1E00,64,1,
AR,0,0x3ADBD440,64,1,
AR,0,0x1AA87040,64,1,
AR,0,0x58A79200,64,1,
AR,0,0x1F8C9980,64,1,
AR,0,0x10A0FB40,64,1,
AR,0,0x7E7B6C00,64,1,
AR,0,0x147D02C0,64,1,
AR,0,0x6E4DF980,64,1,
AR,0,0x7C019600,64,1,
AR,0,0x78337DC0,64,1,
AR,0,0x3AE85400,64,1,
AR,0,0xB37540,64,1,
AR,0,0x1A2257C0,64,1,
AR,0,0x338B6A40,64,1,
AR,0,0x7AB9D40,64,1,
AR,0,0x3CA66F80,64,1,
AR,0,0x519384C0,64,1,
AR,0,0x6AD84C80,64,1,
AR,0,0xE886340,64,1,
AR,0,0x3E3B8080,64,1,
AR,0,0x5004DB00,64,1,
AR,0,0x160DCAC0,64,1,
AR,0,0x3E41D80,64,1,
AR,0,0x53053740,64,1,
AR,0,0x364D1840,64,1,
AR,0,0xA935540,64,1,
AR,0,0x4B3B1140,64,1,
AR,0,0x7647D580,64,1,
AR,0,0x589149C0,64,1,
AR,0,0x6BA0A7C0,64,1,
AR,0,0x463F63C0,64,1,
AR,0,0x45DCF580,64,1,
AR,0,0x3CF30300,64,1,
AR,0,0x4D12AE00,64,1,
AR,0,0x612E7D00,64,1,
AR,0,0x5CDC9580,64,1,
AR,0,0x15D8DC80,64,1,
AR,0,0x4774ADC0,64,1,
AR,0,0x490D3E40,64,1,
AR,0,0x39C7F5C0,64,1,
AR,0,0x5D908380,64,1,
AR,0,0x5BCC2380,64,1,
AR,0,0x2098CDC0,64,1,
AR,0,0x50A2180,64,1,
AR,0,0x5CE1BB80,64,1,
AR,0,0x54C33F40,64,1,
AR,0,0x650BFC40,64,1,
AR,0,0x5DE191C0,64,1,
AR,0,0x2E13D5C0,64,1,
AR,0,0x696ED300,64,1,
AR,0,0x3CD1C40,64,1,
AR,0,0x4181EF40,64,1,
AR,0,0x2E321480,64,1,
AR,0,0x132D05C0,64,1,
AR,0,0x150A0A80,64,1,
AR,0,0x701CAE80,64,1,
AR,0,0x5AE1B080,64,1,
AR,0,0x18AC3BC0,64,1,
AR,0,0xAD9B500,64,1,
AR,0,0x7E3B8700,64,1,
AR,0,0x71BAA00,64,1,
AR,0,0xFFB9180,64,1,
AR,0,0x55BB7400,64,1,
AR,0,0x2D3A24C0,64,1,
AR,0,0x2E016E00,64,1,
AR,0,0x723C8F40,64,1,
AR,0,0x5BF88F40,64,1,
AR,0,0x3131280,64,1,
AR,0,0x6D679C00,64,1,
AR,0,0x1621A2C0,64,1,
AR,0,0x327B8DC0,64,1,
AR,0,0x4A5A89C0,64,1,
AR,0,0x77D0CB00,64,1,
AR,0,0x7A267580,64,1,
AR,0,0x487DC900,64,1,
AR,0,0x4A8D9540,64,1,
AR,0,0x166E33C0,64,1,
AR,0,0x44ABC300,64,1,
AR,0,0x16ABF140,64,1,
AR,0,0x35EBC1C0,64,1,
AR,0,0x4A3C2A80,64,1,
AR,0,0x68AC59C0,64,1,
AR,0,0x3C33F440,64,1,
AR,0,0x5AD25880,64,1,
AR,0,0x4C8DA5C0,64,1,
AR,0,0x41A6DE00,64,1,
AR,0,0x567A2380,64,1,
AR,0,0x6394FE40,64,1,
AR,0,0x7763E600,64,1,
AR,0,0x71E9D2C0,64,1,
AR,0,0x389FC940,64,1,
AR,0,0x652E5580,64,1,
AR,0,0x4A421AC0,64,1,
AR,0,0x75FDA300,64,1,
AR,0,0x78C1FB00,64,1,
AR,0,0x58944580,64,1,
AR,0,0x5B1D89C0,64,1,
AR,0,0x685BA380,64,1,
AR,0,0x7799A40,64,1,
AR,0,0x5AFE6600,64,1,
AR,0,0x6F65CBC0,64,1,
AR,0,0x3F389640,64,1,
AR,0,0x1DD8DC00,64,1,
AR,0,0x18B07100,64,1,
AR,0,0x793DC140,64,1,
AR,0,0x69D6640,64,1,
AR,0,0x526F8300,64,1,
AR,0,0x5FA8D740,64,1,
AR,0,0x2C86A580,64,1,
AR,0,0x4650DD80,64,1,
AR,0,0x174265C0,64,1,
AR,0,0xF829900,64,1,
AR,0,0x130A60C0,64,1,
AR,0,0x3011EE80,64,1,
AR,0,0x7A3CDE40,64,1,
AR,0,0x3D7F89C0,64,1,
AR,0,0x5194B700,64,1,
AR,0,0x28EC0200,64,1,
AR,0,0x4D370600,64,1,
AR,0,0x459B3EC0,64,1,
AR,0,0x373834C0,64,1,
AR,0,0x478807C0,64,1,
AR,0,0x6370280,64,1,
AR,0,0x3F3A2840,64,1,
AR,0,0x7ADEA6C0,64,1,
AR,0,0x3C881C00,64,1,
AR,0,0x26B53500,64,1,
AR,0,0x573B2AC0,64,1,
AR,0,0x68AB2980,64,1,
AR,0,0x26F553C0,64,1,
AR,0,0x4F21A0C0,64,1,
AR,0,0x6951F00,64,1,
AR,0,0x4A6C8780,64,1,
AR,0,0x13A51400,64,1,
AR,0,0x7563CC00,64,1,
AR,0,0xC6ED540,64,1,
AR,0,0x28ADF940,64,1,
AR,0,0x48EDA580,64,1,
AR,0,0x35936680,64,1,
AR,0,0x7106F3C0,64,1,
AR,0,0x57FAAF40,64,1,
AR,0,0x6C39F180,64,1,
AR,0,0x94C0080,64,1,
AR,0,0xCE66500,64,1,
AR,0,0x7DFDC000,64,1,
AR,0,0x20876780,64,1,
AR,0,0x5432B540,64,1,
AR,0,0x290B45C0,64,1,
AR,0,0x596AA140,64,1,
AR,0,0x374D7900,64,1,
AR,0,0x3A791300,64,1,
AR,0,0x94C940,64,1,
AR,0,0x57F2BF40,64,1,
AR,0,0x2FFE4980,64,1,
AR,0,0x8FF5000,64,1,
AR,0,0x49FA4100,64,1,
AR,0,0x2D64B040,64,1,
AR,0,0x5C00B700,64,1,
AR,0,0x3C8FA600,64,1,
AR,0,0x2FC72C40,64,1,
AR,0,0x55FF22C0,64,1,
AR,0,0x2D5AFC0,64,1,
AR,0,0x5CBDE3C0,64,1,
AR,0,0x37A594C0,64,1,
AR,0,0x75A6C4C0,64,1,
AR,0,0x6F896AC0,64,1,
AR,0,0x7EC404C0,64,1,
AR,0,0x37F41000,64,1,
AR,0,0x320BCD00,64,1,
AR,0,0x5AD51D00,64,1,
AR,0,0x24122E80,64,1,
AR,0,0xD020700,64,1,
AR,0,0x24489100,64,1,
AR,0,0x506AB6C0,64,1,
AR,0,0x9325980,64,1,
AR,0,0x2F07AC40,64,1,
AR,0,0x6EE70AC0,64,1,
AR,0,0x15731C80,64,1,
AR,0,0x60295C80,64,1,
AR,0,0x7E1F91C0,64,1,
AR,0,0x1BE094C0,64,1,
AR,0,0xB4DB80,64,1,
AR,0,0x6F12F640,64,1,
AR,0,0x45A2C380,64,1,
AR,0,0x429E9540,64,1,
AR,0,0xAB80180,64,1,
AR,0,0x2BECE180,64,1,
AR,0,0x4ADA9640,64,1,
AR,0,0xD5C8040,64,1,
AR,0,0x62624800,64,1,
AR,0,0x36CC5B00,64,1,
AR,0,0x4EB0140,64,1,
AR,0,0x237A6F40,64,1,
AR,0,0x90A31C0,64,1,
AR,0,0x1B13B880,64,1,
AR,0,0x1F6814C0,64,1,
AR,0,0x4597F180,64,1,
AR,0,0x2551BA80,64,1,
AR,0,0x385193C0,64,1,
AR,0,0x40A11FC0,64,1,
AR,0,0x1A3E0040,64,1,
AR,0,0x88A8900,64,1,
AR,0,0x503170C0,64,1,
AR,0,0x1DA606C0,64,1,
AR,0,0x28F30180,64,1,
AR,0,0x214BBD80,64,1,
AR,0,0x3602E5C0,64,1,
AR,0,0x17C28080,64,1,
AR,0,0x7ED54E80,64,1,
AR,0,0x1AA1D740,64,1,
AR,0,0x41DCE700,64,1,
AR,0,0x1290E540,64,1,
AR,0,0x3ABCD80,64,1,
AR,0,0xB7E5400,64,1,
AR,0,0x5A7D82C0,64,1,
AR,0,0x79BA9BC0,64,1,
AR,0,0x7FC25600,64,1,
AR,0,0x693967C0,64,1,
AR,0,0x2298D400,64,1,
AR,0,0x4C292E00,64,1,
AR,0,0x34780100,64,1,
AR,0,0x178D4480,64,1,
AR,0,0x10221F80,64,1,
AR,0,0x73E5AD80,64,1,
AR,0,0x67374A40,64,1,
AR,0,0x7708FC00,64,1,
AR,0,0x5653A0C0,64,1,
AR,0,0x10503240,64,1,
AR,0,0x5C5A5E80,64,1,
AR,0,0x3C8909C0,64,1,
AR,0,0x6EEEE380,64,1,
AR,0,0x29D24C00,64,1,
AR,0,0x7A2B0380,64,1,
AR,0,0x45C5A700,64,1,
AR,0,0x17BF0B80,64,1,
AR,0,0x48B3CE40,64,1,
AR,0,0x26216F40,64,1,
AR,0,0x7FBB1A80,64,1,
AR,0,0x478C1800,64,1,
AR,0,0x345C2440,64,1,
AR,0,0x21D9F140,64,1,
AR,0,0x16477F00,64,1,
AR,0,0x11B042C0,64,1,
AR,0,0x3BE5B940,64,1,
AR,0,0x7B2CD480,64,1,
AR,0,0xE44EA40,64,1,
AR,0,0x23B16340,64,1,
AR,0,0x7197F580,64,1,
AR,0,0x2BACAFC0,64,1,
AR,0,0x4C893040,64,1,
AR,0,0x21130200,64,1,
AR,0,0x4A75FB00,64,1,
AR,0,0x46732800,64,1,
AR,0,0x7538B400,64,1,
AR,0,0x4882740,64,1,
AR,0,0x1DE8FE40,64,1,
AR,0,0x27A2CB80,64,1,
AR,0,0x106D10C0,64,1,
AR,0,0x244328C0,64,1,
AR,0,0xFB9B700,64,1,
AR,0,0x6D57F6C0,64,1,
AR,0,0x5A60E400,64,1,
AR,0,0x773BC740,64,1,
AR,0,0x40EB7A80,64,1,
AR,0,0x540150C0,64,1,
AR,0,0x6B507FC0,64,1,
AR,0,0x7FFCF940,64,1,
AR,0,0x7150EC80,64,1,
AR,0,0x155D3080,64,1,
AR,0,0x10C5BC00,64,1,
AR,0,0x41F733C0,64,1,
AR,0,0x4DB78140,64,1,
AR,0,0x49E7980,64,1,
AR,0,0x50A0FA80,64,1,
AR,0,0x6149E940,64,1,
AR,0,0x5C1FFA80,64,1,
AR,0,0x426A4E40,64,1,
AR,0,0x6FB19680,64,1,
AR,0,0x3B352180,64,1,
AR,0,0x6B0C8900,64,1,
AR,0,0x13D33D00,64,1,
AR,0,0x57F78EC0,64,1,
AR,0,0x514379C0,64,1,
AR,0,0xDB900,64,1,
AR,0,0x52328940,64,1,
AR,0,0x54240900,64,1,
AR,0,0x13AAF40,64,1,
AR,0,0x2E091900,64,1,
AR,0,0x7E9D8040,64,1,
AR,0,0x6CF00080,64,1,
AR,0,0x5B3C0B00,64,1,
AR,0,0x794DB4C0,64,1,
AR,0,0x2BBFC3C0,64,1,
AR,0,0x281C02C0,64,1,
AR,0,0x66281B80,64,1,
AR,0,0x111CB6C0,64,1,
AR,0,0x292F6740,64,1,
AR,0,0x535A4840,64,1,
AR,0,0x717C0840,64,1,
AR,0,0x4350B000,64,1,
AR,0,0x467E1F00,64,1,
AR,0,0x2BC9E840,64,1,
AR,0,0x30355980,64,1,
AR,0,0x6BF4EE80,64,1,
AR,0,0x76069580,64,1,
AR,0,0x2CFFCC80,64,1,
AR,0,0xF8D1580,64,1,
AR,0,0x30C4DA80,64,1,
AR,0,0x5121D480,64,1,
AR,0,0x679D9D00,64,1,
AR,0,0x170600C0,64,1,
AR,0,0x6A7270C0,64,1,
AR,0,0x494E3E40,64,1,
AR,0,0xC9B16C0,64,1,
AR,0,0x53EA17C0,64,1,
AR,0,0x389C4BC0,64,1,
AR,0,0x4FD29BC0,64,1,
AR,0,0x466A6480,64,1,
AR,0,0x33B610C0,64,1,
AR,0,0x2D899AC0,64,1,
AR,0,0x52FD7F40,64,1,
AR,0,0x53899400,64,1,
AR,0,0x1C5F1740,64,1,
AR,0,0x5A3C3740,64,1,
AR,0,0x3A3AC0C0,64,1,
AR,0,0x29CC7D40,64,1,
AR,0,0x362C7C00,64,1,
AR,0,0xDC36940,64,1,
AR,0,0x6AB5E400,64,1,
AR,0,0x6D045E00,64,1,
AR,0,0x4893F980,64,1,
AR,0,0x7C42F780,64,1,
AR,0,0x48192000,64,1,
AR,0,0x340363C0,64,1,
AR,0,0x47D643C0,64,1,
AR,0,0xB71C900,64,1,
AR,0,0x4C58DF40,64,1,
AR,0,0x7247E9C0,64,1,
AR,0,0x2AEDFE40,64,1,
AR,0,0x385F8300,64,1,
AR,0,0x17116040,64,1,
AR,0,0x4F18B480,64,1,
AR,0,0x2A422DC0,64,1,
AR,0,0x7B456B80,64,1,
AR,0,0x37BBB0C0,64,1,
AR,0,0x331BF240,64,1,
AR,0,0x108AC700,64,1,
AR,0,0x73431E40,64,1,
AR,0,0xA9A2700,64,1,
AR,0,0x4D17C100,64,1,
AR,0,0x72DECB00,64,1,
AR,0,0x189CC880,64,1,
AR,0,0x618C7B40,64,1,
AR,0,0x51DDED40,64,1,
AR,0,0x52996140,64,1,
AR,0,0x4EA71980,64,1,
AR,0,0x11A27780,64,1,
AR,0,0x36160300,64,1,
AR,0,0x77AF8E80,64,1,
AR,0,0xA8CC040,64,1,
AR,0,0x70BE37C0,64,1,
AR,0,0x1E1DA40,64,1,
AR,0,0x14678140,64,1,
AR,0,0x12B54040,64,1,
AR,0,0x22031B00,64,1,
AR,0,0x72C1C240,64,1,
AR,0,0x721F3C40,64,1,
AR,0,0x515C5C40,64,1,
AR,0,0x70A8DBC0,64,1,
AR,0,0x2B284640,64,1,
AR,0,0x4E5F95C0,64,1,
AR,0,0x36FB2A40,64,1,
AR,0,0x5BDBBD80,64,1,
AR,0,0x7B237400,64,1,
AR,0,0x2BBAC540,64,1,
AR,0,0x4B278B40,64,1,
AR,0,0x33144240,64,1,
AR,0,0x4BA5F280,64,1,
AR,0,0x2CD4E540,64,1,
AR,0,0x15B002C0,64,1,
AR,0,0x5D026100,64,1,
AR,0,0x6D608840,64,1,
AR,0,0x26CD0200,64,1,
AR,0,0x65E95080,64,1,
AR,0,0x59DC51C0,64,1,
AR,0,0x7962A240,64,1,
AR,0,0x55A3100,64,1,
AR,0,0x6FDA7880,64,1,
AR,0,0x13BBED00,64,1,
AR,0,0x1DE49E40,64,1,
AR,0,0x7C5E6280,64,1,
AR,0,0x20BDC980,64,1,
AR,0,0x59A07740,64,1,
AR,0,0x2A623E80,64,1,
AR,0,0x43A2AF80,64,1,
AR,0,0x68527800,64,1,
AR,0,0x4FBADD00,64,1,
AR,0,0x2DC95FC0,64,1,
AR,0,0x6F78C4C0,64,1,
AR,0,0x3E509C80,64,1,
AR,0,0x167CBA80,64,1,
AR,0,0x70969D80,64,1,
AR,0,0x32594E40,64,1,
AR,0,0x36510780,64,1,
AR,0,0xF2A8E40,64,1,
AR,0,0x6C2E8A80,64,1,
AR,0,0x5FD42C40,64,1,
AR,0,0x2ED5DA00,64,1,
AR,0,0x723CA180,64,1,
AR,0,0x2E19F980,64,1,
AR,0,0x39544DC0,64,1,
AR,0,0xF011480,64,1,
AR,0,0x5C473740,64,1,
AR,0,0x201C0EC0,64,1,
AR,0,0x5CF1F2C0,64,1,
AR,0,0x136B1D40,64,1,
AR,0,0x7E8C97C0,64,1,
AR,0,0x5E35180,64,1,
AR,0,0x7B183B40,64,1,
AR,0,0x462F4940,64,1,
AR,0,0x5E3959C0,64,1,
AR,0,0x11488080,64,1,
AR,0,0x5E7E6580,64,1,
AR,0,0x4945BCC0,64,1,
AR,0,0x3C2CCC0,64,1,
AR,0,0x505FBB80,64,1,
AR,0,0x3623C00,64,1,
AR,0,0x5FCE0E00,64,1,
AR,0,0x6FCC6700,64,1,
AR,0,0x3B9F8240,64,1,
AR,0,0x238974C0,64,1,
AR,0,0x4DB230C0,64,1,
AR,0,0x20E94E00,64,1,
AR,0,0x5B56F200,64,1,
AR,0,0x18B363C0,64,1,
AR,0,0x52A6A9C0,64,1,
AR,0,0x8F059C0,64,1,
AR,0,0x2AAF3EC0,64,1,
AR,0,0x5B5B4180,64,1,
AR,0,0x58D16AC0,64,1,
AR,0,0xF5DAC80,64,1,
AR,0,0x76D73CC0,64,1,
AR,0,0x767A8780,64,1,
AR,0,0x58219C0,64,1,
AR,0,0x68324480,64,1,
AR,0,0x2C627CC0,64,1,
AR,0,0x5F8DDA40,64,1,
AR,0,0x4B83B880,64,1,
AR,0,0x3DBA1C0,64,1,
AR,0,0x2B4E2E40,64,1,
AR,0,0x65049CC0,64,1,
AR,0,0x35B49040,64,1,
AR,0,0x71853040,64,1,
AR,0,0x6CE75700,64,1,
AR,0,0x567F6D40,64,1,
AR,0,0x3B7EF7C0,64,1,
AR,0,0x48FD02C0,64,1,
AR,0,0x21499040,64,1,
AR,0,0x39F237C0,64,1,
AR,0,0x7BC6C640,64,1,
AR,0,0x44802C40,64,1,
AR,0,0x7DC22580,64,1,
AR,0,0x11948C40,64,1,
AR,0,0xB85080,64,1,
AR,0,0x519EC480,64,1,
AR,0,0x63974680,64,1,
AR,0,0x47582A40,64,1,
AR,0,0x39992E80,64,1,
AR,0,0x8ED2740,64,1,
AR,0,0x5759B980,64,1,
AR,0,0x1635DF80,64,1,
AR,0,0x61C15F00,64,1,
AR,0,0x6A4DFB00,64,1,
AR,0,0x6EB4E000,64,1,
AR,0,0xA4E98C0,64,1,
AR,0,0x68FE700,64,1,
AR,0,0xB12F480,64,1,
AR,0,0x346E9C40,64,1,
AR,0,0x70ACD340,64,1,
AR,0,0x554EBFC0,64,1,
AR,0,0x529D8A80,64,1,
AR,0,0x62F105C0,64,1,
AR,0,0x2A8A1C00,64,1,
AR,0,0xFBB840,64,1,
AR,0,0x5E18EE00,64,1,
AR,0,0x59B3A800,64,1,
AR,0,0x2545680,64,1,
AR,0,0x8C32B00,64,1,
AR,0,0x356AAE80,64,1,
AR,0,0x73A300C0,64,1,
AR,0,0x4C52A340,64,1,
AR,0,0x180DCD40,64,1,
AR,0,0x6968BC00,64,1,
AR,0,0x6F0BEE80,64,1,
AR,0,0x29F2BC40,64,1,
AR,0,0x45FEEC0,64,1,
AR,0,0x19A09C00,64,1,
AR,0,0x1FE81140,64,1,
AR,0,0x7308E1C0,64,1,
AR,0,0x7451D9C0,64,1,
AR,0,0x33D82940,64,1,
AR,0,0x43D19740,64,1,
AR,0,0x26153780,64,1,
AR,0,0x3AD25B80,64,1,
AR,0,0x2C9746C0,64,1,
AR,0,0x4F046A80,64,1,
AR,0,0x14520100,64,1,
AR,0,0x2C2E4400,64,1,
AR,0,0x2D165540,64,1,
AR,0,0x12241280,64,1,
AR,0,0x32212A40,64,1,
AR,0,0x438EE980,64,1,
AR,0,0x60F3B680,64,1,
AR,0,0x4A8F3F00,64,1,
AR,0,0x68772F00,64,1,
AR,0,0x41A48A80,64,1,
AR,0,0x6A623CC0,64,1,
AR,0,0x6DABB00,64,1,
AR,0,0x1358B800,64,1,
AR,0,0x75373700,64,1,
AR,0,0x26D67500,64,1,
AR,0,0x65CF68C0,64,1,
AR,0,0x42B06980,64,1,
AR,0,0x5AFE8CC0,64,1,
AR,0,0x8A15740,64,1,
AR,0,0x5AC4C880,64,1,
AR,0,0x42BBA380,64,1,
AR,0,0x71B8B940,64,1,
AR,0,0x3EA354C0,64,1,
AR,0,0x1F19E580,64,1,
AR,0,0x48B48F00,64,1,
AR,0,0x6AE08F00,64,1,
AR,0,0x5BD0F200,64,1,
AR,0,0x56E143C0,64,1,
AR,0,0x1A907F00,64,1,
AR,0,0x3A97EE40,64,1,
AR,0,0x31E22F80,64,1,
AR,0,0x14B59440,64,1,
AR,0,0x42695540,64,1,
AR,0,0x481CD040,64,1,
AR,0,0x557112C0,64,1,
AR,0,0x16DA8140,64,1,
AR,0,0x4D31A300,64,1,
AR,0,0x35C81C40,64,1,
AR,0,0x7D5F5240,64,1,
AR,0,0x1F95200,64,1,
AR,0,0x54F14600,64,1,
AR,0,0x1A854980,64,1,
AR,0,0x278DF00,64,1,
AR,0,0x441987C0,64,1,
AR,0,0x48CA2C40,64,1,
AR,0,0x36733B40,64,1,
AR,0,0x1528EF40,64,1,
AR,0,0x5E63E440,64,1,
AR,0,0x65414140,64,1,
AR,0,0x28D3C180,64,1,
AR,0,0x61CFF640,64,1,
AR,0,0x571FAC80,64,1,
AR,0,0x6EF68040,64,1,
AR,0,0x18416740,64,1,
AR,0,0x34A5DC0,64,1,
AR,0,0x2C8DA00,64,1,
AR,0,0x311F5880,64,1,
AR,0,0x2B8ABC0,64,1,
AR,0,0x10FAB780,64,1,
AR,0,0xD889EC0,64,1,
AR,0,0x354E7280,64,1,
AR,0,0x2D3465C0,64,1,
AR,0,0x3AD2DD80,64,1,
AR,0,0x7F3EC80,64,1,
AR,0,0x5ED704C0,64,1,
AR,0,0x60776940,64,1,
AR,0,0xB0E2300,64,1,
AR,0,0x584E1100,64,1,
AR,0,0x15F23600,64,1,
AR,0,0x7F5B15C0,64,1,
AR,0,0x34095140,64,1,
AR,0,0x6E0E3840,64,1,
AR,0,0x768FDC40,64,1,
AR,0,0x6B8B6A40,64,1,
AR,0,0x4227E840,64,1,
AR,0,0x60E92E80,64,1,
AR,0,0x2E1BAEC0,64,1,
AR,0,0x8EB55C0,64,1,
AR,0,0x3785AA80,64,1,
AR,0,0x18771380,64,1,
AR,0,0x1030F140,64,1,
AR,0,0x2F2652C0,64,1,
AR,0,0x1C3D3880,64,1,
AR,0,0x44260E40,64,1,
AR,0,0x60E89780,64,1,
AR,0,0x5247D880,64,1,
AR,0,0x1BC0C300,64,1,
AR,0,0xA9E2440,64,1,
AR,0,0x77D8E980,64,1,
AR,0,0x4E8CC200,64,1,
AR,0,0x46642380,64,1,
AR,0,0x18736880,64,1,
AR,0,0x1A242E80,64,1,
AR,0,0x28CB9A40,64,1,
AR,0,0x13A10000,64,1,
AR,0,0x2FD6D940,64,1,
AR,0,0x4496BF00,64,1,
AR,0,0x262E9340,64,1,
AR,0,0x5DB49C80,64,1,
AR,0,0x6AD5E600,64,1,
AR,0,0x2F7DC1C0,64,1,
AR,0,0x28B72300,64,1,
AR,0,0x615A6740,64,1,
AR,0,0x624F5740,64,1,
AR,0,0x7A3DCD40,64,1,
AR,0,0x73B17100,64,1,
AR,0,0x90CC540,64,1,
AR,0,0x73337BC0,64,1,
AR,0,0x45A98E00,64,1,
AR,0,0x753D9400,64,1,
AR,0,0x4D00C500,64,1,
AR,0,0x8A77680,64,1,
AR,0,0x428E7BC0,64,1,
AR,0,0xB026880,64,1,
AR,0,0x2494C300,64,1,
AR,0,0x56517640,64,1,
AR,0,0x1D57D180,64,1,
AR,0,0x13818800,64,1,
AR,0,0x73671400,64,1,
AR,0,0x6A906FC0,64,1,
AR,0,0x2BC05980,64,1,
AR,0,0x7A05B500,64,1,
AR,0,0x469E30C0,64,1,
AR,0,0x63A7F9C0,64,1,
AR,0,0x144FDCC0,64,1,
AR,0,0x5F852540,64,1,
AR,0,0x3AF5A880,64,1,
AR,0,0x1BFC6FC0,64,1,
AR,0,0x3CA801C0,64,1,
AR,0,0x9E45F80,64,1,
AR,0,0x37D73B80,64,1,
AR,0,0x3F40FB40,64,1,
AR,0,0x1F8731C0,64,1,
AR,0,0x7EF66A00,64,1,
AR,0,0x103D7F00,64,1,
AR,0,0x6C6F6240,64,1,
AR,0,0x70BF6E00,64,1,
AR,0,0x11A66D00,64,1,
AR,0,0x47CE8F40,64,1,
AR,0,0x67FF180,64,1,
AR,0,0x19947500,64,1,
AR,0,0x26C99500,64,1,
AR,0,0x317A840,64,1,
AR,0,0x29D0E240,64,1,
AR,0,0x5167AC80,64,1,
AR,0,0x183F4600,64,1,
AR,0,0x3E208A80,64,1,
AR,0,0x1A53C240,64,1,
AR,0,0x7ED80980,64,1,
AR,0,0x3250CB80,64,1,
AR,0,0x23910980,64,1,
AR,0,0x10AB6CC0,64,1,
AR,0,0x5C941900,64,1,
AR,0,0x7011B580,64,1,
AR,0,0x42A49480,64,1,
AR,0,0x447EC0C0,64,1,
AR,0,0x2F35B5C0,64,1,
AR,0,0x40A28CC0,64,1,
AR,0,0x18D98500,64,1,
AR,0,0x4027A640,64,1,
AR,0,0x7C164B00,64,1,
AR,0,0x2FFA5740,64,1,
AR,0,0x508011C0,64,1,
AR,0,0x50F9E900,64,1,
AR,0,0x48F89900,64,1,
AR,0,0x46794480,64,1,
AR,0,0x6DA72E80,64,1,
AR,0,0x5784B740,64,1,
AR,0,0x59FBEC80,64,1,
AR,0,0x38039680,64,1,
AR,0,0x14B02C00,64,1,
AR,0,0x32C9DB80,64,1,
AR,0,0x1DCA0640,64,1,
AR,0,0x5D365A80,64,1,
AR,0,0x47576100,64,1,
AR,0,0x22A98E80,64,1,
AR,0,0x2D818E80,64,1,
AR,0,0x25066300,64,1,
AR,0,0x76918C80,64,1,
AR,0,0x65CE8EC0,64,1,
AR,0,0x61799440,64,1,
AR,0,0x5C6B6940,64,1,
AR,0,0x768D6900,64,1,
AR,0,0x69271980,64,1,
AR,0,0x464C62C0,64,1,
AR,0,0x2EC7A040,64,1,
AR,0,0x74FA36C0,64,1,
AR,0,0x18330C40,64,1,
AR,0,0x2245D840,64,1,
AR,0,0x726DDE40,64,1,
AR,0,0x78BDF440,64,1,
AR,0,0x103A5E00,64,1,
AR,0,0x4FCD6F00,64,1,
AR,0,0x40DCE500,64,1,
AR,0,0x6C0AE700,64,1,
AR,0,0x67521380,64,1,
AR,0,0x6E96C340,64,1,
AR,0,0x25552AC0,64,1,
AR,0,0x663CA840,64,1,
AR,0,0x76C7B280,64,1,
AR,0,0x21687400,64,1,
AR,0,0x2E2C8C80,64,1,
AR,0,0x14FFBC40,64,1,
AR,0,0x386FED00,64,1,
AR,0,0x5F818E40,64,1,
AR,0,0x4ACACE80,64,1,
AR,0,0x44DB1380,64,1,
AR,0,0x37BF3D40,64,1,
AR,0,0x4F5C4480,64,1,
AR,0,0x10B64600,64,1,
AR,0,0x52A87380,64,1,
AR,0,0x4EFA4B00,64,1,
AR,0,0x486F7BC0,64,1,
AR,0,0x37D6F940,64,1,
AR,0,0x6D72A400,64,1,
AR,0,0x39D74280,64,1,
AR,0,0x83EB300,64,1,
AR,0,0x501B3DC0,64,1,
AR,0,0x221C3580,64,1,
AR,0,0x4B9D9AC0,64,1,
AR,0,0x70F17680,64,1,
AR,0,0x7053AC0,64,1,
AR,0,0x3CEB7940,64,1,
AR,0,0x1D23C740,64,1,
AR,0,0x78889400,64,1,
AR,0,0x6ED8C080,64,1,
AR,0,0x11A0C340,64,1,
AR,0,0x6314C200,64,1,
AR,0,0x27DFBA40,64,1,
AR,0,0x7AABB0C0,64,1,
AR,0,0x6E34A980,64,1,
AR,0,0x62057D00,64,1,
AR,0,0xC339600,64,1,
AR,0,0x5B36B640,64,1,
AR,0,0x6825D5C0,64,1,
AR,0,0x7CEDE500,64,1,
AR,0,0x2FB349C0,64,1,
AR,0,0x19BD7680,64,1,
AR,0,0x618D0B80,64,1,
AR,0,0x1F8CF9C0,64,1,
AR,0,0x2270C780,64,1,
AR,0,0x498DA0C0,64,1,
AR,0,0x5150A880,64,1,
AR,0,0xB7D7540,64,1,
AR,0,0x6883EE00,64,1,
AR,0,0x616F9C40,64,1,
AR,0,0x7A6AB380,64,1,
AR,0,0x583BBD00,64,1,
AR,0,0x3348C1C0,64,1,
AR,0,0x2DEE0C0,64,1,
AR,0,0x2EADF680,64,1,
AR,0,0x12E97680,64,1,
AR,0,0x20D5D580,64,1,
AR,0,0x4647D440,64,1,
AR,0,0x24E00B40,64,1,
AR,0,0x259B9D80,64,1,
AR,0,0x4E6A5480,64,1,
AR,0,0x706DAC0,64,1,
AR,0,0x72A726C0,64,1,
AR,0,0x67C2A000,64,1,
AR,0,0x1B9ABFC0,64,1,
AR,0,0x183E1340,64,1,
AR,0,0x7ECCE400,64,1,
AR,0,0x82FD340,64,1,
AR,0,0x170F7880,64,1,
AR,0,0x1C744100,64,1,
AR,0,0x570B80,64,1,
AR,0,0x2250BEC0,64,1,
AR,0,0x4750C2C0,64,1,
AR,0,0x5ADFDA40,64,1,
AR,0,0x4254EC40,64,1,
AR,0,0x10A1F340,64,1,
AR,0,0x2DD70A40,64,1,
AR,0,0x28CB2CC0,64,1,
AR,0,0x4A005340,64,1,
AR,0,0x7CF47E80,64,1,
AR,0,0x3B716300,64,1,
AR,0,0x4A6D80C0,64,1,
AR,0,0x7C78B300,64,1,
AR,0,0x47B9DA80,64,1,
AR,0,0x47818580,64,1,
AR,0,0x3CEE880,64,1,
AR,0,0x1300C500,64,1,
AR,0,0x6539740,64,1,
AR,0,0x983A540,64,1,
AR,0,0x7F68DBC0,64,1,
AR,0,0x367C200,64,1,
AR,0,0x5FC2BD00,64,1,
AR,0,0x790C8400,64,1,
AR,0,0x7F1B4B40,64,1,
AR,0,0x789570C0,64,1,
AR,0,0x261626C0,64,1,
AR,0,0x5CD03DC0,64,1,
AR,0,0x33D1D640,64,1,
AR,0,0x7FEE6840,64,1,
AR,0,0x56B244C0,64,1,
AR,0,0x5EB948C0,64,1,
AR,0,0xD7F4480,64,1,
AR,0,0x342A4240,64,1,
AR,0,0x7195E880,64,1,
AR,0,0x5544BFC0,64,1,
AR,0,0x484A1A40,64,1,
AR,0,0x309D7B00,64,1,
AR,0,0x4411ED00,64,1,
AR,0,0x3DC30140,64,1,
AR,0,0x592EC980,64,1,
AR,0,0x326FC4C0,64,1,
AR,0,0x37EADA40,64,1,
AR,0,0x1976F5C0,64,1,
AR,0,0x669DB9C0,64,1,
AR,0,0x4F2B600,64,1,
AR,0,0x37C79480,64,1,
AR,0,0x272EB6C0,64,1,
AR,0,0x1AA3A300,64,1,
AR,0,0x22D97D40,64,1,
AR,0,0x6745D040,64,1,
AR,0,0x2892A80,64,1,
AR,0,0xCECE040,64,1,
AR,0,0x647A5FC0,64,1,
AR,0,0x33019180,64,1,
AR,0,0x5E1619C0,64,1,
AR,0,0x2E23BEC0,64,1,
AR,0,0x44E2F0C0,64,1,
AR,0,0x23B16F80,64,1,
AR,0,0x70202B00,64,1,
AR,0,0x663AF3C0,64,1,
AR,0,0x1FDB8800,64,1,
AR,0,0x2E756D00,64,1,
AR,0,0x6B9C7380,64,1,
AR,0,0x2BE18380,64,1,
AR,0,0x539651C0,64,1,
AR,0,0x6E6605C0,64,1,
AR,0,0x778149C0,64,1,
AR,0,0xEEB3640,64,1,
AR,0,0x2EDC86C0,64,1,
AR,0,0x28A7CA80,64,1,
AR,0,0x768710C0,64,1,
AR,0,0x40085A80,64,1,
AR,0,0x7EFAD100,64,1,
AR,0,0x7845B500,64,1,
AR,0,0x4FBE7480,64,1,
AR,0,0x2D42E780,64,1,
AR,0,0xA2A5C00,64,1,
AR,0,0x6410F280,64,1,
AR,0,0x11FD5C00,64,1,
AR,0,0x33660F40,64,1,
AR,0,0x6F96C480,64,1,
AR,0,0x7F5D8480,64,1,
AR,0,0x15A5BF80,64,1,
AR,0,0xE161FC0,64,1,
AR,0,0x66283800,64,1,
AR,0,0x2BBCDD40,64,1,
AR,0,0x5DA5C0C0,64,1,
AR,0,0x3A81E600,64,1,
AR,0,0x660026C0,64,1,
AR,0,0x1215EF80,64,1,
AR,0,0x48AD63C0,64,1,
AR,0,0x2E201E40,64,1,
AR,0,0x601BA80,64,1,
AR,0,0x79B8A480,64,1,
AR,0,0x163022C0,64,1,
AR,0,0x64B55000,64,1,
AR,0,0x2A1973C0,64,1,
AR,0,0x28DBB6C0,64,1,
AR,0,0x51A247C0,64,1,
AR,0,0x3A228800,64,1,
AR,0,0x1D076E80,64,1,
AR,0,0x2592B380,64,1,
AR,0,0x7F0A5E80,64,1,
AR,0,0x4D40E800,64,1,
AR,0,0x183E9440,64,1,
AR,0,0x3C60D400,64,1,
AR,0,0x436AA340,64,1,
AR,0,0x1ED22F80,64,1,
AR,0,0x65FEA140,64,1,
AR,0,0x2E027C0,64,1,
AR,0,0x68BBD840,64,1,
AR,0,0x60840140,64,1,
AR,0,0x7A1A4E40,64,1,
AR,0,0x592EA5C0,64,1,
AR,0,0x5C4D29C0,64,1,
AR,0,0x51044780,64,1,
AR,0,0x6B20F3C0,64,1,
AR,0,0x24B95A80,64,1,
AR,0,0x91F8D80,64,1,
AR,0,0x43AE66C0,64,1,
AR,0,0x1B8DAE40,64,1,
AR,0,0x1D469CC0,64,1,
AR,0,0x75147800,64,1,
AR,0,0x2CCD8F40,64,1,
AR,0,0x5949F9C0,64,1,
AR,0,0x702AAD40,64,1,
AR,0,0x36ED7E40,64,1,
AR,0,0x5EDC1040,64,1,
AR,0,0x170CFFC0,64,1,
AR,0,0x4046EE40,64,1,
AR,0,0x44EB2E00,64,1,
AR,0,0x64C6EB00,64,1,
AR,0,0x11EC340,64,1,
AR,0,0xD865080,64,1,
AR,0,0x55E18940,64,1,
AR,0,0x230A7F00,64,1,
AR,0,0x47C62700,64,1,
AR,0,0x265E1EC0,64,1,
AR,0,0x6A6435C0,64,1,
AR,0,0x52010780,64,1,
AR,0,0x5A516B40,64,1,
AR,0,0x3850EAC0,64,1,
AR,0,0x47140100,64,1,
AR,0,0x66602840,64,1,
AR,0,0x7917AE00,64,1,
AR,0,0xD37BC0,64,1,
AR,0,0x50E14340,64,1,
AR,0,0x10C2640,64,1,
AR,0,0x509EB180,64,1,
AR,0,0x7446B380,64,1,
AR,0,0x362C56C0,64,1,
AR,0,0x6A90CC00,64,1,
AR,0,0x3B435A40,64,1,
AR,0,0x10B4FB00,64,1,
AR,0,0x3E247100,64,1,
AR,0,0x33AAECC0,64,1,
AR,0,0x3D822080,64,1,
AR,0,0x70E9D440,64,1,
AR,0,0x71FD34C0,64,1,
AR,0,0x38A6E300,64,1,
AR,0,0x4467F380,64,1,
AR,0,0x81D4B40,64,1,
AR,0,0x3EA64240,64,1,
AR,0,0x7B4018C0,64,1,
AR,0,0x5B3B8680,64,1,
AR,0,0x4586A0C0,64,1,
AR,0,0x69784540,64,1,
AR,0,0x322353C0,64,1,
AR,0,0x4D8BD00,64,1,
AR,0,0x49685180,64,1,
AR,0,0x3C3BFD80,64,1,
AR,0,0x7AD84F80,64,1,
AR,0,0x509B5500,64,1,
AR,0,0x6F178540,64,1,
AR,0,0x6E03B600,64,1,
AR,0,0x655A7380,64,1,
AR,0,0x27AB3700,64,1,
AR,0,0x899B480,64,1,
AR,0,0x1D487A80,64,1,
AR,0,0x650BD080,64,1,
AR,0,0x74C00380,64,1,
AR,0,0x5D8A5680,64,1,
AR,0,0x24F93440,64,1,
AR,0,0x1778F940,64,1,
AR,0,0x1F39F880,64,1,
AR,0,0x47599340,64,1,
AR,0,0x225006C0,64,1,
AR,0,0x3928BA00,64,1,
AR,0,0x36B9C100,64,1,
AR,0,0x54541000,64,1,
AR,0,0x2BFAC5C0,64,1,
AR,0,0x740DE840,64,1,
AR,0,0x372C8C0,64,1,
AR,0,0x5E87FE80,64,1,
AR,0,0x232BF6C0,64,1,
AR,0,0x2296B300,64,1,
AR,0,0x5FC88800,64,1,
AR,0,0x24D7EA00,64,1,
AR,0,0x30FA5DC0,64,1,
AR,0,0x33D8A440,64,1,
AR,0,0x31BBB1C0,64,1,
AR,0,0x2EE95780,64,1,
AR,0,0x36B8CC00,64,1,
AR,0,0x6EC13E00,64,1,
AR,0,0x251834C0,64,1,
AR,0,0x1E41DC0,64,1,
AR,0,0x7128200,64,1,
AR,0,0x4B8D5A40,64,1,
AR,0,0x5F5B6840,64,1,
AR,0,0x3C5D3D40,64,1,
AR,0,0x51C7A640,64,1,
AR,0,0x51BFB380,64,1,
AR,0,0x1D9B4B00,64,1,
AR,0,0x1882A080,64,1,
AR,0,0x6605A3C0,64,1,
AR,0,0x39069E40,64,1,
AR,0,0x7D8A4740,64,1,
AR,0,0x12185280,64,1,
AR,0,0x620DD080,64,1,
AR,0,0x6C39DE40,64,1,
AR,0,0x4CACFCC0,64,1,
AR,0,0x31CF95C0,64,1,
AR,0,0x126C1500,64,1,
AR,0,0x70D2A640,64,1,
AR,0,0x762F1800,64,1,
AR,0,0x23FB940,64,1,
AR,0,0xD18D740,64,1,
AR,0,0x409F81C0,64,1,
AR,0,0x5D25E00,64,1,
AR,0,0x35CB3F80,64,1,
AR,0,0x48EA9B00,64,1,
AR,0,0x5735DB80,64,1,
AR,0,0x20FB0440,64,1,
AR,0,0x25F4D000,64,1,
AR,0,0x2AE78B40,64,1,
AR,0,0x58C09D40,64,1,
AR,0,0x946E180,64,1,
AR,0,0x4AAAB980,64,1,
AR,0,0x7582BC40,64,1,
AR,0,0x6BBC8340,64,1,
AR,0,0x2FE76580,64,1,
AR,0,0x3C6165C0,64,1,
AR,0,0x7045AF40,64,1,
AR,0,0x6C5D1AC0,64,1,
AR,0,0x3495EEC0,64,1,
AR,0,0x759AE180,64,1,
AR,0,0x410ED100,64,1,
AR,0,0x338B2940,64,1,
AR,0,0x20739540,64,1,
AR,0,0x15D15300,64,1,
AR,0,0x3A9DE440,64,1,
AR,0,0x5DADB840,64,1,
AR,0,0x5397D740,64,1,
AR,0,0x4FF46780,64,1,
AR,0,0x1FCBBE80,64,1,
AR,0,0x182A1480,64,1,
AR,0,0x6B7587C0,64,1,
AR,0,0x13A72280,64,1,
AR,0,0x69788E80,64,1,
AR,0,0x29A66040,64,1,
AR,0,0xA987BC0,64,1,
AR,0,0x41602380,64,1,
AR,0,0x7B960D00,64,1,
AR,0,0x30C7800,64,1,
AR,0,0x218ABC00,64,1,
AR,0,0x55673B00,64,1,
AR,0,0x40C40A80,64,1,
AR,0,0x2154D8C0,64,1,
AR,0,0x64B6B4C0,64,1,
AR,0,0x775877C0,64,1,
AR,0,0x37FCB2C0,64,1,
AR,0,0x6B314E00,64,1,
AR,0,0x3684FD40,64,1,
AR,0,0x26B8CB40,64,1,
AR,0,0x595F8D80,64,1,
AR,0,0x71F6A680,64,1,
AR,0,0x4CC9F100,64,1,
AR,0,0x73E8BAC0,64,1,
AR,0,0x13E68380,64,1,
AR,0,0x54B2BF40,64,1,
AR,0,0x2D7C8E00,64,1,
AR,0,0x18BE8E40,64,1,
AR,0,0x75EB7100,64,1,
AR,0,0x16FF45C0,64,1,
AR,0,0x6B0C8540,64,1,
AR,0,0x4FBF5D40,64,1,
AR,0,0x2044B300,64,1,
AR,0,0x41CAC380,64,1,
AR,0,0x330C89C0,64,1,
AR,0,0x6B545840,64,1,
AR,0,0x6AEC7D80,64,1,
AR,0,0x203D5B80,64,1,
AR,0,0x5EC9E440,64,1,
AR,0,0x71F3C200,64,1,
AR,0,0x22D23E00,64,1,
AR,0,0x3AC12FC0,64,1,
AR,0,0x57D3BD80,64,1,
AR,0,0xF7A4F00,64,1,
AR,0,0x78D10080,64,1,
AR,0,0x7DAB5C80,64,1,
AR,0,0x165D48C0,64,1,
AR,0,0x6DBE8680,64,1,
AR,0,0x4A725740,64,1,
AR,0,0x2C81BD00,64,1,
AR,0,0x2570BCC0,64,1,
AR,0,0x48C8CC0,64,1,
AR,0,0x69F31CC0,64,1,
AR,0,0x706F3340,64,1,
AR,0,0xE8460C0,64,1,
AR,0,0x136B54C0,64,1,
AR,0,0x75443200,64,1,
AR,0,0x5B80AF80,64,1,
AR,0,0x140B580,64,1,
AR,0,0x4CFEF600,64,1,
AR,0,0x1F80C940,64,1,
AR,0,0x766DDB00,64,1,
AR,0,0xEA73AC0,64,1,
AR,0,0x1DB72480,64,1,
AR,0,0x797D9780,64,1,
AR,0,0x5E7BA800,64,1,
AR,0,0x2E3A6400,64,1,
AR,0,0xE79F800,64,1,
AR,0,0x5F146A40,64,1,
AR,0,0x1C1482C0,64,1,
AR,0,0x6517FC40,64,1,
AR,0,0x5B764240,64,1,
AR,0,0x75B4C500,64,1,
AR,0,0xAD780,64,1,
AR,0,0x50FE8C00,64,1,
AR,0,0xBCEF8C0,64,1,
AR,0,0x6C35C280,64,1,
AR,0,0x2A21C500,64,1,
AR,0,0x13EEF300,64,1,
AR,0,0x12BB4FC0,64,1,
AR,0,0x539F100,64,1,
AR,0,0x717E4040,64,1,
AR,0,0x3BF28F00,64,1,
AR,0,0x5ED34840,64,1,
AR,0,0x79074400,64,1,
AR,0,0x35FFB100,64,1,
AR,0,0x652728C0,64,1,
AR,0,0x3EE4EF00,64,1,
AR,0,0x5CDEB980,64,1,
AR,0,0xEBECC0,64,1,
AR,0,0x1CDD0F40,64,1,
AR,0,0x5C6F79C0,64,1,
AR,0,0x77C46580,64,1,
AR,0,0x4873EB00,64,1,
AR,0,0x7FB9F440,64,1,
AR,0,0x4E2BBA40,64,1,
AR,0,0x55126A80,64,1,
AR,0,0x18800700,64,1,
AR,0,0x950840,64,1,
AR,0,0x47E03040,64,1,
AR,0,0x22BFC1C0,64,1,
AR,0,0x34FEE7C0,64,1,
AR,0,0x7D09F5C0,64,1,
AR,0,0x59DEB380,64,1,
AR,0,0x1A32C240,64,1,
AR,0,0x780F8BC0,64,1,
AR,0,0x50E7600,64,1,
AR,0,0x732D83C0,64,1,
AR,0,0x25382FC0,64,1,
AR,0,0x4475FC0,64,1,
AR,0,0x1FF47F40,64,1,
AR,0,0x72EA5E80,64,1,
AR,0,0x239E5640,64,1,
AR,0,0x22C2E280,64,1,
AR,0,0x5E396AC0,64,1,
AR,0,0x2C486180,64,1,
AR,0,0x6737F280,64,1,
AR,0,0x34946D00,64,1,
AR,0,0x2FF8BAC0,64,1,
AR,0,0x5B274840,64,1,
AR,0,0x275D3B00,64,1,
AR,0,0x69A80480,64,1,
AR,0,0x392E7240,64,1,
AR,0,0x50327280,64,1,
AR,0,0x27F55A80,64,1,
AR,0,0x56F060C0,64,1,
AR,0,0x5A4ABEC0,64,1,
AR,0,0x43F8DE40,64,1,
AR,0,0x4A9AEE00,64,1,
AR,0,0x5E7D0180,64,1,
AR,0,0x41236C0,64,1,
AR,0,0x4A5E5BC0,64,1,
AR,0,0x42ADF080,64,1,
AR,0,0x17894F80,64,1,
AR,0,0x83B5AC0,64,1,
AR,0,0x78D612C0,64,1,
AR,0,0x37D6BE40,64,1,
AR,0,0x268C9840,64,1,
AR,0,0x639FB140,64,1,
AR,0,0xE7C69C0,64,1,
AR,0,0x23295300,64,1,
AR,0,0x8D37DC0,64,1,
AR,0,0x2A98A200,64,1,
AR,0,0x15637FC0,64,1,
AR,0,0x69632680,64,1,
AR,0,0x7FA85500,64,1,
AR,0,0xBB08C80,64,1,
AR,0,0x38B41140,64,1,
AR,0,0x120C7280,64,1,
AR,0,0x2E864C00,64,1,
AR,0,0x39AC1940,64,1,
AR,0,0x5BEB6080,64,1,
AR,0,0x1ED9CC0,64,1,
AR,0,0x5E71980,64,1,
AR,0,0x4B540A80,64,1,
AR,0,0x6485F880,64,1,
AR,0,0x429DC400,64,1,
AR,0,0x6970940,64,1,
AR,0,0x52FEFA40,64,1,
AR,0,0x5B73FE00,64,1,
AR,0,0x435C5680,64,1,
AR,0,0x31B54280,64,1,
AR,0,0x29A6FC0,64,1,
AR,0,0x4005A540,64,1,
AR,0,0x47E44E40,64,1,
AR,0,0x10C71740,64,1,
AR,0,0x6B703500,64,1,
AR,0,0x79D1E740,64,1,
AR,0,0x4DFB6CC0,64,1,
AR,0,0x3DF5A240,64,1,
AR,0,0xE5AE280,64,1,
AR,0,0x70AE4E80,64,1,
AR,0,0x761B37C0,64,1,
AR,0,0x2A451640,64,1,
AR,0,0x6C67AE00,64,1,
AR,0,0x2B519980,64,1,
AR,0,0x4BFB8E80,64,1,
AR,0,0x6D915E00,64,1,
AR,0,0x21B0BD00,64,1,
AR,0,0x33D4BE00,64,1,
AR,0,0x3EDE9080,64,1,
AR,0,0x3A747500,64,1,
AR,0,0x5DABBC80,64,1,
AR,0,0x308D12C0,64,1,
AR,0,0x1E8F3180,64,1,
AR,0,0x20215C40,64,1,
AR,0,0x1D288840,64,1,
AR,0,0x6FC9A180,64,1,
AR,0,0x4571A640,64,1,
AR,0,0x1B7C90C0,64,1,
AR,0,0x66CE1C80,64,1,
AR,0,0x4D6E1B00,64,1,
AR,0,0xF04BFC0,64,1,
AR,0,0x14B74DC0,64,1,
AR,0,0x36A13080,64,1,
AR,0,0x476D3480,64,1,
AR,0,0x3FE020C0,64,1,
AR,0,0x739C580,64,1,
AR,0,0x295240,64,1,
AR,0,0x1016FAC0,64,1,
AR,0,0x3539D7C0,64,1,
AR,0,0x4FB79300,64,1,
AR,0,0xB7091C0,64,1,
AR,0,0x19A7A280,64,1,
AR,0,0x57F67680,64,1,
AR,0,0x5203A00,64,1,
AR,0,0x657C0140,64,1,
AR,0,0x5969BC80,64,1,
AR,0,0x11720D40,64,1,
AR,0,0x31D12880,64,1,
AR,0,0x27B02700,64,1,
AR,0,0x447A1C00,64,1,
AR,0,0x723916C0,64,1,
AR,0,0x442EE80,64,1,
AR,0,0x571D580,64,1,
AR,0,0x6D430900,64,1,
AR,0,0x76003C0,64,1,
AR,0,0x382E8800,64,1,
AR,0,0x13A47AC0,64,1,
AR,0,0x39D42900,64,1,
AR,0,0x1AD0C3C0,64,1,
AR,0,0x5DD28D00,64,1,
AR,0,0x30966E00,64,1,
AR,0,0x18722600,64,1,
AR,0,0x7E0EE540,64,1,
AR,0,0x1BDAEF00,64,1,
AR,0,0x3384FE40,64,1,
AR,0,0x1ED06440,64,1,
AR,0,0x422B31C0,64,1,
AR,0,0x1EF7D0C0,64,1,
AR,0,0x7EA324C0,64,1,
AR,0,0xC5CA8C0,64,1,
AR,0,0x78F96D00,64,1,
AR,0,0x140BC480,64,1,
AR,0,0x1AF0D40,64,1,
AR,0,0x565C6E80,64,1,
AR,0,0x41C5F340,64,1,
AR,0,0x26FDD9C0,64,1,
AR,0,0x26D1B340,64,1,
AR,0,0x28AEF00,64,1,
AR,0,0x43FBFC0,64,1,
AR,0,0x15A6F340,64,1,
AR,0,0x51533680,64,1,
AR,0,0x4AA29980,64,1,
AR,0,0x29D41F40,64,1,
AR,0,0x2982AA00,64,1,
AR,0,0xB786E00,64,1,
AR,0,0x47AB8900,64,1,
AR,0,0x7C7B4740,64,1,
AR,0,0x443DDE80,64,1,
AR,0,0x545C5800,64,1,
AR,0,0x76F980C0,64,1,
AR,0,0x261E600,64,1,
AR,0,0x18281C40,64,1,
AR,0,0x23EE4580,64,1,
AR,0,0x78A85880,64,1,
AR,0,0x53ACA000,64,1,
AR,0,0x652A4A80,64,1,
AR,0,0x15B9BE00,64,1,
AR,0,0x1AEF80C0,64,1,
AR,0,0x6197B00,64,1,
AR,0,0x4F771440,64,1,
AR,0,0x1B69C2C0,64,1,
AR,0,0x74094880,64,1,
AR,0,0x1B5071C0,64,1,
AR,0,0xD07ED80,64,1,
AR,0,0x77053740,64,1,
AR,0,0x8A6C940,64,1,
AR,0,0x354F53C0,64,1,
AR,0,0x6DE25A80,64,1,
AR,0,0x26BBFDC0,64,1,
AR,0,0x450F2EC0,64,1,
AR,0,0x2891B280,64,1,
AR,0,0x480BA240,64,1,
AR,0,0x72010800,64,1,
AR,0,0x69AB9140,64,1,
AR,0,0x1095B9C0,64,1,
AR,0,0x27C78440,64,1,
AR,0,0x148BE500,64,1,
AR,0,0x4FC69940,64,1,
AR,0,0x7D376E80,64,1,
AR,0,0xD792500,64,1,
AR,0,0x328CB3C0,64,1,
AR,0,0x1061CA40,64,1,
AR,0,0x517E1E80,64,1,
AR,0,0x48C39280,64,1,
AR,0,0x17CC3FC0,64,1,
AR,0,0x51070280,64,1,
AR,0,0x7E56AA80,64,1,
AR,0,0x21930F40,64,1,
AR,0,0x39FFD880,64,1,
AR,0,0x5E38F80,64,1,
AR,0,0xCB66700,64,1,
AR,0,0x599F7700,64,1,
AR,0,0x66EC80C0,64,1,
AR,0,0x62402D80,64,1,
AR,0,0x5AA35A40,64,1,
AR,0,0x74D74FC0,64,1,
AR,0,0x1184C280,64,1,
AR,0,0x7967540,64,1,
AR,0,0x4C4EA840,64,1,
AR,0,0x758F7DC0,64,1,
AR,0,0x5CB6E3C0,64,1,
AR,0,0x46962E40,64,1,
AR,0,0x4CBAB5C0,64,1,
AR,0,0x454DB1C0,64,1,
AR,0,0x4CDDE400,64,1,
AR,0,0x1E4C640,64,1,
AR,0,0x53D6700,64,1,
AR,0,0xBB0B240,64,1,
AR,0,0x138A48C0,64,1,
AR,0,0x40B5FF40,64,1,
AR,0,0x72D265C0,64,1,
AR,0,0x1A5F2300,64,1,
AR,0,0x23672080,64,1,
AR,0,0x7991B900,64,1,
AR,0,0x25627AC0,64,1,
AR,0,0x5FE9BA00,64,1,
AR,0,0x56E0F440,64,1,
AR,0,0x62B95440,64,1,
AR,0,0x43602840,64,1,
AR,0,0x5D7C4880,64,1,
AR,0,0x3A2AAD80,64,1,
AR,0,0x2055A140,64,1,
AR,0,0x74282680,64,1,
AR,0,0x550A4300,64,1,
AR,0,0x70BBAA40,64,1,
AR,0,0x1339C380,64,1,
AR,0,0x35B188C0,64,1,
AR,0,0x3349A5C0,64,1,
AR,0,0x2365B40,64,1,
AR,0,0x6F3A28C0,64,1,
AR,0,0x17EBCC00,64,1,
AR,0,0x18C61880,64,1,
AR,0,0x7C0F9480,64,1,
AR,0,0x745249C0,64,1,
AR,0,0x5BD03980,64,1,
AR,0,0x20B807C0,64,1,
AR,0,0x7B4E45C0,64,1,
AR,0,0x6F17AA80,64,1,
AR,0,0x2DA0E880,64,1,
AR,0,0x67A82340,64,1,
AR,0,0x6EDA0D40,64,1,
AR,0,0x56DB9880,64,1,
AR,0,0x67DA7280,64,1,
AR,0,0x75222100,64,1,
AR,0,0x70923FC0,64,1,
AR,0,0x944DF00,64,1,
AR,0,0x6A5EAE00,64,1,
AR,0,0x5272340,64,1,
AR,0,0x56BCA840,64,1,
AR,0,0x49E49F80,64,1,
AR,0,0x672C7380,64,1,
AR,0,0x5B1D5200,64,1,
AR,0,0xD38D040,64,1,
AR,0,0x3DCA2A40,64,1,
AR,0,0x3B0F9BC0,64,1,
AR,0,0x7392AEC0,64,1,
AR,0,0x435AD680,64,1,
AR,0,0x1C9E42C0,64,1,
AR,0,0x2FFDEE00,64,1,
AR,0,0x32454C0,64,1,
AR,0,0x8523D80,64,1,
AR,0,0x7D22FC40,64,1,
AR,0,0x743FF780,64,1,
AR,0,0x3CAC1D00,64,1,
AR,0,0x601E0C80,64,1,
AR,0,0x82035C0,64,1,
AR,0,0x6B0AC80,64,1,
AR,0,0x40C02880,64,1,
AR,0,0x1364F240,64,1,
AR,0,0x2FD2EC00,64,1,
AR,0,0x51A0E6C0,64,1,
AR,0,0x119D5140,64,1,
AR,0,0x2222A040,64,1,
AR,0,0x4B2E8900,64,1,
AR,0,0x4CE23980,64,1,
AR,0,0x1896EA00,64,1,
AR,0,0x770F7E00,64,1,
AR,0,0x21FA6100,64,1,
AR,0,0x4772F40,64,1,
AR,0,0x1DF00680,64,1,
AR,0,0x421B7CC0,64,1,
AR,0,0x713492C0,64,1,
AR,0,0x58E5AE00,64,1,
AR,0,0x15326CC0,64,1,
AR,0,0x67C094C0,64,1,
AR,0,0x52F0E6C0,64,1,
AR,0,0xBAB5940,64,1,
AR,0,0x229C1640,64,1,
AR,0,0xD25C80,64,1,
AR,0,0x17DB7C80,64,1,
AR,0,0x3DC21180,64,1,
AR,0,0x7BE25B00,64,1,
AR,0,0x62AFB6C0,64,1,
AR,0,0x7D2285C0,64,1,
AR,0,0x2D020AC0,64,1,
AR,0,0x6CCB73C0,64,1,
AR,0,0x180A72C0,64,1,
AR,0,0x6CF1E5C0,64,1,
AR,0,0x24F1E040,64,1,
AR,0,0x72784CC0,64,1,
AR,0,0x46DE98C0,64,1,
AR,0,0x78ACD80,64,1,
AR,0,0x5A3BEA80,64,1,
AR,0,0x3F400300,64,1,
AR,0,0x3A115A40,64,1,
AR,0,0x65DFC600,64,1,
AR,0,0x4E6680,64,1,
AR,0,0x6A80CB00,64,1,
AR,0,0x77F8FC00,64,1,
AR,0,0x6CD49340,64,1,
AR,0,0x6F314C80,64,1,
AR,0,0x302B3600,64,1,
AR,0,0x2DF29B80,64,1,
AR,0,0x7D6ECC0,64,1,
AR,0,0x5D29A00,64,1,
AR,0,0x64EB7400,64,1,
AR,0,0x58F367C0,64,1,
AR,0,0x4B29C580,64,1,
AR,0,0x17C437C0,64,1,
AR,0,0x59B26580,64,1,
AR,0,0x3B6A5F80,64,1,
AR,0,0x65AE4080,64,1,
AR,0,0x43D9FE40,64,1,
AR,0,0x60CF8400,64,1,
AR,0,0xC7E1700,64,1,
AR,0,0x50041880,64,1,
AR,0,0x29B00B40,64,1,
AR,0,0x3E5E27C0,64,1,
AR,0,0x7B58B380,64,1,
AR,0,0x7552C80,64,1,
AR,0,0x1C75F380,64,1,
AR,0,0x2D41D680,64,1,
AR,0,0x628D82C0,64,1,
AR,0,0x3BDEC580,64,1,
AR,0,0x12662C40,64,1,
AR,0,0x507F7F40,64,1,
AR,0,0x2B354C40,64,1,
AR,0,0xCA67880,64,1,
AR,0,0x244B7D40,64,1,
AR,0,0x66471740,64,1,
AR,0,0x57CA2600,64,1,
AR,0,0x7FAC0200,64,1,
AR,0,0x537FB480,64,1,
AR,0,0x3B7CA180,64,1,
AR,0,0x1C18DF40,64,1,
AR,0,0x7FCF2940,64,1,
AR,0,0x35AA3480,64,1,
AR,0,0x4A313440,64,1,
AR,0,0x1FBA7500,64,1,
AR,0,0x18AF5D80,64,1,
AR,0,0x1FA9FF40,64,1,
AR,0,0x2E693580,64,1,
AR,0,0x1939FE40,64,1,
AR,0,0x3457DD80,64,1,
AR,0,0x3D579380,64,1,
AR,0,0x62AB5900,64,1,
AR,0,0x49998D00,64,1,
