type,id,addr,size,len,wstrb
AR,0,0x10000000,64,1,
AR,0,0x10000040,64,1,
AR,0,0x10000080,64,1,
AR,0,0x100000C0,64,1,
AR,0,0x10000100,64,1,
AR,0,0x10000140,64,1,
AR,0,0x10000180,64,1,
AR,0,0x100001C0,64,1,
AR,0,0x10000200,64,1,
AR,0,0x10000240,64,1,
AR,0,0x10000280,64,1,
AR,0,0x100002C0,64,1,
AR,0,0x10000300,64,1,
AR,0,0x10000340,64,1,
AR,0,0x10000380,64,1,
AR,0,0x100003C0,64,1,
AR,0,0x10000400,64,1,
AR,0,0x10000440,64,1,
AR,0,0x10000480,64,1,
AR,0,0x100004C0,64,1,
AR,0,0x10000500,64,1,
AR,0,0x10000540,64,1,
AR,0,0x10000580,64,1,
AR,0,0x100005C0,64,1,
AR,0,0x10000600,64,1,
AR,0,0x10000640,64,1,
AR,0,0x10000680,64,1,
AR,0,0x100006C0,64,1,
AR,0,0x10000700,64,1,
AR,0,0x10000740,64,1,
AR,0,0x10000780,64,1,
AR,0,0x100007C0,64,1,
AR,0,0x10000800,64,1,
AR,0,0x10000840,64,1,
AR,0,0x10000880,64,1,
AR,0,0x100008C0,64,1,
AR,0,0x10000900,64,1,
AR,0,0x10000940,64,1,
AR,0,0x10000980,64,1,
AR,0,0x100009C0,64,1,
AR,0,0x10000A00,64,1,
AR,0,0x10000A40,64,1,
AR,0,0x10000A80,64,1,
AR,0,0x10000AC0,64,1,
AR,0,0x10000B00,64,1,
AR,0,0x10000B40,64,1,
AR,0,0x10000B80,64,1,
AR,0,0x10000BC0,64,1,
AR,0,0x10000C00,64,1,
AR,0,0x10000C40,64,1,
AR,0,0x10000C80,64,1,
AR,0,0x10000CC0,64,1,
AR,0,0x10000D00,64,1,
AR,0,0x10000D40,64,1,
AR,0,0x10000D80,64,1,
AR,0,0x10000DC0,64,1,
AR,0,0x10000E00,64,1,
AR,0,0x10000E40,64,1,
AR,0,0x10000E80,64,1,
AR,0,0x10000EC0,64,1,
AR,0,0x10000F00,64,1,
AR,0,0x10000F40,64,1,
AR,0,0x10000F80,64,1,
AR,0,0x10000FC0,64,1,
AR,0,0x10001000,64,1,
AR,0,0x10001040,64,1,
AR,0,0x10001080,64,1,
AR,0,0x100010C0,64,1,
AR,0,0x10001100,64,1,
AR,0,0x10001140,64,1,
AR,0,0x10001180,64,1,
AR,0,0x100011C0,64,1,
AR,0,0x10001200,64,1,
AR,0,0x10001240,64,1,
AR,0,0x10001280,64,1,
AR,0,0x100012C0,64,1,
AR,0,0x10001300,64,1,
AR,0,0x10001340,64,1,
AR,0,0x10001380,64,1,
AR,0,0x100013C0,64,1,
AR,0,0x10001400,64,1,
AR,0,0x10001440,64,1,
AR,0,0x10001480,64,1,
AR,0,0x100014C0,64,1,
AR,0,0x10001500,64,1,
AR,0,0x10001540,64,1,
AR,0,0x10001580,64,1,
AR,0,0x100015C0,64,1,
AR,0,0x10001600,64,1,
AR,0,0x10001640,64,1,
AR,0,0x10001680,64,1,
AR,0,0x100016C0,64,1,
AR,0,0x10001700,64,1,
AR,0,0x10001740,64,1,
AR,0,0x10001780,64,1,
AR,0,0x100017C0,64,1,
AR,0,0x10001800,64,1,
AR,0,0x10001840,64,1,
AR,0,0x10001880,64,1,
AR,0,0x100018C0,64,1,
AR,0,0x10001900,64,1,
AR,0,0x10001940,64,1,
AR,0,0x10001980,64,1,
AR,0,0x100019C0,64,1,
AR,0,0x10001A00,64,1,
AR,0,0x10001A40,64,1,
AR,0,0x10001A80,64,1,
AR,0,0x10001AC0,64,1,
AR,0,0x10001B00,64,1,
AR,0,0x10001B40,64,1,
AR,0,0x10001B80,64,1,
AR,0,0x10001BC0,64,1,
AR,0,0x10001C00,64,1,
AR,0,0x10001C40,64,1,
AR,0,0x10001C80,64,1,
AR,0,0x10001CC0,64,1,
AR,0,0x10001D00,64,1,
AR,0,0x10001D40,64,1,
AR,0,0x10001D80,64,1,
AR,0,0x10001DC0,64,1,
AR,0,0x10001E00,64,1,
AR,0,0x10001E40,64,1,
AR,0,0x10001E80,64,1,
AR,0,0x10001EC0,64,1,
AR,0,0x10001F00,64,1,
AR,0,0x10001F40,64,1,
AR,0,0x10001F80,64,1,
AR,0,0x10001FC0,64,1,
AR,0,0x10002000,64,1,
AR,0,0x10002040,64,1,
AR,0,0x10002080,64,1,
AR,0,0x100020C0,64,1,
AR,0,0x10002100,64,1,
AR,0,0x10002140,64,1,
AR,0,0x10002180,64,1,
AR,0,0x100021C0,64,1,
AR,0,0x10002200,64,1,
AR,0,0x10002240,64,1,
AR,0,0x10002280,64,1,
AR,0,0x100022C0,64,1,
AR,0,0x10002300,64,1,
AR,0,0x10002340,64,1,
AR,0,0x10002380,64,1,
AR,0,0x100023C0,64,1,
AR,0,0x10002400,64,1,
AR,0,0x10002440,64,1,
AR,0,0x10002480,64,1,
AR,0,0x100024C0,64,1,
AR,0,0x10002500,64,1,
AR,0,0x10002540,64,1,
AR,0,0x10002580,64,1,
AR,0,0x100025C0,64,1,
AR,0,0x10002600,64,1,
AR,0,0x10002640,64,1,
AR,0,0x10002680,64,1,
AR,0,0x100026C0,64,1,
AR,0,0x10002700,64,1,
AR,0,0x10002740,64,1,
AR,0,0x10002780,64,1,
AR,0,0x100027C0,64,1,
AR,0,0x10002800,64,1,
AR,0,0x10002840,64,1,
AR,0,0x10002880,64,1,
AR,0,0x100028C0,64,1,
AR,0,0x10002900,64,1,
AR,0,0x10002940,64,1,
AR,0,0x10002980,64,1,
AR,0,0x100029C0,64,1,
AR,0,0x10002A00,64,1,
AR,0,0x10002A40,64,1,
AR,0,0x10002A80,64,1,
AR,0,0x10002AC0,64,1,
AR,0,0x10002B00,64,1,
AR,0,0x10002B40,64,1,
AR,0,0x10002B80,64,1,
AR,0,0x10002BC0,64,1,
AR,0,0x10002C00,64,1,
AR,0,0x10002C40,64,1,
AR,0,0x10002C80,64,1,
AR,0,0x10002CC0,64,1,
AR,0,0x10002D00,64,1,
AR,0,0x10002D40,64,1,
AR,0,0x10002D80,64,1,
AR,0,0x10002DC0,64,1,
AR,0,0x10002E00,64,1,
AR,0,0x10002E40,64,1,
AR,0,0x10002E80,64,1,
AR,0,0x10002EC0,64,1,
AR,0,0x10002F00,64,1,
AR,0,0x10002F40,64,1,
AR,0,0x10002F80,64,1,
AR,0,0x10002FC0,64,1,
AR,0,0x10003000,64,1,
AR,0,0x10003040,64,1,
AR,0,0x10003080,64,1,
AR,0,0x100030C0,64,1,
AR,0,0x10003100,64,1,
AR,0,0x10003140,64,1,
AR,0,0x10003180,64,1,
AR,0,0x100031C0,64,1,
AR,0,0x10003200,64,1,
AR,0,0x10003240,64,1,
AR,0,0x10003280,64,1,
AR,0,0x100032C0,64,1,
AR,0,0x10003300,64,1,
AR,0,0x10003340,64,1,
AR,0,0x10003380,64,1,
AR,0,0x100033C0,64,1,
AR,0,0x10003400,64,1,
AR,0,0x10003440,64,1,
AR,0,0x10003480,64,1,
AR,0,0x100034C0,64,1,
AR,0,0x10003500,64,1,
AR,0,0x10003540,64,1,
AR,0,0x10003580,64,1,
AR,0,0x100035C0,64,1,
AR,0,0x10003600,64,1,
AR,0,0x10003640,64,1,
AR,0,0x10003680,64,1,
AR,0,0x100036C0,64,1,
AR,0,0x10003700,64,1,
AR,0,0x10003740,64,1,
AR,0,0x10003780,64,1,
AR,0,0x100037C0,64,1,
AR,0,0x10003800,64,1,
AR,0,0x10003840,64,1,
AR,0,0x10003880,64,1,
AR,0,0x100038C0,64,1,
AR,0,0x10003900,64,1,
AR,0,0x10003940,64,1,
AR,0,0x10003980,64,1,
AR,0,0x100039C0,64,1,
AR,0,0x10003A00,64,1,
AR,0,0x10003A40,64,1,
AR,0,0x10003A80,64,1,
AR,0,0x10003AC0,64,1,
AR,0,0x10003B00,64,1,
AR,0,0x10003B40,64,1,
AR,0,0x10003B80,64,1,
AR,0,0x10003BC0,64,1,
AR,0,0x10003C00,64,1,
AR,0,0x10003C40,64,1,
AR,0,0x10003C80,64,1,
AR,0,0x10003CC0,64,1,
AR,0,0x10003D00,64,1,
AR,0,0x10003D40,64,1,
AR,0,0x10003D80,64,1,
AR,0,0x10003DC0,64,1,
AR,0,0x10003E00,64,1,
AR,0,0x10003E40,64,1,
AR,0,0x10003E80,64,1,
AR,0,0x10003EC0,64,1,
AR,0,0x10003F00,64,1,
AR,0,0x10003F40,64,1,
AR,0,0x10003F80,64,1,
AR,0,0x10003FC0,64,1,
AR,0,0x10004000,64,1,
AR,0,0x10004040,64,1,
AR,0,0x10004080,64,1,
AR,0,0x100040C0,64,1,
AR,0,0x10004100,64,1,
AR,0,0x10004140,64,1,
AR,0,0x10004180,64,1,
AR,0,0x100041C0,64,1,
AR,0,0x10004200,64,1,
AR,0,0x10004240,64,1,
AR,0,0x10004280,64,1,
AR,0,0x100042C0,64,1,
AR,0,0x10004300,64,1,
AR,0,0x10004340,64,1,
AR,0,0x10004380,64,1,
AR,0,0x100043C0,64,1,
AR,0,0x10004400,64,1,
AR,0,0x10004440,64,1,
AR,0,0x10004480,64,1,
AR,0,0x100044C0,64,1,
AR,0,0x10004500,64,1,
AR,0,0x10004540,64,1,
AR,0,0x10004580,64,1,
AR,0,0x100045C0,64,1,
AR,0,0x10004600,64,1,
AR,0,0x10004640,64,1,
AR,0,0x10004680,64,1,
AR,0,0x100046C0,64,1,
AR,0,0x10004700,64,1,
AR,0,0x10004740,64,1,
AR,0,0x10004780,64,1,
AR,0,0x100047C0,64,1,
AR,0,0x10004800,64,1,
AR,0,0x10004840,64,1,
AR,0,0x10004880,64,1,
AR,0,0x100048C0,64,1,
AR,0,0x10004900,64,1,
AR,0,0x10004940,64,1,
AR,0,0x10004980,64,1,
AR,0,0x100049C0,64,1,
AR,0,0x10004A00,64,1,
AR,0,0x10004A40,64,1,
AR,0,0x10004A80,64,1,
AR,0,0x10004AC0,64,1,
AR,0,0x10004B00,64,1,
AR,0,0x10004B40,64,1,
AR,0,0x10004B80,64,1,
AR,0,0x10004BC0,64,1,
AR,0,0x10004C00,64,1,
AR,0,0x10004C40,64,1,
AR,0,0x10004C80,64,1,
AR,0,0x10004CC0,64,1,
AR,0,0x10004D00,64,1,
AR,0,0x10004D40,64,1,
AR,0,0x10004D80,64,1,
AR,0,0x10004DC0,64,1,
AR,0,0x10004E00,64,1,
AR,0,0x10004E40,64,1,
AR,0,0x10004E80,64,1,
AR,0,0x10004EC0,64,1,
AR,0,0x10004F00,64,1,
AR,0,0x10004F40,64,1,
AR,0,0x10004F80,64,1,
AR,0,0x10004FC0,64,1,
AR,0,0x10005000,64,1,
AR,0,0x10005040,64,1,
AR,0,0x10005080,64,1,
AR,0,0x100050C0,64,1,
AR,0,0x10005100,64,1,
AR,0,0x10005140,64,1,
AR,0,0x10005180,64,1,
AR,0,0x100051C0,64,1,
AR,0,0x10005200,64,1,
AR,0,0x10005240,64,1,
AR,0,0x10005280,64,1,
AR,0,0x100052C0,64,1,
AR,0,0x10005300,64,1,
AR,0,0x10005340,64,1,
AR,0,0x10005380,64,1,
AR,0,0x100053C0,64,1,
AR,0,0x10005400,64,1,
AR,0,0x10005440,64,1,
AR,0,0x10005480,64,1,
AR,0,0x100054C0,64,1,
AR,0,0x10005500,64,1,
AR,0,0x10005540,64,1,
AR,0,0x10005580,64,1,
AR,0,0x100055C0,64,1,
AR,0,0x10005600,64,1,
AR,0,0x10005640,64,1,
AR,0,0x10005680,64,1,
AR,0,0x100056C0,64,1,
AR,0,0x10005700,64,1,
AR,0,0x10005740,64,1,
AR,0,0x10005780,64,1,
AR,0,0x100057C0,64,1,
AR,0,0x10005800,64,1,
AR,0,0x10005840,64,1,
AR,0,0x10005880,64,1,
AR,0,0x100058C0,64,1,
AR,0,0x10005900,64,1,
AR,0,0x10005940,64,1,
AR,0,0x10005980,64,1,
AR,0,0x100059C0,64,1,
AR,0,0x10005A00,64,1,
AR,0,0x10005A40,64,1,
AR,0,0x10005A80,64,1,
AR,0,0x10005AC0,64,1,
AR,0,0x10005B00,64,1,
AR,0,0x10005B40,64,1,
AR,0,0x10005B80,64,1,
AR,0,0x10005BC0,64,1,
AR,0,0x10005C00,64,1,
AR,0,0x10005C40,64,1,
AR,0,0x10005C80,64,1,
AR,0,0x10005CC0,64,1,
AR,0,0x10005D00,64,1,
AR,0,0x10005D40,64,1,
AR,0,0x10005D80,64,1,
AR,0,0x10005DC0,64,1,
AR,0,0x10005E00,64,1,
AR,0,0x10005E40,64,1,
AR,0,0x10005E80,64,1,
AR,0,0x10005EC0,64,1,
AR,0,0x10005F00,64,1,
AR,0,0x10005F40,64,1,
AR,0,0x10005F80,64,1,
AR,0,0x10005FC0,64,1,
AR,0,0x10006000,64,1,
AR,0,0x10006040,64,1,
AR,0,0x10006080,64,1,
AR,0,0x100060C0,64,1,
AR,0,0x10006100,64,1,
AR,0,0x10006140,64,1,
AR,0,0x10006180,64,1,
AR,0,0x100061C0,64,1,
AR,0,0x10006200,64,1,
AR,0,0x10006240,64,1,
AR,0,0x10006280,64,1,
AR,0,0x100062C0,64,1,
AR,0,0x10006300,64,1,
AR,0,0x10006340,64,1,
AR,0,0x10006380,64,1,
AR,0,0x100063C0,64,1,
AR,0,0x10006400,64,1,
AR,0,0x10006440,64,1,
AR,0,0x10006480,64,1,
AR,0,0x100064C0,64,1,
AR,0,0x10006500,64,1,
AR,0,0x10006540,64,1,
AR,0,0x10006580,64,1,
AR,0,0x100065C0,64,1,
AR,0,0x10006600,64,1,
AR,0,0x10006640,64,1,
AR,0,0x10006680,64,1,
AR,0,0x100066C0,64,1,
AR,0,0x10006700,64,1,
AR,0,0x10006740,64,1,
AR,0,0x10006780,64,1,
AR,0,0x100067C0,64,1,
AR,0,0x10006800,64,1,
AR,0,0x10006840,64,1,
AR,0,0x10006880,64,1,
AR,0,0x100068C0,64,1,
AR,0,0x10006900,64,1,
AR,0,0x10006940,64,1,
AR,0,0x10006980,64,1,
AR,0,0x100069C0,64,1,
AR,0,0x10006A00,64,1,
AR,0,0x10006A40,64,1,
AR,0,0x10006A80,64,1,
AR,0,0x10006AC0,64,1,
AR,0,0x10006B00,64,1,
AR,0,0x10006B40,64,1,
AR,0,0x10006B80,64,1,
AR,0,0x10006BC0,64,1,
AR,0,0x10006C00,64,1,
AR,0,0x10006C40,64,1,
AR,0,0x10006C80,64,1,
AR,0,0x10006CC0,64,1,
AR,0,0x10006D00,64,1,
AR,0,0x10006D40,64,1,
AR,0,0x10006D80,64,1,
AR,0,0x10006DC0,64,1,
AR,0,0x10006E00,64,1,
AR,0,0x10006E40,64,1,
AR,0,0x10006E80,64,1,
AR,0,0x10006EC0,64,1,
AR,0,0x10006F00,64,1,
AR,0,0x10006F40,64,1,
AR,0,0x10006F80,64,1,
AR,0,0x10006FC0,64,1,
AR,0,0x10007000,64,1,
AR,0,0x10007040,64,1,
AR,0,0x10007080,64,1,
AR,0,0x100070C0,64,1,
AR,0,0x10007100,64,1,
AR,0,0x10007140,64,1,
AR,0,0x10007180,64,1,
AR,0,0x100071C0,64,1,
AR,0,0x10007200,64,1,
AR,0,0x10007240,64,1,
AR,0,0x10007280,64,1,
AR,0,0x100072C0,64,1,
AR,0,0x10007300,64,1,
AR,0,0x10007340,64,1,
AR,0,0x10007380,64,1,
AR,0,0x100073C0,64,1,
AR,0,0x10007400,64,1,
AR,0,0x10007440,64,1,
AR,0,0x10007480,64,1,
AR,0,0x100074C0,64,1,
AR,0,0x10007500,64,1,
AR,0,0x10007540,64,1,
AR,0,0x10007580,64,1,
AR,0,0x100075C0,64,1,
AR,0,0x10007600,64,1,
AR,0,0x10007640,64,1,
AR,0,0x10007680,64,1,
AR,0,0x100076C0,64,1,
AR,0,0x10007700,64,1,
AR,0,0x10007740,64,1,
AR,0,0x10007780,64,1,
AR,0,0x100077C0,64,1,
AR,0,0x10007800,64,1,
AR,0,0x10007840,64,1,
AR,0,0x10007880,64,1,
AR,0,0x100078C0,64,1,
AR,0,0x10007900,64,1,
AR,0,0x10007940,64,1,
AR,0,0x10007980,64,1,
AR,0,0x100079C0,64,1,
AR,0,0x10007A00,64,1,
AR,0,0x10007A40,64,1,
AR,0,0x10007A80,64,1,
AR,0,0x10007AC0,64,1,
AR,0,0x10007B00,64,1,
AR,0,0x10007B40,64,1,
AR,0,0x10007B80,64,1,
AR,0,0x10007BC0,64,1,
AR,0,0x10007C00,64,1,
AR,0,0x10007C40,64,1,
AR,0,0x10007C80,64,1,
AR,0,0x10007CC0,64,1,
AR,0,0x10007D00,64,1,
AR,0,0x10007D40,64,1,
AR,0,0x10007D80,64,1,
AR,0,0x10007DC0,64,1,
AR,0,0x10007E00,64,1,
AR,0,0x10007E40,64,1,
AR,0,0x10007E80,64,1,
AR,0,0x10007EC0,64,1,
AR,0,0x10007F00,64,1,
AR,0,0x10007F40,64,1,
AR,0,0x10007F80,64,1,
AR,0,0x10007FC0,64,1,
AR,0,0x10008000,64,1,
AR,0,0x10008040,64,1,
AR,0,0x10008080,64,1,
AR,0,0x100080C0,64,1,
AR,0,0x10008100,64,1,
AR,0,0x10008140,64,1,
AR,0,0x10008180,64,1,
AR,0,0x100081C0,64,1,
AR,0,0x10008200,64,1,
AR,0,0x10008240,64,1,
AR,0,0x10008280,64,1,
AR,0,0x100082C0,64,1,
AR,0,0x10008300,64,1,
AR,0,0x10008340,64,1,
AR,0,0x10008380,64,1,
AR,0,0x100083C0,64,1,
AR,0,0x10008400,64,1,
AR,0,0x10008440,64,1,
AR,0,0x10008480,64,1,
AR,0,0x100084C0,64,1,
AR,0,0x10008500,64,1,
AR,0,0x10008540,64,1,
AR,0,0x10008580,64,1,
AR,0,0x100085C0,64,1,
AR,0,0x10008600,64,1,
AR,0,0x10008640,64,1,
AR,0,0x10008680,64,1,
AR,0,0x100086C0,64,1,
AR,0,0x10008700,64,1,
AR,0,0x10008740,64,1,
AR,0,0x10008780,64,1,
AR,0,0x100087C0,64,1,
AR,0,0x10008800,64,1,
AR,0,0x10008840,64,1,
AR,0,0x10008880,64,1,
AR,0,0x100088C0,64,1,
AR,0,0x10008900,64,1,
AR,0,0x10008940,64,1,
AR,0,0x10008980,64,1,
AR,0,0x100089C0,64,1,
AR,0,0x10008A00,64,1,
AR,0,0x10008A40,64,1,
AR,0,0x10008A80,64,1,
AR,0,0x10008AC0,64,1,
AR,0,0x10008B00,64,1,
AR,0,0x10008B40,64,1,
AR,0,0x10008B80,64,1,
AR,0,0x10008BC0,64,1,
AR,0,0x10008C00,64,1,
AR,0,0x10008C40,64,1,
AR,0,0x10008C80,64,1,
AR,0,0x10008CC0,64,1,
AR,0,0x10008D00,64,1,
AR,0,0x10008D40,64,1,
AR,0,0x10008D80,64,1,
AR,0,0x10008DC0,64,1,
AR,0,0x10008E00,64,1,
AR,0,0x10008E40,64,1,
AR,0,0x10008E80,64,1,
AR,0,0x10008EC0,64,1,
AR,0,0x10008F00,64,1,
AR,0,0x10008F40,64,1,
AR,0,0x10008F80,64,1,
AR,0,0x10008FC0,64,1,
AR,0,0x10009000,64,1,
AR,0,0x10009040,64,1,
AR,0,0x10009080,64,1,
AR,0,0x100090C0,64,1,
AR,0,0x10009100,64,1,
AR,0,0x10009140,64,1,
AR,0,0x10009180,64,1,
AR,0,0x100091C0,64,1,
AR,0,0x10009200,64,1,
AR,0,0x10009240,64,1,
AR,0,0x10009280,64,1,
AR,0,0x100092C0,64,1,
AR,0,0x10009300,64,1,
AR,0,0x10009340,64,1,
AR,0,0x10009380,64,1,
AR,0,0x100093C0,64,1,
AR,0,0x10009400,64,1,
AR,0,0x10009440,64,1,
AR,0,0x10009480,64,1,
AR,0,0x100094C0,64,1,
AR,0,0x10009500,64,1,
AR,0,0x10009540,64,1,
AR,0,0x10009580,64,1,
AR,0,0x100095C0,64,1,
AR,0,0x10009600,64,1,
AR,0,0x10009640,64,1,
AR,0,0x10009680,64,1,
AR,0,0x100096C0,64,1,
AR,0,0x10009700,64,1,
AR,0,0x10009740,64,1,
AR,0,0x10009780,64,1,
AR,0,0x100097C0,64,1,
AR,0,0x10009800,64,1,
AR,0,0x10009840,64,1,
AR,0,0x10009880,64,1,
AR,0,0x100098C0,64,1,
AR,0,0x10009900,64,1,
AR,0,0x10009940,64,1,
AR,0,0x10009980,64,1,
AR,0,0x100099C0,64,1,
AR,0,0x10009A00,64,1,
AR,0,0x10009A40,64,1,
AR,0,0x10009A80,64,1,
AR,0,0x10009AC0,64,1,
AR,0,0x10009B00,64,1,
AR,0,0x10009B40,64,1,
AR,0,0x10009B80,64,1,
AR,0,0x10009BC0,64,1,
AR,0,0x10009C00,64,1,
AR,0,0x10009C40,64,1,
AR,0,0x10009C80,64,1,
AR,0,0x10009CC0,64,1,
AR,0,0x10009D00,64,1,
AR,0,0x10009D40,64,1,
AR,0,0x10009D80,64,1,
AR,0,0x10009DC0,64,1,
AR,0,0x10009E00,64,1,
AR,0,0x10009E40,64,1,
AR,0,0x10009E80,64,1,
AR,0,0x10009EC0,64,1,
AR,0,0x10009F00,64,1,
AR,0,0x10009F40,64,1,
AR,0,0x10009F80,64,1,
AR,0,0x10009FC0,64,1,
AR,0,0x1000A000,64,1,
AR,0,0x1000A040,64,1,
AR,0,0x1000A080,64,1,
AR,0,0x1000A0C0,64,1,
AR,0,0x1000A100,64,1,
AR,0,0x1000A140,64,1,
AR,0,0x1000A180,64,1,
AR,0,0x1000A1C0,64,1,
AR,0,0x1000A200,64,1,
AR,0,0x1000A240,64,1,
AR,0,0x1000A280,64,1,
AR,0,0x1000A2C0,64,1,
AR,0,0x1000A300,64,1,
AR,0,0x1000A340,64,1,
AR,0,0x1000A380,64,1,
AR,0,0x1000A3C0,64,1,
AR,0,0x1000A400,64,1,
AR,0,0x1000A440,64,1,
AR,0,0x1000A480,64,1,
AR,0,0x1000A4C0,64,1,
AR,0,0x1000A500,64,1,
AR,0,0x1000A540,64,1,
AR,0,0x1000A580,64,1,
AR,0,0x1000A5C0,64,1,
AR,0,0x1000A600,64,1,
AR,0,0x1000A640,64,1,
AR,0,0x1000A680,64,1,
AR,0,0x1000A6C0,64,1,
AR,0,0x1000A700,64,1,
AR,0,0x1000A740,64,1,
AR,0,0x1000A780,64,1,
AR,0,0x1000A7C0,64,1,
AR,0,0x1000A800,64,1,
AR,0,0x1000A840,64,1,
AR,0,0x1000A880,64,1,
AR,0,0x1000A8C0,64,1,
AR,0,0x1000A900,64,1,
AR,0,0x1000A940,64,1,
AR,0,0x1000A980,64,1,
AR,0,0x1000A9C0,64,1,
AR,0,0x1000AA00,64,1,
AR,0,0x1000AA40,64,1,
AR,0,0x1000AA80,64,1,
AR,0,0x1000AAC0,64,1,
AR,0,0x1000AB00,64,1,
AR,0,0x1000AB40,64,1,
AR,0,0x1000AB80,64,1,
AR,0,0x1000ABC0,64,1,
AR,0,0x1000AC00,64,1,
AR,0,0x1000AC40,64,1,
AR,0,0x1000AC80,64,1,
AR,0,0x1000ACC0,64,1,
AR,0,0x1000AD00,64,1,
AR,0,0x1000AD40,64,1,
AR,0,0x1000AD80,64,1,
AR,0,0x1000ADC0,64,1,
AR,0,0x1000AE00,64,1,
AR,0,0x1000AE40,64,1,
AR,0,0x1000AE80,64,1,
AR,0,0x1000AEC0,64,1,
AR,0,0x1000AF00,64,1,
AR,0,0x1000AF40,64,1,
AR,0,0x1000AF80,64,1,
AR,0,0x1000AFC0,64,1,
AR,0,0x1000B000,64,1,
AR,0,0x1000B040,64,1,
AR,0,0x1000B080,64,1,
AR,0,0x1000B0C0,64,1,
AR,0,0x1000B100,64,1,
AR,0,0x1000B140,64,1,
AR,0,0x1000B180,64,1,
AR,0,0x1000B1C0,64,1,
AR,0,0x1000B200,64,1,
AR,0,0x1000B240,64,1,
AR,0,0x1000B280,64,1,
AR,0,0x1000B2C0,64,1,
AR,0,0x1000B300,64,1,
AR,0,0x1000B340,64,1,
AR,0,0x1000B380,64,1,
AR,0,0x1000B3C0,64,1,
AR,0,0x1000B400,64,1,
AR,0,0x1000B440,64,1,
AR,0,0x1000B480,64,1,
AR,0,0x1000B4C0,64,1,
AR,0,0x1000B500,64,1,
AR,0,0x1000B540,64,1,
AR,0,0x1000B580,64,1,
AR,0,0x1000B5C0,64,1,
AR,0,0x1000B600,64,1,
AR,0,0x1000B640,64,1,
AR,0,0x1000B680,64,1,
AR,0,0x1000B6C0,64,1,
AR,0,0x1000B700,64,1,
AR,0,0x1000B740,64,1,
AR,0,0x1000B780,64,1,
AR,0,0x1000B7C0,64,1,
AR,0,0x1000B800,64,1,
AR,0,0x1000B840,64,1,
AR,0,0x1000B880,64,1,
AR,0,0x1000B8C0,64,1,
AR,0,0x1000B900,64,1,
AR,0,0x1000B940,64,1,
AR,0,0x1000B980,64,1,
AR,0,0x1000B9C0,64,1,
AR,0,0x1000BA00,64,1,
AR,0,0x1000BA40,64,1,
AR,0,0x1000BA80,64,1,
AR,0,0x1000BAC0,64,1,
AR,0,0x1000BB00,64,1,
AR,0,0x1000BB40,64,1,
AR,0,0x1000BB80,64,1,
AR,0,0x1000BBC0,64,1,
AR,0,0x1000BC00,64,1,
AR,0,0x1000BC40,64,1,
AR,0,0x1000BC80,64,1,
AR,0,0x1000BCC0,64,1,
AR,0,0x1000BD00,64,1,
AR,0,0x1000BD40,64,1,
AR,0,0x1000BD80,64,1,
AR,0,0x1000BDC0,64,1,
AR,0,0x1000BE00,64,1,
AR,0,0x1000BE40,64,1,
AR,0,0x1000BE80,64,1,
AR,0,0x1000BEC0,64,1,
AR,0,0x1000BF00,64,1,
AR,0,0x1000BF40,64,1,
AR,0,0x1000BF80,64,1,
AR,0,0x1000BFC0,64,1,
AR,0,0x1000C000,64,1,
AR,0,0x1000C040,64,1,
AR,0,0x1000C080,64,1,
AR,0,0x1000C0C0,64,1,
AR,0,0x1000C100,64,1,
AR,0,0x1000C140,64,1,
AR,0,0x1000C180,64,1,
AR,0,0x1000C1C0,64,1,
AR,0,0x1000C200,64,1,
AR,0,0x1000C240,64,1,
AR,0,0x1000C280,64,1,
AR,0,0x1000C2C0,64,1,
AR,0,0x1000C300,64,1,
AR,0,0x1000C340,64,1,
AR,0,0x1000C380,64,1,
AR,0,0x1000C3C0,64,1,
AR,0,0x1000C400,64,1,
AR,0,0x1000C440,64,1,
AR,0,0x1000C480,64,1,
AR,0,0x1000C4C0,64,1,
AR,0,0x1000C500,64,1,
AR,0,0x1000C540,64,1,
AR,0,0x1000C580,64,1,
AR,0,0x1000C5C0,64,1,
AR,0,0x1000C600,64,1,
AR,0,0x1000C640,64,1,
AR,0,0x1000C680,64,1,
AR,0,0x1000C6C0,64,1,
AR,0,0x1000C700,64,1,
AR,0,0x1000C740,64,1,
AR,0,0x1000C780,64,1,
AR,0,0x1000C7C0,64,1,
AR,0,0x1000C800,64,1,
AR,0,0x1000C840,64,1,
AR,0,0x1000C880,64,1,
AR,0,0x1000C8C0,64,1,
AR,0,0x1000C900,64,1,
AR,0,0x1000C940,64,1,
AR,0,0x1000C980,64,1,
AR,0,0x1000C9C0,64,1,
AR,0,0x1000CA00,64,1,
AR,0,0x1000CA40,64,1,
AR,0,0x1000CA80,64,1,
AR,0,0x1000CAC0,64,1,
AR,0,0x1000CB00,64,1,
AR,0,0x1000CB40,64,1,
AR,0,0x1000CB80,64,1,
AR,0,0x1000CBC0,64,1,
AR,0,0x1000CC00,64,1,
AR,0,0x1000CC40,64,1,
AR,0,0x1000CC80,64,1,
AR,0,0x1000CCC0,64,1,
AR,0,0x1000CD00,64,1,
AR,0,0x1000CD40,64,1,
AR,0,0x1000CD80,64,1,
AR,0,0x1000CDC0,64,1,
AR,0,0x1000CE00,64,1,
AR,0,0x1000CE40,64,1,
AR,0,0x1000CE80,64,1,
AR,0,0x1000CEC0,64,1,
AR,0,0x1000CF00,64,1,
AR,0,0x1000CF40,64,1,
AR,0,0x1000CF80,64,1,
AR,0,0x1000CFC0,64,1,
AR,0,0x1000D000,64,1,
AR,0,0x1000D040,64,1,
AR,0,0x1000D080,64,1,
AR,0,0x1000D0C0,64,1,
AR,0,0x1000D100,64,1,
AR,0,0x1000D140,64,1,
AR,0,0x1000D180,64,1,
AR,0,0x1000D1C0,64,1,
AR,0,0x1000D200,64,1,
AR,0,0x1000D240,64,1,
AR,0,0x1000D280,64,1,
AR,0,0x1000D2C0,64,1,
AR,0,0x1000D300,64,1,
AR,0,0x1000D340,64,1,
AR,0,0x1000D380,64,1,
AR,0,0x1000D3C0,64,1,
AR,0,0x1000D400,64,1,
AR,0,0x1000D440,64,1,
AR,0,0x1000D480,64,1,
AR,0,0x1000D4C0,64,1,
AR,0,0x1000D500,64,1,
AR,0,0x1000D540,64,1,
AR,0,0x1000D580,64,1,
AR,0,0x1000D5C0,64,1,
AR,0,0x1000D600,64,1,
AR,0,0x1000D640,64,1,
AR,0,0x1000D680,64,1,
AR,0,0x1000D6C0,64,1,
AR,0,0x1000D700,64,1,
AR,0,0x1000D740,64,1,
AR,0,0x1000D780,64,1,
AR,0,0x1000D7C0,64,1,
AR,0,0x1000D800,64,1,
AR,0,0x1000D840,64,1,
AR,0,0x1000D880,64,1,
AR,0,0x1000D8C0,64,1,
AR,0,0x1000D900,64,1,
AR,0,0x1000D940,64,1,
AR,0,0x1000D980,64,1,
AR,0,0x1000D9C0,64,1,
AR,0,0x1000DA00,64,1,
AR,0,0x1000DA40,64,1,
AR,0,0x1000DA80,64,1,
AR,0,0x1000DAC0,64,1,
AR,0,0x1000DB00,64,1,
AR,0,0x1000DB40,64,1,
AR,0,0x1000DB80,64,1,
AR,0,0x1000DBC0,64,1,
AR,0,0x1000DC00,64,1,
AR,0,0x1000DC40,64,1,
AR,0,0x1000DC80,64,1,
AR,0,0x1000DCC0,64,1,
AR,0,0x1000DD00,64,1,
AR,0,0x1000DD40,64,1,
AR,0,0x1000DD80,64,1,
AR,0,0x1000DDC0,64,1,
AR,0,0x1000DE00,64,1,
AR,0,0x1000DE40,64,1,
AR,0,0x1000DE80,64,1,
AR,0,0x1000DEC0,64,1,
AR,0,0x1000DF00,64,1,
AR,0,0x1000DF40,64,1,
AR,0,0x1000DF80,64,1,
AR,0,0x1000DFC0,64,1,
AR,0,0x1000E000,64,1,
AR,0,0x1000E040,64,1,
AR,0,0x1000E080,64,1,
AR,0,0x1000E0C0,64,1,
AR,0,0x1000E100,64,1,
AR,0,0x1000E140,64,1,
AR,0,0x1000E180,64,1,
AR,0,0x1000E1C0,64,1,
AR,0,0x1000E200,64,1,
AR,0,0x1000E240,64,1,
AR,0,0x1000E280,64,1,
AR,0,0x1000E2C0,64,1,
AR,0,0x1000E300,64,1,
AR,0,0x1000E340,64,1,
AR,0,0x1000E380,64,1,
AR,0,0x1000E3C0,64,1,
AR,0,0x1000E400,64,1,
AR,0,0x1000E440,64,1,
AR,0,0x1000E480,64,1,
AR,0,0x1000E4C0,64,1,
AR,0,0x1000E500,64,1,
AR,0,0x1000E540,64,1,
AR,0,0x1000E580,64,1,
AR,0,0x1000E5C0,64,1,
AR,0,0x1000E600,64,1,
AR,0,0x1000E640,64,1,
AR,0,0x1000E680,64,1,
AR,0,0x1000E6C0,64,1,
AR,0,0x1000E700,64,1,
AR,0,0x1000E740,64,1,
AR,0,0x1000E780,64,1,
AR,0,0x1000E7C0,64,1,
AR,0,0x1000E800,64,1,
AR,0,0x1000E840,64,1,
AR,0,0x1000E880,64,1,
AR,0,0x1000E8C0,64,1,
AR,0,0x1000E900,64,1,
AR,0,0x1000E940,64,1,
AR,0,0x1000E980,64,1,
AR,0,0x1000E9C0,64,1,
AR,0,0x1000EA00,64,1,
AR,0,0x1000EA40,64,1,
AR,0,0x1000EA80,64,1,
AR,0,0x1000EAC0,64,1,
AR,0,0x1000EB00,64,1,
AR,0,0x1000EB40,64,1,
AR,0,0x1000EB80,64,1,
AR,0,0x1000EBC0,64,1,
AR,0,0x1000EC00,64,1,
AR,0,0x1000EC40,64,1,
AR,0,0x1000EC80,64,1,
AR,0,0x1000ECC0,64,1,
AR,0,0x1000ED00,64,1,
AR,0,0x1000ED40,64,1,
AR,0,0x1000ED80,64,1,
AR,0,0x1000EDC0,64,1,
AR,0,0x1000EE00,64,1,
AR,0,0x1000EE40,64,1,
AR,0,0x1000EE80,64,1,
AR,0,0x1000EEC0,64,1,
AR,0,0x1000EF00,64,1,
AR,0,0x1000EF40,64,1,
AR,0,0x1000EF80,64,1,
AR,0,0x1000EFC0,64,1,
AR,0,0x1000F000,64,1,
AR,0,0x1000F040,64,1,
AR,0,0x1000F080,64,1,
AR,0,0x1000F0C0,64,1,
AR,0,0x1000F100,64,1,
AR,0,0x1000F140,64,1,
AR,0,0x1000F180,64,1,
AR,0,0x1000F1C0,64,1,
AR,0,0x1000F200,64,1,
AR,0,0x1000F240,64,1,
AR,0,0x1000F280,64,1,
AR,0,0x1000F2C0,64,1,
AR,0,0x1000F300,64,1,
AR,0,0x1000F340,64,1,
AR,0,0x1000F380,64,1,
AR,0,0x1000F3C0,64,1,
AR,0,0x1000F400,64,1,
AR,0,0x1000F440,64,1,
AR,0,0x1000F480,64,1,
AR,0,0x1000F4C0,64,1,
AR,0,0x1000F500,64,1,
AR,0,0x1000F540,64,1,
AR,0,0x1000F580,64,1,
AR,0,0x1000F5C0,64,1,
AR,0,0x1000F600,64,1,
AR,0,0x1000F640,64,1,
AR,0,0x1000F680,64,1,
AR,0,0x1000F6C0,64,1,
AR,0,0x1000F700,64,1,
AR,0,0x1000F740,64,1,
AR,0,0x1000F780,64,1,
AR,0,0x1000F7C0,64,1,
AR,0,0x1000F800,64,1,
AR,0,0x1000F840,64,1,
AR,0,0x1000F880,64,1,
AR,0,0x1000F8C0,64,1,
AR,0,0x1000F900,64,1,
AR,0,0x1000F940,64,1,
AR,0,0x1000F980,64,1,
AR,0,0x1000F9C0,64,1,
AR,0,0x1000FA00,64,1,
AR,0,0x1000FA40,64,1,
AR,0,0x1000FA80,64,1,
AR,0,0x1000FAC0,64,1,
AR,0,0x1000FB00,64,1,
AR,0,0x1000FB40,64,1,
AR,0,0x1000FB80,64,1,
AR,0,0x1000FBC0,64,1,
AR,0,0x1000FC00,64,1,
AR,0,0x1000FC40,64,1,
AR,0,0x1000FC80,64,1,
AR,0,0x1000FCC0,64,1,
AR,0,0x1000FD00,64,1,
AR,0,0x1000FD40,64,1,
AR,0,0x1000FD80,64,1,
AR,0,0x1000FDC0,64,1,
AR,0,0x1000FE00,64,1,
AR,0,0x1000FE40,64,1,
AR,0,0x1000FE80,64,1,
AR,0,0x1000FEC0,64,1,
AR,0,0x1000FF00,64,1,
AR,0,0x1000FF40,64,1,
AR,0,0x1000FF80,64,1,
AR,0,0x1000FFC0,64,1,
AR,0,0x10010000,64,1,
AR,0,0x10010040,64,1,
AR,0,0x10010080,64,1,
AR,0,0x100100C0,64,1,
AR,0,0x10010100,64,1,
AR,0,0x10010140,64,1,
AR,0,0x10010180,64,1,
AR,0,0x100101C0,64,1,
AR,0,0x10010200,64,1,
AR,0,0x10010240,64,1,
AR,0,0x10010280,64,1,
AR,0,0x100102C0,64,1,
AR,0,0x10010300,64,1,
AR,0,0x10010340,64,1,
AR,0,0x10010380,64,1,
AR,0,0x100103C0,64,1,
AR,0,0x10010400,64,1,
AR,0,0x10010440,64,1,
AR,0,0x10010480,64,1,
AR,0,0x100104C0,64,1,
AR,0,0x10010500,64,1,
AR,0,0x10010540,64,1,
AR,0,0x10010580,64,1,
AR,0,0x100105C0,64,1,
AR,0,0x10010600,64,1,
AR,0,0x10010640,64,1,
AR,0,0x10010680,64,1,
AR,0,0x100106C0,64,1,
AR,0,0x10010700,64,1,
AR,0,0x10010740,64,1,
AR,0,0x10010780,64,1,
AR,0,0x100107C0,64,1,
AR,0,0x10010800,64,1,
AR,0,0x10010840,64,1,
AR,0,0x10010880,64,1,
AR,0,0x100108C0,64,1,
AR,0,0x10010900,64,1,
AR,0,0x10010940,64,1,
AR,0,0x10010980,64,1,
AR,0,0x100109C0,64,1,
AR,0,0x10010A00,64,1,
AR,0,0x10010A40,64,1,
AR,0,0x10010A80,64,1,
AR,0,0x10010AC0,64,1,
AR,0,0x10010B00,64,1,
AR,0,0x10010B40,64,1,
AR,0,0x10010B80,64,1,
AR,0,0x10010BC0,64,1,
AR,0,0x10010C00,64,1,
AR,0,0x10010C40,64,1,
AR,0,0x10010C80,64,1,
AR,0,0x10010CC0,64,1,
AR,0,0x10010D00,64,1,
AR,0,0x10010D40,64,1,
AR,0,0x10010D80,64,1,
AR,0,0x10010DC0,64,1,
AR,0,0x10010E00,64,1,
AR,0,0x10010E40,64,1,
AR,0,0x10010E80,64,1,
AR,0,0x10010EC0,64,1,
AR,0,0x10010F00,64,1,
AR,0,0x10010F40,64,1,
AR,0,0x10010F80,64,1,
AR,0,0x10010FC0,64,1,
AR,0,0x10011000,64,1,
AR,0,0x10011040,64,1,
AR,0,0x10011080,64,1,
AR,0,0x100110C0,64,1,
AR,0,0x10011100,64,1,
AR,0,0x10011140,64,1,
AR,0,0x10011180,64,1,
AR,0,0x100111C0,64,1,
AR,0,0x10011200,64,1,
AR,0,0x10011240,64,1,
AR,0,0x10011280,64,1,
AR,0,0x100112C0,64,1,
AR,0,0x10011300,64,1,
AR,0,0x10011340,64,1,
AR,0,0x10011380,64,1,
AR,0,0x100113C0,64,1,
AR,0,0x10011400,64,1,
AR,0,0x10011440,64,1,
AR,0,0x10011480,64,1,
AR,0,0x100114C0,64,1,
AR,0,0x10011500,64,1,
AR,0,0x10011540,64,1,
AR,0,0x10011580,64,1,
AR,0,0x100115C0,64,1,
AR,0,0x10011600,64,1,
AR,0,0x10011640,64,1,
AR,0,0x10011680,64,1,
AR,0,0x100116C0,64,1,
AR,0,0x10011700,64,1,
AR,0,0x10011740,64,1,
AR,0,0x10011780,64,1,
AR,0,0x100117C0,64,1,
AR,0,0x10011800,64,1,
AR,0,0x10011840,64,1,
AR,0,0x10011880,64,1,
AR,0,0x100118C0,64,1,
AR,0,0x10011900,64,1,
AR,0,0x10011940,64,1,
AR,0,0x10011980,64,1,
AR,0,0x100119C0,64,1,
AR,0,0x10011A00,64,1,
AR,0,0x10011A40,64,1,
AR,0,0x10011A80,64,1,
AR,0,0x10011AC0,64,1,
AR,0,0x10011B00,64,1,
AR,0,0x10011B40,64,1,
AR,0,0x10011B80,64,1,
AR,0,0x10011BC0,64,1,
AR,0,0x10011C00,64,1,
AR,0,0x10011C40,64,1,
AR,0,0x10011C80,64,1,
AR,0,0x10011CC0,64,1,
AR,0,0x10011D00,64,1,
AR,0,0x10011D40,64,1,
AR,0,0x10011D80,64,1,
AR,0,0x10011DC0,64,1,
AR,0,0x10011E00,64,1,
AR,0,0x10011E40,64,1,
AR,0,0x10011E80,64,1,
AR,0,0x10011EC0,64,1,
AR,0,0x10011F00,64,1,
AR,0,0x10011F40,64,1,
AR,0,0x10011F80,64,1,
AR,0,0x10011FC0,64,1,
AR,0,0x10012000,64,1,
AR,0,0x10012040,64,1,
AR,0,0x10012080,64,1,
AR,0,0x100120C0,64,1,
AR,0,0x10012100,64,1,
AR,0,0x10012140,64,1,
AR,0,0x10012180,64,1,
AR,0,0x100121C0,64,1,
AR,0,0x10012200,64,1,
AR,0,0x10012240,64,1,
AR,0,0x10012280,64,1,
AR,0,0x100122C0,64,1,
AR,0,0x10012300,64,1,
AR,0,0x10012340,64,1,
AR,0,0x10012380,64,1,
AR,0,0x100123C0,64,1,
AR,0,0x10012400,64,1,
AR,0,0x10012440,64,1,
AR,0,0x10012480,64,1,
AR,0,0x100124C0,64,1,
AR,0,0x10012500,64,1,
AR,0,0x10012540,64,1,
AR,0,0x10012580,64,1,
AR,0,0x100125C0,64,1,
AR,0,0x10012600,64,1,
AR,0,0x10012640,64,1,
AR,0,0x10012680,64,1,
AR,0,0x100126C0,64,1,
AR,0,0x10012700,64,1,
AR,0,0x10012740,64,1,
AR,0,0x10012780,64,1,
AR,0,0x100127C0,64,1,
AR,0,0x10012800,64,1,
AR,0,0x10012840,64,1,
AR,0,0x10012880,64,1,
AR,0,0x100128C0,64,1,
AR,0,0x10012900,64,1,
AR,0,0x10012940,64,1,
AR,0,0x10012980,64,1,
AR,0,0x100129C0,64,1,
AR,0,0x10012A00,64,1,
AR,0,0x10012A40,64,1,
AR,0,0x10012A80,64,1,
AR,0,0x10012AC0,64,1,
AR,0,0x10012B00,64,1,
AR,0,0x10012B40,64,1,
AR,0,0x10012B80,64,1,
AR,0,0x10012BC0,64,1,
AR,0,0x10012C00,64,1,
AR,0,0x10012C40,64,1,
AR,0,0x10012C80,64,1,
AR,0,0x10012CC0,64,1,
AR,0,0x10012D00,64,1,
AR,0,0x10012D40,64,1,
AR,0,0x10012D80,64,1,
AR,0,0x10012DC0,64,1,
AR,0,0x10012E00,64,1,
AR,0,0x10012E40,64,1,
AR,0,0x10012E80,64,1,
AR,0,0x10012EC0,64,1,
AR,0,0x10012F00,64,1,
AR,0,0x10012F40,64,1,
AR,0,0x10012F80,64,1,
AR,0,0x10012FC0,64,1,
AR,0,0x10013000,64,1,
AR,0,0x10013040,64,1,
AR,0,0x10013080,64,1,
AR,0,0x100130C0,64,1,
AR,0,0x10013100,64,1,
AR,0,0x10013140,64,1,
AR,0,0x10013180,64,1,
AR,0,0x100131C0,64,1,
AR,0,0x10013200,64,1,
AR,0,0x10013240,64,1,
AR,0,0x10013280,64,1,
AR,0,0x100132C0,64,1,
AR,0,0x10013300,64,1,
AR,0,0x10013340,64,1,
AR,0,0x10013380,64,1,
AR,0,0x100133C0,64,1,
AR,0,0x10013400,64,1,
AR,0,0x10013440,64,1,
AR,0,0x10013480,64,1,
AR,0,0x100134C0,64,1,
AR,0,0x10013500,64,1,
AR,0,0x10013540,64,1,
AR,0,0x10013580,64,1,
AR,0,0x100135C0,64,1,
AR,0,0x10013600,64,1,
AR,0,0x10013640,64,1,
AR,0,0x10013680,64,1,
AR,0,0x100136C0,64,1,
AR,0,0x10013700,64,1,
AR,0,0x10013740,64,1,
AR,0,0x10013780,64,1,
AR,0,0x100137C0,64,1,
AR,0,0x10013800,64,1,
AR,0,0x10013840,64,1,
AR,0,0x10013880,64,1,
AR,0,0x100138C0,64,1,
AR,0,0x10013900,64,1,
AR,0,0x10013940,64,1,
AR,0,0x10013980,64,1,
AR,0,0x100139C0,64,1,
AR,0,0x10013A00,64,1,
AR,0,0x10013A40,64,1,
AR,0,0x10013A80,64,1,
AR,0,0x10013AC0,64,1,
AR,0,0x10013B00,64,1,
AR,0,0x10013B40,64,1,
AR,0,0x10013B80,64,1,
AR,0,0x10013BC0,64,1,
AR,0,0x10013C00,64,1,
AR,0,0x10013C40,64,1,
AR,0,0x10013C80,64,1,
AR,0,0x10013CC0,64,1,
AR,0,0x10013D00,64,1,
AR,0,0x10013D40,64,1,
AR,0,0x10013D80,64,1,
AR,0,0x10013DC0,64,1,
AR,0,0x10013E00,64,1,
AR,0,0x10013E40,64,1,
AR,0,0x10013E80,64,1,
AR,0,0x10013EC0,64,1,
AR,0,0x10013F00,64,1,
AR,0,0x10013F40,64,1,
AR,0,0x10013F80,64,1,
AR,0,0x10013FC0,64,1,
AR,0,0x10014000,64,1,
AR,0,0x10014040,64,1,
AR,0,0x10014080,64,1,
AR,0,0x100140C0,64,1,
AR,0,0x10014100,64,1,
AR,0,0x10014140,64,1,
AR,0,0x10014180,64,1,
AR,0,0x100141C0,64,1,
AR,0,0x10014200,64,1,
AR,0,0x10014240,64,1,
AR,0,0x10014280,64,1,
AR,0,0x100142C0,64,1,
AR,0,0x10014300,64,1,
AR,0,0x10014340,64,1,
AR,0,0x10014380,64,1,
AR,0,0x100143C0,64,1,
AR,0,0x10014400,64,1,
AR,0,0x10014440,64,1,
AR,0,0x10014480,64,1,
AR,0,0x100144C0,64,1,
AR,0,0x10014500,64,1,
AR,0,0x10014540,64,1,
AR,0,0x10014580,64,1,
AR,0,0x100145C0,64,1,
AR,0,0x10014600,64,1,
AR,0,0x10014640,64,1,
AR,0,0x10014680,64,1,
AR,0,0x100146C0,64,1,
AR,0,0x10014700,64,1,
AR,0,0x10014740,64,1,
AR,0,0x10014780,64,1,
AR,0,0x100147C0,64,1,
AR,0,0x10014800,64,1,
AR,0,0x10014840,64,1,
AR,0,0x10014880,64,1,
AR,0,0x100148C0,64,1,
AR,0,0x10014900,64,1,
AR,0,0x10014940,64,1,
AR,0,0x10014980,64,1,
AR,0,0x100149C0,64,1,
AR,0,0x10014A00,64,1,
AR,0,0x10014A40,64,1,
AR,0,0x10014A80,64,1,
AR,0,0x10014AC0,64,1,
AR,0,0x10014B00,64,1,
AR,0,0x10014B40,64,1,
AR,0,0x10014B80,64,1,
AR,0,0x10014BC0,64,1,
AR,0,0x10014C00,64,1,
AR,0,0x10014C40,64,1,
AR,0,0x10014C80,64,1,
AR,0,0x10014CC0,64,1,
AR,0,0x10014D00,64,1,
AR,0,0x10014D40,64,1,
AR,0,0x10014D80,64,1,
AR,0,0x10014DC0,64,1,
AR,0,0x10014E00,64,1,
AR,0,0x10014E40,64,1,
AR,0,0x10014E80,64,1,
AR,0,0x10014EC0,64,1,
AR,0,0x10014F00,64,1,
AR,0,0x10014F40,64,1,
AR,0,0x10014F80,64,1,
AR,0,0x10014FC0,64,1,
AR,0,0x10015000,64,1,
AR,0,0x10015040,64,1,
AR,0,0x10015080,64,1,
AR,0,0x100150C0,64,1,
AR,0,0x10015100,64,1,
AR,0,0x10015140,64,1,
AR,0,0x10015180,64,1,
AR,0,0x100151C0,64,1,
AR,0,0x10015200,64,1,
AR,0,0x10015240,64,1,
AR,0,0x10015280,64,1,
AR,0,0x100152C0,64,1,
AR,0,0x10015300,64,1,
AR,0,0x10015340,64,1,
AR,0,0x10015380,64,1,
AR,0,0x100153C0,64,1,
AR,0,0x10015400,64,1,
AR,0,0x10015440,64,1,
AR,0,0x10015480,64,1,
AR,0,0x100154C0,64,1,
AR,0,0x10015500,64,1,
AR,0,0x10015540,64,1,
AR,0,0x10015580,64,1,
AR,0,0x100155C0,64,1,
AR,0,0x10015600,64,1,
AR,0,0x10015640,64,1,
AR,0,0x10015680,64,1,
AR,0,0x100156C0,64,1,
AR,0,0x10015700,64,1,
AR,0,0x10015740,64,1,
AR,0,0x10015780,64,1,
AR,0,0x100157C0,64,1,
AR,0,0x10015800,64,1,
AR,0,0x10015840,64,1,
AR,0,0x10015880,64,1,
AR,0,0x100158C0,64,1,
AR,0,0x10015900,64,1,
AR,0,0x10015940,64,1,
AR,0,0x10015980,64,1,
AR,0,0x100159C0,64,1,
AR,0,0x10015A00,64,1,
AR,0,0x10015A40,64,1,
AR,0,0x10015A80,64,1,
AR,0,0x10015AC0,64,1,
AR,0,0x10015B00,64,1,
AR,0,0x10015B40,64,1,
AR,0,0x10015B80,64,1,
AR,0,0x10015BC0,64,1,
AR,0,0x10015C00,64,1,
AR,0,0x10015C40,64,1,
AR,0,0x10015C80,64,1,
AR,0,0x10015CC0,64,1,
AR,0,0x10015D00,64,1,
AR,0,0x10015D40,64,1,
AR,0,0x10015D80,64,1,
AR,0,0x10015DC0,64,1,
AR,0,0x10015E00,64,1,
AR,0,0x10015E40,64,1,
AR,0,0x10015E80,64,1,
AR,0,0x10015EC0,64,1,
AR,0,0x10015F00,64,1,
AR,0,0x10015F40,64,1,
AR,0,0x10015F80,64,1,
AR,0,0x10015FC0,64,1,
AR,0,0x10016000,64,1,
AR,0,0x10016040,64,1,
AR,0,0x10016080,64,1,
AR,0,0x100160C0,64,1,
AR,0,0x10016100,64,1,
AR,0,0x10016140,64,1,
AR,0,0x10016180,64,1,
AR,0,0x100161C0,64,1,
AR,0,0x10016200,64,1,
AR,0,0x10016240,64,1,
AR,0,0x10016280,64,1,
AR,0,0x100162C0,64,1,
AR,0,0x10016300,64,1,
AR,0,0x10016340,64,1,
AR,0,0x10016380,64,1,
AR,0,0x100163C0,64,1,
AR,0,0x10016400,64,1,
AR,0,0x10016440,64,1,
AR,0,0x10016480,64,1,
AR,0,0x100164C0,64,1,
AR,0,0x10016500,64,1,
AR,0,0x10016540,64,1,
AR,0,0x10016580,64,1,
AR,0,0x100165C0,64,1,
AR,0,0x10016600,64,1,
AR,0,0x10016640,64,1,
AR,0,0x10016680,64,1,
AR,0,0x100166C0,64,1,
AR,0,0x10016700,64,1,
AR,0,0x10016740,64,1,
AR,0,0x10016780,64,1,
AR,0,0x100167C0,64,1,
AR,0,0x10016800,64,1,
AR,0,0x10016840,64,1,
AR,0,0x10016880,64,1,
AR,0,0x100168C0,64,1,
AR,0,0x10016900,64,1,
AR,0,0x10016940,64,1,
AR,0,0x10016980,64,1,
AR,0,0x100169C0,64,1,
AR,0,0x10016A00,64,1,
AR,0,0x10016A40,64,1,
AR,0,0x10016A80,64,1,
AR,0,0x10016AC0,64,1,
AR,0,0x10016B00,64,1,
AR,0,0x10016B40,64,1,
AR,0,0x10016B80,64,1,
AR,0,0x10016BC0,64,1,
AR,0,0x10016C00,64,1,
AR,0,0x10016C40,64,1,
AR,0,0x10016C80,64,1,
AR,0,0x10016CC0,64,1,
AR,0,0x10016D00,64,1,
AR,0,0x10016D40,64,1,
AR,0,0x10016D80,64,1,
AR,0,0x10016DC0,64,1,
AR,0,0x10016E00,64,1,
AR,0,0x10016E40,64,1,
AR,0,0x10016E80,64,1,
AR,0,0x10016EC0,64,1,
AR,0,0x10016F00,64,1,
AR,0,0x10016F40,64,1,
AR,0,0x10016F80,64,1,
AR,0,0x10016FC0,64,1,
AR,0,0x10017000,64,1,
AR,0,0x10017040,64,1,
AR,0,0x10017080,64,1,
AR,0,0x100170C0,64,1,
AR,0,0x10017100,64,1,
AR,0,0x10017140,64,1,
AR,0,0x10017180,64,1,
AR,0,0x100171C0,64,1,
AR,0,0x10017200,64,1,
AR,0,0x10017240,64,1,
AR,0,0x10017280,64,1,
AR,0,0x100172C0,64,1,
AR,0,0x10017300,64,1,
AR,0,0x10017340,64,1,
AR,0,0x10017380,64,1,
AR,0,0x100173C0,64,1,
AR,0,0x10017400,64,1,
AR,0,0x10017440,64,1,
AR,0,0x10017480,64,1,
AR,0,0x100174C0,64,1,
AR,0,0x10017500,64,1,
AR,0,0x10017540,64,1,
AR,0,0x10017580,64,1,
AR,0,0x100175C0,64,1,
AR,0,0x10017600,64,1,
AR,0,0x10017640,64,1,
AR,0,0x10017680,64,1,
AR,0,0x100176C0,64,1,
AR,0,0x10017700,64,1,
AR,0,0x10017740,64,1,
AR,0,0x10017780,64,1,
AR,0,0x100177C0,64,1,
AR,0,0x10017800,64,1,
AR,0,0x10017840,64,1,
AR,0,0x10017880,64,1,
AR,0,0x100178C0,64,1,
AR,0,0x10017900,64,1,
AR,0,0x10017940,64,1,
AR,0,0x10017980,64,1,
AR,0,0x100179C0,64,1,
AR,0,0x10017A00,64,1,
AR,0,0x10017A40,64,1,
AR,0,0x10017A80,64,1,
AR,0,0x10017AC0,64,1,
AR,0,0x10017B00,64,1,
AR,0,0x10017B40,64,1,
AR,0,0x10017B80,64,1,
AR,0,0x10017BC0,64,1,
AR,0,0x10017C00,64,1,
AR,0,0x10017C40,64,1,
AR,0,0x10017C80,64,1,
AR,0,0x10017CC0,64,1,
AR,0,0x10017D00,64,1,
AR,0,0x10017D40,64,1,
AR,0,0x10017D80,64,1,
AR,0,0x10017DC0,64,1,
AR,0,0x10017E00,64,1,
AR,0,0x10017E40,64,1,
AR,0,0x10017E80,64,1,
AR,0,0x10017EC0,64,1,
AR,0,0x10017F00,64,1,
AR,0,0x10017F40,64,1,
AR,0,0x10017F80,64,1,
AR,0,0x10017FC0,64,1,
AR,0,0x10018000,64,1,
AR,0,0x10018040,64,1,
AR,0,0x10018080,64,1,
AR,0,0x100180C0,64,1,
AR,0,0x10018100,64,1,
AR,0,0x10018140,64,1,
AR,0,0x10018180,64,1,
AR,0,0x100181C0,64,1,
AR,0,0x10018200,64,1,
AR,0,0x10018240,64,1,
AR,0,0x10018280,64,1,
AR,0,0x100182C0,64,1,
AR,0,0x10018300,64,1,
AR,0,0x10018340,64,1,
AR,0,0x10018380,64,1,
AR,0,0x100183C0,64,1,
AR,0,0x10018400,64,1,
AR,0,0x10018440,64,1,
AR,0,0x10018480,64,1,
AR,0,0x100184C0,64,1,
AR,0,0x10018500,64,1,
AR,0,0x10018540,64,1,
AR,0,0x10018580,64,1,
AR,0,0x100185C0,64,1,
AR,0,0x10018600,64,1,
AR,0,0x10018640,64,1,
AR,0,0x10018680,64,1,
AR,0,0x100186C0,64,1,
AR,0,0x10018700,64,1,
AR,0,0x10018740,64,1,
AR,0,0x10018780,64,1,
AR,0,0x100187C0,64,1,
AR,0,0x10018800,64,1,
AR,0,0x10018840,64,1,
AR,0,0x10018880,64,1,
AR,0,0x100188C0,64,1,
AR,0,0x10018900,64,1,
AR,0,0x10018940,64,1,
AR,0,0x10018980,64,1,
AR,0,0x100189C0,64,1,
AR,0,0x10018A00,64,1,
AR,0,0x10018A40,64,1,
AR,0,0x10018A80,64,1,
AR,0,0x10018AC0,64,1,
AR,0,0x10018B00,64,1,
AR,0,0x10018B40,64,1,
AR,0,0x10018B80,64,1,
AR,0,0x10018BC0,64,1,
AR,0,0x10018C00,64,1,
AR,0,0x10018C40,64,1,
AR,0,0x10018C80,64,1,
AR,0,0x10018CC0,64,1,
AR,0,0x10018D00,64,1,
AR,0,0x10018D40,64,1,
AR,0,0x10018D80,64,1,
AR,0,0x10018DC0,64,1,
AR,0,0x10018E00,64,1,
AR,0,0x10018E40,64,1,
AR,0,0x10018E80,64,1,
AR,0,0x10018EC0,64,1,
AR,0,0x10018F00,64,1,
AR,0,0x10018F40,64,1,
AR,0,0x10018F80,64,1,
AR,0,0x10018FC0,64,1,
AR,0,0x10019000,64,1,
AR,0,0x10019040,64,1,
AR,0,0x10019080,64,1,
AR,0,0x100190C0,64,1,
AR,0,0x10019100,64,1,
AR,0,0x10019140,64,1,
AR,0,0x10019180,64,1,
AR,0,0x100191C0,64,1,
AR,0,0x10019200,64,1,
AR,0,0x10019240,64,1,
AR,0,0x10019280,64,1,
AR,0,0x100192C0,64,1,
AR,0,0x10019300,64,1,
AR,0,0x10019340,64,1,
AR,0,0x10019380,64,1,
AR,0,0x100193C0,64,1,
AR,0,0x10019400,64,1,
AR,0,0x10019440,64,1,
AR,0,0x10019480,64,1,
AR,0,0x100194C0,64,1,
AR,0,0x10019500,64,1,
AR,0,0x10019540,64,1,
AR,0,0x10019580,64,1,
AR,0,0x100195C0,64,1,
AR,0,0x10019600,64,1,
AR,0,0x10019640,64,1,
AR,0,0x10019680,64,1,
AR,0,0x100196C0,64,1,
AR,0,0x10019700,64,1,
AR,0,0x10019740,64,1,
AR,0,0x10019780,64,1,
AR,0,0x100197C0,64,1,
AR,0,0x10019800,64,1,
AR,0,0x10019840,64,1,
AR,0,0x10019880,64,1,
AR,0,0x100198C0,64,1,
AR,0,0x10019900,64,1,
AR,0,0x10019940,64,1,
AR,0,0x10019980,64,1,
AR,0,0x100199C0,64,1,
AR,0,0x10019A00,64,1,
AR,0,0x10019A40,64,1,
AR,0,0x10019A80,64,1,
AR,0,0x10019AC0,64,1,
AR,0,0x10019B00,64,1,
AR,0,0x10019B40,64,1,
AR,0,0x10019B80,64,1,
AR,0,0x10019BC0,64,1,
AR,0,0x10019C00,64,1,
AR,0,0x10019C40,64,1,
AR,0,0x10019C80,64,1,
AR,0,0x10019CC0,64,1,
AR,0,0x10019D00,64,1,
AR,0,0x10019D40,64,1,
AR,0,0x10019D80,64,1,
AR,0,0x10019DC0,64,1,
AR,0,0x10019E00,64,1,
AR,0,0x10019E40,64,1,
AR,0,0x10019E80,64,1,
AR,0,0x10019EC0,64,1,
AR,0,0x10019F00,64,1,
AR,0,0x10019F40,64,1,
AR,0,0x10019F80,64,1,
AR,0,0x10019FC0,64,1,
AR,0,0x1001A000,64,1,
AR,0,0x1001A040,64,1,
AR,0,0x1001A080,64,1,
AR,0,0x1001A0C0,64,1,
AR,0,0x1001A100,64,1,
AR,0,0x1001A140,64,1,
AR,0,0x1001A180,64,1,
AR,0,0x1001A1C0,64,1,
AR,0,0x1001A200,64,1,
AR,0,0x1001A240,64,1,
AR,0,0x1001A280,64,1,
AR,0,0x1001A2C0,64,1,
AR,0,0x1001A300,64,1,
AR,0,0x1001A340,64,1,
AR,0,0x1001A380,64,1,
AR,0,0x1001A3C0,64,1,
AR,0,0x1001A400,64,1,
AR,0,0x1001A440,64,1,
AR,0,0x1001A480,64,1,
AR,0,0x1001A4C0,64,1,
AR,0,0x1001A500,64,1,
AR,0,0x1001A540,64,1,
AR,0,0x1001A580,64,1,
AR,0,0x1001A5C0,64,1,
AR,0,0x1001A600,64,1,
AR,0,0x1001A640,64,1,
AR,0,0x1001A680,64,1,
AR,0,0x1001A6C0,64,1,
AR,0,0x1001A700,64,1,
AR,0,0x1001A740,64,1,
AR,0,0x1001A780,64,1,
AR,0,0x1001A7C0,64,1,
AR,0,0x1001A800,64,1,
AR,0,0x1001A840,64,1,
AR,0,0x1001A880,64,1,
AR,0,0x1001A8C0,64,1,
AR,0,0x1001A900,64,1,
AR,0,0x1001A940,64,1,
AR,0,0x1001A980,64,1,
AR,0,0x1001A9C0,64,1,
AR,0,0x1001AA00,64,1,
AR,0,0x1001AA40,64,1,
AR,0,0x1001AA80,64,1,
AR,0,0x1001AAC0,64,1,
AR,0,0x1001AB00,64,1,
AR,0,0x1001AB40,64,1,
AR,0,0x1001AB80,64,1,
AR,0,0x1001ABC0,64,1,
AR,0,0x1001AC00,64,1,
AR,0,0x1001AC40,64,1,
AR,0,0x1001AC80,64,1,
AR,0,0x1001ACC0,64,1,
AR,0,0x1001AD00,64,1,
AR,0,0x1001AD40,64,1,
AR,0,0x1001AD80,64,1,
AR,0,0x1001ADC0,64,1,
AR,0,0x1001AE00,64,1,
AR,0,0x1001AE40,64,1,
AR,0,0x1001AE80,64,1,
AR,0,0x1001AEC0,64,1,
AR,0,0x1001AF00,64,1,
AR,0,0x1001AF40,64,1,
AR,0,0x1001AF80,64,1,
AR,0,0x1001AFC0,64,1,
AR,0,0x1001B000,64,1,
AR,0,0x1001B040,64,1,
AR,0,0x1001B080,64,1,
AR,0,0x1001B0C0,64,1,
AR,0,0x1001B100,64,1,
AR,0,0x1001B140,64,1,
AR,0,0x1001B180,64,1,
AR,0,0x1001B1C0,64,1,
AR,0,0x1001B200,64,1,
AR,0,0x1001B240,64,1,
AR,0,0x1001B280,64,1,
AR,0,0x1001B2C0,64,1,
AR,0,0x1001B300,64,1,
AR,0,0x1001B340,64,1,
AR,0,0x1001B380,64,1,
AR,0,0x1001B3C0,64,1,
AR,0,0x1001B400,64,1,
AR,0,0x1001B440,64,1,
AR,0,0x1001B480,64,1,
AR,0,0x1001B4C0,64,1,
AR,0,0x1001B500,64,1,
AR,0,0x1001B540,64,1,
AR,0,0x1001B580,64,1,
AR,0,0x1001B5C0,64,1,
AR,0,0x1001B600,64,1,
AR,0,0x1001B640,64,1,
AR,0,0x1001B680,64,1,
AR,0,0x1001B6C0,64,1,
AR,0,0x1001B700,64,1,
AR,0,0x1001B740,64,1,
AR,0,0x1001B780,64,1,
AR,0,0x1001B7C0,64,1,
AR,0,0x1001B800,64,1,
AR,0,0x1001B840,64,1,
AR,0,0x1001B880,64,1,
AR,0,0x1001B8C0,64,1,
AR,0,0x1001B900,64,1,
AR,0,0x1001B940,64,1,
AR,0,0x1001B980,64,1,
AR,0,0x1001B9C0,64,1,
AR,0,0x1001BA00,64,1,
AR,0,0x1001BA40,64,1,
AR,0,0x1001BA80,64,1,
AR,0,0x1001BAC0,64,1,
AR,0,0x1001BB00,64,1,
AR,0,0x1001BB40,64,1,
AR,0,0x1001BB80,64,1,
AR,0,0x1001BBC0,64,1,
AR,0,0x1001BC00,64,1,
AR,0,0x1001BC40,64,1,
AR,0,0x1001BC80,64,1,
AR,0,0x1001BCC0,64,1,
AR,0,0x1001BD00,64,1,
AR,0,0x1001BD40,64,1,
AR,0,0x1001BD80,64,1,
AR,0,0x1001BDC0,64,1,
AR,0,0x1001BE00,64,1,
AR,0,0x1001BE40,64,1,
AR,0,0x1001BE80,64,1,
AR,0,0x1001BEC0,64,1,
AR,0,0x1001BF00,64,1,
AR,0,0x1001BF40,64,1,
AR,0,0x1001BF80,64,1,
AR,0,0x1001BFC0,64,1,
AR,0,0x1001C000,64,1,
AR,0,0x1001C040,64,1,
AR,0,0x1001C080,64,1,
AR,0,0x1001C0C0,64,1,
AR,0,0x1001C100,64,1,
AR,0,0x1001C140,64,1,
AR,0,0x1001C180,64,1,
AR,0,0x1001C1C0,64,1,
AR,0,0x1001C200,64,1,
AR,0,0x1001C240,64,1,
AR,0,0x1001C280,64,1,
AR,0,0x1001C2C0,64,1,
AR,0,0x1001C300,64,1,
AR,0,0x1001C340,64,1,
AR,0,0x1001C380,64,1,
AR,0,0x1001C3C0,64,1,
AR,0,0x1001C400,64,1,
AR,0,0x1001C440,64,1,
AR,0,0x1001C480,64,1,
AR,0,0x1001C4C0,64,1,
AR,0,0x1001C500,64,1,
AR,0,0x1001C540,64,1,
AR,0,0x1001C580,64,1,
AR,0,0x1001C5C0,64,1,
AR,0,0x1001C600,64,1,
AR,0,0x1001C640,64,1,
AR,0,0x1001C680,64,1,
AR,0,0x1001C6C0,64,1,
AR,0,0x1001C700,64,1,
AR,0,0x1001C740,64,1,
AR,0,0x1001C780,64,1,
AR,0,0x1001C7C0,64,1,
AR,0,0x1001C800,64,1,
AR,0,0x1001C840,64,1,
AR,0,0x1001C880,64,1,
AR,0,0x1001C8C0,64,1,
AR,0,0x1001C900,64,1,
AR,0,0x1001C940,64,1,
AR,0,0x1001C980,64,1,
AR,0,0x1001C9C0,64,1,
AR,0,0x1001CA00,64,1,
AR,0,0x1001CA40,64,1,
AR,0,0x1001CA80,64,1,
AR,0,0x1001CAC0,64,1,
AR,0,0x1001CB00,64,1,
AR,0,0x1001CB40,64,1,
AR,0,0x1001CB80,64,1,
AR,0,0x1001CBC0,64,1,
AR,0,0x1001CC00,64,1,
AR,0,0x1001CC40,64,1,
AR,0,0x1001CC80,64,1,
AR,0,0x1001CCC0,64,1,
AR,0,0x1001CD00,64,1,
AR,0,0x1001CD40,64,1,
AR,0,0x1001CD80,64,1,
AR,0,0x1001CDC0,64,1,
AR,0,0x1001CE00,64,1,
AR,0,0x1001CE40,64,1,
AR,0,0x1001CE80,64,1,
AR,0,0x1001CEC0,64,1,
AR,0,0x1001CF00,64,1,
AR,0,0x1001CF40,64,1,
AR,0,0x1001CF80,64,1,
AR,0,0x1001CFC0,64,1,
AR,0,0x1001D000,64,1,
AR,0,0x1001D040,64,1,
AR,0,0x1001D080,64,1,
AR,0,0x1001D0C0,64,1,
AR,0,0x1001D100,64,1,
AR,0,0x1001D140,64,1,
AR,0,0x1001D180,64,1,
AR,0,0x1001D1C0,64,1,
AR,0,0x1001D200,64,1,
AR,0,0x1001D240,64,1,
AR,0,0x1001D280,64,1,
AR,0,0x1001D2C0,64,1,
AR,0,0x1001D300,64,1,
AR,0,0x1001D340,64,1,
AR,0,0x1001D380,64,1,
AR,0,0x1001D3C0,64,1,
AR,0,0x1001D400,64,1,
AR,0,0x1001D440,64,1,
AR,0,0x1001D480,64,1,
AR,0,0x1001D4C0,64,1,
AR,0,0x1001D500,64,1,
AR,0,0x1001D540,64,1,
AR,0,0x1001D580,64,1,
AR,0,0x1001D5C0,64,1,
AR,0,0x1001D600,64,1,
AR,0,0x1001D640,64,1,
AR,0,0x1001D680,64,1,
AR,0,0x1001D6C0,64,1,
AR,0,0x1001D700,64,1,
AR,0,0x1001D740,64,1,
AR,0,0x1001D780,64,1,
AR,0,0x1001D7C0,64,1,
AR,0,0x1001D800,64,1,
AR,0,0x1001D840,64,1,
AR,0,0x1001D880,64,1,
AR,0,0x1001D8C0,64,1,
AR,0,0x1001D900,64,1,
AR,0,0x1001D940,64,1,
AR,0,0x1001D980,64,1,
AR,0,0x1001D9C0,64,1,
AR,0,0x1001DA00,64,1,
AR,0,0x1001DA40,64,1,
AR,0,0x1001DA80,64,1,
AR,0,0x1001DAC0,64,1,
AR,0,0x1001DB00,64,1,
AR,0,0x1001DB40,64,1,
AR,0,0x1001DB80,64,1,
AR,0,0x1001DBC0,64,1,
AR,0,0x1001DC00,64,1,
AR,0,0x1001DC40,64,1,
AR,0,0x1001DC80,64,1,
AR,0,0x1001DCC0,64,1,
AR,0,0x1001DD00,64,1,
AR,0,0x1001DD40,64,1,
AR,0,0x1001DD80,64,1,
AR,0,0x1001DDC0,64,1,
AR,0,0x1001DE00,64,1,
AR,0,0x1001DE40,64,1,
AR,0,0x1001DE80,64,1,
AR,0,0x1001DEC0,64,1,
AR,0,0x1001DF00,64,1,
AR,0,0x1001DF40,64,1,
AR,0,0x1001DF80,64,1,
AR,0,0x1001DFC0,64,1,
AR,0,0x1001E000,64,1,
AR,0,0x1001E040,64,1,
AR,0,0x1001E080,64,1,
AR,0,0x1001E0C0,64,1,
AR,0,0x1001E100,64,1,
AR,0,0x1001E140,64,1,
AR,0,0x1001E180,64,1,
AR,0,0x1001E1C0,64,1,
AR,0,0x1001E200,64,1,
AR,0,0x1001E240,64,1,
AR,0,0x1001E280,64,1,
AR,0,0x1001E2C0,64,1,
AR,0,0x1001E300,64,1,
AR,0,0x1001E340,64,1,
AR,0,0x1001E380,64,1,
AR,0,0x1001E3C0,64,1,
AR,0,0x1001E400,64,1,
AR,0,0x1001E440,64,1,
AR,0,0x1001E480,64,1,
AR,0,0x1001E4C0,64,1,
AR,0,0x1001E500,64,1,
AR,0,0x1001E540,64,1,
AR,0,0x1001E580,64,1,
AR,0,0x1001E5C0,64,1,
AR,0,0x1001E600,64,1,
AR,0,0x1001E640,64,1,
AR,0,0x1001E680,64,1,
AR,0,0x1001E6C0,64,1,
AR,0,0x1001E700,64,1,
AR,0,0x1001E740,64,1,
AR,0,0x1001E780,64,1,
AR,0,0x1001E7C0,64,1,
AR,0,0x1001E800,64,1,
AR,0,0x1001E840,64,1,
AR,0,0x1001E880,64,1,
AR,0,0x1001E8C0,64,1,
AR,0,0x1001E900,64,1,
AR,0,0x1001E940,64,1,
AR,0,0x1001E980,64,1,
AR,0,0x1001E9C0,64,1,
AR,0,0x1001EA00,64,1,
AR,0,0x1001EA40,64,1,
AR,0,0x1001EA80,64,1,
AR,0,0x1001EAC0,64,1,
AR,0,0x1001EB00,64,1,
AR,0,0x1001EB40,64,1,
AR,0,0x1001EB80,64,1,
AR,0,0x1001EBC0,64,1,
AR,0,0x1001EC00,64,1,
AR,0,0x1001EC40,64,1,
AR,0,0x1001EC80,64,1,
AR,0,0x1001ECC0,64,1,
AR,0,0x1001ED00,64,1,
AR,0,0x1001ED40,64,1,
AR,0,0x1001ED80,64,1,
AR,0,0x1001EDC0,64,1,
AR,0,0x1001EE00,64,1,
AR,0,0x1001EE40,64,1,
AR,0,0x1001EE80,64,1,
AR,0,0x1001EEC0,64,1,
AR,0,0x1001EF00,64,1,
AR,0,0x1001EF40,64,1,
AR,0,0x1001EF80,64,1,
AR,0,0x1001EFC0,64,1,
AR,0,0x1001F000,64,1,
AR,0,0x1001F040,64,1,
AR,0,0x1001F080,64,1,
AR,0,0x1001F0C0,64,1,
AR,0,0x1001F100,64,1,
AR,0,0x1001F140,64,1,
AR,0,0x1001F180,64,1,
AR,0,0x1001F1C0,64,1,
AR,0,0x1001F200,64,1,
AR,0,0x1001F240,64,1,
AR,0,0x1001F280,64,1,
AR,0,0x1001F2C0,64,1,
AR,0,0x1001F300,64,1,
AR,0,0x1001F340,64,1,
AR,0,0x1001F380,64,1,
AR,0,0x1001F3C0,64,1,
AR,0,0x1001F400,64,1,
AR,0,0x1001F440,64,1,
AR,0,0x1001F480,64,1,
AR,0,0x1001F4C0,64,1,
AR,0,0x1001F500,64,1,
AR,0,0x1001F540,64,1,
AR,0,0x1001F580,64,1,
AR,0,0x1001F5C0,64,1,
AR,0,0x1001F600,64,1,
AR,0,0x1001F640,64,1,
AR,0,0x1001F680,64,1,
AR,0,0x1001F6C0,64,1,
AR,0,0x1001F700,64,1,
AR,0,0x1001F740,64,1,
AR,0,0x1001F780,64,1,
AR,0,0x1001F7C0,64,1,
AR,0,0x1001F800,64,1,
AR,0,0x1001F840,64,1,
AR,0,0x1001F880,64,1,
AR,0,0x1001F8C0,64,1,
AR,0,0x1001F900,64,1,
AR,0,0x1001F940,64,1,
AR,0,0x1001F980,64,1,
AR,0,0x1001F9C0,64,1,
AR,0,0x1001FA00,64,1,
AR,0,0x1001FA40,64,1,
AR,0,0x1001FA80,64,1,
AR,0,0x1001FAC0,64,1,
AR,0,0x1001FB00,64,1,
AR,0,0x1001FB40,64,1,
AR,0,0x1001FB80,64,1,
AR,0,0x1001FBC0,64,1,
AR,0,0x1001FC00,64,1,
AR,0,0x1001FC40,64,1,
AR,0,0x1001FC80,64,1,
AR,0,0x1001FCC0,64,1,
AR,0,0x1001FD00,64,1,
AR,0,0x1001FD40,64,1,
AR,0,0x1001FD80,64,1,
AR,0,0x1001FDC0,64,1,
AR,0,0x1001FE00,64,1,
AR,0,0x1001FE40,64,1,
AR,0,0x1001FE80,64,1,
AR,0,0x1001FEC0,64,1,
AR,0,0x1001FF00,64,1,
AR,0,0x1001FF40,64,1,
AR,0,0x1001FF80,64,1,
AR,0,0x1001FFC0,64,1,
AR,0,0x10020000,64,1,
AR,0,0x10020040,64,1,
AR,0,0x10020080,64,1,
AR,0,0x100200C0,64,1,
AR,0,0x10020100,64,1,
AR,0,0x10020140,64,1,
AR,0,0x10020180,64,1,
AR,0,0x100201C0,64,1,
AR,0,0x10020200,64,1,
AR,0,0x10020240,64,1,
AR,0,0x10020280,64,1,
AR,0,0x100202C0,64,1,
AR,0,0x10020300,64,1,
AR,0,0x10020340,64,1,
AR,0,0x10020380,64,1,
AR,0,0x100203C0,64,1,
AR,0,0x10020400,64,1,
AR,0,0x10020440,64,1,
AR,0,0x10020480,64,1,
AR,0,0x100204C0,64,1,
AR,0,0x10020500,64,1,
AR,0,0x10020540,64,1,
AR,0,0x10020580,64,1,
AR,0,0x100205C0,64,1,
AR,0,0x10020600,64,1,
AR,0,0x10020640,64,1,
AR,0,0x10020680,64,1,
AR,0,0x100206C0,64,1,
AR,0,0x10020700,64,1,
AR,0,0x10020740,64,1,
AR,0,0x10020780,64,1,
AR,0,0x100207C0,64,1,
AR,0,0x10020800,64,1,
AR,0,0x10020840,64,1,
AR,0,0x10020880,64,1,
AR,0,0x100208C0,64,1,
AR,0,0x10020900,64,1,
AR,0,0x10020940,64,1,
AR,0,0x10020980,64,1,
AR,0,0x100209C0,64,1,
AR,0,0x10020A00,64,1,
AR,0,0x10020A40,64,1,
AR,0,0x10020A80,64,1,
AR,0,0x10020AC0,64,1,
AR,0,0x10020B00,64,1,
AR,0,0x10020B40,64,1,
AR,0,0x10020B80,64,1,
AR,0,0x10020BC0,64,1,
AR,0,0x10020C00,64,1,
AR,0,0x10020C40,64,1,
AR,0,0x10020C80,64,1,
AR,0,0x10020CC0,64,1,
AR,0,0x10020D00,64,1,
AR,0,0x10020D40,64,1,
AR,0,0x10020D80,64,1,
AR,0,0x10020DC0,64,1,
AR,0,0x10020E00,64,1,
AR,0,0x10020E40,64,1,
AR,0,0x10020E80,64,1,
AR,0,0x10020EC0,64,1,
AR,0,0x10020F00,64,1,
AR,0,0x10020F40,64,1,
AR,0,0x10020F80,64,1,
AR,0,0x10020FC0,64,1,
AR,0,0x10021000,64,1,
AR,0,0x10021040,64,1,
AR,0,0x10021080,64,1,
AR,0,0x100210C0,64,1,
AR,0,0x10021100,64,1,
AR,0,0x10021140,64,1,
AR,0,0x10021180,64,1,
AR,0,0x100211C0,64,1,
AR,0,0x10021200,64,1,
AR,0,0x10021240,64,1,
AR,0,0x10021280,64,1,
AR,0,0x100212C0,64,1,
AR,0,0x10021300,64,1,
AR,0,0x10021340,64,1,
AR,0,0x10021380,64,1,
AR,0,0x100213C0,64,1,
AR,0,0x10021400,64,1,
AR,0,0x10021440,64,1,
AR,0,0x10021480,64,1,
AR,0,0x100214C0,64,1,
AR,0,0x10021500,64,1,
AR,0,0x10021540,64,1,
AR,0,0x10021580,64,1,
AR,0,0x100215C0,64,1,
AR,0,0x10021600,64,1,
AR,0,0x10021640,64,1,
AR,0,0x10021680,64,1,
AR,0,0x100216C0,64,1,
AR,0,0x10021700,64,1,
AR,0,0x10021740,64,1,
AR,0,0x10021780,64,1,
AR,0,0x100217C0,64,1,
AR,0,0x10021800,64,1,
AR,0,0x10021840,64,1,
AR,0,0x10021880,64,1,
AR,0,0x100218C0,64,1,
AR,0,0x10021900,64,1,
AR,0,0x10021940,64,1,
AR,0,0x10021980,64,1,
AR,0,0x100219C0,64,1,
AR,0,0x10021A00,64,1,
AR,0,0x10021A40,64,1,
AR,0,0x10021A80,64,1,
AR,0,0x10021AC0,64,1,
AR,0,0x10021B00,64,1,
AR,0,0x10021B40,64,1,
AR,0,0x10021B80,64,1,
AR,0,0x10021BC0,64,1,
AR,0,0x10021C00,64,1,
AR,0,0x10021C40,64,1,
AR,0,0x10021C80,64,1,
AR,0,0x10021CC0,64,1,
AR,0,0x10021D00,64,1,
AR,0,0x10021D40,64,1,
AR,0,0x10021D80,64,1,
AR,0,0x10021DC0,64,1,
AR,0,0x10021E00,64,1,
AR,0,0x10021E40,64,1,
AR,0,0x10021E80,64,1,
AR,0,0x10021EC0,64,1,
AR,0,0x10021F00,64,1,
AR,0,0x10021F40,64,1,
AR,0,0x10021F80,64,1,
AR,0,0x10021FC0,64,1,
AR,0,0x10022000,64,1,
AR,0,0x10022040,64,1,
AR,0,0x10022080,64,1,
AR,0,0x100220C0,64,1,
AR,0,0x10022100,64,1,
AR,0,0x10022140,64,1,
AR,0,0x10022180,64,1,
AR,0,0x100221C0,64,1,
AR,0,0x10022200,64,1,
AR,0,0x10022240,64,1,
AR,0,0x10022280,64,1,
AR,0,0x100222C0,64,1,
AR,0,0x10022300,64,1,
AR,0,0x10022340,64,1,
AR,0,0x10022380,64,1,
AR,0,0x100223C0,64,1,
AR,0,0x10022400,64,1,
AR,0,0x10022440,64,1,
AR,0,0x10022480,64,1,
AR,0,0x100224C0,64,1,
AR,0,0x10022500,64,1,
AR,0,0x10022540,64,1,
AR,0,0x10022580,64,1,
AR,0,0x100225C0,64,1,
AR,0,0x10022600,64,1,
AR,0,0x10022640,64,1,
AR,0,0x10022680,64,1,
AR,0,0x100226C0,64,1,
AR,0,0x10022700,64,1,
AR,0,0x10022740,64,1,
AR,0,0x10022780,64,1,
AR,0,0x100227C0,64,1,
AR,0,0x10022800,64,1,
AR,0,0x10022840,64,1,
AR,0,0x10022880,64,1,
AR,0,0x100228C0,64,1,
AR,0,0x10022900,64,1,
AR,0,0x10022940,64,1,
AR,0,0x10022980,64,1,
AR,0,0x100229C0,64,1,
AR,0,0x10022A00,64,1,
AR,0,0x10022A40,64,1,
AR,0,0x10022A80,64,1,
AR,0,0x10022AC0,64,1,
AR,0,0x10022B00,64,1,
AR,0,0x10022B40,64,1,
AR,0,0x10022B80,64,1,
AR,0,0x10022BC0,64,1,
AR,0,0x10022C00,64,1,
AR,0,0x10022C40,64,1,
AR,0,0x10022C80,64,1,
AR,0,0x10022CC0,64,1,
AR,0,0x10022D00,64,1,
AR,0,0x10022D40,64,1,
AR,0,0x10022D80,64,1,
AR,0,0x10022DC0,64,1,
AR,0,0x10022E00,64,1,
AR,0,0x10022E40,64,1,
AR,0,0x10022E80,64,1,
AR,0,0x10022EC0,64,1,
AR,0,0x10022F00,64,1,
AR,0,0x10022F40,64,1,
AR,0,0x10022F80,64,1,
AR,0,0x10022FC0,64,1,
AR,0,0x10023000,64,1,
AR,0,0x10023040,64,1,
AR,0,0x10023080,64,1,
AR,0,0x100230C0,64,1,
AR,0,0x10023100,64,1,
AR,0,0x10023140,64,1,
AR,0,0x10023180,64,1,
AR,0,0x100231C0,64,1,
AR,0,0x10023200,64,1,
AR,0,0x10023240,64,1,
AR,0,0x10023280,64,1,
AR,0,0x100232C0,64,1,
AR,0,0x10023300,64,1,
AR,0,0x10023340,64,1,
AR,0,0x10023380,64,1,
AR,0,0x100233C0,64,1,
AR,0,0x10023400,64,1,
AR,0,0x10023440,64,1,
AR,0,0x10023480,64,1,
AR,0,0x100234C0,64,1,
AR,0,0x10023500,64,1,
AR,0,0x10023540,64,1,
AR,0,0x10023580,64,1,
AR,0,0x100235C0,64,1,
AR,0,0x10023600,64,1,
AR,0,0x10023640,64,1,
AR,0,0x10023680,64,1,
AR,0,0x100236C0,64,1,
AR,0,0x10023700,64,1,
AR,0,0x10023740,64,1,
AR,0,0x10023780,64,1,
AR,0,0x100237C0,64,1,
AR,0,0x10023800,64,1,
AR,0,0x10023840,64,1,
AR,0,0x10023880,64,1,
AR,0,0x100238C0,64,1,
AR,0,0x10023900,64,1,
AR,0,0x10023940,64,1,
AR,0,0x10023980,64,1,
AR,0,0x100239C0,64,1,
AR,0,0x10023A00,64,1,
AR,0,0x10023A40,64,1,
AR,0,0x10023A80,64,1,
AR,0,0x10023AC0,64,1,
AR,0,0x10023B00,64,1,
AR,0,0x10023B40,64,1,
AR,0,0x10023B80,64,1,
AR,0,0x10023BC0,64,1,
AR,0,0x10023C00,64,1,
AR,0,0x10023C40,64,1,
AR,0,0x10023C80,64,1,
AR,0,0x10023CC0,64,1,
AR,0,0x10023D00,64,1,
AR,0,0x10023D40,64,1,
AR,0,0x10023D80,64,1,
AR,0,0x10023DC0,64,1,
AR,0,0x10023E00,64,1,
AR,0,0x10023E40,64,1,
AR,0,0x10023E80,64,1,
AR,0,0x10023EC0,64,1,
AR,0,0x10023F00,64,1,
AR,0,0x10023F40,64,1,
AR,0,0x10023F80,64,1,
AR,0,0x10023FC0,64,1,
AR,0,0x10024000,64,1,
AR,0,0x10024040,64,1,
AR,0,0x10024080,64,1,
AR,0,0x100240C0,64,1,
AR,0,0x10024100,64,1,
AR,0,0x10024140,64,1,
AR,0,0x10024180,64,1,
AR,0,0x100241C0,64,1,
AR,0,0x10024200,64,1,
AR,0,0x10024240,64,1,
AR,0,0x10024280,64,1,
AR,0,0x100242C0,64,1,
AR,0,0x10024300,64,1,
AR,0,0x10024340,64,1,
AR,0,0x10024380,64,1,
AR,0,0x100243C0,64,1,
AR,0,0x10024400,64,1,
AR,0,0x10024440,64,1,
AR,0,0x10024480,64,1,
AR,0,0x100244C0,64,1,
AR,0,0x10024500,64,1,
AR,0,0x10024540,64,1,
AR,0,0x10024580,64,1,
AR,0,0x100245C0,64,1,
AR,0,0x10024600,64,1,
AR,0,0x10024640,64,1,
AR,0,0x10024680,64,1,
AR,0,0x100246C0,64,1,
AR,0,0x10024700,64,1,
AR,0,0x10024740,64,1,
AR,0,0x10024780,64,1,
AR,0,0x100247C0,64,1,
AR,0,0x10024800,64,1,
AR,0,0x10024840,64,1,
AR,0,0x10024880,64,1,
AR,0,0x100248C0,64,1,
AR,0,0x10024900,64,1,
AR,0,0x10024940,64,1,
AR,0,0x10024980,64,1,
AR,0,0x100249C0,64,1,
AR,0,0x10024A00,64,1,
AR,0,0x10024A40,64,1,
AR,0,0x10024A80,64,1,
AR,0,0x10024AC0,64,1,
AR,0,0x10024B00,64,1,
AR,0,0x10024B40,64,1,
AR,0,0x10024B80,64,1,
AR,0,0x10024BC0,64,1,
AR,0,0x10024C00,64,1,
AR,0,0x10024C40,64,1,
AR,0,0x10024C80,64,1,
AR,0,0x10024CC0,64,1,
AR,0,0x10024D00,64,1,
AR,0,0x10024D40,64,1,
AR,0,0x10024D80,64,1,
AR,0,0x10024DC0,64,1,
AR,0,0x10024E00,64,1,
AR,0,0x10024E40,64,1,
AR,0,0x10024E80,64,1,
AR,0,0x10024EC0,64,1,
AR,0,0x10024F00,64,1,
AR,0,0x10024F40,64,1,
AR,0,0x10024F80,64,1,
AR,0,0x10024FC0,64,1,
AR,0,0x10025000,64,1,
AR,0,0x10025040,64,1,
AR,0,0x10025080,64,1,
AR,0,0x100250C0,64,1,
AR,0,0x10025100,64,1,
AR,0,0x10025140,64,1,
AR,0,0x10025180,64,1,
AR,0,0x100251C0,64,1,
AR,0,0x10025200,64,1,
AR,0,0x10025240,64,1,
AR,0,0x10025280,64,1,
AR,0,0x100252C0,64,1,
AR,0,0x10025300,64,1,
AR,0,0x10025340,64,1,
AR,0,0x10025380,64,1,
AR,0,0x100253C0,64,1,
AR,0,0x10025400,64,1,
AR,0,0x10025440,64,1,
AR,0,0x10025480,64,1,
AR,0,0x100254C0,64,1,
AR,0,0x10025500,64,1,
AR,0,0x10025540,64,1,
AR,0,0x10025580,64,1,
AR,0,0x100255C0,64,1,
AR,0,0x10025600,64,1,
AR,0,0x10025640,64,1,
AR,0,0x10025680,64,1,
AR,0,0x100256C0,64,1,
AR,0,0x10025700,64,1,
AR,0,0x10025740,64,1,
AR,0,0x10025780,64,1,
AR,0,0x100257C0,64,1,
AR,0,0x10025800,64,1,
AR,0,0x10025840,64,1,
AR,0,0x10025880,64,1,
AR,0,0x100258C0,64,1,
AR,0,0x10025900,64,1,
AR,0,0x10025940,64,1,
AR,0,0x10025980,64,1,
AR,0,0x100259C0,64,1,
AR,0,0x10025A00,64,1,
AR,0,0x10025A40,64,1,
AR,0,0x10025A80,64,1,
AR,0,0x10025AC0,64,1,
AR,0,0x10025B00,64,1,
AR,0,0x10025B40,64,1,
AR,0,0x10025B80,64,1,
AR,0,0x10025BC0,64,1,
AR,0,0x10025C00,64,1,
AR,0,0x10025C40,64,1,
AR,0,0x10025C80,64,1,
AR,0,0x10025CC0,64,1,
AR,0,0x10025D00,64,1,
AR,0,0x10025D40,64,1,
AR,0,0x10025D80,64,1,
AR,0,0x10025DC0,64,1,
AR,0,0x10025E00,64,1,
AR,0,0x10025E40,64,1,
AR,0,0x10025E80,64,1,
AR,0,0x10025EC0,64,1,
AR,0,0x10025F00,64,1,
AR,0,0x10025F40,64,1,
AR,0,0x10025F80,64,1,
AR,0,0x10025FC0,64,1,
AR,0,0x10026000,64,1,
AR,0,0x10026040,64,1,
AR,0,0x10026080,64,1,
AR,0,0x100260C0,64,1,
AR,0,0x10026100,64,1,
AR,0,0x10026140,64,1,
AR,0,0x10026180,64,1,
AR,0,0x100261C0,64,1,
AR,0,0x10026200,64,1,
AR,0,0x10026240,64,1,
AR,0,0x10026280,64,1,
AR,0,0x100262C0,64,1,
AR,0,0x10026300,64,1,
AR,0,0x10026340,64,1,
AR,0,0x10026380,64,1,
AR,0,0x100263C0,64,1,
AR,0,0x10026400,64,1,
AR,0,0x10026440,64,1,
AR,0,0x10026480,64,1,
AR,0,0x100264C0,64,1,
AR,0,0x10026500,64,1,
AR,0,0x10026540,64,1,
AR,0,0x10026580,64,1,
AR,0,0x100265C0,64,1,
AR,0,0x10026600,64,1,
AR,0,0x10026640,64,1,
AR,0,0x10026680,64,1,
AR,0,0x100266C0,64,1,
AR,0,0x10026700,64,1,
AR,0,0x10026740,64,1,
AR,0,0x10026780,64,1,
AR,0,0x100267C0,64,1,
AR,0,0x10026800,64,1,
AR,0,0x10026840,64,1,
AR,0,0x10026880,64,1,
AR,0,0x100268C0,64,1,
AR,0,0x10026900,64,1,
AR,0,0x10026940,64,1,
AR,0,0x10026980,64,1,
AR,0,0x100269C0,64,1,
AR,0,0x10026A00,64,1,
AR,0,0x10026A40,64,1,
AR,0,0x10026A80,64,1,
AR,0,0x10026AC0,64,1,
AR,0,0x10026B00,64,1,
AR,0,0x10026B40,64,1,
AR,0,0x10026B80,64,1,
AR,0,0x10026BC0,64,1,
AR,0,0x10026C00,64,1,
AR,0,0x10026C40,64,1,
AR,0,0x10026C80,64,1,
AR,0,0x10026CC0,64,1,
AR,0,0x10026D00,64,1,
AR,0,0x10026D40,64,1,
AR,0,0x10026D80,64,1,
AR,0,0x10026DC0,64,1,
AR,0,0x10026E00,64,1,
AR,0,0x10026E40,64,1,
AR,0,0x10026E80,64,1,
AR,0,0x10026EC0,64,1,
AR,0,0x10026F00,64,1,
AR,0,0x10026F40,64,1,
AR,0,0x10026F80,64,1,
AR,0,0x10026FC0,64,1,
AR,0,0x10027000,64,1,
AR,0,0x10027040,64,1,
AR,0,0x10027080,64,1,
AR,0,0x100270C0,64,1,
AR,0,0x10027100,64,1,
AR,0,0x10027140,64,1,
AR,0,0x10027180,64,1,
AR,0,0x100271C0,64,1,
AR,0,0x10027200,64,1,
AR,0,0x10027240,64,1,
AR,0,0x10027280,64,1,
AR,0,0x100272C0,64,1,
AR,0,0x10027300,64,1,
AR,0,0x10027340,64,1,
AR,0,0x10027380,64,1,
AR,0,0x100273C0,64,1,
AR,0,0x10027400,64,1,
AR,0,0x10027440,64,1,
AR,0,0x10027480,64,1,
AR,0,0x100274C0,64,1,
AR,0,0x10027500,64,1,
AR,0,0x10027540,64,1,
AR,0,0x10027580,64,1,
AR,0,0x100275C0,64,1,
AR,0,0x10027600,64,1,
AR,0,0x10027640,64,1,
AR,0,0x10027680,64,1,
AR,0,0x100276C0,64,1,
AR,0,0x10027700,64,1,
AR,0,0x10027740,64,1,
AR,0,0x10027780,64,1,
AR,0,0x100277C0,64,1,
AR,0,0x10027800,64,1,
AR,0,0x10027840,64,1,
AR,0,0x10027880,64,1,
AR,0,0x100278C0,64,1,
AR,0,0x10027900,64,1,
AR,0,0x10027940,64,1,
AR,0,0x10027980,64,1,
AR,0,0x100279C0,64,1,
AR,0,0x10027A00,64,1,
AR,0,0x10027A40,64,1,
AR,0,0x10027A80,64,1,
AR,0,0x10027AC0,64,1,
AR,0,0x10027B00,64,1,
AR,0,0x10027B40,64,1,
AR,0,0x10027B80,64,1,
AR,0,0x10027BC0,64,1,
AR,0,0x10027C00,64,1,
AR,0,0x10027C40,64,1,
AR,0,0x10027C80,64,1,
AR,0,0x10027CC0,64,1,
AR,0,0x10027D00,64,1,
AR,0,0x10027D40,64,1,
AR,0,0x10027D80,64,1,
AR,0,0x10027DC0,64,1,
AR,0,0x10027E00,64,1,
AR,0,0x10027E40,64,1,
AR,0,0x10027E80,64,1,
AR,0,0x10027EC0,64,1,
AR,0,0x10027F00,64,1,
AR,0,0x10027F40,64,1,
AR,0,0x10027F80,64,1,
AR,0,0x10027FC0,64,1,
AR,0,0x10028000,64,1,
AR,0,0x10028040,64,1,
AR,0,0x10028080,64,1,
AR,0,0x100280C0,64,1,
AR,0,0x10028100,64,1,
AR,0,0x10028140,64,1,
AR,0,0x10028180,64,1,
AR,0,0x100281C0,64,1,
AR,0,0x10028200,64,1,
AR,0,0x10028240,64,1,
AR,0,0x10028280,64,1,
AR,0,0x100282C0,64,1,
AR,0,0x10028300,64,1,
AR,0,0x10028340,64,1,
AR,0,0x10028380,64,1,
AR,0,0x100283C0,64,1,
AR,0,0x10028400,64,1,
AR,0,0x10028440,64,1,
AR,0,0x10028480,64,1,
AR,0,0x100284C0,64,1,
AR,0,0x10028500,64,1,
AR,0,0x10028540,64,1,
AR,0,0x10028580,64,1,
AR,0,0x100285C0,64,1,
AR,0,0x10028600,64,1,
AR,0,0x10028640,64,1,
AR,0,0x10028680,64,1,
AR,0,0x100286C0,64,1,
AR,0,0x10028700,64,1,
AR,0,0x10028740,64,1,
AR,0,0x10028780,64,1,
AR,0,0x100287C0,64,1,
AR,0,0x10028800,64,1,
AR,0,0x10028840,64,1,
AR,0,0x10028880,64,1,
AR,0,0x100288C0,64,1,
AR,0,0x10028900,64,1,
AR,0,0x10028940,64,1,
AR,0,0x10028980,64,1,
AR,0,0x100289C0,64,1,
AR,0,0x10028A00,64,1,
AR,0,0x10028A40,64,1,
AR,0,0x10028A80,64,1,
AR,0,0x10028AC0,64,1,
AR,0,0x10028B00,64,1,
AR,0,0x10028B40,64,1,
AR,0,0x10028B80,64,1,
AR,0,0x10028BC0,64,1,
AR,0,0x10028C00,64,1,
AR,0,0x10028C40,64,1,
AR,0,0x10028C80,64,1,
AR,0,0x10028CC0,64,1,
AR,0,0x10028D00,64,1,
AR,0,0x10028D40,64,1,
AR,0,0x10028D80,64,1,
AR,0,0x10028DC0,64,1,
AR,0,0x10028E00,64,1,
AR,0,0x10028E40,64,1,
AR,0,0x10028E80,64,1,
AR,0,0x10028EC0,64,1,
AR,0,0x10028F00,64,1,
AR,0,0x10028F40,64,1,
AR,0,0x10028F80,64,1,
AR,0,0x10028FC0,64,1,
AR,0,0x10029000,64,1,
AR,0,0x10029040,64,1,
AR,0,0x10029080,64,1,
AR,0,0x100290C0,64,1,
AR,0,0x10029100,64,1,
AR,0,0x10029140,64,1,
AR,0,0x10029180,64,1,
AR,0,0x100291C0,64,1,
AR,0,0x10029200,64,1,
AR,0,0x10029240,64,1,
AR,0,0x10029280,64,1,
AR,0,0x100292C0,64,1,
AR,0,0x10029300,64,1,
AR,0,0x10029340,64,1,
AR,0,0x10029380,64,1,
AR,0,0x100293C0,64,1,
AR,0,0x10029400,64,1,
AR,0,0x10029440,64,1,
AR,0,0x10029480,64,1,
AR,0,0x100294C0,64,1,
AR,0,0x10029500,64,1,
AR,0,0x10029540,64,1,
AR,0,0x10029580,64,1,
AR,0,0x100295C0,64,1,
AR,0,0x10029600,64,1,
AR,0,0x10029640,64,1,
AR,0,0x10029680,64,1,
AR,0,0x100296C0,64,1,
AR,0,0x10029700,64,1,
AR,0,0x10029740,64,1,
AR,0,0x10029780,64,1,
AR,0,0x100297C0,64,1,
AR,0,0x10029800,64,1,
AR,0,0x10029840,64,1,
AR,0,0x10029880,64,1,
AR,0,0x100298C0,64,1,
AR,0,0x10029900,64,1,
AR,0,0x10029940,64,1,
AR,0,0x10029980,64,1,
AR,0,0x100299C0,64,1,
AR,0,0x10029A00,64,1,
AR,0,0x10029A40,64,1,
AR,0,0x10029A80,64,1,
AR,0,0x10029AC0,64,1,
AR,0,0x10029B00,64,1,
AR,0,0x10029B40,64,1,
AR,0,0x10029B80,64,1,
AR,0,0x10029BC0,64,1,
AR,0,0x10029C00,64,1,
AR,0,0x10029C40,64,1,
AR,0,0x10029C80,64,1,
AR,0,0x10029CC0,64,1,
AR,0,0x10029D00,64,1,
AR,0,0x10029D40,64,1,
AR,0,0x10029D80,64,1,
AR,0,0x10029DC0,64,1,
AR,0,0x10029E00,64,1,
AR,0,0x10029E40,64,1,
AR,0,0x10029E80,64,1,
AR,0,0x10029EC0,64,1,
AR,0,0x10029F00,64,1,
AR,0,0x10029F40,64,1,
AR,0,0x10029F80,64,1,
AR,0,0x10029FC0,64,1,
AR,0,0x1002A000,64,1,
AR,0,0x1002A040,64,1,
AR,0,0x1002A080,64,1,
AR,0,0x1002A0C0,64,1,
AR,0,0x1002A100,64,1,
AR,0,0x1002A140,64,1,
AR,0,0x1002A180,64,1,
AR,0,0x1002A1C0,64,1,
AR,0,0x1002A200,64,1,
AR,0,0x1002A240,64,1,
AR,0,0x1002A280,64,1,
AR,0,0x1002A2C0,64,1,
AR,0,0x1002A300,64,1,
AR,0,0x1002A340,64,1,
AR,0,0x1002A380,64,1,
AR,0,0x1002A3C0,64,1,
AR,0,0x1002A400,64,1,
AR,0,0x1002A440,64,1,
AR,0,0x1002A480,64,1,
AR,0,0x1002A4C0,64,1,
AR,0,0x1002A500,64,1,
AR,0,0x1002A540,64,1,
AR,0,0x1002A580,64,1,
AR,0,0x1002A5C0,64,1,
AR,0,0x1002A600,64,1,
AR,0,0x1002A640,64,1,
AR,0,0x1002A680,64,1,
AR,0,0x1002A6C0,64,1,
AR,0,0x1002A700,64,1,
AR,0,0x1002A740,64,1,
AR,0,0x1002A780,64,1,
AR,0,0x1002A7C0,64,1,
AR,0,0x1002A800,64,1,
AR,0,0x1002A840,64,1,
AR,0,0x1002A880,64,1,
AR,0,0x1002A8C0,64,1,
AR,0,0x1002A900,64,1,
AR,0,0x1002A940,64,1,
AR,0,0x1002A980,64,1,
AR,0,0x1002A9C0,64,1,
AR,0,0x1002AA00,64,1,
AR,0,0x1002AA40,64,1,
AR,0,0x1002AA80,64,1,
AR,0,0x1002AAC0,64,1,
AR,0,0x1002AB00,64,1,
AR,0,0x1002AB40,64,1,
AR,0,0x1002AB80,64,1,
AR,0,0x1002ABC0,64,1,
AR,0,0x1002AC00,64,1,
AR,0,0x1002AC40,64,1,
AR,0,0x1002AC80,64,1,
AR,0,0x1002ACC0,64,1,
AR,0,0x1002AD00,64,1,
AR,0,0x1002AD40,64,1,
AR,0,0x1002AD80,64,1,
AR,0,0x1002ADC0,64,1,
AR,0,0x1002AE00,64,1,
AR,0,0x1002AE40,64,1,
AR,0,0x1002AE80,64,1,
AR,0,0x1002AEC0,64,1,
AR,0,0x1002AF00,64,1,
AR,0,0x1002AF40,64,1,
AR,0,0x1002AF80,64,1,
AR,0,0x1002AFC0,64,1,
AR,0,0x1002B000,64,1,
AR,0,0x1002B040,64,1,
AR,0,0x1002B080,64,1,
AR,0,0x1002B0C0,64,1,
AR,0,0x1002B100,64,1,
AR,0,0x1002B140,64,1,
AR,0,0x1002B180,64,1,
AR,0,0x1002B1C0,64,1,
AR,0,0x1002B200,64,1,
AR,0,0x1002B240,64,1,
AR,0,0x1002B280,64,1,
AR,0,0x1002B2C0,64,1,
AR,0,0x1002B300,64,1,
AR,0,0x1002B340,64,1,
AR,0,0x1002B380,64,1,
AR,0,0x1002B3C0,64,1,
AR,0,0x1002B400,64,1,
AR,0,0x1002B440,64,1,
AR,0,0x1002B480,64,1,
AR,0,0x1002B4C0,64,1,
AR,0,0x1002B500,64,1,
AR,0,0x1002B540,64,1,
AR,0,0x1002B580,64,1,
AR,0,0x1002B5C0,64,1,
AR,0,0x1002B600,64,1,
AR,0,0x1002B640,64,1,
AR,0,0x1002B680,64,1,
AR,0,0x1002B6C0,64,1,
AR,0,0x1002B700,64,1,
AR,0,0x1002B740,64,1,
AR,0,0x1002B780,64,1,
AR,0,0x1002B7C0,64,1,
AR,0,0x1002B800,64,1,
AR,0,0x1002B840,64,1,
AR,0,0x1002B880,64,1,
AR,0,0x1002B8C0,64,1,
AR,0,0x1002B900,64,1,
AR,0,0x1002B940,64,1,
AR,0,0x1002B980,64,1,
AR,0,0x1002B9C0,64,1,
AR,0,0x1002BA00,64,1,
AR,0,0x1002BA40,64,1,
AR,0,0x1002BA80,64,1,
AR,0,0x1002BAC0,64,1,
AR,0,0x1002BB00,64,1,
AR,0,0x1002BB40,64,1,
AR,0,0x1002BB80,64,1,
AR,0,0x1002BBC0,64,1,
AR,0,0x1002BC00,64,1,
AR,0,0x1002BC40,64,1,
AR,0,0x1002BC80,64,1,
AR,0,0x1002BCC0,64,1,
AR,0,0x1002BD00,64,1,
AR,0,0x1002BD40,64,1,
AR,0,0x1002BD80,64,1,
AR,0,0x1002BDC0,64,1,
AR,0,0x1002BE00,64,1,
AR,0,0x1002BE40,64,1,
AR,0,0x1002BE80,64,1,
AR,0,0x1002BEC0,64,1,
AR,0,0x1002BF00,64,1,
AR,0,0x1002BF40,64,1,
AR,0,0x1002BF80,64,1,
AR,0,0x1002BFC0,64,1,
AR,0,0x1002C000,64,1,
AR,0,0x1002C040,64,1,
AR,0,0x1002C080,64,1,
AR,0,0x1002C0C0,64,1,
AR,0,0x1002C100,64,1,
AR,0,0x1002C140,64,1,
AR,0,0x1002C180,64,1,
AR,0,0x1002C1C0,64,1,
AR,0,0x1002C200,64,1,
AR,0,0x1002C240,64,1,
AR,0,0x1002C280,64,1,
AR,0,0x1002C2C0,64,1,
AR,0,0x1002C300,64,1,
AR,0,0x1002C340,64,1,
AR,0,0x1002C380,64,1,
AR,0,0x1002C3C0,64,1,
AR,0,0x1002C400,64,1,
AR,0,0x1002C440,64,1,
AR,0,0x1002C480,64,1,
AR,0,0x1002C4C0,64,1,
AR,0,0x1002C500,64,1,
AR,0,0x1002C540,64,1,
AR,0,0x1002C580,64,1,
AR,0,0x1002C5C0,64,1,
AR,0,0x1002C600,64,1,
AR,0,0x1002C640,64,1,
AR,0,0x1002C680,64,1,
AR,0,0x1002C6C0,64,1,
AR,0,0x1002C700,64,1,
AR,0,0x1002C740,64,1,
AR,0,0x1002C780,64,1,
AR,0,0x1002C7C0,64,1,
AR,0,0x1002C800,64,1,
AR,0,0x1002C840,64,1,
AR,0,0x1002C880,64,1,
AR,0,0x1002C8C0,64,1,
AR,0,0x1002C900,64,1,
AR,0,0x1002C940,64,1,
AR,0,0x1002C980,64,1,
AR,0,0x1002C9C0,64,1,
AR,0,0x1002CA00,64,1,
AR,0,0x1002CA40,64,1,
AR,0,0x1002CA80,64,1,
AR,0,0x1002CAC0,64,1,
AR,0,0x1002CB00,64,1,
AR,0,0x1002CB40,64,1,
AR,0,0x1002CB80,64,1,
AR,0,0x1002CBC0,64,1,
AR,0,0x1002CC00,64,1,
AR,0,0x1002CC40,64,1,
AR,0,0x1002CC80,64,1,
AR,0,0x1002CCC0,64,1,
AR,0,0x1002CD00,64,1,
AR,0,0x1002CD40,64,1,
AR,0,0x1002CD80,64,1,
AR,0,0x1002CDC0,64,1,
AR,0,0x1002CE00,64,1,
AR,0,0x1002CE40,64,1,
AR,0,0x1002CE80,64,1,
AR,0,0x1002CEC0,64,1,
AR,0,0x1002CF00,64,1,
AR,0,0x1002CF40,64,1,
AR,0,0x1002CF80,64,1,
AR,0,0x1002CFC0,64,1,
AR,0,0x1002D000,64,1,
AR,0,0x1002D040,64,1,
AR,0,0x1002D080,64,1,
AR,0,0x1002D0C0,64,1,
AR,0,0x1002D100,64,1,
AR,0,0x1002D140,64,1,
AR,0,0x1002D180,64,1,
AR,0,0x1002D1C0,64,1,
AR,0,0x1002D200,64,1,
AR,0,0x1002D240,64,1,
AR,0,0x1002D280,64,1,
AR,0,0x1002D2C0,64,1,
AR,0,0x1002D300,64,1,
AR,0,0x1002D340,64,1,
AR,0,0x1002D380,64,1,
AR,0,0x1002D3C0,64,1,
AR,0,0x1002D400,64,1,
AR,0,0x1002D440,64,1,
AR,0,0x1002D480,64,1,
AR,0,0x1002D4C0,64,1,
AR,0,0x1002D500,64,1,
AR,0,0x1002D540,64,1,
AR,0,0x1002D580,64,1,
AR,0,0x1002D5C0,64,1,
AR,0,0x1002D600,64,1,
AR,0,0x1002D640,64,1,
AR,0,0x1002D680,64,1,
AR,0,0x1002D6C0,64,1,
AR,0,0x1002D700,64,1,
AR,0,0x1002D740,64,1,
AR,0,0x1002D780,64,1,
AR,0,0x1002D7C0,64,1,
AR,0,0x1002D800,64,1,
AR,0,0x1002D840,64,1,
AR,0,0x1002D880,64,1,
AR,0,0x1002D8C0,64,1,
AR,0,0x1002D900,64,1,
AR,0,0x1002D940,64,1,
AR,0,0x1002D980,64,1,
AR,0,0x1002D9C0,64,1,
AR,0,0x1002DA00,64,1,
AR,0,0x1002DA40,64,1,
AR,0,0x1002DA80,64,1,
AR,0,0x1002DAC0,64,1,
AR,0,0x1002DB00,64,1,
AR,0,0x1002DB40,64,1,
AR,0,0x1002DB80,64,1,
AR,0,0x1002DBC0,64,1,
AR,0,0x1002DC00,64,1,
AR,0,0x1002DC40,64,1,
AR,0,0x1002DC80,64,1,
AR,0,0x1002DCC0,64,1,
AR,0,0x1002DD00,64,1,
AR,0,0x1002DD40,64,1,
AR,0,0x1002DD80,64,1,
AR,0,0x1002DDC0,64,1,
AR,0,0x1002DE00,64,1,
AR,0,0x1002DE40,64,1,
AR,0,0x1002DE80,64,1,
AR,0,0x1002DEC0,64,1,
AR,0,0x1002DF00,64,1,
AR,0,0x1002DF40,64,1,
AR,0,0x1002DF80,64,1,
AR,0,0x1002DFC0,64,1,
AR,0,0x1002E000,64,1,
AR,0,0x1002E040,64,1,
AR,0,0x1002E080,64,1,
AR,0,0x1002E0C0,64,1,
AR,0,0x1002E100,64,1,
AR,0,0x1002E140,64,1,
AR,0,0x1002E180,64,1,
AR,0,0x1002E1C0,64,1,
AR,0,0x1002E200,64,1,
AR,0,0x1002E240,64,1,
AR,0,0x1002E280,64,1,
AR,0,0x1002E2C0,64,1,
AR,0,0x1002E300,64,1,
AR,0,0x1002E340,64,1,
AR,0,0x1002E380,64,1,
AR,0,0x1002E3C0,64,1,
AR,0,0x1002E400,64,1,
AR,0,0x1002E440,64,1,
AR,0,0x1002E480,64,1,
AR,0,0x1002E4C0,64,1,
AR,0,0x1002E500,64,1,
AR,0,0x1002E540,64,1,
AR,0,0x1002E580,64,1,
AR,0,0x1002E5C0,64,1,
AR,0,0x1002E600,64,1,
AR,0,0x1002E640,64,1,
AR,0,0x1002E680,64,1,
AR,0,0x1002E6C0,64,1,
AR,0,0x1002E700,64,1,
AR,0,0x1002E740,64,1,
AR,0,0x1002E780,64,1,
AR,0,0x1002E7C0,64,1,
AR,0,0x1002E800,64,1,
AR,0,0x1002E840,64,1,
AR,0,0x1002E880,64,1,
AR,0,0x1002E8C0,64,1,
AR,0,0x1002E900,64,1,
AR,0,0x1002E940,64,1,
AR,0,0x1002E980,64,1,
AR,0,0x1002E9C0,64,1,
AR,0,0x1002EA00,64,1,
AR,0,0x1002EA40,64,1,
AR,0,0x1002EA80,64,1,
AR,0,0x1002EAC0,64,1,
AR,0,0x1002EB00,64,1,
AR,0,0x1002EB40,64,1,
AR,0,0x1002EB80,64,1,
AR,0,0x1002EBC0,64,1,
AR,0,0x1002EC00,64,1,
AR,0,0x1002EC40,64,1,
AR,0,0x1002EC80,64,1,
AR,0,0x1002ECC0,64,1,
AR,0,0x1002ED00,64,1,
AR,0,0x1002ED40,64,1,
AR,0,0x1002ED80,64,1,
AR,0,0x1002EDC0,64,1,
AR,0,0x1002EE00,64,1,
AR,0,0x1002EE40,64,1,
AR,0,0x1002EE80,64,1,
AR,0,0x1002EEC0,64,1,
AR,0,0x1002EF00,64,1,
AR,0,0x1002EF40,64,1,
AR,0,0x1002EF80,64,1,
AR,0,0x1002EFC0,64,1,
AR,0,0x1002F000,64,1,
AR,0,0x1002F040,64,1,
AR,0,0x1002F080,64,1,
AR,0,0x1002F0C0,64,1,
AR,0,0x1002F100,64,1,
AR,0,0x1002F140,64,1,
AR,0,0x1002F180,64,1,
AR,0,0x1002F1C0,64,1,
AR,0,0x1002F200,64,1,
AR,0,0x1002F240,64,1,
AR,0,0x1002F280,64,1,
AR,0,0x1002F2C0,64,1,
AR,0,0x1002F300,64,1,
AR,0,0x1002F340,64,1,
AR,0,0x1002F380,64,1,
AR,0,0x1002F3C0,64,1,
AR,0,0x1002F400,64,1,
AR,0,0x1002F440,64,1,
AR,0,0x1002F480,64,1,
AR,0,0x1002F4C0,64,1,
AR,0,0x1002F500,64,1,
AR,0,0x1002F540,64,1,
AR,0,0x1002F580,64,1,
AR,0,0x1002F5C0,64,1,
AR,0,0x1002F600,64,1,
AR,0,0x1002F640,64,1,
AR,0,0x1002F680,64,1,
AR,0,0x1002F6C0,64,1,
AR,0,0x1002F700,64,1,
AR,0,0x1002F740,64,1,
AR,0,0x1002F780,64,1,
AR,0,0x1002F7C0,64,1,
AR,0,0x1002F800,64,1,
AR,0,0x1002F840,64,1,
AR,0,0x1002F880,64,1,
AR,0,0x1002F8C0,64,1,
AR,0,0x1002F900,64,1,
AR,0,0x1002F940,64,1,
AR,0,0x1002F980,64,1,
AR,0,0x1002F9C0,64,1,
AR,0,0x1002FA00,64,1,
AR,0,0x1002FA40,64,1,
AR,0,0x1002FA80,64,1,
AR,0,0x1002FAC0,64,1,
AR,0,0x1002FB00,64,1,
AR,0,0x1002FB40,64,1,
AR,0,0x1002FB80,64,1,
AR,0,0x1002FBC0,64,1,
AR,0,0x1002FC00,64,1,
AR,0,0x1002FC40,64,1,
AR,0,0x1002FC80,64,1,
AR,0,0x1002FCC0,64,1,
AR,0,0x1002FD00,64,1,
AR,0,0x1002FD40,64,1,
AR,0,0x1002FD80,64,1,
AR,0,0x1002FDC0,64,1,
AR,0,0x1002FE00,64,1,
AR,0,0x1002FE40,64,1,
AR,0,0x1002FE80,64,1,
AR,0,0x1002FEC0,64,1,
AR,0,0x1002FF00,64,1,
AR,0,0x1002FF40,64,1,
AR,0,0x1002FF80,64,1,
AR,0,0x1002FFC0,64,1,
AR,0,0x10030000,64,1,
AR,0,0x10030040,64,1,
AR,0,0x10030080,64,1,
AR,0,0x100300C0,64,1,
AR,0,0x10030100,64,1,
AR,0,0x10030140,64,1,
AR,0,0x10030180,64,1,
AR,0,0x100301C0,64,1,
AR,0,0x10030200,64,1,
AR,0,0x10030240,64,1,
AR,0,0x10030280,64,1,
AR,0,0x100302C0,64,1,
AR,0,0x10030300,64,1,
AR,0,0x10030340,64,1,
AR,0,0x10030380,64,1,
AR,0,0x100303C0,64,1,
AR,0,0x10030400,64,1,
AR,0,0x10030440,64,1,
AR,0,0x10030480,64,1,
AR,0,0x100304C0,64,1,
AR,0,0x10030500,64,1,
AR,0,0x10030540,64,1,
AR,0,0x10030580,64,1,
AR,0,0x100305C0,64,1,
AR,0,0x10030600,64,1,
AR,0,0x10030640,64,1,
AR,0,0x10030680,64,1,
AR,0,0x100306C0,64,1,
AR,0,0x10030700,64,1,
AR,0,0x10030740,64,1,
AR,0,0x10030780,64,1,
AR,0,0x100307C0,64,1,
AR,0,0x10030800,64,1,
AR,0,0x10030840,64,1,
AR,0,0x10030880,64,1,
AR,0,0x100308C0,64,1,
AR,0,0x10030900,64,1,
AR,0,0x10030940,64,1,
AR,0,0x10030980,64,1,
AR,0,0x100309C0,64,1,
AR,0,0x10030A00,64,1,
AR,0,0x10030A40,64,1,
AR,0,0x10030A80,64,1,
AR,0,0x10030AC0,64,1,
AR,0,0x10030B00,64,1,
AR,0,0x10030B40,64,1,
AR,0,0x10030B80,64,1,
AR,0,0x10030BC0,64,1,
AR,0,0x10030C00,64,1,
AR,0,0x10030C40,64,1,
AR,0,0x10030C80,64,1,
AR,0,0x10030CC0,64,1,
AR,0,0x10030D00,64,1,
AR,0,0x10030D40,64,1,
AR,0,0x10030D80,64,1,
AR,0,0x10030DC0,64,1,
AR,0,0x10030E00,64,1,
AR,0,0x10030E40,64,1,
AR,0,0x10030E80,64,1,
AR,0,0x10030EC0,64,1,
AR,0,0x10030F00,64,1,
AR,0,0x10030F40,64,1,
AR,0,0x10030F80,64,1,
AR,0,0x10030FC0,64,1,
AR,0,0x10031000,64,1,
AR,0,0x10031040,64,1,
AR,0,0x10031080,64,1,
AR,0,0x100310C0,64,1,
AR,0,0x10031100,64,1,
AR,0,0x10031140,64,1,
AR,0,0x10031180,64,1,
AR,0,0x100311C0,64,1,
AR,0,0x10031200,64,1,
AR,0,0x10031240,64,1,
AR,0,0x10031280,64,1,
AR,0,0x100312C0,64,1,
AR,0,0x10031300,64,1,
AR,0,0x10031340,64,1,
AR,0,0x10031380,64,1,
AR,0,0x100313C0,64,1,
AR,0,0x10031400,64,1,
AR,0,0x10031440,64,1,
AR,0,0x10031480,64,1,
AR,0,0x100314C0,64,1,
AR,0,0x10031500,64,1,
AR,0,0x10031540,64,1,
AR,0,0x10031580,64,1,
AR,0,0x100315C0,64,1,
AR,0,0x10031600,64,1,
AR,0,0x10031640,64,1,
AR,0,0x10031680,64,1,
AR,0,0x100316C0,64,1,
AR,0,0x10031700,64,1,
AR,0,0x10031740,64,1,
AR,0,0x10031780,64,1,
AR,0,0x100317C0,64,1,
AR,0,0x10031800,64,1,
AR,0,0x10031840,64,1,
AR,0,0x10031880,64,1,
AR,0,0x100318C0,64,1,
AR,0,0x10031900,64,1,
AR,0,0x10031940,64,1,
AR,0,0x10031980,64,1,
AR,0,0x100319C0,64,1,
AR,0,0x10031A00,64,1,
AR,0,0x10031A40,64,1,
AR,0,0x10031A80,64,1,
AR,0,0x10031AC0,64,1,
AR,0,0x10031B00,64,1,
AR,0,0x10031B40,64,1,
AR,0,0x10031B80,64,1,
AR,0,0x10031BC0,64,1,
AR,0,0x10031C00,64,1,
AR,0,0x10031C40,64,1,
AR,0,0x10031C80,64,1,
AR,0,0x10031CC0,64,1,
AR,0,0x10031D00,64,1,
AR,0,0x10031D40,64,1,
AR,0,0x10031D80,64,1,
AR,0,0x10031DC0,64,1,
AR,0,0x10031E00,64,1,
AR,0,0x10031E40,64,1,
AR,0,0x10031E80,64,1,
AR,0,0x10031EC0,64,1,
AR,0,0x10031F00,64,1,
AR,0,0x10031F40,64,1,
AR,0,0x10031F80,64,1,
AR,0,0x10031FC0,64,1,
AR,0,0x10032000,64,1,
AR,0,0x10032040,64,1,
AR,0,0x10032080,64,1,
AR,0,0x100320C0,64,1,
AR,0,0x10032100,64,1,
AR,0,0x10032140,64,1,
AR,0,0x10032180,64,1,
AR,0,0x100321C0,64,1,
AR,0,0x10032200,64,1,
AR,0,0x10032240,64,1,
AR,0,0x10032280,64,1,
AR,0,0x100322C0,64,1,
AR,0,0x10032300,64,1,
AR,0,0x10032340,64,1,
AR,0,0x10032380,64,1,
AR,0,0x100323C0,64,1,
AR,0,0x10032400,64,1,
AR,0,0x10032440,64,1,
AR,0,0x10032480,64,1,
AR,0,0x100324C0,64,1,
AR,0,0x10032500,64,1,
AR,0,0x10032540,64,1,
AR,0,0x10032580,64,1,
AR,0,0x100325C0,64,1,
AR,0,0x10032600,64,1,
AR,0,0x10032640,64,1,
AR,0,0x10032680,64,1,
AR,0,0x100326C0,64,1,
AR,0,0x10032700,64,1,
AR,0,0x10032740,64,1,
AR,0,0x10032780,64,1,
AR,0,0x100327C0,64,1,
AR,0,0x10032800,64,1,
AR,0,0x10032840,64,1,
AR,0,0x10032880,64,1,
AR,0,0x100328C0,64,1,
AR,0,0x10032900,64,1,
AR,0,0x10032940,64,1,
AR,0,0x10032980,64,1,
AR,0,0x100329C0,64,1,
AR,0,0x10032A00,64,1,
AR,0,0x10032A40,64,1,
AR,0,0x10032A80,64,1,
AR,0,0x10032AC0,64,1,
AR,0,0x10032B00,64,1,
AR,0,0x10032B40,64,1,
AR,0,0x10032B80,64,1,
AR,0,0x10032BC0,64,1,
AR,0,0x10032C00,64,1,
AR,0,0x10032C40,64,1,
AR,0,0x10032C80,64,1,
AR,0,0x10032CC0,64,1,
AR,0,0x10032D00,64,1,
AR,0,0x10032D40,64,1,
AR,0,0x10032D80,64,1,
AR,0,0x10032DC0,64,1,
AR,0,0x10032E00,64,1,
AR,0,0x10032E40,64,1,
AR,0,0x10032E80,64,1,
AR,0,0x10032EC0,64,1,
AR,0,0x10032F00,64,1,
AR,0,0x10032F40,64,1,
AR,0,0x10032F80,64,1,
AR,0,0x10032FC0,64,1,
AR,0,0x10033000,64,1,
AR,0,0x10033040,64,1,
AR,0,0x10033080,64,1,
AR,0,0x100330C0,64,1,
AR,0,0x10033100,64,1,
AR,0,0x10033140,64,1,
AR,0,0x10033180,64,1,
AR,0,0x100331C0,64,1,
AR,0,0x10033200,64,1,
AR,0,0x10033240,64,1,
AR,0,0x10033280,64,1,
AR,0,0x100332C0,64,1,
AR,0,0x10033300,64,1,
AR,0,0x10033340,64,1,
AR,0,0x10033380,64,1,
AR,0,0x100333C0,64,1,
AR,0,0x10033400,64,1,
AR,0,0x10033440,64,1,
AR,0,0x10033480,64,1,
AR,0,0x100334C0,64,1,
AR,0,0x10033500,64,1,
AR,0,0x10033540,64,1,
AR,0,0x10033580,64,1,
AR,0,0x100335C0,64,1,
AR,0,0x10033600,64,1,
AR,0,0x10033640,64,1,
AR,0,0x10033680,64,1,
AR,0,0x100336C0,64,1,
AR,0,0x10033700,64,1,
AR,0,0x10033740,64,1,
AR,0,0x10033780,64,1,
AR,0,0x100337C0,64,1,
AR,0,0x10033800,64,1,
AR,0,0x10033840,64,1,
AR,0,0x10033880,64,1,
AR,0,0x100338C0,64,1,
AR,0,0x10033900,64,1,
AR,0,0x10033940,64,1,
AR,0,0x10033980,64,1,
AR,0,0x100339C0,64,1,
AR,0,0x10033A00,64,1,
AR,0,0x10033A40,64,1,
AR,0,0x10033A80,64,1,
AR,0,0x10033AC0,64,1,
AR,0,0x10033B00,64,1,
AR,0,0x10033B40,64,1,
AR,0,0x10033B80,64,1,
AR,0,0x10033BC0,64,1,
AR,0,0x10033C00,64,1,
AR,0,0x10033C40,64,1,
AR,0,0x10033C80,64,1,
AR,0,0x10033CC0,64,1,
AR,0,0x10033D00,64,1,
AR,0,0x10033D40,64,1,
AR,0,0x10033D80,64,1,
AR,0,0x10033DC0,64,1,
AR,0,0x10033E00,64,1,
AR,0,0x10033E40,64,1,
AR,0,0x10033E80,64,1,
AR,0,0x10033EC0,64,1,
AR,0,0x10033F00,64,1,
AR,0,0x10033F40,64,1,
AR,0,0x10033F80,64,1,
AR,0,0x10033FC0,64,1,
AR,0,0x10034000,64,1,
AR,0,0x10034040,64,1,
AR,0,0x10034080,64,1,
AR,0,0x100340C0,64,1,
AR,0,0x10034100,64,1,
AR,0,0x10034140,64,1,
AR,0,0x10034180,64,1,
AR,0,0x100341C0,64,1,
AR,0,0x10034200,64,1,
AR,0,0x10034240,64,1,
AR,0,0x10034280,64,1,
AR,0,0x100342C0,64,1,
AR,0,0x10034300,64,1,
AR,0,0x10034340,64,1,
AR,0,0x10034380,64,1,
AR,0,0x100343C0,64,1,
AR,0,0x10034400,64,1,
AR,0,0x10034440,64,1,
AR,0,0x10034480,64,1,
AR,0,0x100344C0,64,1,
AR,0,0x10034500,64,1,
AR,0,0x10034540,64,1,
AR,0,0x10034580,64,1,
AR,0,0x100345C0,64,1,
AR,0,0x10034600,64,1,
AR,0,0x10034640,64,1,
AR,0,0x10034680,64,1,
AR,0,0x100346C0,64,1,
AR,0,0x10034700,64,1,
AR,0,0x10034740,64,1,
AR,0,0x10034780,64,1,
AR,0,0x100347C0,64,1,
AR,0,0x10034800,64,1,
AR,0,0x10034840,64,1,
AR,0,0x10034880,64,1,
AR,0,0x100348C0,64,1,
AR,0,0x10034900,64,1,
AR,0,0x10034940,64,1,
AR,0,0x10034980,64,1,
AR,0,0x100349C0,64,1,
AR,0,0x10034A00,64,1,
AR,0,0x10034A40,64,1,
AR,0,0x10034A80,64,1,
AR,0,0x10034AC0,64,1,
AR,0,0x10034B00,64,1,
AR,0,0x10034B40,64,1,
AR,0,0x10034B80,64,1,
AR,0,0x10034BC0,64,1,
AR,0,0x10034C00,64,1,
AR,0,0x10034C40,64,1,
AR,0,0x10034C80,64,1,
AR,0,0x10034CC0,64,1,
AR,0,0x10034D00,64,1,
AR,0,0x10034D40,64,1,
AR,0,0x10034D80,64,1,
AR,0,0x10034DC0,64,1,
AR,0,0x10034E00,64,1,
AR,0,0x10034E40,64,1,
AR,0,0x10034E80,64,1,
AR,0,0x10034EC0,64,1,
AR,0,0x10034F00,64,1,
AR,0,0x10034F40,64,1,
AR,0,0x10034F80,64,1,
AR,0,0x10034FC0,64,1,
AR,0,0x10035000,64,1,
AR,0,0x10035040,64,1,
AR,0,0x10035080,64,1,
AR,0,0x100350C0,64,1,
AR,0,0x10035100,64,1,
AR,0,0x10035140,64,1,
AR,0,0x10035180,64,1,
AR,0,0x100351C0,64,1,
AR,0,0x10035200,64,1,
AR,0,0x10035240,64,1,
AR,0,0x10035280,64,1,
AR,0,0x100352C0,64,1,
AR,0,0x10035300,64,1,
AR,0,0x10035340,64,1,
AR,0,0x10035380,64,1,
AR,0,0x100353C0,64,1,
AR,0,0x10035400,64,1,
AR,0,0x10035440,64,1,
AR,0,0x10035480,64,1,
AR,0,0x100354C0,64,1,
AR,0,0x10035500,64,1,
AR,0,0x10035540,64,1,
AR,0,0x10035580,64,1,
AR,0,0x100355C0,64,1,
AR,0,0x10035600,64,1,
AR,0,0x10035640,64,1,
AR,0,0x10035680,64,1,
AR,0,0x100356C0,64,1,
AR,0,0x10035700,64,1,
AR,0,0x10035740,64,1,
AR,0,0x10035780,64,1,
AR,0,0x100357C0,64,1,
AR,0,0x10035800,64,1,
AR,0,0x10035840,64,1,
AR,0,0x10035880,64,1,
AR,0,0x100358C0,64,1,
AR,0,0x10035900,64,1,
AR,0,0x10035940,64,1,
AR,0,0x10035980,64,1,
AR,0,0x100359C0,64,1,
AR,0,0x10035A00,64,1,
AR,0,0x10035A40,64,1,
AR,0,0x10035A80,64,1,
AR,0,0x10035AC0,64,1,
AR,0,0x10035B00,64,1,
AR,0,0x10035B40,64,1,
AR,0,0x10035B80,64,1,
AR,0,0x10035BC0,64,1,
AR,0,0x10035C00,64,1,
AR,0,0x10035C40,64,1,
AR,0,0x10035C80,64,1,
AR,0,0x10035CC0,64,1,
AR,0,0x10035D00,64,1,
AR,0,0x10035D40,64,1,
AR,0,0x10035D80,64,1,
AR,0,0x10035DC0,64,1,
AR,0,0x10035E00,64,1,
AR,0,0x10035E40,64,1,
AR,0,0x10035E80,64,1,
AR,0,0x10035EC0,64,1,
AR,0,0x10035F00,64,1,
AR,0,0x10035F40,64,1,
AR,0,0x10035F80,64,1,
AR,0,0x10035FC0,64,1,
AR,0,0x10036000,64,1,
AR,0,0x10036040,64,1,
AR,0,0x10036080,64,1,
AR,0,0x100360C0,64,1,
AR,0,0x10036100,64,1,
AR,0,0x10036140,64,1,
AR,0,0x10036180,64,1,
AR,0,0x100361C0,64,1,
AR,0,0x10036200,64,1,
AR,0,0x10036240,64,1,
AR,0,0x10036280,64,1,
AR,0,0x100362C0,64,1,
AR,0,0x10036300,64,1,
AR,0,0x10036340,64,1,
AR,0,0x10036380,64,1,
AR,0,0x100363C0,64,1,
AR,0,0x10036400,64,1,
AR,0,0x10036440,64,1,
AR,0,0x10036480,64,1,
AR,0,0x100364C0,64,1,
AR,0,0x10036500,64,1,
AR,0,0x10036540,64,1,
AR,0,0x10036580,64,1,
AR,0,0x100365C0,64,1,
AR,0,0x10036600,64,1,
AR,0,0x10036640,64,1,
AR,0,0x10036680,64,1,
AR,0,0x100366C0,64,1,
AR,0,0x10036700,64,1,
AR,0,0x10036740,64,1,
AR,0,0x10036780,64,1,
AR,0,0x100367C0,64,1,
AR,0,0x10036800,64,1,
AR,0,0x10036840,64,1,
AR,0,0x10036880,64,1,
AR,0,0x100368C0,64,1,
AR,0,0x10036900,64,1,
AR,0,0x10036940,64,1,
AR,0,0x10036980,64,1,
AR,0,0x100369C0,64,1,
AR,0,0x10036A00,64,1,
AR,0,0x10036A40,64,1,
AR,0,0x10036A80,64,1,
AR,0,0x10036AC0,64,1,
AR,0,0x10036B00,64,1,
AR,0,0x10036B40,64,1,
AR,0,0x10036B80,64,1,
AR,0,0x10036BC0,64,1,
AR,0,0x10036C00,64,1,
AR,0,0x10036C40,64,1,
AR,0,0x10036C80,64,1,
AR,0,0x10036CC0,64,1,
AR,0,0x10036D00,64,1,
AR,0,0x10036D40,64,1,
AR,0,0x10036D80,64,1,
AR,0,0x10036DC0,64,1,
AR,0,0x10036E00,64,1,
AR,0,0x10036E40,64,1,
AR,0,0x10036E80,64,1,
AR,0,0x10036EC0,64,1,
AR,0,0x10036F00,64,1,
AR,0,0x10036F40,64,1,
AR,0,0x10036F80,64,1,
AR,0,0x10036FC0,64,1,
AR,0,0x10037000,64,1,
AR,0,0x10037040,64,1,
AR,0,0x10037080,64,1,
AR,0,0x100370C0,64,1,
AR,0,0x10037100,64,1,
AR,0,0x10037140,64,1,
AR,0,0x10037180,64,1,
AR,0,0x100371C0,64,1,
AR,0,0x10037200,64,1,
AR,0,0x10037240,64,1,
AR,0,0x10037280,64,1,
AR,0,0x100372C0,64,1,
AR,0,0x10037300,64,1,
AR,0,0x10037340,64,1,
AR,0,0x10037380,64,1,
AR,0,0x100373C0,64,1,
AR,0,0x10037400,64,1,
AR,0,0x10037440,64,1,
AR,0,0x10037480,64,1,
AR,0,0x100374C0,64,1,
AR,0,0x10037500,64,1,
AR,0,0x10037540,64,1,
AR,0,0x10037580,64,1,
AR,0,0x100375C0,64,1,
AR,0,0x10037600,64,1,
AR,0,0x10037640,64,1,
AR,0,0x10037680,64,1,
AR,0,0x100376C0,64,1,
AR,0,0x10037700,64,1,
AR,0,0x10037740,64,1,
AR,0,0x10037780,64,1,
AR,0,0x100377C0,64,1,
AR,0,0x10037800,64,1,
AR,0,0x10037840,64,1,
AR,0,0x10037880,64,1,
AR,0,0x100378C0,64,1,
AR,0,0x10037900,64,1,
AR,0,0x10037940,64,1,
AR,0,0x10037980,64,1,
AR,0,0x100379C0,64,1,
AR,0,0x10037A00,64,1,
AR,0,0x10037A40,64,1,
AR,0,0x10037A80,64,1,
AR,0,0x10037AC0,64,1,
AR,0,0x10037B00,64,1,
AR,0,0x10037B40,64,1,
AR,0,0x10037B80,64,1,
AR,0,0x10037BC0,64,1,
AR,0,0x10037C00,64,1,
AR,0,0x10037C40,64,1,
AR,0,0x10037C80,64,1,
AR,0,0x10037CC0,64,1,
AR,0,0x10037D00,64,1,
AR,0,0x10037D40,64,1,
AR,0,0x10037D80,64,1,
AR,0,0x10037DC0,64,1,
AR,0,0x10037E00,64,1,
AR,0,0x10037E40,64,1,
AR,0,0x10037E80,64,1,
AR,0,0x10037EC0,64,1,
AR,0,0x10037F00,64,1,
AR,0,0x10037F40,64,1,
AR,0,0x10037F80,64,1,
AR,0,0x10037FC0,64,1,
AR,0,0x10038000,64,1,
AR,0,0x10038040,64,1,
AR,0,0x10038080,64,1,
AR,0,0x100380C0,64,1,
AR,0,0x10038100,64,1,
AR,0,0x10038140,64,1,
AR,0,0x10038180,64,1,
AR,0,0x100381C0,64,1,
AR,0,0x10038200,64,1,
AR,0,0x10038240,64,1,
AR,0,0x10038280,64,1,
AR,0,0x100382C0,64,1,
AR,0,0x10038300,64,1,
AR,0,0x10038340,64,1,
AR,0,0x10038380,64,1,
AR,0,0x100383C0,64,1,
AR,0,0x10038400,64,1,
AR,0,0x10038440,64,1,
AR,0,0x10038480,64,1,
AR,0,0x100384C0,64,1,
AR,0,0x10038500,64,1,
AR,0,0x10038540,64,1,
AR,0,0x10038580,64,1,
AR,0,0x100385C0,64,1,
AR,0,0x10038600,64,1,
AR,0,0x10038640,64,1,
AR,0,0x10038680,64,1,
AR,0,0x100386C0,64,1,
AR,0,0x10038700,64,1,
AR,0,0x10038740,64,1,
AR,0,0x10038780,64,1,
AR,0,0x100387C0,64,1,
AR,0,0x10038800,64,1,
AR,0,0x10038840,64,1,
AR,0,0x10038880,64,1,
AR,0,0x100388C0,64,1,
AR,0,0x10038900,64,1,
AR,0,0x10038940,64,1,
AR,0,0x10038980,64,1,
AR,0,0x100389C0,64,1,
AR,0,0x10038A00,64,1,
AR,0,0x10038A40,64,1,
AR,0,0x10038A80,64,1,
AR,0,0x10038AC0,64,1,
AR,0,0x10038B00,64,1,
AR,0,0x10038B40,64,1,
AR,0,0x10038B80,64,1,
AR,0,0x10038BC0,64,1,
AR,0,0x10038C00,64,1,
AR,0,0x10038C40,64,1,
AR,0,0x10038C80,64,1,
AR,0,0x10038CC0,64,1,
AR,0,0x10038D00,64,1,
AR,0,0x10038D40,64,1,
AR,0,0x10038D80,64,1,
AR,0,0x10038DC0,64,1,
AR,0,0x10038E00,64,1,
AR,0,0x10038E40,64,1,
AR,0,0x10038E80,64,1,
AR,0,0x10038EC0,64,1,
AR,0,0x10038F00,64,1,
AR,0,0x10038F40,64,1,
AR,0,0x10038F80,64,1,
AR,0,0x10038FC0,64,1,
AR,0,0x10039000,64,1,
AR,0,0x10039040,64,1,
AR,0,0x10039080,64,1,
AR,0,0x100390C0,64,1,
AR,0,0x10039100,64,1,
AR,0,0x10039140,64,1,
AR,0,0x10039180,64,1,
AR,0,0x100391C0,64,1,
AR,0,0x10039200,64,1,
AR,0,0x10039240,64,1,
AR,0,0x10039280,64,1,
AR,0,0x100392C0,64,1,
AR,0,0x10039300,64,1,
AR,0,0x10039340,64,1,
AR,0,0x10039380,64,1,
AR,0,0x100393C0,64,1,
AR,0,0x10039400,64,1,
AR,0,0x10039440,64,1,
AR,0,0x10039480,64,1,
AR,0,0x100394C0,64,1,
AR,0,0x10039500,64,1,
AR,0,0x10039540,64,1,
AR,0,0x10039580,64,1,
AR,0,0x100395C0,64,1,
AR,0,0x10039600,64,1,
AR,0,0x10039640,64,1,
AR,0,0x10039680,64,1,
AR,0,0x100396C0,64,1,
AR,0,0x10039700,64,1,
AR,0,0x10039740,64,1,
AR,0,0x10039780,64,1,
AR,0,0x100397C0,64,1,
AR,0,0x10039800,64,1,
AR,0,0x10039840,64,1,
AR,0,0x10039880,64,1,
AR,0,0x100398C0,64,1,
AR,0,0x10039900,64,1,
AR,0,0x10039940,64,1,
AR,0,0x10039980,64,1,
AR,0,0x100399C0,64,1,
AR,0,0x10039A00,64,1,
AR,0,0x10039A40,64,1,
AR,0,0x10039A80,64,1,
AR,0,0x10039AC0,64,1,
AR,0,0x10039B00,64,1,
AR,0,0x10039B40,64,1,
AR,0,0x10039B80,64,1,
AR,0,0x10039BC0,64,1,
AR,0,0x10039C00,64,1,
AR,0,0x10039C40,64,1,
AR,0,0x10039C80,64,1,
AR,0,0x10039CC0,64,1,
AR,0,0x10039D00,64,1,
AR,0,0x10039D40,64,1,
AR,0,0x10039D80,64,1,
AR,0,0x10039DC0,64,1,
AR,0,0x10039E00,64,1,
AR,0,0x10039E40,64,1,
AR,0,0x10039E80,64,1,
AR,0,0x10039EC0,64,1,
AR,0,0x10039F00,64,1,
AR,0,0x10039F40,64,1,
AR,0,0x10039F80,64,1,
AR,0,0x10039FC0,64,1,
AR,0,0x1003A000,64,1,
AR,0,0x1003A040,64,1,
AR,0,0x1003A080,64,1,
AR,0,0x1003A0C0,64,1,
AR,0,0x1003A100,64,1,
AR,0,0x1003A140,64,1,
AR,0,0x1003A180,64,1,
AR,0,0x1003A1C0,64,1,
AR,0,0x1003A200,64,1,
AR,0,0x1003A240,64,1,
AR,0,0x1003A280,64,1,
AR,0,0x1003A2C0,64,1,
AR,0,0x1003A300,64,1,
AR,0,0x1003A340,64,1,
AR,0,0x1003A380,64,1,
AR,0,0x1003A3C0,64,1,
AR,0,0x1003A400,64,1,
AR,0,0x1003A440,64,1,
AR,0,0x1003A480,64,1,
AR,0,0x1003A4C0,64,1,
AR,0,0x1003A500,64,1,
AR,0,0x1003A540,64,1,
AR,0,0x1003A580,64,1,
AR,0,0x1003A5C0,64,1,
AR,0,0x1003A600,64,1,
AR,0,0x1003A640,64,1,
AR,0,0x1003A680,64,1,
AR,0,0x1003A6C0,64,1,
AR,0,0x1003A700,64,1,
AR,0,0x1003A740,64,1,
AR,0,0x1003A780,64,1,
AR,0,0x1003A7C0,64,1,
AR,0,0x1003A800,64,1,
AR,0,0x1003A840,64,1,
AR,0,0x1003A880,64,1,
AR,0,0x1003A8C0,64,1,
AR,0,0x1003A900,64,1,
AR,0,0x1003A940,64,1,
AR,0,0x1003A980,64,1,
AR,0,0x1003A9C0,64,1,
AR,0,0x1003AA00,64,1,
AR,0,0x1003AA40,64,1,
AR,0,0x1003AA80,64,1,
AR,0,0x1003AAC0,64,1,
AR,0,0x1003AB00,64,1,
AR,0,0x1003AB40,64,1,
AR,0,0x1003AB80,64,1,
AR,0,0x1003ABC0,64,1,
AR,0,0x1003AC00,64,1,
AR,0,0x1003AC40,64,1,
AR,0,0x1003AC80,64,1,
AR,0,0x1003ACC0,64,1,
AR,0,0x1003AD00,64,1,
AR,0,0x1003AD40,64,1,
AR,0,0x1003AD80,64,1,
AR,0,0x1003ADC0,64,1,
AR,0,0x1003AE00,64,1,
AR,0,0x1003AE40,64,1,
AR,0,0x1003AE80,64,1,
AR,0,0x1003AEC0,64,1,
AR,0,0x1003AF00,64,1,
AR,0,0x1003AF40,64,1,
AR,0,0x1003AF80,64,1,
AR,0,0x1003AFC0,64,1,
AR,0,0x1003B000,64,1,
AR,0,0x1003B040,64,1,
AR,0,0x1003B080,64,1,
AR,0,0x1003B0C0,64,1,
AR,0,0x1003B100,64,1,
AR,0,0x1003B140,64,1,
AR,0,0x1003B180,64,1,
AR,0,0x1003B1C0,64,1,
AR,0,0x1003B200,64,1,
AR,0,0x1003B240,64,1,
AR,0,0x1003B280,64,1,
AR,0,0x1003B2C0,64,1,
AR,0,0x1003B300,64,1,
AR,0,0x1003B340,64,1,
AR,0,0x1003B380,64,1,
AR,0,0x1003B3C0,64,1,
AR,0,0x1003B400,64,1,
AR,0,0x1003B440,64,1,
AR,0,0x1003B480,64,1,
AR,0,0x1003B4C0,64,1,
AR,0,0x1003B500,64,1,
AR,0,0x1003B540,64,1,
AR,0,0x1003B580,64,1,
AR,0,0x1003B5C0,64,1,
AR,0,0x1003B600,64,1,
AR,0,0x1003B640,64,1,
AR,0,0x1003B680,64,1,
AR,0,0x1003B6C0,64,1,
AR,0,0x1003B700,64,1,
AR,0,0x1003B740,64,1,
AR,0,0x1003B780,64,1,
AR,0,0x1003B7C0,64,1,
AR,0,0x1003B800,64,1,
AR,0,0x1003B840,64,1,
AR,0,0x1003B880,64,1,
AR,0,0x1003B8C0,64,1,
AR,0,0x1003B900,64,1,
AR,0,0x1003B940,64,1,
AR,0,0x1003B980,64,1,
AR,0,0x1003B9C0,64,1,
AR,0,0x1003BA00,64,1,
AR,0,0x1003BA40,64,1,
AR,0,0x1003BA80,64,1,
AR,0,0x1003BAC0,64,1,
AR,0,0x1003BB00,64,1,
AR,0,0x1003BB40,64,1,
AR,0,0x1003BB80,64,1,
AR,0,0x1003BBC0,64,1,
AR,0,0x1003BC00,64,1,
AR,0,0x1003BC40,64,1,
AR,0,0x1003BC80,64,1,
AR,0,0x1003BCC0,64,1,
AR,0,0x1003BD00,64,1,
AR,0,0x1003BD40,64,1,
AR,0,0x1003BD80,64,1,
AR,0,0x1003BDC0,64,1,
AR,0,0x1003BE00,64,1,
AR,0,0x1003BE40,64,1,
AR,0,0x1003BE80,64,1,
AR,0,0x1003BEC0,64,1,
AR,0,0x1003BF00,64,1,
AR,0,0x1003BF40,64,1,
AR,0,0x1003BF80,64,1,
AR,0,0x1003BFC0,64,1,
AR,0,0x1003C000,64,1,
AR,0,0x1003C040,64,1,
AR,0,0x1003C080,64,1,
AR,0,0x1003C0C0,64,1,
AR,0,0x1003C100,64,1,
AR,0,0x1003C140,64,1,
AR,0,0x1003C180,64,1,
AR,0,0x1003C1C0,64,1,
AR,0,0x1003C200,64,1,
AR,0,0x1003C240,64,1,
AR,0,0x1003C280,64,1,
AR,0,0x1003C2C0,64,1,
AR,0,0x1003C300,64,1,
AR,0,0x1003C340,64,1,
AR,0,0x1003C380,64,1,
AR,0,0x1003C3C0,64,1,
AR,0,0x1003C400,64,1,
AR,0,0x1003C440,64,1,
AR,0,0x1003C480,64,1,
AR,0,0x1003C4C0,64,1,
AR,0,0x1003C500,64,1,
AR,0,0x1003C540,64,1,
AR,0,0x1003C580,64,1,
AR,0,0x1003C5C0,64,1,
AR,0,0x1003C600,64,1,
AR,0,0x1003C640,64,1,
AR,0,0x1003C680,64,1,
AR,0,0x1003C6C0,64,1,
AR,0,0x1003C700,64,1,
AR,0,0x1003C740,64,1,
AR,0,0x1003C780,64,1,
AR,0,0x1003C7C0,64,1,
AR,0,0x1003C800,64,1,
AR,0,0x1003C840,64,1,
AR,0,0x1003C880,64,1,
AR,0,0x1003C8C0,64,1,
AR,0,0x1003C900,64,1,
AR,0,0x1003C940,64,1,
AR,0,0x1003C980,64,1,
AR,0,0x1003C9C0,64,1,
AR,0,0x1003CA00,64,1,
AR,0,0x1003CA40,64,1,
AR,0,0x1003CA80,64,1,
AR,0,0x1003CAC0,64,1,
AR,0,0x1003CB00,64,1,
AR,0,0x1003CB40,64,1,
AR,0,0x1003CB80,64,1,
AR,0,0x1003CBC0,64,1,
AR,0,0x1003CC00,64,1,
AR,0,0x1003CC40,64,1,
AR,0,0x1003CC80,64,1,
AR,0,0x1003CCC0,64,1,
AR,0,0x1003CD00,64,1,
AR,0,0x1003CD40,64,1,
AR,0,0x1003CD80,64,1,
AR,0,0x1003CDC0,64,1,
AR,0,0x1003CE00,64,1,
AR,0,0x1003CE40,64,1,
AR,0,0x1003CE80,64,1,
AR,0,0x1003CEC0,64,1,
AR,0,0x1003CF00,64,1,
AR,0,0x1003CF40,64,1,
AR,0,0x1003CF80,64,1,
AR,0,0x1003CFC0,64,1,
AR,0,0x1003D000,64,1,
AR,0,0x1003D040,64,1,
AR,0,0x1003D080,64,1,
AR,0,0x1003D0C0,64,1,
AR,0,0x1003D100,64,1,
AR,0,0x1003D140,64,1,
AR,0,0x1003D180,64,1,
AR,0,0x1003D1C0,64,1,
AR,0,0x1003D200,64,1,
AR,0,0x1003D240,64,1,
AR,0,0x1003D280,64,1,
AR,0,0x1003D2C0,64,1,
AR,0,0x1003D300,64,1,
AR,0,0x1003D340,64,1,
AR,0,0x1003D380,64,1,
AR,0,0x1003D3C0,64,1,
AR,0,0x1003D400,64,1,
AR,0,0x1003D440,64,1,
AR,0,0x1003D480,64,1,
AR,0,0x1003D4C0,64,1,
AR,0,0x1003D500,64,1,
AR,0,0x1003D540,64,1,
AR,0,0x1003D580,64,1,
AR,0,0x1003D5C0,64,1,
AR,0,0x1003D600,64,1,
AR,0,0x1003D640,64,1,
AR,0,0x1003D680,64,1,
AR,0,0x1003D6C0,64,1,
AR,0,0x1003D700,64,1,
AR,0,0x1003D740,64,1,
AR,0,0x1003D780,64,1,
AR,0,0x1003D7C0,64,1,
AR,0,0x1003D800,64,1,
AR,0,0x1003D840,64,1,
AR,0,0x1003D880,64,1,
AR,0,0x1003D8C0,64,1,
AR,0,0x1003D900,64,1,
AR,0,0x1003D940,64,1,
AR,0,0x1003D980,64,1,
AR,0,0x1003D9C0,64,1,
AR,0,0x1003DA00,64,1,
AR,0,0x1003DA40,64,1,
AR,0,0x1003DA80,64,1,
AR,0,0x1003DAC0,64,1,
AR,0,0x1003DB00,64,1,
AR,0,0x1003DB40,64,1,
AR,0,0x1003DB80,64,1,
AR,0,0x1003DBC0,64,1,
AR,0,0x1003DC00,64,1,
AR,0,0x1003DC40,64,1,
AR,0,0x1003DC80,64,1,
AR,0,0x1003DCC0,64,1,
AR,0,0x1003DD00,64,1,
AR,0,0x1003DD40,64,1,
AR,0,0x1003DD80,64,1,
AR,0,0x1003DDC0,64,1,
AR,0,0x1003DE00,64,1,
AR,0,0x1003DE40,64,1,
AR,0,0x1003DE80,64,1,
AR,0,0x1003DEC0,64,1,
AR,0,0x1003DF00,64,1,
AR,0,0x1003DF40,64,1,
AR,0,0x1003DF80,64,1,
AR,0,0x1003DFC0,64,1,
AR,0,0x1003E000,64,1,
AR,0,0x1003E040,64,1,
AR,0,0x1003E080,64,1,
AR,0,0x1003E0C0,64,1,
AR,0,0x1003E100,64,1,
AR,0,0x1003E140,64,1,
AR,0,0x1003E180,64,1,
AR,0,0x1003E1C0,64,1,
AR,0,0x1003E200,64,1,
AR,0,0x1003E240,64,1,
AR,0,0x1003E280,64,1,
AR,0,0x1003E2C0,64,1,
AR,0,0x1003E300,64,1,
AR,0,0x1003E340,64,1,
AR,0,0x1003E380,64,1,
AR,0,0x1003E3C0,64,1,
AR,0,0x1003E400,64,1,
AR,0,0x1003E440,64,1,
AR,0,0x1003E480,64,1,
AR,0,0x1003E4C0,64,1,
AR,0,0x1003E500,64,1,
AR,0,0x1003E540,64,1,
AR,0,0x1003E580,64,1,
AR,0,0x1003E5C0,64,1,
AR,0,0x1003E600,64,1,
AR,0,0x1003E640,64,1,
AR,0,0x1003E680,64,1,
AR,0,0x1003E6C0,64,1,
AR,0,0x1003E700,64,1,
AR,0,0x1003E740,64,1,
AR,0,0x1003E780,64,1,
AR,0,0x1003E7C0,64,1,
AR,0,0x1003E800,64,1,
AR,0,0x1003E840,64,1,
AR,0,0x1003E880,64,1,
AR,0,0x1003E8C0,64,1,
AR,0,0x1003E900,64,1,
AR,0,0x1003E940,64,1,
AR,0,0x1003E980,64,1,
AR,0,0x1003E9C0,64,1,
AR,0,0x1003EA00,64,1,
AR,0,0x1003EA40,64,1,
AR,0,0x1003EA80,64,1,
AR,0,0x1003EAC0,64,1,
AR,0,0x1003EB00,64,1,
AR,0,0x1003EB40,64,1,
AR,0,0x1003EB80,64,1,
AR,0,0x1003EBC0,64,1,
AR,0,0x1003EC00,64,1,
AR,0,0x1003EC40,64,1,
AR,0,0x1003EC80,64,1,
AR,0,0x1003ECC0,64,1,
AR,0,0x1003ED00,64,1,
AR,0,0x1003ED40,64,1,
AR,0,0x1003ED80,64,1,
AR,0,0x1003EDC0,64,1,
AR,0,0x1003EE00,64,1,
AR,0,0x1003EE40,64,1,
AR,0,0x1003EE80,64,1,
AR,0,0x1003EEC0,64,1,
AR,0,0x1003EF00,64,1,
AR,0,0x1003EF40,64,1,
AR,0,0x1003EF80,64,1,
AR,0,0x1003EFC0,64,1,
AR,0,0x1003F000,64,1,
AR,0,0x1003F040,64,1,
AR,0,0x1003F080,64,1,
AR,0,0x1003F0C0,64,1,
AR,0,0x1003F100,64,1,
AR,0,0x1003F140,64,1,
AR,0,0x1003F180,64,1,
AR,0,0x1003F1C0,64,1,
AR,0,0x1003F200,64,1,
AR,0,0x1003F240,64,1,
AR,0,0x1003F280,64,1,
AR,0,0x1003F2C0,64,1,
AR,0,0x1003F300,64,1,
AR,0,0x1003F340,64,1,
AR,0,0x1003F380,64,1,
AR,0,0x1003F3C0,64,1,
AR,0,0x1003F400,64,1,
AR,0,0x1003F440,64,1,
AR,0,0x1003F480,64,1,
AR,0,0x1003F4C0,64,1,
AR,0,0x1003F500,64,1,
AR,0,0x1003F540,64,1,
AR,0,0x1003F580,64,1,
AR,0,0x1003F5C0,64,1,
AR,0,0x1003F600,64,1,
AR,0,0x1003F640,64,1,
AR,0,0x1003F680,64,1,
AR,0,0x1003F6C0,64,1,
AR,0,0x1003F700,64,1,
AR,0,0x1003F740,64,1,
AR,0,0x1003F780,64,1,
AR,0,0x1003F7C0,64,1,
AR,0,0x1003F800,64,1,
AR,0,0x1003F840,64,1,
AR,0,0x1003F880,64,1,
AR,0,0x1003F8C0,64,1,
AR,0,0x1003F900,64,1,
AR,0,0x1003F940,64,1,
AR,0,0x1003F980,64,1,
AR,0,0x1003F9C0,64,1,
AR,0,0x1003FA00,64,1,
AR,0,0x1003FA40,64,1,
AR,0,0x1003FA80,64,1,
AR,0,0x1003FAC0,64,1,
AR,0,0x1003FB00,64,1,
AR,0,0x1003FB40,64,1,
AR,0,0x1003FB80,64,1,
AR,0,0x1003FBC0,64,1,
AR,0,0x1003FC00,64,1,
AR,0,0x1003FC40,64,1,
AR,0,0x1003FC80,64,1,
AR,0,0x1003FCC0,64,1,
AR,0,0x1003FD00,64,1,
AR,0,0x1003FD40,64,1,
AR,0,0x1003FD80,64,1,
AR,0,0x1003FDC0,64,1,
AR,0,0x1003FE00,64,1,
AR,0,0x1003FE40,64,1,
AR,0,0x1003FE80,64,1,
AR,0,0x1003FEC0,64,1,
AR,0,0x1003FF00,64,1,
AR,0,0x1003FF40,64,1,
AR,0,0x1003FF80,64,1,
AR,0,0x1003FFC0,64,1,
AR,0,0x10040000,64,1,
AR,0,0x10040040,64,1,
AR,0,0x10040080,64,1,
AR,0,0x100400C0,64,1,
AR,0,0x10040100,64,1,
AR,0,0x10040140,64,1,
AR,0,0x10040180,64,1,
AR,0,0x100401C0,64,1,
AR,0,0x10040200,64,1,
AR,0,0x10040240,64,1,
AR,0,0x10040280,64,1,
AR,0,0x100402C0,64,1,
AR,0,0x10040300,64,1,
AR,0,0x10040340,64,1,
AR,0,0x10040380,64,1,
AR,0,0x100403C0,64,1,
AR,0,0x10040400,64,1,
AR,0,0x10040440,64,1,
AR,0,0x10040480,64,1,
AR,0,0x100404C0,64,1,
AR,0,0x10040500,64,1,
AR,0,0x10040540,64,1,
AR,0,0x10040580,64,1,
AR,0,0x100405C0,64,1,
AR,0,0x10040600,64,1,
AR,0,0x10040640,64,1,
AR,0,0x10040680,64,1,
AR,0,0x100406C0,64,1,
AR,0,0x10040700,64,1,
AR,0,0x10040740,64,1,
AR,0,0x10040780,64,1,
AR,0,0x100407C0,64,1,
AR,0,0x10040800,64,1,
AR,0,0x10040840,64,1,
AR,0,0x10040880,64,1,
AR,0,0x100408C0,64,1,
AR,0,0x10040900,64,1,
AR,0,0x10040940,64,1,
AR,0,0x10040980,64,1,
AR,0,0x100409C0,64,1,
AR,0,0x10040A00,64,1,
AR,0,0x10040A40,64,1,
AR,0,0x10040A80,64,1,
AR,0,0x10040AC0,64,1,
AR,0,0x10040B00,64,1,
AR,0,0x10040B40,64,1,
AR,0,0x10040B80,64,1,
AR,0,0x10040BC0,64,1,
AR,0,0x10040C00,64,1,
AR,0,0x10040C40,64,1,
AR,0,0x10040C80,64,1,
AR,0,0x10040CC0,64,1,
AR,0,0x10040D00,64,1,
AR,0,0x10040D40,64,1,
AR,0,0x10040D80,64,1,
AR,0,0x10040DC0,64,1,
AR,0,0x10040E00,64,1,
AR,0,0x10040E40,64,1,
AR,0,0x10040E80,64,1,
AR,0,0x10040EC0,64,1,
AR,0,0x10040F00,64,1,
AR,0,0x10040F40,64,1,
AR,0,0x10040F80,64,1,
AR,0,0x10040FC0,64,1,
AR,0,0x10041000,64,1,
AR,0,0x10041040,64,1,
AR,0,0x10041080,64,1,
AR,0,0x100410C0,64,1,
AR,0,0x10041100,64,1,
AR,0,0x10041140,64,1,
AR,0,0x10041180,64,1,
AR,0,0x100411C0,64,1,
AR,0,0x10041200,64,1,
AR,0,0x10041240,64,1,
AR,0,0x10041280,64,1,
AR,0,0x100412C0,64,1,
AR,0,0x10041300,64,1,
AR,0,0x10041340,64,1,
AR,0,0x10041380,64,1,
AR,0,0x100413C0,64,1,
AR,0,0x10041400,64,1,
AR,0,0x10041440,64,1,
AR,0,0x10041480,64,1,
AR,0,0x100414C0,64,1,
AR,0,0x10041500,64,1,
AR,0,0x10041540,64,1,
AR,0,0x10041580,64,1,
AR,0,0x100415C0,64,1,
AR,0,0x10041600,64,1,
AR,0,0x10041640,64,1,
AR,0,0x10041680,64,1,
AR,0,0x100416C0,64,1,
AR,0,0x10041700,64,1,
AR,0,0x10041740,64,1,
AR,0,0x10041780,64,1,
AR,0,0x100417C0,64,1,
AR,0,0x10041800,64,1,
AR,0,0x10041840,64,1,
AR,0,0x10041880,64,1,
AR,0,0x100418C0,64,1,
AR,0,0x10041900,64,1,
AR,0,0x10041940,64,1,
AR,0,0x10041980,64,1,
AR,0,0x100419C0,64,1,
AR,0,0x10041A00,64,1,
AR,0,0x10041A40,64,1,
AR,0,0x10041A80,64,1,
AR,0,0x10041AC0,64,1,
AR,0,0x10041B00,64,1,
AR,0,0x10041B40,64,1,
AR,0,0x10041B80,64,1,
AR,0,0x10041BC0,64,1,
AR,0,0x10041C00,64,1,
AR,0,0x10041C40,64,1,
AR,0,0x10041C80,64,1,
AR,0,0x10041CC0,64,1,
AR,0,0x10041D00,64,1,
AR,0,0x10041D40,64,1,
AR,0,0x10041D80,64,1,
AR,0,0x10041DC0,64,1,
AR,0,0x10041E00,64,1,
AR,0,0x10041E40,64,1,
AR,0,0x10041E80,64,1,
AR,0,0x10041EC0,64,1,
AR,0,0x10041F00,64,1,
AR,0,0x10041F40,64,1,
AR,0,0x10041F80,64,1,
AR,0,0x10041FC0,64,1,
AR,0,0x10042000,64,1,
AR,0,0x10042040,64,1,
AR,0,0x10042080,64,1,
AR,0,0x100420C0,64,1,
AR,0,0x10042100,64,1,
AR,0,0x10042140,64,1,
AR,0,0x10042180,64,1,
AR,0,0x100421C0,64,1,
AR,0,0x10042200,64,1,
AR,0,0x10042240,64,1,
AR,0,0x10042280,64,1,
AR,0,0x100422C0,64,1,
AR,0,0x10042300,64,1,
AR,0,0x10042340,64,1,
AR,0,0x10042380,64,1,
AR,0,0x100423C0,64,1,
AR,0,0x10042400,64,1,
AR,0,0x10042440,64,1,
AR,0,0x10042480,64,1,
AR,0,0x100424C0,64,1,
AR,0,0x10042500,64,1,
AR,0,0x10042540,64,1,
AR,0,0x10042580,64,1,
AR,0,0x100425C0,64,1,
AR,0,0x10042600,64,1,
AR,0,0x10042640,64,1,
AR,0,0x10042680,64,1,
AR,0,0x100426C0,64,1,
AR,0,0x10042700,64,1,
AR,0,0x10042740,64,1,
AR,0,0x10042780,64,1,
AR,0,0x100427C0,64,1,
AR,0,0x10042800,64,1,
AR,0,0x10042840,64,1,
AR,0,0x10042880,64,1,
AR,0,0x100428C0,64,1,
AR,0,0x10042900,64,1,
AR,0,0x10042940,64,1,
AR,0,0x10042980,64,1,
AR,0,0x100429C0,64,1,
AR,0,0x10042A00,64,1,
AR,0,0x10042A40,64,1,
AR,0,0x10042A80,64,1,
AR,0,0x10042AC0,64,1,
AR,0,0x10042B00,64,1,
AR,0,0x10042B40,64,1,
AR,0,0x10042B80,64,1,
AR,0,0x10042BC0,64,1,
AR,0,0x10042C00,64,1,
AR,0,0x10042C40,64,1,
AR,0,0x10042C80,64,1,
AR,0,0x10042CC0,64,1,
AR,0,0x10042D00,64,1,
AR,0,0x10042D40,64,1,
AR,0,0x10042D80,64,1,
AR,0,0x10042DC0,64,1,
AR,0,0x10042E00,64,1,
AR,0,0x10042E40,64,1,
AR,0,0x10042E80,64,1,
AR,0,0x10042EC0,64,1,
AR,0,0x10042F00,64,1,
AR,0,0x10042F40,64,1,
AR,0,0x10042F80,64,1,
AR,0,0x10042FC0,64,1,
AR,0,0x10043000,64,1,
AR,0,0x10043040,64,1,
AR,0,0x10043080,64,1,
AR,0,0x100430C0,64,1,
AR,0,0x10043100,64,1,
AR,0,0x10043140,64,1,
AR,0,0x10043180,64,1,
AR,0,0x100431C0,64,1,
AR,0,0x10043200,64,1,
AR,0,0x10043240,64,1,
AR,0,0x10043280,64,1,
AR,0,0x100432C0,64,1,
AR,0,0x10043300,64,1,
AR,0,0x10043340,64,1,
AR,0,0x10043380,64,1,
AR,0,0x100433C0,64,1,
AR,0,0x10043400,64,1,
AR,0,0x10043440,64,1,
AR,0,0x10043480,64,1,
AR,0,0x100434C0,64,1,
AR,0,0x10043500,64,1,
AR,0,0x10043540,64,1,
AR,0,0x10043580,64,1,
AR,0,0x100435C0,64,1,
AR,0,0x10043600,64,1,
AR,0,0x10043640,64,1,
AR,0,0x10043680,64,1,
AR,0,0x100436C0,64,1,
AR,0,0x10043700,64,1,
AR,0,0x10043740,64,1,
AR,0,0x10043780,64,1,
AR,0,0x100437C0,64,1,
AR,0,0x10043800,64,1,
AR,0,0x10043840,64,1,
AR,0,0x10043880,64,1,
AR,0,0x100438C0,64,1,
AR,0,0x10043900,64,1,
AR,0,0x10043940,64,1,
AR,0,0x10043980,64,1,
AR,0,0x100439C0,64,1,
AR,0,0x10043A00,64,1,
AR,0,0x10043A40,64,1,
AR,0,0x10043A80,64,1,
AR,0,0x10043AC0,64,1,
AR,0,0x10043B00,64,1,
AR,0,0x10043B40,64,1,
AR,0,0x10043B80,64,1,
AR,0,0x10043BC0,64,1,
AR,0,0x10043C00,64,1,
AR,0,0x10043C40,64,1,
AR,0,0x10043C80,64,1,
AR,0,0x10043CC0,64,1,
AR,0,0x10043D00,64,1,
AR,0,0x10043D40,64,1,
AR,0,0x10043D80,64,1,
AR,0,0x10043DC0,64,1,
AR,0,0x10043E00,64,1,
AR,0,0x10043E40,64,1,
AR,0,0x10043E80,64,1,
AR,0,0x10043EC0,64,1,
AR,0,0x10043F00,64,1,
AR,0,0x10043F40,64,1,
AR,0,0x10043F80,64,1,
AR,0,0x10043FC0,64,1,
AR,0,0x10044000,64,1,
AR,0,0x10044040,64,1,
AR,0,0x10044080,64,1,
AR,0,0x100440C0,64,1,
AR,0,0x10044100,64,1,
AR,0,0x10044140,64,1,
AR,0,0x10044180,64,1,
AR,0,0x100441C0,64,1,
AR,0,0x10044200,64,1,
AR,0,0x10044240,64,1,
AR,0,0x10044280,64,1,
AR,0,0x100442C0,64,1,
AR,0,0x10044300,64,1,
AR,0,0x10044340,64,1,
AR,0,0x10044380,64,1,
AR,0,0x100443C0,64,1,
AR,0,0x10044400,64,1,
AR,0,0x10044440,64,1,
AR,0,0x10044480,64,1,
AR,0,0x100444C0,64,1,
AR,0,0x10044500,64,1,
AR,0,0x10044540,64,1,
AR,0,0x10044580,64,1,
AR,0,0x100445C0,64,1,
AR,0,0x10044600,64,1,
AR,0,0x10044640,64,1,
AR,0,0x10044680,64,1,
AR,0,0x100446C0,64,1,
AR,0,0x10044700,64,1,
AR,0,0x10044740,64,1,
AR,0,0x10044780,64,1,
AR,0,0x100447C0,64,1,
AR,0,0x10044800,64,1,
AR,0,0x10044840,64,1,
AR,0,0x10044880,64,1,
AR,0,0x100448C0,64,1,
AR,0,0x10044900,64,1,
AR,0,0x10044940,64,1,
AR,0,0x10044980,64,1,
AR,0,0x100449C0,64,1,
AR,0,0x10044A00,64,1,
AR,0,0x10044A40,64,1,
AR,0,0x10044A80,64,1,
AR,0,0x10044AC0,64,1,
AR,0,0x10044B00,64,1,
AR,0,0x10044B40,64,1,
AR,0,0x10044B80,64,1,
AR,0,0x10044BC0,64,1,
AR,0,0x10044C00,64,1,
AR,0,0x10044C40,64,1,
AR,0,0x10044C80,64,1,
AR,0,0x10044CC0,64,1,
AR,0,0x10044D00,64,1,
AR,0,0x10044D40,64,1,
AR,0,0x10044D80,64,1,
AR,0,0x10044DC0,64,1,
AR,0,0x10044E00,64,1,
AR,0,0x10044E40,64,1,
AR,0,0x10044E80,64,1,
AR,0,0x10044EC0,64,1,
AR,0,0x10044F00,64,1,
AR,0,0x10044F40,64,1,
AR,0,0x10044F80,64,1,
AR,0,0x10044FC0,64,1,
AR,0,0x10045000,64,1,
AR,0,0x10045040,64,1,
AR,0,0x10045080,64,1,
AR,0,0x100450C0,64,1,
AR,0,0x10045100,64,1,
AR,0,0x10045140,64,1,
AR,0,0x10045180,64,1,
AR,0,0x100451C0,64,1,
AR,0,0x10045200,64,1,
AR,0,0x10045240,64,1,
AR,0,0x10045280,64,1,
AR,0,0x100452C0,64,1,
AR,0,0x10045300,64,1,
AR,0,0x10045340,64,1,
AR,0,0x10045380,64,1,
AR,0,0x100453C0,64,1,
AR,0,0x10045400,64,1,
AR,0,0x10045440,64,1,
AR,0,0x10045480,64,1,
AR,0,0x100454C0,64,1,
AR,0,0x10045500,64,1,
AR,0,0x10045540,64,1,
AR,0,0x10045580,64,1,
AR,0,0x100455C0,64,1,
AR,0,0x10045600,64,1,
AR,0,0x10045640,64,1,
AR,0,0x10045680,64,1,
AR,0,0x100456C0,64,1,
AR,0,0x10045700,64,1,
AR,0,0x10045740,64,1,
AR,0,0x10045780,64,1,
AR,0,0x100457C0,64,1,
AR,0,0x10045800,64,1,
AR,0,0x10045840,64,1,
AR,0,0x10045880,64,1,
AR,0,0x100458C0,64,1,
AR,0,0x10045900,64,1,
AR,0,0x10045940,64,1,
AR,0,0x10045980,64,1,
AR,0,0x100459C0,64,1,
AR,0,0x10045A00,64,1,
AR,0,0x10045A40,64,1,
AR,0,0x10045A80,64,1,
AR,0,0x10045AC0,64,1,
AR,0,0x10045B00,64,1,
AR,0,0x10045B40,64,1,
AR,0,0x10045B80,64,1,
AR,0,0x10045BC0,64,1,
AR,0,0x10045C00,64,1,
AR,0,0x10045C40,64,1,
AR,0,0x10045C80,64,1,
AR,0,0x10045CC0,64,1,
AR,0,0x10045D00,64,1,
AR,0,0x10045D40,64,1,
AR,0,0x10045D80,64,1,
AR,0,0x10045DC0,64,1,
AR,0,0x10045E00,64,1,
AR,0,0x10045E40,64,1,
AR,0,0x10045E80,64,1,
AR,0,0x10045EC0,64,1,
AR,0,0x10045F00,64,1,
AR,0,0x10045F40,64,1,
AR,0,0x10045F80,64,1,
AR,0,0x10045FC0,64,1,
AR,0,0x10046000,64,1,
AR,0,0x10046040,64,1,
AR,0,0x10046080,64,1,
AR,0,0x100460C0,64,1,
AR,0,0x10046100,64,1,
AR,0,0x10046140,64,1,
AR,0,0x10046180,64,1,
AR,0,0x100461C0,64,1,
AR,0,0x10046200,64,1,
AR,0,0x10046240,64,1,
AR,0,0x10046280,64,1,
AR,0,0x100462C0,64,1,
AR,0,0x10046300,64,1,
AR,0,0x10046340,64,1,
AR,0,0x10046380,64,1,
AR,0,0x100463C0,64,1,
AR,0,0x10046400,64,1,
AR,0,0x10046440,64,1,
AR,0,0x10046480,64,1,
AR,0,0x100464C0,64,1,
AR,0,0x10046500,64,1,
AR,0,0x10046540,64,1,
AR,0,0x10046580,64,1,
AR,0,0x100465C0,64,1,
AR,0,0x10046600,64,1,
AR,0,0x10046640,64,1,
AR,0,0x10046680,64,1,
AR,0,0x100466C0,64,1,
AR,0,0x10046700,64,1,
AR,0,0x10046740,64,1,
AR,0,0x10046780,64,1,
AR,0,0x100467C0,64,1,
AR,0,0x10046800,64,1,
AR,0,0x10046840,64,1,
AR,0,0x10046880,64,1,
AR,0,0x100468C0,64,1,
AR,0,0x10046900,64,1,
AR,0,0x10046940,64,1,
AR,0,0x10046980,64,1,
AR,0,0x100469C0,64,1,
AR,0,0x10046A00,64,1,
AR,0,0x10046A40,64,1,
AR,0,0x10046A80,64,1,
AR,0,0x10046AC0,64,1,
AR,0,0x10046B00,64,1,
AR,0,0x10046B40,64,1,
AR,0,0x10046B80,64,1,
AR,0,0x10046BC0,64,1,
AR,0,0x10046C00,64,1,
AR,0,0x10046C40,64,1,
AR,0,0x10046C80,64,1,
AR,0,0x10046CC0,64,1,
AR,0,0x10046D00,64,1,
AR,0,0x10046D40,64,1,
AR,0,0x10046D80,64,1,
AR,0,0x10046DC0,64,1,
AR,0,0x10046E00,64,1,
AR,0,0x10046E40,64,1,
AR,0,0x10046E80,64,1,
AR,0,0x10046EC0,64,1,
AR,0,0x10046F00,64,1,
AR,0,0x10046F40,64,1,
AR,0,0x10046F80,64,1,
AR,0,0x10046FC0,64,1,
AR,0,0x10047000,64,1,
AR,0,0x10047040,64,1,
AR,0,0x10047080,64,1,
AR,0,0x100470C0,64,1,
AR,0,0x10047100,64,1,
AR,0,0x10047140,64,1,
AR,0,0x10047180,64,1,
AR,0,0x100471C0,64,1,
AR,0,0x10047200,64,1,
AR,0,0x10047240,64,1,
AR,0,0x10047280,64,1,
AR,0,0x100472C0,64,1,
AR,0,0x10047300,64,1,
AR,0,0x10047340,64,1,
AR,0,0x10047380,64,1,
AR,0,0x100473C0,64,1,
AR,0,0x10047400,64,1,
AR,0,0x10047440,64,1,
AR,0,0x10047480,64,1,
AR,0,0x100474C0,64,1,
AR,0,0x10047500,64,1,
AR,0,0x10047540,64,1,
AR,0,0x10047580,64,1,
AR,0,0x100475C0,64,1,
AR,0,0x10047600,64,1,
AR,0,0x10047640,64,1,
AR,0,0x10047680,64,1,
AR,0,0x100476C0,64,1,
AR,0,0x10047700,64,1,
AR,0,0x10047740,64,1,
AR,0,0x10047780,64,1,
AR,0,0x100477C0,64,1,
AR,0,0x10047800,64,1,
AR,0,0x10047840,64,1,
AR,0,0x10047880,64,1,
AR,0,0x100478C0,64,1,
AR,0,0x10047900,64,1,
AR,0,0x10047940,64,1,
AR,0,0x10047980,64,1,
AR,0,0x100479C0,64,1,
AR,0,0x10047A00,64,1,
AR,0,0x10047A40,64,1,
AR,0,0x10047A80,64,1,
AR,0,0x10047AC0,64,1,
AR,0,0x10047B00,64,1,
AR,0,0x10047B40,64,1,
AR,0,0x10047B80,64,1,
AR,0,0x10047BC0,64,1,
AR,0,0x10047C00,64,1,
AR,0,0x10047C40,64,1,
AR,0,0x10047C80,64,1,
AR,0,0x10047CC0,64,1,
AR,0,0x10047D00,64,1,
AR,0,0x10047D40,64,1,
AR,0,0x10047D80,64,1,
AR,0,0x10047DC0,64,1,
AR,0,0x10047E00,64,1,
AR,0,0x10047E40,64,1,
AR,0,0x10047E80,64,1,
AR,0,0x10047EC0,64,1,
AR,0,0x10047F00,64,1,
AR,0,0x10047F40,64,1,
AR,0,0x10047F80,64,1,
AR,0,0x10047FC0,64,1,
AR,0,0x10048000,64,1,
AR,0,0x10048040,64,1,
AR,0,0x10048080,64,1,
AR,0,0x100480C0,64,1,
AR,0,0x10048100,64,1,
AR,0,0x10048140,64,1,
AR,0,0x10048180,64,1,
AR,0,0x100481C0,64,1,
AR,0,0x10048200,64,1,
AR,0,0x10048240,64,1,
AR,0,0x10048280,64,1,
AR,0,0x100482C0,64,1,
AR,0,0x10048300,64,1,
AR,0,0x10048340,64,1,
AR,0,0x10048380,64,1,
AR,0,0x100483C0,64,1,
AR,0,0x10048400,64,1,
AR,0,0x10048440,64,1,
AR,0,0x10048480,64,1,
AR,0,0x100484C0,64,1,
AR,0,0x10048500,64,1,
AR,0,0x10048540,64,1,
AR,0,0x10048580,64,1,
AR,0,0x100485C0,64,1,
AR,0,0x10048600,64,1,
AR,0,0x10048640,64,1,
AR,0,0x10048680,64,1,
AR,0,0x100486C0,64,1,
AR,0,0x10048700,64,1,
AR,0,0x10048740,64,1,
AR,0,0x10048780,64,1,
AR,0,0x100487C0,64,1,
AR,0,0x10048800,64,1,
AR,0,0x10048840,64,1,
AR,0,0x10048880,64,1,
AR,0,0x100488C0,64,1,
AR,0,0x10048900,64,1,
AR,0,0x10048940,64,1,
AR,0,0x10048980,64,1,
AR,0,0x100489C0,64,1,
AR,0,0x10048A00,64,1,
AR,0,0x10048A40,64,1,
AR,0,0x10048A80,64,1,
AR,0,0x10048AC0,64,1,
AR,0,0x10048B00,64,1,
AR,0,0x10048B40,64,1,
AR,0,0x10048B80,64,1,
AR,0,0x10048BC0,64,1,
AR,0,0x10048C00,64,1,
AR,0,0x10048C40,64,1,
AR,0,0x10048C80,64,1,
AR,0,0x10048CC0,64,1,
AR,0,0x10048D00,64,1,
AR,0,0x10048D40,64,1,
AR,0,0x10048D80,64,1,
AR,0,0x10048DC0,64,1,
AR,0,0x10048E00,64,1,
AR,0,0x10048E40,64,1,
AR,0,0x10048E80,64,1,
AR,0,0x10048EC0,64,1,
AR,0,0x10048F00,64,1,
AR,0,0x10048F40,64,1,
AR,0,0x10048F80,64,1,
AR,0,0x10048FC0,64,1,
AR,0,0x10049000,64,1,
AR,0,0x10049040,64,1,
AR,0,0x10049080,64,1,
AR,0,0x100490C0,64,1,
AR,0,0x10049100,64,1,
AR,0,0x10049140,64,1,
AR,0,0x10049180,64,1,
AR,0,0x100491C0,64,1,
AR,0,0x10049200,64,1,
AR,0,0x10049240,64,1,
AR,0,0x10049280,64,1,
AR,0,0x100492C0,64,1,
AR,0,0x10049300,64,1,
AR,0,0x10049340,64,1,
AR,0,0x10049380,64,1,
AR,0,0x100493C0,64,1,
AR,0,0x10049400,64,1,
AR,0,0x10049440,64,1,
AR,0,0x10049480,64,1,
AR,0,0x100494C0,64,1,
AR,0,0x10049500,64,1,
AR,0,0x10049540,64,1,
AR,0,0x10049580,64,1,
AR,0,0x100495C0,64,1,
AR,0,0x10049600,64,1,
AR,0,0x10049640,64,1,
AR,0,0x10049680,64,1,
AR,0,0x100496C0,64,1,
AR,0,0x10049700,64,1,
AR,0,0x10049740,64,1,
AR,0,0x10049780,64,1,
AR,0,0x100497C0,64,1,
AR,0,0x10049800,64,1,
AR,0,0x10049840,64,1,
AR,0,0x10049880,64,1,
AR,0,0x100498C0,64,1,
AR,0,0x10049900,64,1,
AR,0,0x10049940,64,1,
AR,0,0x10049980,64,1,
AR,0,0x100499C0,64,1,
AR,0,0x10049A00,64,1,
AR,0,0x10049A40,64,1,
AR,0,0x10049A80,64,1,
AR,0,0x10049AC0,64,1,
AR,0,0x10049B00,64,1,
AR,0,0x10049B40,64,1,
AR,0,0x10049B80,64,1,
AR,0,0x10049BC0,64,1,
AR,0,0x10049C00,64,1,
AR,0,0x10049C40,64,1,
AR,0,0x10049C80,64,1,
AR,0,0x10049CC0,64,1,
AR,0,0x10049D00,64,1,
AR,0,0x10049D40,64,1,
AR,0,0x10049D80,64,1,
AR,0,0x10049DC0,64,1,
AR,0,0x10049E00,64,1,
AR,0,0x10049E40,64,1,
AR,0,0x10049E80,64,1,
AR,0,0x10049EC0,64,1,
AR,0,0x10049F00,64,1,
AR,0,0x10049F40,64,1,
AR,0,0x10049F80,64,1,
AR,0,0x10049FC0,64,1,
AR,0,0x1004A000,64,1,
AR,0,0x1004A040,64,1,
AR,0,0x1004A080,64,1,
AR,0,0x1004A0C0,64,1,
AR,0,0x1004A100,64,1,
AR,0,0x1004A140,64,1,
AR,0,0x1004A180,64,1,
AR,0,0x1004A1C0,64,1,
AR,0,0x1004A200,64,1,
AR,0,0x1004A240,64,1,
AR,0,0x1004A280,64,1,
AR,0,0x1004A2C0,64,1,
AR,0,0x1004A300,64,1,
AR,0,0x1004A340,64,1,
AR,0,0x1004A380,64,1,
AR,0,0x1004A3C0,64,1,
AR,0,0x1004A400,64,1,
AR,0,0x1004A440,64,1,
AR,0,0x1004A480,64,1,
AR,0,0x1004A4C0,64,1,
AR,0,0x1004A500,64,1,
AR,0,0x1004A540,64,1,
AR,0,0x1004A580,64,1,
AR,0,0x1004A5C0,64,1,
AR,0,0x1004A600,64,1,
AR,0,0x1004A640,64,1,
AR,0,0x1004A680,64,1,
AR,0,0x1004A6C0,64,1,
AR,0,0x1004A700,64,1,
AR,0,0x1004A740,64,1,
AR,0,0x1004A780,64,1,
AR,0,0x1004A7C0,64,1,
AR,0,0x1004A800,64,1,
AR,0,0x1004A840,64,1,
AR,0,0x1004A880,64,1,
AR,0,0x1004A8C0,64,1,
AR,0,0x1004A900,64,1,
AR,0,0x1004A940,64,1,
AR,0,0x1004A980,64,1,
AR,0,0x1004A9C0,64,1,
AR,0,0x1004AA00,64,1,
AR,0,0x1004AA40,64,1,
AR,0,0x1004AA80,64,1,
AR,0,0x1004AAC0,64,1,
AR,0,0x1004AB00,64,1,
AR,0,0x1004AB40,64,1,
AR,0,0x1004AB80,64,1,
AR,0,0x1004ABC0,64,1,
AR,0,0x1004AC00,64,1,
AR,0,0x1004AC40,64,1,
AR,0,0x1004AC80,64,1,
AR,0,0x1004ACC0,64,1,
AR,0,0x1004AD00,64,1,
AR,0,0x1004AD40,64,1,
AR,0,0x1004AD80,64,1,
AR,0,0x1004ADC0,64,1,
AR,0,0x1004AE00,64,1,
AR,0,0x1004AE40,64,1,
AR,0,0x1004AE80,64,1,
AR,0,0x1004AEC0,64,1,
AR,0,0x1004AF00,64,1,
AR,0,0x1004AF40,64,1,
AR,0,0x1004AF80,64,1,
AR,0,0x1004AFC0,64,1,
AR,0,0x1004B000,64,1,
AR,0,0x1004B040,64,1,
AR,0,0x1004B080,64,1,
AR,0,0x1004B0C0,64,1,
AR,0,0x1004B100,64,1,
AR,0,0x1004B140,64,1,
AR,0,0x1004B180,64,1,
AR,0,0x1004B1C0,64,1,
AR,0,0x1004B200,64,1,
AR,0,0x1004B240,64,1,
AR,0,0x1004B280,64,1,
AR,0,0x1004B2C0,64,1,
AR,0,0x1004B300,64,1,
AR,0,0x1004B340,64,1,
AR,0,0x1004B380,64,1,
AR,0,0x1004B3C0,64,1,
AR,0,0x1004B400,64,1,
AR,0,0x1004B440,64,1,
AR,0,0x1004B480,64,1,
AR,0,0x1004B4C0,64,1,
AR,0,0x1004B500,64,1,
AR,0,0x1004B540,64,1,
AR,0,0x1004B580,64,1,
AR,0,0x1004B5C0,64,1,
AR,0,0x1004B600,64,1,
AR,0,0x1004B640,64,1,
AR,0,0x1004B680,64,1,
AR,0,0x1004B6C0,64,1,
AR,0,0x1004B700,64,1,
AR,0,0x1004B740,64,1,
AR,0,0x1004B780,64,1,
AR,0,0x1004B7C0,64,1,
AR,0,0x1004B800,64,1,
AR,0,0x1004B840,64,1,
AR,0,0x1004B880,64,1,
AR,0,0x1004B8C0,64,1,
AR,0,0x1004B900,64,1,
AR,0,0x1004B940,64,1,
AR,0,0x1004B980,64,1,
AR,0,0x1004B9C0,64,1,
AR,0,0x1004BA00,64,1,
AR,0,0x1004BA40,64,1,
AR,0,0x1004BA80,64,1,
AR,0,0x1004BAC0,64,1,
AR,0,0x1004BB00,64,1,
AR,0,0x1004BB40,64,1,
AR,0,0x1004BB80,64,1,
AR,0,0x1004BBC0,64,1,
AR,0,0x1004BC00,64,1,
AR,0,0x1004BC40,64,1,
AR,0,0x1004BC80,64,1,
AR,0,0x1004BCC0,64,1,
AR,0,0x1004BD00,64,1,
AR,0,0x1004BD40,64,1,
AR,0,0x1004BD80,64,1,
AR,0,0x1004BDC0,64,1,
AR,0,0x1004BE00,64,1,
AR,0,0x1004BE40,64,1,
AR,0,0x1004BE80,64,1,
AR,0,0x1004BEC0,64,1,
AR,0,0x1004BF00,64,1,
AR,0,0x1004BF40,64,1,
AR,0,0x1004BF80,64,1,
AR,0,0x1004BFC0,64,1,
AR,0,0x1004C000,64,1,
AR,0,0x1004C040,64,1,
AR,0,0x1004C080,64,1,
AR,0,0x1004C0C0,64,1,
AR,0,0x1004C100,64,1,
AR,0,0x1004C140,64,1,
AR,0,0x1004C180,64,1,
AR,0,0x1004C1C0,64,1,
AR,0,0x1004C200,64,1,
AR,0,0x1004C240,64,1,
AR,0,0x1004C280,64,1,
AR,0,0x1004C2C0,64,1,
AR,0,0x1004C300,64,1,
AR,0,0x1004C340,64,1,
AR,0,0x1004C380,64,1,
AR,0,0x1004C3C0,64,1,
AR,0,0x1004C400,64,1,
AR,0,0x1004C440,64,1,
AR,0,0x1004C480,64,1,
AR,0,0x1004C4C0,64,1,
AR,0,0x1004C500,64,1,
AR,0,0x1004C540,64,1,
AR,0,0x1004C580,64,1,
AR,0,0x1004C5C0,64,1,
AR,0,0x1004C600,64,1,
AR,0,0x1004C640,64,1,
AR,0,0x1004C680,64,1,
AR,0,0x1004C6C0,64,1,
AR,0,0x1004C700,64,1,
AR,0,0x1004C740,64,1,
AR,0,0x1004C780,64,1,
AR,0,0x1004C7C0,64,1,
AR,0,0x1004C800,64,1,
AR,0,0x1004C840,64,1,
AR,0,0x1004C880,64,1,
AR,0,0x1004C8C0,64,1,
AR,0,0x1004C900,64,1,
AR,0,0x1004C940,64,1,
AR,0,0x1004C980,64,1,
AR,0,0x1004C9C0,64,1,
AR,0,0x1004CA00,64,1,
AR,0,0x1004CA40,64,1,
AR,0,0x1004CA80,64,1,
AR,0,0x1004CAC0,64,1,
AR,0,0x1004CB00,64,1,
AR,0,0x1004CB40,64,1,
AR,0,0x1004CB80,64,1,
AR,0,0x1004CBC0,64,1,
AR,0,0x1004CC00,64,1,
AR,0,0x1004CC40,64,1,
AR,0,0x1004CC80,64,1,
AR,0,0x1004CCC0,64,1,
AR,0,0x1004CD00,64,1,
AR,0,0x1004CD40,64,1,
AR,0,0x1004CD80,64,1,
AR,0,0x1004CDC0,64,1,
AR,0,0x1004CE00,64,1,
AR,0,0x1004CE40,64,1,
AR,0,0x1004CE80,64,1,
AR,0,0x1004CEC0,64,1,
AR,0,0x1004CF00,64,1,
AR,0,0x1004CF40,64,1,
AR,0,0x1004CF80,64,1,
AR,0,0x1004CFC0,64,1,
AR,0,0x1004D000,64,1,
AR,0,0x1004D040,64,1,
AR,0,0x1004D080,64,1,
AR,0,0x1004D0C0,64,1,
AR,0,0x1004D100,64,1,
AR,0,0x1004D140,64,1,
AR,0,0x1004D180,64,1,
AR,0,0x1004D1C0,64,1,
AR,0,0x1004D200,64,1,
AR,0,0x1004D240,64,1,
AR,0,0x1004D280,64,1,
AR,0,0x1004D2C0,64,1,
AR,0,0x1004D300,64,1,
AR,0,0x1004D340,64,1,
AR,0,0x1004D380,64,1,
AR,0,0x1004D3C0,64,1,
AR,0,0x1004D400,64,1,
AR,0,0x1004D440,64,1,
AR,0,0x1004D480,64,1,
AR,0,0x1004D4C0,64,1,
AR,0,0x1004D500,64,1,
AR,0,0x1004D540,64,1,
AR,0,0x1004D580,64,1,
AR,0,0x1004D5C0,64,1,
AR,0,0x1004D600,64,1,
AR,0,0x1004D640,64,1,
AR,0,0x1004D680,64,1,
AR,0,0x1004D6C0,64,1,
AR,0,0x1004D700,64,1,
AR,0,0x1004D740,64,1,
AR,0,0x1004D780,64,1,
AR,0,0x1004D7C0,64,1,
AR,0,0x1004D800,64,1,
AR,0,0x1004D840,64,1,
AR,0,0x1004D880,64,1,
AR,0,0x1004D8C0,64,1,
AR,0,0x1004D900,64,1,
AR,0,0x1004D940,64,1,
AR,0,0x1004D980,64,1,
AR,0,0x1004D9C0,64,1,
AR,0,0x1004DA00,64,1,
AR,0,0x1004DA40,64,1,
AR,0,0x1004DA80,64,1,
AR,0,0x1004DAC0,64,1,
AR,0,0x1004DB00,64,1,
AR,0,0x1004DB40,64,1,
AR,0,0x1004DB80,64,1,
AR,0,0x1004DBC0,64,1,
AR,0,0x1004DC00,64,1,
AR,0,0x1004DC40,64,1,
AR,0,0x1004DC80,64,1,
AR,0,0x1004DCC0,64,1,
AR,0,0x1004DD00,64,1,
AR,0,0x1004DD40,64,1,
AR,0,0x1004DD80,64,1,
AR,0,0x1004DDC0,64,1,
AR,0,0x1004DE00,64,1,
AR,0,0x1004DE40,64,1,
AR,0,0x1004DE80,64,1,
AR,0,0x1004DEC0,64,1,
AR,0,0x1004DF00,64,1,
AR,0,0x1004DF40,64,1,
AR,0,0x1004DF80,64,1,
AR,0,0x1004DFC0,64,1,
AR,0,0x1004E000,64,1,
AR,0,0x1004E040,64,1,
AR,0,0x1004E080,64,1,
AR,0,0x1004E0C0,64,1,
AR,0,0x1004E100,64,1,
AR,0,0x1004E140,64,1,
AR,0,0x1004E180,64,1,
AR,0,0x1004E1C0,64,1,
AR,0,0x1004E200,64,1,
AR,0,0x1004E240,64,1,
AR,0,0x1004E280,64,1,
AR,0,0x1004E2C0,64,1,
AR,0,0x1004E300,64,1,
AR,0,0x1004E340,64,1,
AR,0,0x1004E380,64,1,
AR,0,0x1004E3C0,64,1,
AR,0,0x1004E400,64,1,
AR,0,0x1004E440,64,1,
AR,0,0x1004E480,64,1,
AR,0,0x1004E4C0,64,1,
AR,0,0x1004E500,64,1,
AR,0,0x1004E540,64,1,
AR,0,0x1004E580,64,1,
AR,0,0x1004E5C0,64,1,
AR,0,0x1004E600,64,1,
AR,0,0x1004E640,64,1,
AR,0,0x1004E680,64,1,
AR,0,0x1004E6C0,64,1,
AR,0,0x1004E700,64,1,
AR,0,0x1004E740,64,1,
AR,0,0x1004E780,64,1,
AR,0,0x1004E7C0,64,1,
AR,0,0x1004E800,64,1,
AR,0,0x1004E840,64,1,
AR,0,0x1004E880,64,1,
AR,0,0x1004E8C0,64,1,
AR,0,0x1004E900,64,1,
AR,0,0x1004E940,64,1,
AR,0,0x1004E980,64,1,
AR,0,0x1004E9C0,64,1,
AR,0,0x1004EA00,64,1,
AR,0,0x1004EA40,64,1,
AR,0,0x1004EA80,64,1,
AR,0,0x1004EAC0,64,1,
AR,0,0x1004EB00,64,1,
AR,0,0x1004EB40,64,1,
AR,0,0x1004EB80,64,1,
AR,0,0x1004EBC0,64,1,
AR,0,0x1004EC00,64,1,
AR,0,0x1004EC40,64,1,
AR,0,0x1004EC80,64,1,
AR,0,0x1004ECC0,64,1,
AR,0,0x1004ED00,64,1,
AR,0,0x1004ED40,64,1,
AR,0,0x1004ED80,64,1,
AR,0,0x1004EDC0,64,1,
AR,0,0x1004EE00,64,1,
AR,0,0x1004EE40,64,1,
AR,0,0x1004EE80,64,1,
AR,0,0x1004EEC0,64,1,
AR,0,0x1004EF00,64,1,
AR,0,0x1004EF40,64,1,
AR,0,0x1004EF80,64,1,
AR,0,0x1004EFC0,64,1,
AR,0,0x1004F000,64,1,
AR,0,0x1004F040,64,1,
AR,0,0x1004F080,64,1,
AR,0,0x1004F0C0,64,1,
AR,0,0x1004F100,64,1,
AR,0,0x1004F140,64,1,
AR,0,0x1004F180,64,1,
AR,0,0x1004F1C0,64,1,
AR,0,0x1004F200,64,1,
AR,0,0x1004F240,64,1,
AR,0,0x1004F280,64,1,
AR,0,0x1004F2C0,64,1,
AR,0,0x1004F300,64,1,
AR,0,0x1004F340,64,1,
AR,0,0x1004F380,64,1,
AR,0,0x1004F3C0,64,1,
AR,0,0x1004F400,64,1,
AR,0,0x1004F440,64,1,
AR,0,0x1004F480,64,1,
AR,0,0x1004F4C0,64,1,
AR,0,0x1004F500,64,1,
AR,0,0x1004F540,64,1,
AR,0,0x1004F580,64,1,
AR,0,0x1004F5C0,64,1,
AR,0,0x1004F600,64,1,
AR,0,0x1004F640,64,1,
AR,0,0x1004F680,64,1,
AR,0,0x1004F6C0,64,1,
AR,0,0x1004F700,64,1,
AR,0,0x1004F740,64,1,
AR,0,0x1004F780,64,1,
AR,0,0x1004F7C0,64,1,
AR,0,0x1004F800,64,1,
AR,0,0x1004F840,64,1,
AR,0,0x1004F880,64,1,
AR,0,0x1004F8C0,64,1,
AR,0,0x1004F900,64,1,
AR,0,0x1004F940,64,1,
AR,0,0x1004F980,64,1,
AR,0,0x1004F9C0,64,1,
AR,0,0x1004FA00,64,1,
AR,0,0x1004FA40,64,1,
AR,0,0x1004FA80,64,1,
AR,0,0x1004FAC0,64,1,
AR,0,0x1004FB00,64,1,
AR,0,0x1004FB40,64,1,
AR,0,0x1004FB80,64,1,
AR,0,0x1004FBC0,64,1,
AR,0,0x1004FC00,64,1,
AR,0,0x1004FC40,64,1,
AR,0,0x1004FC80,64,1,
AR,0,0x1004FCC0,64,1,
AR,0,0x1004FD00,64,1,
AR,0,0x1004FD40,64,1,
AR,0,0x1004FD80,64,1,
AR,0,0x1004FDC0,64,1,
AR,0,0x1004FE00,64,1,
AR,0,0x1004FE40,64,1,
AR,0,0x1004FE80,64,1,
AR,0,0x1004FEC0,64,1,
AR,0,0x1004FF00,64,1,
AR,0,0x1004FF40,64,1,
AR,0,0x1004FF80,64,1,
AR,0,0x1004FFC0,64,1,
AR,0,0x10050000,64,1,
AR,0,0x10050040,64,1,
AR,0,0x10050080,64,1,
AR,0,0x100500C0,64,1,
AR,0,0x10050100,64,1,
AR,0,0x10050140,64,1,
AR,0,0x10050180,64,1,
AR,0,0x100501C0,64,1,
AR,0,0x10050200,64,1,
AR,0,0x10050240,64,1,
AR,0,0x10050280,64,1,
AR,0,0x100502C0,64,1,
AR,0,0x10050300,64,1,
AR,0,0x10050340,64,1,
AR,0,0x10050380,64,1,
AR,0,0x100503C0,64,1,
AR,0,0x10050400,64,1,
AR,0,0x10050440,64,1,
AR,0,0x10050480,64,1,
AR,0,0x100504C0,64,1,
AR,0,0x10050500,64,1,
AR,0,0x10050540,64,1,
AR,0,0x10050580,64,1,
AR,0,0x100505C0,64,1,
AR,0,0x10050600,64,1,
AR,0,0x10050640,64,1,
AR,0,0x10050680,64,1,
AR,0,0x100506C0,64,1,
AR,0,0x10050700,64,1,
AR,0,0x10050740,64,1,
AR,0,0x10050780,64,1,
AR,0,0x100507C0,64,1,
AR,0,0x10050800,64,1,
AR,0,0x10050840,64,1,
AR,0,0x10050880,64,1,
AR,0,0x100508C0,64,1,
AR,0,0x10050900,64,1,
AR,0,0x10050940,64,1,
AR,0,0x10050980,64,1,
AR,0,0x100509C0,64,1,
AR,0,0x10050A00,64,1,
AR,0,0x10050A40,64,1,
AR,0,0x10050A80,64,1,
AR,0,0x10050AC0,64,1,
AR,0,0x10050B00,64,1,
AR,0,0x10050B40,64,1,
AR,0,0x10050B80,64,1,
AR,0,0x10050BC0,64,1,
AR,0,0x10050C00,64,1,
AR,0,0x10050C40,64,1,
AR,0,0x10050C80,64,1,
AR,0,0x10050CC0,64,1,
AR,0,0x10050D00,64,1,
AR,0,0x10050D40,64,1,
AR,0,0x10050D80,64,1,
AR,0,0x10050DC0,64,1,
AR,0,0x10050E00,64,1,
AR,0,0x10050E40,64,1,
AR,0,0x10050E80,64,1,
AR,0,0x10050EC0,64,1,
AR,0,0x10050F00,64,1,
AR,0,0x10050F40,64,1,
AR,0,0x10050F80,64,1,
AR,0,0x10050FC0,64,1,
AR,0,0x10051000,64,1,
AR,0,0x10051040,64,1,
AR,0,0x10051080,64,1,
AR,0,0x100510C0,64,1,
AR,0,0x10051100,64,1,
AR,0,0x10051140,64,1,
AR,0,0x10051180,64,1,
AR,0,0x100511C0,64,1,
AR,0,0x10051200,64,1,
AR,0,0x10051240,64,1,
AR,0,0x10051280,64,1,
AR,0,0x100512C0,64,1,
AR,0,0x10051300,64,1,
AR,0,0x10051340,64,1,
AR,0,0x10051380,64,1,
AR,0,0x100513C0,64,1,
AR,0,0x10051400,64,1,
AR,0,0x10051440,64,1,
AR,0,0x10051480,64,1,
AR,0,0x100514C0,64,1,
AR,0,0x10051500,64,1,
AR,0,0x10051540,64,1,
AR,0,0x10051580,64,1,
AR,0,0x100515C0,64,1,
AR,0,0x10051600,64,1,
AR,0,0x10051640,64,1,
AR,0,0x10051680,64,1,
AR,0,0x100516C0,64,1,
AR,0,0x10051700,64,1,
AR,0,0x10051740,64,1,
AR,0,0x10051780,64,1,
AR,0,0x100517C0,64,1,
AR,0,0x10051800,64,1,
AR,0,0x10051840,64,1,
AR,0,0x10051880,64,1,
AR,0,0x100518C0,64,1,
AR,0,0x10051900,64,1,
AR,0,0x10051940,64,1,
AR,0,0x10051980,64,1,
AR,0,0x100519C0,64,1,
AR,0,0x10051A00,64,1,
AR,0,0x10051A40,64,1,
AR,0,0x10051A80,64,1,
AR,0,0x10051AC0,64,1,
AR,0,0x10051B00,64,1,
AR,0,0x10051B40,64,1,
AR,0,0x10051B80,64,1,
AR,0,0x10051BC0,64,1,
AR,0,0x10051C00,64,1,
AR,0,0x10051C40,64,1,
AR,0,0x10051C80,64,1,
AR,0,0x10051CC0,64,1,
AR,0,0x10051D00,64,1,
AR,0,0x10051D40,64,1,
AR,0,0x10051D80,64,1,
AR,0,0x10051DC0,64,1,
AR,0,0x10051E00,64,1,
AR,0,0x10051E40,64,1,
AR,0,0x10051E80,64,1,
AR,0,0x10051EC0,64,1,
AR,0,0x10051F00,64,1,
AR,0,0x10051F40,64,1,
AR,0,0x10051F80,64,1,
AR,0,0x10051FC0,64,1,
AR,0,0x10052000,64,1,
AR,0,0x10052040,64,1,
AR,0,0x10052080,64,1,
AR,0,0x100520C0,64,1,
AR,0,0x10052100,64,1,
AR,0,0x10052140,64,1,
AR,0,0x10052180,64,1,
AR,0,0x100521C0,64,1,
AR,0,0x10052200,64,1,
AR,0,0x10052240,64,1,
AR,0,0x10052280,64,1,
AR,0,0x100522C0,64,1,
AR,0,0x10052300,64,1,
AR,0,0x10052340,64,1,
AR,0,0x10052380,64,1,
AR,0,0x100523C0,64,1,
AR,0,0x10052400,64,1,
AR,0,0x10052440,64,1,
AR,0,0x10052480,64,1,
AR,0,0x100524C0,64,1,
AR,0,0x10052500,64,1,
AR,0,0x10052540,64,1,
AR,0,0x10052580,64,1,
AR,0,0x100525C0,64,1,
AR,0,0x10052600,64,1,
AR,0,0x10052640,64,1,
AR,0,0x10052680,64,1,
AR,0,0x100526C0,64,1,
AR,0,0x10052700,64,1,
AR,0,0x10052740,64,1,
AR,0,0x10052780,64,1,
AR,0,0x100527C0,64,1,
AR,0,0x10052800,64,1,
AR,0,0x10052840,64,1,
AR,0,0x10052880,64,1,
AR,0,0x100528C0,64,1,
AR,0,0x10052900,64,1,
AR,0,0x10052940,64,1,
AR,0,0x10052980,64,1,
AR,0,0x100529C0,64,1,
AR,0,0x10052A00,64,1,
AR,0,0x10052A40,64,1,
AR,0,0x10052A80,64,1,
AR,0,0x10052AC0,64,1,
AR,0,0x10052B00,64,1,
AR,0,0x10052B40,64,1,
AR,0,0x10052B80,64,1,
AR,0,0x10052BC0,64,1,
AR,0,0x10052C00,64,1,
AR,0,0x10052C40,64,1,
AR,0,0x10052C80,64,1,
AR,0,0x10052CC0,64,1,
AR,0,0x10052D00,64,1,
AR,0,0x10052D40,64,1,
AR,0,0x10052D80,64,1,
AR,0,0x10052DC0,64,1,
AR,0,0x10052E00,64,1,
AR,0,0x10052E40,64,1,
AR,0,0x10052E80,64,1,
AR,0,0x10052EC0,64,1,
AR,0,0x10052F00,64,1,
AR,0,0x10052F40,64,1,
AR,0,0x10052F80,64,1,
AR,0,0x10052FC0,64,1,
AR,0,0x10053000,64,1,
AR,0,0x10053040,64,1,
AR,0,0x10053080,64,1,
AR,0,0x100530C0,64,1,
AR,0,0x10053100,64,1,
AR,0,0x10053140,64,1,
AR,0,0x10053180,64,1,
AR,0,0x100531C0,64,1,
AR,0,0x10053200,64,1,
AR,0,0x10053240,64,1,
AR,0,0x10053280,64,1,
AR,0,0x100532C0,64,1,
AR,0,0x10053300,64,1,
AR,0,0x10053340,64,1,
AR,0,0x10053380,64,1,
AR,0,0x100533C0,64,1,
AR,0,0x10053400,64,1,
AR,0,0x10053440,64,1,
AR,0,0x10053480,64,1,
AR,0,0x100534C0,64,1,
AR,0,0x10053500,64,1,
AR,0,0x10053540,64,1,
AR,0,0x10053580,64,1,
AR,0,0x100535C0,64,1,
AR,0,0x10053600,64,1,
AR,0,0x10053640,64,1,
AR,0,0x10053680,64,1,
AR,0,0x100536C0,64,1,
AR,0,0x10053700,64,1,
AR,0,0x10053740,64,1,
AR,0,0x10053780,64,1,
AR,0,0x100537C0,64,1,
AR,0,0x10053800,64,1,
AR,0,0x10053840,64,1,
AR,0,0x10053880,64,1,
AR,0,0x100538C0,64,1,
AR,0,0x10053900,64,1,
AR,0,0x10053940,64,1,
AR,0,0x10053980,64,1,
AR,0,0x100539C0,64,1,
AR,0,0x10053A00,64,1,
AR,0,0x10053A40,64,1,
AR,0,0x10053A80,64,1,
AR,0,0x10053AC0,64,1,
AR,0,0x10053B00,64,1,
AR,0,0x10053B40,64,1,
AR,0,0x10053B80,64,1,
AR,0,0x10053BC0,64,1,
AR,0,0x10053C00,64,1,
AR,0,0x10053C40,64,1,
AR,0,0x10053C80,64,1,
AR,0,0x10053CC0,64,1,
AR,0,0x10053D00,64,1,
AR,0,0x10053D40,64,1,
AR,0,0x10053D80,64,1,
AR,0,0x10053DC0,64,1,
AR,0,0x10053E00,64,1,
AR,0,0x10053E40,64,1,
AR,0,0x10053E80,64,1,
AR,0,0x10053EC0,64,1,
AR,0,0x10053F00,64,1,
AR,0,0x10053F40,64,1,
AR,0,0x10053F80,64,1,
AR,0,0x10053FC0,64,1,
AR,0,0x10054000,64,1,
AR,0,0x10054040,64,1,
AR,0,0x10054080,64,1,
AR,0,0x100540C0,64,1,
AR,0,0x10054100,64,1,
AR,0,0x10054140,64,1,
AR,0,0x10054180,64,1,
AR,0,0x100541C0,64,1,
AR,0,0x10054200,64,1,
AR,0,0x10054240,64,1,
AR,0,0x10054280,64,1,
AR,0,0x100542C0,64,1,
AR,0,0x10054300,64,1,
AR,0,0x10054340,64,1,
AR,0,0x10054380,64,1,
AR,0,0x100543C0,64,1,
AR,0,0x10054400,64,1,
AR,0,0x10054440,64,1,
AR,0,0x10054480,64,1,
AR,0,0x100544C0,64,1,
AR,0,0x10054500,64,1,
AR,0,0x10054540,64,1,
AR,0,0x10054580,64,1,
AR,0,0x100545C0,64,1,
AR,0,0x10054600,64,1,
AR,0,0x10054640,64,1,
AR,0,0x10054680,64,1,
AR,0,0x100546C0,64,1,
AR,0,0x10054700,64,1,
AR,0,0x10054740,64,1,
AR,0,0x10054780,64,1,
AR,0,0x100547C0,64,1,
AR,0,0x10054800,64,1,
AR,0,0x10054840,64,1,
AR,0,0x10054880,64,1,
AR,0,0x100548C0,64,1,
AR,0,0x10054900,64,1,
AR,0,0x10054940,64,1,
AR,0,0x10054980,64,1,
AR,0,0x100549C0,64,1,
AR,0,0x10054A00,64,1,
AR,0,0x10054A40,64,1,
AR,0,0x10054A80,64,1,
AR,0,0x10054AC0,64,1,
AR,0,0x10054B00,64,1,
AR,0,0x10054B40,64,1,
AR,0,0x10054B80,64,1,
AR,0,0x10054BC0,64,1,
AR,0,0x10054C00,64,1,
AR,0,0x10054C40,64,1,
AR,0,0x10054C80,64,1,
AR,0,0x10054CC0,64,1,
AR,0,0x10054D00,64,1,
AR,0,0x10054D40,64,1,
AR,0,0x10054D80,64,1,
AR,0,0x10054DC0,64,1,
AR,0,0x10054E00,64,1,
AR,0,0x10054E40,64,1,
AR,0,0x10054E80,64,1,
AR,0,0x10054EC0,64,1,
AR,0,0x10054F00,64,1,
AR,0,0x10054F40,64,1,
AR,0,0x10054F80,64,1,
AR,0,0x10054FC0,64,1,
AR,0,0x10055000,64,1,
AR,0,0x10055040,64,1,
AR,0,0x10055080,64,1,
AR,0,0x100550C0,64,1,
AR,0,0x10055100,64,1,
AR,0,0x10055140,64,1,
AR,0,0x10055180,64,1,
AR,0,0x100551C0,64,1,
AR,0,0x10055200,64,1,
AR,0,0x10055240,64,1,
AR,0,0x10055280,64,1,
AR,0,0x100552C0,64,1,
AR,0,0x10055300,64,1,
AR,0,0x10055340,64,1,
AR,0,0x10055380,64,1,
AR,0,0x100553C0,64,1,
AR,0,0x10055400,64,1,
AR,0,0x10055440,64,1,
AR,0,0x10055480,64,1,
AR,0,0x100554C0,64,1,
AR,0,0x10055500,64,1,
AR,0,0x10055540,64,1,
AR,0,0x10055580,64,1,
AR,0,0x100555C0,64,1,
AR,0,0x10055600,64,1,
AR,0,0x10055640,64,1,
AR,0,0x10055680,64,1,
AR,0,0x100556C0,64,1,
AR,0,0x10055700,64,1,
AR,0,0x10055740,64,1,
AR,0,0x10055780,64,1,
AR,0,0x100557C0,64,1,
AR,0,0x10055800,64,1,
AR,0,0x10055840,64,1,
AR,0,0x10055880,64,1,
AR,0,0x100558C0,64,1,
AR,0,0x10055900,64,1,
AR,0,0x10055940,64,1,
AR,0,0x10055980,64,1,
AR,0,0x100559C0,64,1,
AR,0,0x10055A00,64,1,
AR,0,0x10055A40,64,1,
AR,0,0x10055A80,64,1,
AR,0,0x10055AC0,64,1,
AR,0,0x10055B00,64,1,
AR,0,0x10055B40,64,1,
AR,0,0x10055B80,64,1,
AR,0,0x10055BC0,64,1,
AR,0,0x10055C00,64,1,
AR,0,0x10055C40,64,1,
AR,0,0x10055C80,64,1,
AR,0,0x10055CC0,64,1,
AR,0,0x10055D00,64,1,
AR,0,0x10055D40,64,1,
AR,0,0x10055D80,64,1,
AR,0,0x10055DC0,64,1,
AR,0,0x10055E00,64,1,
AR,0,0x10055E40,64,1,
AR,0,0x10055E80,64,1,
AR,0,0x10055EC0,64,1,
AR,0,0x10055F00,64,1,
AR,0,0x10055F40,64,1,
AR,0,0x10055F80,64,1,
AR,0,0x10055FC0,64,1,
AR,0,0x10056000,64,1,
AR,0,0x10056040,64,1,
AR,0,0x10056080,64,1,
AR,0,0x100560C0,64,1,
AR,0,0x10056100,64,1,
AR,0,0x10056140,64,1,
AR,0,0x10056180,64,1,
AR,0,0x100561C0,64,1,
AR,0,0x10056200,64,1,
AR,0,0x10056240,64,1,
AR,0,0x10056280,64,1,
AR,0,0x100562C0,64,1,
AR,0,0x10056300,64,1,
AR,0,0x10056340,64,1,
AR,0,0x10056380,64,1,
AR,0,0x100563C0,64,1,
AR,0,0x10056400,64,1,
AR,0,0x10056440,64,1,
AR,0,0x10056480,64,1,
AR,0,0x100564C0,64,1,
AR,0,0x10056500,64,1,
AR,0,0x10056540,64,1,
AR,0,0x10056580,64,1,
AR,0,0x100565C0,64,1,
AR,0,0x10056600,64,1,
AR,0,0x10056640,64,1,
AR,0,0x10056680,64,1,
AR,0,0x100566C0,64,1,
AR,0,0x10056700,64,1,
AR,0,0x10056740,64,1,
AR,0,0x10056780,64,1,
AR,0,0x100567C0,64,1,
AR,0,0x10056800,64,1,
AR,0,0x10056840,64,1,
AR,0,0x10056880,64,1,
AR,0,0x100568C0,64,1,
AR,0,0x10056900,64,1,
AR,0,0x10056940,64,1,
AR,0,0x10056980,64,1,
AR,0,0x100569C0,64,1,
AR,0,0x10056A00,64,1,
AR,0,0x10056A40,64,1,
AR,0,0x10056A80,64,1,
AR,0,0x10056AC0,64,1,
AR,0,0x10056B00,64,1,
AR,0,0x10056B40,64,1,
AR,0,0x10056B80,64,1,
AR,0,0x10056BC0,64,1,
AR,0,0x10056C00,64,1,
AR,0,0x10056C40,64,1,
AR,0,0x10056C80,64,1,
AR,0,0x10056CC0,64,1,
AR,0,0x10056D00,64,1,
AR,0,0x10056D40,64,1,
AR,0,0x10056D80,64,1,
AR,0,0x10056DC0,64,1,
AR,0,0x10056E00,64,1,
AR,0,0x10056E40,64,1,
AR,0,0x10056E80,64,1,
AR,0,0x10056EC0,64,1,
AR,0,0x10056F00,64,1,
AR,0,0x10056F40,64,1,
AR,0,0x10056F80,64,1,
AR,0,0x10056FC0,64,1,
AR,0,0x10057000,64,1,
AR,0,0x10057040,64,1,
AR,0,0x10057080,64,1,
AR,0,0x100570C0,64,1,
AR,0,0x10057100,64,1,
AR,0,0x10057140,64,1,
AR,0,0x10057180,64,1,
AR,0,0x100571C0,64,1,
AR,0,0x10057200,64,1,
AR,0,0x10057240,64,1,
AR,0,0x10057280,64,1,
AR,0,0x100572C0,64,1,
AR,0,0x10057300,64,1,
AR,0,0x10057340,64,1,
AR,0,0x10057380,64,1,
AR,0,0x100573C0,64,1,
AR,0,0x10057400,64,1,
AR,0,0x10057440,64,1,
AR,0,0x10057480,64,1,
AR,0,0x100574C0,64,1,
AR,0,0x10057500,64,1,
AR,0,0x10057540,64,1,
AR,0,0x10057580,64,1,
AR,0,0x100575C0,64,1,
AR,0,0x10057600,64,1,
AR,0,0x10057640,64,1,
AR,0,0x10057680,64,1,
AR,0,0x100576C0,64,1,
AR,0,0x10057700,64,1,
AR,0,0x10057740,64,1,
AR,0,0x10057780,64,1,
AR,0,0x100577C0,64,1,
AR,0,0x10057800,64,1,
AR,0,0x10057840,64,1,
AR,0,0x10057880,64,1,
AR,0,0x100578C0,64,1,
AR,0,0x10057900,64,1,
AR,0,0x10057940,64,1,
AR,0,0x10057980,64,1,
AR,0,0x100579C0,64,1,
AR,0,0x10057A00,64,1,
AR,0,0x10057A40,64,1,
AR,0,0x10057A80,64,1,
AR,0,0x10057AC0,64,1,
AR,0,0x10057B00,64,1,
AR,0,0x10057B40,64,1,
AR,0,0x10057B80,64,1,
AR,0,0x10057BC0,64,1,
AR,0,0x10057C00,64,1,
AR,0,0x10057C40,64,1,
AR,0,0x10057C80,64,1,
AR,0,0x10057CC0,64,1,
AR,0,0x10057D00,64,1,
AR,0,0x10057D40,64,1,
AR,0,0x10057D80,64,1,
AR,0,0x10057DC0,64,1,
AR,0,0x10057E00,64,1,
AR,0,0x10057E40,64,1,
AR,0,0x10057E80,64,1,
AR,0,0x10057EC0,64,1,
AR,0,0x10057F00,64,1,
AR,0,0x10057F40,64,1,
AR,0,0x10057F80,64,1,
AR,0,0x10057FC0,64,1,
AR,0,0x10058000,64,1,
AR,0,0x10058040,64,1,
AR,0,0x10058080,64,1,
AR,0,0x100580C0,64,1,
AR,0,0x10058100,64,1,
AR,0,0x10058140,64,1,
AR,0,0x10058180,64,1,
AR,0,0x100581C0,64,1,
AR,0,0x10058200,64,1,
AR,0,0x10058240,64,1,
AR,0,0x10058280,64,1,
AR,0,0x100582C0,64,1,
AR,0,0x10058300,64,1,
AR,0,0x10058340,64,1,
AR,0,0x10058380,64,1,
AR,0,0x100583C0,64,1,
AR,0,0x10058400,64,1,
AR,0,0x10058440,64,1,
AR,0,0x10058480,64,1,
AR,0,0x100584C0,64,1,
AR,0,0x10058500,64,1,
AR,0,0x10058540,64,1,
AR,0,0x10058580,64,1,
AR,0,0x100585C0,64,1,
AR,0,0x10058600,64,1,
AR,0,0x10058640,64,1,
AR,0,0x10058680,64,1,
AR,0,0x100586C0,64,1,
AR,0,0x10058700,64,1,
AR,0,0x10058740,64,1,
AR,0,0x10058780,64,1,
AR,0,0x100587C0,64,1,
AR,0,0x10058800,64,1,
AR,0,0x10058840,64,1,
AR,0,0x10058880,64,1,
AR,0,0x100588C0,64,1,
AR,0,0x10058900,64,1,
AR,0,0x10058940,64,1,
AR,0,0x10058980,64,1,
AR,0,0x100589C0,64,1,
AR,0,0x10058A00,64,1,
AR,0,0x10058A40,64,1,
AR,0,0x10058A80,64,1,
AR,0,0x10058AC0,64,1,
AR,0,0x10058B00,64,1,
AR,0,0x10058B40,64,1,
AR,0,0x10058B80,64,1,
AR,0,0x10058BC0,64,1,
AR,0,0x10058C00,64,1,
AR,0,0x10058C40,64,1,
AR,0,0x10058C80,64,1,
AR,0,0x10058CC0,64,1,
AR,0,0x10058D00,64,1,
AR,0,0x10058D40,64,1,
AR,0,0x10058D80,64,1,
AR,0,0x10058DC0,64,1,
AR,0,0x10058E00,64,1,
AR,0,0x10058E40,64,1,
AR,0,0x10058E80,64,1,
AR,0,0x10058EC0,64,1,
AR,0,0x10058F00,64,1,
AR,0,0x10058F40,64,1,
AR,0,0x10058F80,64,1,
AR,0,0x10058FC0,64,1,
AR,0,0x10059000,64,1,
AR,0,0x10059040,64,1,
AR,0,0x10059080,64,1,
AR,0,0x100590C0,64,1,
AR,0,0x10059100,64,1,
AR,0,0x10059140,64,1,
AR,0,0x10059180,64,1,
AR,0,0x100591C0,64,1,
AR,0,0x10059200,64,1,
AR,0,0x10059240,64,1,
AR,0,0x10059280,64,1,
AR,0,0x100592C0,64,1,
AR,0,0x10059300,64,1,
AR,0,0x10059340,64,1,
AR,0,0x10059380,64,1,
AR,0,0x100593C0,64,1,
AR,0,0x10059400,64,1,
AR,0,0x10059440,64,1,
AR,0,0x10059480,64,1,
AR,0,0x100594C0,64,1,
AR,0,0x10059500,64,1,
AR,0,0x10059540,64,1,
AR,0,0x10059580,64,1,
AR,0,0x100595C0,64,1,
AR,0,0x10059600,64,1,
AR,0,0x10059640,64,1,
AR,0,0x10059680,64,1,
AR,0,0x100596C0,64,1,
AR,0,0x10059700,64,1,
AR,0,0x10059740,64,1,
AR,0,0x10059780,64,1,
AR,0,0x100597C0,64,1,
AR,0,0x10059800,64,1,
AR,0,0x10059840,64,1,
AR,0,0x10059880,64,1,
AR,0,0x100598C0,64,1,
AR,0,0x10059900,64,1,
AR,0,0x10059940,64,1,
AR,0,0x10059980,64,1,
AR,0,0x100599C0,64,1,
AR,0,0x10059A00,64,1,
AR,0,0x10059A40,64,1,
AR,0,0x10059A80,64,1,
AR,0,0x10059AC0,64,1,
AR,0,0x10059B00,64,1,
AR,0,0x10059B40,64,1,
AR,0,0x10059B80,64,1,
AR,0,0x10059BC0,64,1,
AR,0,0x10059C00,64,1,
AR,0,0x10059C40,64,1,
AR,0,0x10059C80,64,1,
AR,0,0x10059CC0,64,1,
AR,0,0x10059D00,64,1,
AR,0,0x10059D40,64,1,
AR,0,0x10059D80,64,1,
AR,0,0x10059DC0,64,1,
AR,0,0x10059E00,64,1,
AR,0,0x10059E40,64,1,
AR,0,0x10059E80,64,1,
AR,0,0x10059EC0,64,1,
AR,0,0x10059F00,64,1,
AR,0,0x10059F40,64,1,
AR,0,0x10059F80,64,1,
AR,0,0x10059FC0,64,1,
AR,0,0x1005A000,64,1,
AR,0,0x1005A040,64,1,
AR,0,0x1005A080,64,1,
AR,0,0x1005A0C0,64,1,
AR,0,0x1005A100,64,1,
AR,0,0x1005A140,64,1,
AR,0,0x1005A180,64,1,
AR,0,0x1005A1C0,64,1,
AR,0,0x1005A200,64,1,
AR,0,0x1005A240,64,1,
AR,0,0x1005A280,64,1,
AR,0,0x1005A2C0,64,1,
AR,0,0x1005A300,64,1,
AR,0,0x1005A340,64,1,
AR,0,0x1005A380,64,1,
AR,0,0x1005A3C0,64,1,
AR,0,0x1005A400,64,1,
AR,0,0x1005A440,64,1,
AR,0,0x1005A480,64,1,
AR,0,0x1005A4C0,64,1,
AR,0,0x1005A500,64,1,
AR,0,0x1005A540,64,1,
AR,0,0x1005A580,64,1,
AR,0,0x1005A5C0,64,1,
AR,0,0x1005A600,64,1,
AR,0,0x1005A640,64,1,
AR,0,0x1005A680,64,1,
AR,0,0x1005A6C0,64,1,
AR,0,0x1005A700,64,1,
AR,0,0x1005A740,64,1,
AR,0,0x1005A780,64,1,
AR,0,0x1005A7C0,64,1,
AR,0,0x1005A800,64,1,
AR,0,0x1005A840,64,1,
AR,0,0x1005A880,64,1,
AR,0,0x1005A8C0,64,1,
AR,0,0x1005A900,64,1,
AR,0,0x1005A940,64,1,
AR,0,0x1005A980,64,1,
AR,0,0x1005A9C0,64,1,
AR,0,0x1005AA00,64,1,
AR,0,0x1005AA40,64,1,
AR,0,0x1005AA80,64,1,
AR,0,0x1005AAC0,64,1,
AR,0,0x1005AB00,64,1,
AR,0,0x1005AB40,64,1,
AR,0,0x1005AB80,64,1,
AR,0,0x1005ABC0,64,1,
AR,0,0x1005AC00,64,1,
AR,0,0x1005AC40,64,1,
AR,0,0x1005AC80,64,1,
AR,0,0x1005ACC0,64,1,
AR,0,0x1005AD00,64,1,
AR,0,0x1005AD40,64,1,
AR,0,0x1005AD80,64,1,
AR,0,0x1005ADC0,64,1,
AR,0,0x1005AE00,64,1,
AR,0,0x1005AE40,64,1,
AR,0,0x1005AE80,64,1,
AR,0,0x1005AEC0,64,1,
AR,0,0x1005AF00,64,1,
AR,0,0x1005AF40,64,1,
AR,0,0x1005AF80,64,1,
AR,0,0x1005AFC0,64,1,
AR,0,0x1005B000,64,1,
AR,0,0x1005B040,64,1,
AR,0,0x1005B080,64,1,
AR,0,0x1005B0C0,64,1,
AR,0,0x1005B100,64,1,
AR,0,0x1005B140,64,1,
AR,0,0x1005B180,64,1,
AR,0,0x1005B1C0,64,1,
AR,0,0x1005B200,64,1,
AR,0,0x1005B240,64,1,
AR,0,0x1005B280,64,1,
AR,0,0x1005B2C0,64,1,
AR,0,0x1005B300,64,1,
AR,0,0x1005B340,64,1,
AR,0,0x1005B380,64,1,
AR,0,0x1005B3C0,64,1,
AR,0,0x1005B400,64,1,
AR,0,0x1005B440,64,1,
AR,0,0x1005B480,64,1,
AR,0,0x1005B4C0,64,1,
AR,0,0x1005B500,64,1,
AR,0,0x1005B540,64,1,
AR,0,0x1005B580,64,1,
AR,0,0x1005B5C0,64,1,
AR,0,0x1005B600,64,1,
AR,0,0x1005B640,64,1,
AR,0,0x1005B680,64,1,
AR,0,0x1005B6C0,64,1,
AR,0,0x1005B700,64,1,
AR,0,0x1005B740,64,1,
AR,0,0x1005B780,64,1,
AR,0,0x1005B7C0,64,1,
AR,0,0x1005B800,64,1,
AR,0,0x1005B840,64,1,
AR,0,0x1005B880,64,1,
AR,0,0x1005B8C0,64,1,
AR,0,0x1005B900,64,1,
AR,0,0x1005B940,64,1,
AR,0,0x1005B980,64,1,
AR,0,0x1005B9C0,64,1,
AR,0,0x1005BA00,64,1,
AR,0,0x1005BA40,64,1,
AR,0,0x1005BA80,64,1,
AR,0,0x1005BAC0,64,1,
AR,0,0x1005BB00,64,1,
AR,0,0x1005BB40,64,1,
AR,0,0x1005BB80,64,1,
AR,0,0x1005BBC0,64,1,
AR,0,0x1005BC00,64,1,
AR,0,0x1005BC40,64,1,
AR,0,0x1005BC80,64,1,
AR,0,0x1005BCC0,64,1,
AR,0,0x1005BD00,64,1,
AR,0,0x1005BD40,64,1,
AR,0,0x1005BD80,64,1,
AR,0,0x1005BDC0,64,1,
AR,0,0x1005BE00,64,1,
AR,0,0x1005BE40,64,1,
AR,0,0x1005BE80,64,1,
AR,0,0x1005BEC0,64,1,
AR,0,0x1005BF00,64,1,
AR,0,0x1005BF40,64,1,
AR,0,0x1005BF80,64,1,
AR,0,0x1005BFC0,64,1,
AR,0,0x1005C000,64,1,
AR,0,0x1005C040,64,1,
AR,0,0x1005C080,64,1,
AR,0,0x1005C0C0,64,1,
AR,0,0x1005C100,64,1,
AR,0,0x1005C140,64,1,
AR,0,0x1005C180,64,1,
AR,0,0x1005C1C0,64,1,
AR,0,0x1005C200,64,1,
AR,0,0x1005C240,64,1,
AR,0,0x1005C280,64,1,
AR,0,0x1005C2C0,64,1,
AR,0,0x1005C300,64,1,
AR,0,0x1005C340,64,1,
AR,0,0x1005C380,64,1,
AR,0,0x1005C3C0,64,1,
AR,0,0x1005C400,64,1,
AR,0,0x1005C440,64,1,
AR,0,0x1005C480,64,1,
AR,0,0x1005C4C0,64,1,
AR,0,0x1005C500,64,1,
AR,0,0x1005C540,64,1,
AR,0,0x1005C580,64,1,
AR,0,0x1005C5C0,64,1,
AR,0,0x1005C600,64,1,
AR,0,0x1005C640,64,1,
AR,0,0x1005C680,64,1,
AR,0,0x1005C6C0,64,1,
AR,0,0x1005C700,64,1,
AR,0,0x1005C740,64,1,
AR,0,0x1005C780,64,1,
AR,0,0x1005C7C0,64,1,
AR,0,0x1005C800,64,1,
AR,0,0x1005C840,64,1,
AR,0,0x1005C880,64,1,
AR,0,0x1005C8C0,64,1,
AR,0,0x1005C900,64,1,
AR,0,0x1005C940,64,1,
AR,0,0x1005C980,64,1,
AR,0,0x1005C9C0,64,1,
AR,0,0x1005CA00,64,1,
AR,0,0x1005CA40,64,1,
AR,0,0x1005CA80,64,1,
AR,0,0x1005CAC0,64,1,
AR,0,0x1005CB00,64,1,
AR,0,0x1005CB40,64,1,
AR,0,0x1005CB80,64,1,
AR,0,0x1005CBC0,64,1,
AR,0,0x1005CC00,64,1,
AR,0,0x1005CC40,64,1,
AR,0,0x1005CC80,64,1,
AR,0,0x1005CCC0,64,1,
AR,0,0x1005CD00,64,1,
AR,0,0x1005CD40,64,1,
AR,0,0x1005CD80,64,1,
AR,0,0x1005CDC0,64,1,
AR,0,0x1005CE00,64,1,
AR,0,0x1005CE40,64,1,
AR,0,0x1005CE80,64,1,
AR,0,0x1005CEC0,64,1,
AR,0,0x1005CF00,64,1,
AR,0,0x1005CF40,64,1,
AR,0,0x1005CF80,64,1,
AR,0,0x1005CFC0,64,1,
AR,0,0x1005D000,64,1,
AR,0,0x1005D040,64,1,
AR,0,0x1005D080,64,1,
AR,0,0x1005D0C0,64,1,
AR,0,0x1005D100,64,1,
AR,0,0x1005D140,64,1,
AR,0,0x1005D180,64,1,
AR,0,0x1005D1C0,64,1,
AR,0,0x1005D200,64,1,
AR,0,0x1005D240,64,1,
AR,0,0x1005D280,64,1,
AR,0,0x1005D2C0,64,1,
AR,0,0x1005D300,64,1,
AR,0,0x1005D340,64,1,
AR,0,0x1005D380,64,1,
AR,0,0x1005D3C0,64,1,
AR,0,0x1005D400,64,1,
AR,0,0x1005D440,64,1,
AR,0,0x1005D480,64,1,
AR,0,0x1005D4C0,64,1,
AR,0,0x1005D500,64,1,
AR,0,0x1005D540,64,1,
AR,0,0x1005D580,64,1,
AR,0,0x1005D5C0,64,1,
AR,0,0x1005D600,64,1,
AR,0,0x1005D640,64,1,
AR,0,0x1005D680,64,1,
AR,0,0x1005D6C0,64,1,
AR,0,0x1005D700,64,1,
AR,0,0x1005D740,64,1,
AR,0,0x1005D780,64,1,
AR,0,0x1005D7C0,64,1,
AR,0,0x1005D800,64,1,
AR,0,0x1005D840,64,1,
AR,0,0x1005D880,64,1,
AR,0,0x1005D8C0,64,1,
AR,0,0x1005D900,64,1,
AR,0,0x1005D940,64,1,
AR,0,0x1005D980,64,1,
AR,0,0x1005D9C0,64,1,
AR,0,0x1005DA00,64,1,
AR,0,0x1005DA40,64,1,
AR,0,0x1005DA80,64,1,
AR,0,0x1005DAC0,64,1,
AR,0,0x1005DB00,64,1,
AR,0,0x1005DB40,64,1,
AR,0,0x1005DB80,64,1,
AR,0,0x1005DBC0,64,1,
AR,0,0x1005DC00,64,1,
AR,0,0x1005DC40,64,1,
AR,0,0x1005DC80,64,1,
AR,0,0x1005DCC0,64,1,
AR,0,0x1005DD00,64,1,
AR,0,0x1005DD40,64,1,
AR,0,0x1005DD80,64,1,
AR,0,0x1005DDC0,64,1,
AR,0,0x1005DE00,64,1,
AR,0,0x1005DE40,64,1,
AR,0,0x1005DE80,64,1,
AR,0,0x1005DEC0,64,1,
AR,0,0x1005DF00,64,1,
AR,0,0x1005DF40,64,1,
AR,0,0x1005DF80,64,1,
AR,0,0x1005DFC0,64,1,
AR,0,0x1005E000,64,1,
AR,0,0x1005E040,64,1,
AR,0,0x1005E080,64,1,
AR,0,0x1005E0C0,64,1,
AR,0,0x1005E100,64,1,
AR,0,0x1005E140,64,1,
AR,0,0x1005E180,64,1,
AR,0,0x1005E1C0,64,1,
AR,0,0x1005E200,64,1,
AR,0,0x1005E240,64,1,
AR,0,0x1005E280,64,1,
AR,0,0x1005E2C0,64,1,
AR,0,0x1005E300,64,1,
AR,0,0x1005E340,64,1,
AR,0,0x1005E380,64,1,
AR,0,0x1005E3C0,64,1,
AR,0,0x1005E400,64,1,
AR,0,0x1005E440,64,1,
AR,0,0x1005E480,64,1,
AR,0,0x1005E4C0,64,1,
AR,0,0x1005E500,64,1,
AR,0,0x1005E540,64,1,
AR,0,0x1005E580,64,1,
AR,0,0x1005E5C0,64,1,
AR,0,0x1005E600,64,1,
AR,0,0x1005E640,64,1,
AR,0,0x1005E680,64,1,
AR,0,0x1005E6C0,64,1,
AR,0,0x1005E700,64,1,
AR,0,0x1005E740,64,1,
AR,0,0x1005E780,64,1,
AR,0,0x1005E7C0,64,1,
AR,0,0x1005E800,64,1,
AR,0,0x1005E840,64,1,
AR,0,0x1005E880,64,1,
AR,0,0x1005E8C0,64,1,
AR,0,0x1005E900,64,1,
AR,0,0x1005E940,64,1,
AR,0,0x1005E980,64,1,
AR,0,0x1005E9C0,64,1,
AR,0,0x1005EA00,64,1,
AR,0,0x1005EA40,64,1,
AR,0,0x1005EA80,64,1,
AR,0,0x1005EAC0,64,1,
AR,0,0x1005EB00,64,1,
AR,0,0x1005EB40,64,1,
AR,0,0x1005EB80,64,1,
AR,0,0x1005EBC0,64,1,
AR,0,0x1005EC00,64,1,
AR,0,0x1005EC40,64,1,
AR,0,0x1005EC80,64,1,
AR,0,0x1005ECC0,64,1,
AR,0,0x1005ED00,64,1,
AR,0,0x1005ED40,64,1,
AR,0,0x1005ED80,64,1,
AR,0,0x1005EDC0,64,1,
AR,0,0x1005EE00,64,1,
AR,0,0x1005EE40,64,1,
AR,0,0x1005EE80,64,1,
AR,0,0x1005EEC0,64,1,
AR,0,0x1005EF00,64,1,
AR,0,0x1005EF40,64,1,
AR,0,0x1005EF80,64,1,
AR,0,0x1005EFC0,64,1,
AR,0,0x1005F000,64,1,
AR,0,0x1005F040,64,1,
AR,0,0x1005F080,64,1,
AR,0,0x1005F0C0,64,1,
AR,0,0x1005F100,64,1,
AR,0,0x1005F140,64,1,
AR,0,0x1005F180,64,1,
AR,0,0x1005F1C0,64,1,
AR,0,0x1005F200,64,1,
AR,0,0x1005F240,64,1,
AR,0,0x1005F280,64,1,
AR,0,0x1005F2C0,64,1,
AR,0,0x1005F300,64,1,
AR,0,0x1005F340,64,1,
AR,0,0x1005F380,64,1,
AR,0,0x1005F3C0,64,1,
AR,0,0x1005F400,64,1,
AR,0,0x1005F440,64,1,
AR,0,0x1005F480,64,1,
AR,0,0x1005F4C0,64,1,
AR,0,0x1005F500,64,1,
AR,0,0x1005F540,64,1,
AR,0,0x1005F580,64,1,
AR,0,0x1005F5C0,64,1,
AR,0,0x1005F600,64,1,
AR,0,0x1005F640,64,1,
AR,0,0x1005F680,64,1,
AR,0,0x1005F6C0,64,1,
AR,0,0x1005F700,64,1,
AR,0,0x1005F740,64,1,
AR,0,0x1005F780,64,1,
AR,0,0x1005F7C0,64,1,
AR,0,0x1005F800,64,1,
AR,0,0x1005F840,64,1,
AR,0,0x1005F880,64,1,
AR,0,0x1005F8C0,64,1,
AR,0,0x1005F900,64,1,
AR,0,0x1005F940,64,1,
AR,0,0x1005F980,64,1,
AR,0,0x1005F9C0,64,1,
AR,0,0x1005FA00,64,1,
AR,0,0x1005FA40,64,1,
AR,0,0x1005FA80,64,1,
AR,0,0x1005FAC0,64,1,
AR,0,0x1005FB00,64,1,
AR,0,0x1005FB40,64,1,
AR,0,0x1005FB80,64,1,
AR,0,0x1005FBC0,64,1,
AR,0,0x1005FC00,64,1,
AR,0,0x1005FC40,64,1,
AR,0,0x1005FC80,64,1,
AR,0,0x1005FCC0,64,1,
AR,0,0x1005FD00,64,1,
AR,0,0x1005FD40,64,1,
AR,0,0x1005FD80,64,1,
AR,0,0x1005FDC0,64,1,
AR,0,0x1005FE00,64,1,
AR,0,0x1005FE40,64,1,
AR,0,0x1005FE80,64,1,
AR,0,0x1005FEC0,64,1,
AR,0,0x1005FF00,64,1,
AR,0,0x1005FF40,64,1,
AR,0,0x1005FF80,64,1,
AR,0,0x1005FFC0,64,1,
AR,0,0x10060000,64,1,
AR,0,0x10060040,64,1,
AR,0,0x10060080,64,1,
AR,0,0x100600C0,64,1,
AR,0,0x10060100,64,1,
AR,0,0x10060140,64,1,
AR,0,0x10060180,64,1,
AR,0,0x100601C0,64,1,
AR,0,0x10060200,64,1,
AR,0,0x10060240,64,1,
AR,0,0x10060280,64,1,
AR,0,0x100602C0,64,1,
AR,0,0x10060300,64,1,
AR,0,0x10060340,64,1,
AR,0,0x10060380,64,1,
AR,0,0x100603C0,64,1,
AR,0,0x10060400,64,1,
AR,0,0x10060440,64,1,
AR,0,0x10060480,64,1,
AR,0,0x100604C0,64,1,
AR,0,0x10060500,64,1,
AR,0,0x10060540,64,1,
AR,0,0x10060580,64,1,
AR,0,0x100605C0,64,1,
AR,0,0x10060600,64,1,
AR,0,0x10060640,64,1,
AR,0,0x10060680,64,1,
AR,0,0x100606C0,64,1,
AR,0,0x10060700,64,1,
AR,0,0x10060740,64,1,
AR,0,0x10060780,64,1,
AR,0,0x100607C0,64,1,
AR,0,0x10060800,64,1,
AR,0,0x10060840,64,1,
AR,0,0x10060880,64,1,
AR,0,0x100608C0,64,1,
AR,0,0x10060900,64,1,
AR,0,0x10060940,64,1,
AR,0,0x10060980,64,1,
AR,0,0x100609C0,64,1,
AR,0,0x10060A00,64,1,
AR,0,0x10060A40,64,1,
AR,0,0x10060A80,64,1,
AR,0,0x10060AC0,64,1,
AR,0,0x10060B00,64,1,
AR,0,0x10060B40,64,1,
AR,0,0x10060B80,64,1,
AR,0,0x10060BC0,64,1,
AR,0,0x10060C00,64,1,
AR,0,0x10060C40,64,1,
AR,0,0x10060C80,64,1,
AR,0,0x10060CC0,64,1,
AR,0,0x10060D00,64,1,
AR,0,0x10060D40,64,1,
AR,0,0x10060D80,64,1,
AR,0,0x10060DC0,64,1,
AR,0,0x10060E00,64,1,
AR,0,0x10060E40,64,1,
AR,0,0x10060E80,64,1,
AR,0,0x10060EC0,64,1,
AR,0,0x10060F00,64,1,
AR,0,0x10060F40,64,1,
AR,0,0x10060F80,64,1,
AR,0,0x10060FC0,64,1,
AR,0,0x10061000,64,1,
AR,0,0x10061040,64,1,
AR,0,0x10061080,64,1,
AR,0,0x100610C0,64,1,
AR,0,0x10061100,64,1,
AR,0,0x10061140,64,1,
AR,0,0x10061180,64,1,
AR,0,0x100611C0,64,1,
AR,0,0x10061200,64,1,
AR,0,0x10061240,64,1,
AR,0,0x10061280,64,1,
AR,0,0x100612C0,64,1,
AR,0,0x10061300,64,1,
AR,0,0x10061340,64,1,
AR,0,0x10061380,64,1,
AR,0,0x100613C0,64,1,
AR,0,0x10061400,64,1,
AR,0,0x10061440,64,1,
AR,0,0x10061480,64,1,
AR,0,0x100614C0,64,1,
AR,0,0x10061500,64,1,
AR,0,0x10061540,64,1,
AR,0,0x10061580,64,1,
AR,0,0x100615C0,64,1,
AR,0,0x10061600,64,1,
AR,0,0x10061640,64,1,
AR,0,0x10061680,64,1,
AR,0,0x100616C0,64,1,
AR,0,0x10061700,64,1,
AR,0,0x10061740,64,1,
AR,0,0x10061780,64,1,
AR,0,0x100617C0,64,1,
AR,0,0x10061800,64,1,
AR,0,0x10061840,64,1,
AR,0,0x10061880,64,1,
AR,0,0x100618C0,64,1,
AR,0,0x10061900,64,1,
AR,0,0x10061940,64,1,
AR,0,0x10061980,64,1,
AR,0,0x100619C0,64,1,
AR,0,0x10061A00,64,1,
AR,0,0x10061A40,64,1,
AR,0,0x10061A80,64,1,
AR,0,0x10061AC0,64,1,
AR,0,0x10061B00,64,1,
AR,0,0x10061B40,64,1,
AR,0,0x10061B80,64,1,
AR,0,0x10061BC0,64,1,
AR,0,0x10061C00,64,1,
AR,0,0x10061C40,64,1,
AR,0,0x10061C80,64,1,
AR,0,0x10061CC0,64,1,
AR,0,0x10061D00,64,1,
AR,0,0x10061D40,64,1,
AR,0,0x10061D80,64,1,
AR,0,0x10061DC0,64,1,
AR,0,0x10061E00,64,1,
AR,0,0x10061E40,64,1,
AR,0,0x10061E80,64,1,
AR,0,0x10061EC0,64,1,
AR,0,0x10061F00,64,1,
AR,0,0x10061F40,64,1,
AR,0,0x10061F80,64,1,
AR,0,0x10061FC0,64,1,
AR,0,0x10062000,64,1,
AR,0,0x10062040,64,1,
AR,0,0x10062080,64,1,
AR,0,0x100620C0,64,1,
AR,0,0x10062100,64,1,
AR,0,0x10062140,64,1,
AR,0,0x10062180,64,1,
AR,0,0x100621C0,64,1,
AR,0,0x10062200,64,1,
AR,0,0x10062240,64,1,
AR,0,0x10062280,64,1,
AR,0,0x100622C0,64,1,
AR,0,0x10062300,64,1,
AR,0,0x10062340,64,1,
AR,0,0x10062380,64,1,
AR,0,0x100623C0,64,1,
AR,0,0x10062400,64,1,
AR,0,0x10062440,64,1,
AR,0,0x10062480,64,1,
AR,0,0x100624C0,64,1,
AR,0,0x10062500,64,1,
AR,0,0x10062540,64,1,
AR,0,0x10062580,64,1,
AR,0,0x100625C0,64,1,
AR,0,0x10062600,64,1,
AR,0,0x10062640,64,1,
AR,0,0x10062680,64,1,
AR,0,0x100626C0,64,1,
AR,0,0x10062700,64,1,
AR,0,0x10062740,64,1,
AR,0,0x10062780,64,1,
AR,0,0x100627C0,64,1,
AR,0,0x10062800,64,1,
AR,0,0x10062840,64,1,
AR,0,0x10062880,64,1,
AR,0,0x100628C0,64,1,
AR,0,0x10062900,64,1,
AR,0,0x10062940,64,1,
AR,0,0x10062980,64,1,
AR,0,0x100629C0,64,1,
AR,0,0x10062A00,64,1,
AR,0,0x10062A40,64,1,
AR,0,0x10062A80,64,1,
AR,0,0x10062AC0,64,1,
AR,0,0x10062B00,64,1,
AR,0,0x10062B40,64,1,
AR,0,0x10062B80,64,1,
AR,0,0x10062BC0,64,1,
AR,0,0x10062C00,64,1,
AR,0,0x10062C40,64,1,
AR,0,0x10062C80,64,1,
AR,0,0x10062CC0,64,1,
AR,0,0x10062D00,64,1,
AR,0,0x10062D40,64,1,
AR,0,0x10062D80,64,1,
AR,0,0x10062DC0,64,1,
AR,0,0x10062E00,64,1,
AR,0,0x10062E40,64,1,
AR,0,0x10062E80,64,1,
AR,0,0x10062EC0,64,1,
AR,0,0x10062F00,64,1,
AR,0,0x10062F40,64,1,
AR,0,0x10062F80,64,1,
AR,0,0x10062FC0,64,1,
AR,0,0x10063000,64,1,
AR,0,0x10063040,64,1,
AR,0,0x10063080,64,1,
AR,0,0x100630C0,64,1,
AR,0,0x10063100,64,1,
AR,0,0x10063140,64,1,
AR,0,0x10063180,64,1,
AR,0,0x100631C0,64,1,
AR,0,0x10063200,64,1,
AR,0,0x10063240,64,1,
AR,0,0x10063280,64,1,
AR,0,0x100632C0,64,1,
AR,0,0x10063300,64,1,
AR,0,0x10063340,64,1,
AR,0,0x10063380,64,1,
AR,0,0x100633C0,64,1,
AR,0,0x10063400,64,1,
AR,0,0x10063440,64,1,
AR,0,0x10063480,64,1,
AR,0,0x100634C0,64,1,
AR,0,0x10063500,64,1,
AR,0,0x10063540,64,1,
AR,0,0x10063580,64,1,
AR,0,0x100635C0,64,1,
AR,0,0x10063600,64,1,
AR,0,0x10063640,64,1,
AR,0,0x10063680,64,1,
AR,0,0x100636C0,64,1,
AR,0,0x10063700,64,1,
AR,0,0x10063740,64,1,
AR,0,0x10063780,64,1,
AR,0,0x100637C0,64,1,
AR,0,0x10063800,64,1,
AR,0,0x10063840,64,1,
AR,0,0x10063880,64,1,
AR,0,0x100638C0,64,1,
AR,0,0x10063900,64,1,
AR,0,0x10063940,64,1,
AR,0,0x10063980,64,1,
AR,0,0x100639C0,64,1,
AR,0,0x10063A00,64,1,
AR,0,0x10063A40,64,1,
AR,0,0x10063A80,64,1,
AR,0,0x10063AC0,64,1,
AR,0,0x10063B00,64,1,
AR,0,0x10063B40,64,1,
AR,0,0x10063B80,64,1,
AR,0,0x10063BC0,64,1,
AR,0,0x10063C00,64,1,
AR,0,0x10063C40,64,1,
AR,0,0x10063C80,64,1,
AR,0,0x10063CC0,64,1,
AR,0,0x10063D00,64,1,
AR,0,0x10063D40,64,1,
AR,0,0x10063D80,64,1,
AR,0,0x10063DC0,64,1,
AR,0,0x10063E00,64,1,
AR,0,0x10063E40,64,1,
AR,0,0x10063E80,64,1,
AR,0,0x10063EC0,64,1,
AR,0,0x10063F00,64,1,
AR,0,0x10063F40,64,1,
AR,0,0x10063F80,64,1,
AR,0,0x10063FC0,64,1,
AR,0,0x10064000,64,1,
AR,0,0x10064040,64,1,
AR,0,0x10064080,64,1,
AR,0,0x100640C0,64,1,
AR,0,0x10064100,64,1,
AR,0,0x10064140,64,1,
AR,0,0x10064180,64,1,
AR,0,0x100641C0,64,1,
AR,0,0x10064200,64,1,
AR,0,0x10064240,64,1,
AR,0,0x10064280,64,1,
AR,0,0x100642C0,64,1,
AR,0,0x10064300,64,1,
AR,0,0x10064340,64,1,
AR,0,0x10064380,64,1,
AR,0,0x100643C0,64,1,
AR,0,0x10064400,64,1,
AR,0,0x10064440,64,1,
AR,0,0x10064480,64,1,
AR,0,0x100644C0,64,1,
AR,0,0x10064500,64,1,
AR,0,0x10064540,64,1,
AR,0,0x10064580,64,1,
AR,0,0x100645C0,64,1,
AR,0,0x10064600,64,1,
AR,0,0x10064640,64,1,
AR,0,0x10064680,64,1,
AR,0,0x100646C0,64,1,
AR,0,0x10064700,64,1,
AR,0,0x10064740,64,1,
AR,0,0x10064780,64,1,
AR,0,0x100647C0,64,1,
AR,0,0x10064800,64,1,
AR,0,0x10064840,64,1,
AR,0,0x10064880,64,1,
AR,0,0x100648C0,64,1,
AR,0,0x10064900,64,1,
AR,0,0x10064940,64,1,
AR,0,0x10064980,64,1,
AR,0,0x100649C0,64,1,
AR,0,0x10064A00,64,1,
AR,0,0x10064A40,64,1,
AR,0,0x10064A80,64,1,
AR,0,0x10064AC0,64,1,
AR,0,0x10064B00,64,1,
AR,0,0x10064B40,64,1,
AR,0,0x10064B80,64,1,
AR,0,0x10064BC0,64,1,
AR,0,0x10064C00,64,1,
AR,0,0x10064C40,64,1,
AR,0,0x10064C80,64,1,
AR,0,0x10064CC0,64,1,
AR,0,0x10064D00,64,1,
AR,0,0x10064D40,64,1,
AR,0,0x10064D80,64,1,
AR,0,0x10064DC0,64,1,
AR,0,0x10064E00,64,1,
AR,0,0x10064E40,64,1,
AR,0,0x10064E80,64,1,
AR,0,0x10064EC0,64,1,
AR,0,0x10064F00,64,1,
AR,0,0x10064F40,64,1,
AR,0,0x10064F80,64,1,
AR,0,0x10064FC0,64,1,
AR,0,0x10065000,64,1,
AR,0,0x10065040,64,1,
AR,0,0x10065080,64,1,
AR,0,0x100650C0,64,1,
AR,0,0x10065100,64,1,
AR,0,0x10065140,64,1,
AR,0,0x10065180,64,1,
AR,0,0x100651C0,64,1,
AR,0,0x10065200,64,1,
AR,0,0x10065240,64,1,
AR,0,0x10065280,64,1,
AR,0,0x100652C0,64,1,
AR,0,0x10065300,64,1,
AR,0,0x10065340,64,1,
AR,0,0x10065380,64,1,
AR,0,0x100653C0,64,1,
AR,0,0x10065400,64,1,
AR,0,0x10065440,64,1,
AR,0,0x10065480,64,1,
AR,0,0x100654C0,64,1,
AR,0,0x10065500,64,1,
AR,0,0x10065540,64,1,
AR,0,0x10065580,64,1,
AR,0,0x100655C0,64,1,
AR,0,0x10065600,64,1,
AR,0,0x10065640,64,1,
AR,0,0x10065680,64,1,
AR,0,0x100656C0,64,1,
AR,0,0x10065700,64,1,
AR,0,0x10065740,64,1,
AR,0,0x10065780,64,1,
AR,0,0x100657C0,64,1,
AR,0,0x10065800,64,1,
AR,0,0x10065840,64,1,
AR,0,0x10065880,64,1,
AR,0,0x100658C0,64,1,
AR,0,0x10065900,64,1,
AR,0,0x10065940,64,1,
AR,0,0x10065980,64,1,
AR,0,0x100659C0,64,1,
AR,0,0x10065A00,64,1,
AR,0,0x10065A40,64,1,
AR,0,0x10065A80,64,1,
AR,0,0x10065AC0,64,1,
AR,0,0x10065B00,64,1,
AR,0,0x10065B40,64,1,
AR,0,0x10065B80,64,1,
AR,0,0x10065BC0,64,1,
AR,0,0x10065C00,64,1,
AR,0,0x10065C40,64,1,
AR,0,0x10065C80,64,1,
AR,0,0x10065CC0,64,1,
AR,0,0x10065D00,64,1,
AR,0,0x10065D40,64,1,
AR,0,0x10065D80,64,1,
AR,0,0x10065DC0,64,1,
AR,0,0x10065E00,64,1,
AR,0,0x10065E40,64,1,
AR,0,0x10065E80,64,1,
AR,0,0x10065EC0,64,1,
AR,0,0x10065F00,64,1,
AR,0,0x10065F40,64,1,
AR,0,0x10065F80,64,1,
AR,0,0x10065FC0,64,1,
AR,0,0x10066000,64,1,
AR,0,0x10066040,64,1,
AR,0,0x10066080,64,1,
AR,0,0x100660C0,64,1,
AR,0,0x10066100,64,1,
AR,0,0x10066140,64,1,
AR,0,0x10066180,64,1,
AR,0,0x100661C0,64,1,
AR,0,0x10066200,64,1,
AR,0,0x10066240,64,1,
AR,0,0x10066280,64,1,
AR,0,0x100662C0,64,1,
AR,0,0x10066300,64,1,
AR,0,0x10066340,64,1,
AR,0,0x10066380,64,1,
AR,0,0x100663C0,64,1,
AR,0,0x10066400,64,1,
AR,0,0x10066440,64,1,
AR,0,0x10066480,64,1,
AR,0,0x100664C0,64,1,
AR,0,0x10066500,64,1,
AR,0,0x10066540,64,1,
AR,0,0x10066580,64,1,
AR,0,0x100665C0,64,1,
AR,0,0x10066600,64,1,
AR,0,0x10066640,64,1,
AR,0,0x10066680,64,1,
AR,0,0x100666C0,64,1,
AR,0,0x10066700,64,1,
AR,0,0x10066740,64,1,
AR,0,0x10066780,64,1,
AR,0,0x100667C0,64,1,
AR,0,0x10066800,64,1,
AR,0,0x10066840,64,1,
AR,0,0x10066880,64,1,
AR,0,0x100668C0,64,1,
AR,0,0x10066900,64,1,
AR,0,0x10066940,64,1,
AR,0,0x10066980,64,1,
AR,0,0x100669C0,64,1,
AR,0,0x10066A00,64,1,
AR,0,0x10066A40,64,1,
AR,0,0x10066A80,64,1,
AR,0,0x10066AC0,64,1,
AR,0,0x10066B00,64,1,
AR,0,0x10066B40,64,1,
AR,0,0x10066B80,64,1,
AR,0,0x10066BC0,64,1,
AR,0,0x10066C00,64,1,
AR,0,0x10066C40,64,1,
AR,0,0x10066C80,64,1,
AR,0,0x10066CC0,64,1,
AR,0,0x10066D00,64,1,
AR,0,0x10066D40,64,1,
AR,0,0x10066D80,64,1,
AR,0,0x10066DC0,64,1,
AR,0,0x10066E00,64,1,
AR,0,0x10066E40,64,1,
AR,0,0x10066E80,64,1,
AR,0,0x10066EC0,64,1,
AR,0,0x10066F00,64,1,
AR,0,0x10066F40,64,1,
AR,0,0x10066F80,64,1,
AR,0,0x10066FC0,64,1,
AR,0,0x10067000,64,1,
AR,0,0x10067040,64,1,
AR,0,0x10067080,64,1,
AR,0,0x100670C0,64,1,
AR,0,0x10067100,64,1,
AR,0,0x10067140,64,1,
AR,0,0x10067180,64,1,
AR,0,0x100671C0,64,1,
AR,0,0x10067200,64,1,
AR,0,0x10067240,64,1,
AR,0,0x10067280,64,1,
AR,0,0x100672C0,64,1,
AR,0,0x10067300,64,1,
AR,0,0x10067340,64,1,
AR,0,0x10067380,64,1,
AR,0,0x100673C0,64,1,
AR,0,0x10067400,64,1,
AR,0,0x10067440,64,1,
AR,0,0x10067480,64,1,
AR,0,0x100674C0,64,1,
AR,0,0x10067500,64,1,
AR,0,0x10067540,64,1,
AR,0,0x10067580,64,1,
AR,0,0x100675C0,64,1,
AR,0,0x10067600,64,1,
AR,0,0x10067640,64,1,
AR,0,0x10067680,64,1,
AR,0,0x100676C0,64,1,
AR,0,0x10067700,64,1,
AR,0,0x10067740,64,1,
AR,0,0x10067780,64,1,
AR,0,0x100677C0,64,1,
AR,0,0x10067800,64,1,
AR,0,0x10067840,64,1,
AR,0,0x10067880,64,1,
AR,0,0x100678C0,64,1,
AR,0,0x10067900,64,1,
AR,0,0x10067940,64,1,
AR,0,0x10067980,64,1,
AR,0,0x100679C0,64,1,
AR,0,0x10067A00,64,1,
AR,0,0x10067A40,64,1,
AR,0,0x10067A80,64,1,
AR,0,0x10067AC0,64,1,
AR,0,0x10067B00,64,1,
AR,0,0x10067B40,64,1,
AR,0,0x10067B80,64,1,
AR,0,0x10067BC0,64,1,
AR,0,0x10067C00,64,1,
AR,0,0x10067C40,64,1,
AR,0,0x10067C80,64,1,
AR,0,0x10067CC0,64,1,
AR,0,0x10067D00,64,1,
AR,0,0x10067D40,64,1,
AR,0,0x10067D80,64,1,
AR,0,0x10067DC0,64,1,
AR,0,0x10067E00,64,1,
AR,0,0x10067E40,64,1,
AR,0,0x10067E80,64,1,
AR,0,0x10067EC0,64,1,
AR,0,0x10067F00,64,1,
AR,0,0x10067F40,64,1,
AR,0,0x10067F80,64,1,
AR,0,0x10067FC0,64,1,
AR,0,0x10068000,64,1,
AR,0,0x10068040,64,1,
AR,0,0x10068080,64,1,
AR,0,0x100680C0,64,1,
AR,0,0x10068100,64,1,
AR,0,0x10068140,64,1,
AR,0,0x10068180,64,1,
AR,0,0x100681C0,64,1,
AR,0,0x10068200,64,1,
AR,0,0x10068240,64,1,
AR,0,0x10068280,64,1,
AR,0,0x100682C0,64,1,
AR,0,0x10068300,64,1,
AR,0,0x10068340,64,1,
AR,0,0x10068380,64,1,
AR,0,0x100683C0,64,1,
AR,0,0x10068400,64,1,
AR,0,0x10068440,64,1,
AR,0,0x10068480,64,1,
AR,0,0x100684C0,64,1,
AR,0,0x10068500,64,1,
AR,0,0x10068540,64,1,
AR,0,0x10068580,64,1,
AR,0,0x100685C0,64,1,
AR,0,0x10068600,64,1,
AR,0,0x10068640,64,1,
AR,0,0x10068680,64,1,
AR,0,0x100686C0,64,1,
AR,0,0x10068700,64,1,
AR,0,0x10068740,64,1,
AR,0,0x10068780,64,1,
AR,0,0x100687C0,64,1,
AR,0,0x10068800,64,1,
AR,0,0x10068840,64,1,
AR,0,0x10068880,64,1,
AR,0,0x100688C0,64,1,
AR,0,0x10068900,64,1,
AR,0,0x10068940,64,1,
AR,0,0x10068980,64,1,
AR,0,0x100689C0,64,1,
AR,0,0x10068A00,64,1,
AR,0,0x10068A40,64,1,
AR,0,0x10068A80,64,1,
AR,0,0x10068AC0,64,1,
AR,0,0x10068B00,64,1,
AR,0,0x10068B40,64,1,
AR,0,0x10068B80,64,1,
AR,0,0x10068BC0,64,1,
AR,0,0x10068C00,64,1,
AR,0,0x10068C40,64,1,
AR,0,0x10068C80,64,1,
AR,0,0x10068CC0,64,1,
AR,0,0x10068D00,64,1,
AR,0,0x10068D40,64,1,
AR,0,0x10068D80,64,1,
AR,0,0x10068DC0,64,1,
AR,0,0x10068E00,64,1,
AR,0,0x10068E40,64,1,
AR,0,0x10068E80,64,1,
AR,0,0x10068EC0,64,1,
AR,0,0x10068F00,64,1,
AR,0,0x10068F40,64,1,
AR,0,0x10068F80,64,1,
AR,0,0x10068FC0,64,1,
AR,0,0x10069000,64,1,
AR,0,0x10069040,64,1,
AR,0,0x10069080,64,1,
AR,0,0x100690C0,64,1,
AR,0,0x10069100,64,1,
AR,0,0x10069140,64,1,
AR,0,0x10069180,64,1,
AR,0,0x100691C0,64,1,
AR,0,0x10069200,64,1,
AR,0,0x10069240,64,1,
AR,0,0x10069280,64,1,
AR,0,0x100692C0,64,1,
AR,0,0x10069300,64,1,
AR,0,0x10069340,64,1,
AR,0,0x10069380,64,1,
AR,0,0x100693C0,64,1,
AR,0,0x10069400,64,1,
AR,0,0x10069440,64,1,
AR,0,0x10069480,64,1,
AR,0,0x100694C0,64,1,
AR,0,0x10069500,64,1,
AR,0,0x10069540,64,1,
AR,0,0x10069580,64,1,
AR,0,0x100695C0,64,1,
AR,0,0x10069600,64,1,
AR,0,0x10069640,64,1,
AR,0,0x10069680,64,1,
AR,0,0x100696C0,64,1,
AR,0,0x10069700,64,1,
AR,0,0x10069740,64,1,
AR,0,0x10069780,64,1,
AR,0,0x100697C0,64,1,
AR,0,0x10069800,64,1,
AR,0,0x10069840,64,1,
AR,0,0x10069880,64,1,
AR,0,0x100698C0,64,1,
AR,0,0x10069900,64,1,
AR,0,0x10069940,64,1,
AR,0,0x10069980,64,1,
AR,0,0x100699C0,64,1,
AR,0,0x10069A00,64,1,
AR,0,0x10069A40,64,1,
AR,0,0x10069A80,64,1,
AR,0,0x10069AC0,64,1,
AR,0,0x10069B00,64,1,
AR,0,0x10069B40,64,1,
AR,0,0x10069B80,64,1,
AR,0,0x10069BC0,64,1,
AR,0,0x10069C00,64,1,
AR,0,0x10069C40,64,1,
AR,0,0x10069C80,64,1,
AR,0,0x10069CC0,64,1,
AR,0,0x10069D00,64,1,
AR,0,0x10069D40,64,1,
AR,0,0x10069D80,64,1,
AR,0,0x10069DC0,64,1,
AR,0,0x10069E00,64,1,
AR,0,0x10069E40,64,1,
AR,0,0x10069E80,64,1,
AR,0,0x10069EC0,64,1,
AR,0,0x10069F00,64,1,
AR,0,0x10069F40,64,1,
AR,0,0x10069F80,64,1,
AR,0,0x10069FC0,64,1,
AR,0,0x1006A000,64,1,
AR,0,0x1006A040,64,1,
AR,0,0x1006A080,64,1,
AR,0,0x1006A0C0,64,1,
AR,0,0x1006A100,64,1,
AR,0,0x1006A140,64,1,
AR,0,0x1006A180,64,1,
AR,0,0x1006A1C0,64,1,
AR,0,0x1006A200,64,1,
AR,0,0x1006A240,64,1,
AR,0,0x1006A280,64,1,
AR,0,0x1006A2C0,64,1,
AR,0,0x1006A300,64,1,
AR,0,0x1006A340,64,1,
AR,0,0x1006A380,64,1,
AR,0,0x1006A3C0,64,1,
AR,0,0x1006A400,64,1,
AR,0,0x1006A440,64,1,
AR,0,0x1006A480,64,1,
AR,0,0x1006A4C0,64,1,
AR,0,0x1006A500,64,1,
AR,0,0x1006A540,64,1,
AR,0,0x1006A580,64,1,
AR,0,0x1006A5C0,64,1,
AR,0,0x1006A600,64,1,
AR,0,0x1006A640,64,1,
AR,0,0x1006A680,64,1,
AR,0,0x1006A6C0,64,1,
AR,0,0x1006A700,64,1,
AR,0,0x1006A740,64,1,
AR,0,0x1006A780,64,1,
AR,0,0x1006A7C0,64,1,
AR,0,0x1006A800,64,1,
AR,0,0x1006A840,64,1,
AR,0,0x1006A880,64,1,
AR,0,0x1006A8C0,64,1,
AR,0,0x1006A900,64,1,
AR,0,0x1006A940,64,1,
AR,0,0x1006A980,64,1,
AR,0,0x1006A9C0,64,1,
AR,0,0x1006AA00,64,1,
AR,0,0x1006AA40,64,1,
AR,0,0x1006AA80,64,1,
AR,0,0x1006AAC0,64,1,
AR,0,0x1006AB00,64,1,
AR,0,0x1006AB40,64,1,
AR,0,0x1006AB80,64,1,
AR,0,0x1006ABC0,64,1,
AR,0,0x1006AC00,64,1,
AR,0,0x1006AC40,64,1,
AR,0,0x1006AC80,64,1,
AR,0,0x1006ACC0,64,1,
AR,0,0x1006AD00,64,1,
AR,0,0x1006AD40,64,1,
AR,0,0x1006AD80,64,1,
AR,0,0x1006ADC0,64,1,
AR,0,0x1006AE00,64,1,
AR,0,0x1006AE40,64,1,
AR,0,0x1006AE80,64,1,
AR,0,0x1006AEC0,64,1,
AR,0,0x1006AF00,64,1,
AR,0,0x1006AF40,64,1,
AR,0,0x1006AF80,64,1,
AR,0,0x1006AFC0,64,1,
AR,0,0x1006B000,64,1,
AR,0,0x1006B040,64,1,
AR,0,0x1006B080,64,1,
AR,0,0x1006B0C0,64,1,
AR,0,0x1006B100,64,1,
AR,0,0x1006B140,64,1,
AR,0,0x1006B180,64,1,
AR,0,0x1006B1C0,64,1,
AR,0,0x1006B200,64,1,
AR,0,0x1006B240,64,1,
AR,0,0x1006B280,64,1,
AR,0,0x1006B2C0,64,1,
AR,0,0x1006B300,64,1,
AR,0,0x1006B340,64,1,
AR,0,0x1006B380,64,1,
AR,0,0x1006B3C0,64,1,
AR,0,0x1006B400,64,1,
AR,0,0x1006B440,64,1,
AR,0,0x1006B480,64,1,
AR,0,0x1006B4C0,64,1,
AR,0,0x1006B500,64,1,
AR,0,0x1006B540,64,1,
AR,0,0x1006B580,64,1,
AR,0,0x1006B5C0,64,1,
AR,0,0x1006B600,64,1,
AR,0,0x1006B640,64,1,
AR,0,0x1006B680,64,1,
AR,0,0x1006B6C0,64,1,
AR,0,0x1006B700,64,1,
AR,0,0x1006B740,64,1,
AR,0,0x1006B780,64,1,
AR,0,0x1006B7C0,64,1,
AR,0,0x1006B800,64,1,
AR,0,0x1006B840,64,1,
AR,0,0x1006B880,64,1,
AR,0,0x1006B8C0,64,1,
AR,0,0x1006B900,64,1,
AR,0,0x1006B940,64,1,
AR,0,0x1006B980,64,1,
AR,0,0x1006B9C0,64,1,
AR,0,0x1006BA00,64,1,
AR,0,0x1006BA40,64,1,
AR,0,0x1006BA80,64,1,
AR,0,0x1006BAC0,64,1,
AR,0,0x1006BB00,64,1,
AR,0,0x1006BB40,64,1,
AR,0,0x1006BB80,64,1,
AR,0,0x1006BBC0,64,1,
AR,0,0x1006BC00,64,1,
AR,0,0x1006BC40,64,1,
AR,0,0x1006BC80,64,1,
AR,0,0x1006BCC0,64,1,
AR,0,0x1006BD00,64,1,
AR,0,0x1006BD40,64,1,
AR,0,0x1006BD80,64,1,
AR,0,0x1006BDC0,64,1,
AR,0,0x1006BE00,64,1,
AR,0,0x1006BE40,64,1,
AR,0,0x1006BE80,64,1,
AR,0,0x1006BEC0,64,1,
AR,0,0x1006BF00,64,1,
AR,0,0x1006BF40,64,1,
AR,0,0x1006BF80,64,1,
AR,0,0x1006BFC0,64,1,
AR,0,0x1006C000,64,1,
AR,0,0x1006C040,64,1,
AR,0,0x1006C080,64,1,
AR,0,0x1006C0C0,64,1,
AR,0,0x1006C100,64,1,
AR,0,0x1006C140,64,1,
AR,0,0x1006C180,64,1,
AR,0,0x1006C1C0,64,1,
AR,0,0x1006C200,64,1,
AR,0,0x1006C240,64,1,
AR,0,0x1006C280,64,1,
AR,0,0x1006C2C0,64,1,
AR,0,0x1006C300,64,1,
AR,0,0x1006C340,64,1,
AR,0,0x1006C380,64,1,
AR,0,0x1006C3C0,64,1,
AR,0,0x1006C400,64,1,
AR,0,0x1006C440,64,1,
AR,0,0x1006C480,64,1,
AR,0,0x1006C4C0,64,1,
AR,0,0x1006C500,64,1,
AR,0,0x1006C540,64,1,
AR,0,0x1006C580,64,1,
AR,0,0x1006C5C0,64,1,
AR,0,0x1006C600,64,1,
AR,0,0x1006C640,64,1,
AR,0,0x1006C680,64,1,
AR,0,0x1006C6C0,64,1,
AR,0,0x1006C700,64,1,
AR,0,0x1006C740,64,1,
AR,0,0x1006C780,64,1,
AR,0,0x1006C7C0,64,1,
AR,0,0x1006C800,64,1,
AR,0,0x1006C840,64,1,
AR,0,0x1006C880,64,1,
AR,0,0x1006C8C0,64,1,
AR,0,0x1006C900,64,1,
AR,0,0x1006C940,64,1,
AR,0,0x1006C980,64,1,
AR,0,0x1006C9C0,64,1,
AR,0,0x1006CA00,64,1,
AR,0,0x1006CA40,64,1,
AR,0,0x1006CA80,64,1,
AR,0,0x1006CAC0,64,1,
AR,0,0x1006CB00,64,1,
AR,0,0x1006CB40,64,1,
AR,0,0x1006CB80,64,1,
AR,0,0x1006CBC0,64,1,
AR,0,0x1006CC00,64,1,
AR,0,0x1006CC40,64,1,
AR,0,0x1006CC80,64,1,
AR,0,0x1006CCC0,64,1,
AR,0,0x1006CD00,64,1,
AR,0,0x1006CD40,64,1,
AR,0,0x1006CD80,64,1,
AR,0,0x1006CDC0,64,1,
AR,0,0x1006CE00,64,1,
AR,0,0x1006CE40,64,1,
AR,0,0x1006CE80,64,1,
AR,0,0x1006CEC0,64,1,
AR,0,0x1006CF00,64,1,
AR,0,0x1006CF40,64,1,
AR,0,0x1006CF80,64,1,
AR,0,0x1006CFC0,64,1,
AR,0,0x1006D000,64,1,
AR,0,0x1006D040,64,1,
AR,0,0x1006D080,64,1,
AR,0,0x1006D0C0,64,1,
AR,0,0x1006D100,64,1,
AR,0,0x1006D140,64,1,
AR,0,0x1006D180,64,1,
AR,0,0x1006D1C0,64,1,
AR,0,0x1006D200,64,1,
AR,0,0x1006D240,64,1,
AR,0,0x1006D280,64,1,
AR,0,0x1006D2C0,64,1,
AR,0,0x1006D300,64,1,
AR,0,0x1006D340,64,1,
AR,0,0x1006D380,64,1,
AR,0,0x1006D3C0,64,1,
AR,0,0x1006D400,64,1,
AR,0,0x1006D440,64,1,
AR,0,0x1006D480,64,1,
AR,0,0x1006D4C0,64,1,
AR,0,0x1006D500,64,1,
AR,0,0x1006D540,64,1,
AR,0,0x1006D580,64,1,
AR,0,0x1006D5C0,64,1,
AR,0,0x1006D600,64,1,
AR,0,0x1006D640,64,1,
AR,0,0x1006D680,64,1,
AR,0,0x1006D6C0,64,1,
AR,0,0x1006D700,64,1,
AR,0,0x1006D740,64,1,
AR,0,0x1006D780,64,1,
AR,0,0x1006D7C0,64,1,
AR,0,0x1006D800,64,1,
AR,0,0x1006D840,64,1,
AR,0,0x1006D880,64,1,
AR,0,0x1006D8C0,64,1,
AR,0,0x1006D900,64,1,
AR,0,0x1006D940,64,1,
AR,0,0x1006D980,64,1,
AR,0,0x1006D9C0,64,1,
AR,0,0x1006DA00,64,1,
AR,0,0x1006DA40,64,1,
AR,0,0x1006DA80,64,1,
AR,0,0x1006DAC0,64,1,
AR,0,0x1006DB00,64,1,
AR,0,0x1006DB40,64,1,
AR,0,0x1006DB80,64,1,
AR,0,0x1006DBC0,64,1,
AR,0,0x1006DC00,64,1,
AR,0,0x1006DC40,64,1,
AR,0,0x1006DC80,64,1,
AR,0,0x1006DCC0,64,1,
AR,0,0x1006DD00,64,1,
AR,0,0x1006DD40,64,1,
AR,0,0x1006DD80,64,1,
AR,0,0x1006DDC0,64,1,
AR,0,0x1006DE00,64,1,
AR,0,0x1006DE40,64,1,
AR,0,0x1006DE80,64,1,
AR,0,0x1006DEC0,64,1,
AR,0,0x1006DF00,64,1,
AR,0,0x1006DF40,64,1,
AR,0,0x1006DF80,64,1,
AR,0,0x1006DFC0,64,1,
AR,0,0x1006E000,64,1,
AR,0,0x1006E040,64,1,
AR,0,0x1006E080,64,1,
AR,0,0x1006E0C0,64,1,
AR,0,0x1006E100,64,1,
AR,0,0x1006E140,64,1,
AR,0,0x1006E180,64,1,
AR,0,0x1006E1C0,64,1,
AR,0,0x1006E200,64,1,
AR,0,0x1006E240,64,1,
AR,0,0x1006E280,64,1,
AR,0,0x1006E2C0,64,1,
AR,0,0x1006E300,64,1,
AR,0,0x1006E340,64,1,
AR,0,0x1006E380,64,1,
AR,0,0x1006E3C0,64,1,
AR,0,0x1006E400,64,1,
AR,0,0x1006E440,64,1,
AR,0,0x1006E480,64,1,
AR,0,0x1006E4C0,64,1,
AR,0,0x1006E500,64,1,
AR,0,0x1006E540,64,1,
AR,0,0x1006E580,64,1,
AR,0,0x1006E5C0,64,1,
AR,0,0x1006E600,64,1,
AR,0,0x1006E640,64,1,
AR,0,0x1006E680,64,1,
AR,0,0x1006E6C0,64,1,
AR,0,0x1006E700,64,1,
AR,0,0x1006E740,64,1,
AR,0,0x1006E780,64,1,
AR,0,0x1006E7C0,64,1,
AR,0,0x1006E800,64,1,
AR,0,0x1006E840,64,1,
AR,0,0x1006E880,64,1,
AR,0,0x1006E8C0,64,1,
AR,0,0x1006E900,64,1,
AR,0,0x1006E940,64,1,
AR,0,0x1006E980,64,1,
AR,0,0x1006E9C0,64,1,
AR,0,0x1006EA00,64,1,
AR,0,0x1006EA40,64,1,
AR,0,0x1006EA80,64,1,
AR,0,0x1006EAC0,64,1,
AR,0,0x1006EB00,64,1,
AR,0,0x1006EB40,64,1,
AR,0,0x1006EB80,64,1,
AR,0,0x1006EBC0,64,1,
AR,0,0x1006EC00,64,1,
AR,0,0x1006EC40,64,1,
AR,0,0x1006EC80,64,1,
AR,0,0x1006ECC0,64,1,
AR,0,0x1006ED00,64,1,
AR,0,0x1006ED40,64,1,
AR,0,0x1006ED80,64,1,
AR,0,0x1006EDC0,64,1,
AR,0,0x1006EE00,64,1,
AR,0,0x1006EE40,64,1,
AR,0,0x1006EE80,64,1,
AR,0,0x1006EEC0,64,1,
AR,0,0x1006EF00,64,1,
AR,0,0x1006EF40,64,1,
AR,0,0x1006EF80,64,1,
AR,0,0x1006EFC0,64,1,
AR,0,0x1006F000,64,1,
AR,0,0x1006F040,64,1,
AR,0,0x1006F080,64,1,
AR,0,0x1006F0C0,64,1,
AR,0,0x1006F100,64,1,
AR,0,0x1006F140,64,1,
AR,0,0x1006F180,64,1,
AR,0,0x1006F1C0,64,1,
AR,0,0x1006F200,64,1,
AR,0,0x1006F240,64,1,
AR,0,0x1006F280,64,1,
AR,0,0x1006F2C0,64,1,
AR,0,0x1006F300,64,1,
AR,0,0x1006F340,64,1,
AR,0,0x1006F380,64,1,
AR,0,0x1006F3C0,64,1,
AR,0,0x1006F400,64,1,
AR,0,0x1006F440,64,1,
AR,0,0x1006F480,64,1,
AR,0,0x1006F4C0,64,1,
AR,0,0x1006F500,64,1,
AR,0,0x1006F540,64,1,
AR,0,0x1006F580,64,1,
AR,0,0x1006F5C0,64,1,
AR,0,0x1006F600,64,1,
AR,0,0x1006F640,64,1,
AR,0,0x1006F680,64,1,
AR,0,0x1006F6C0,64,1,
AR,0,0x1006F700,64,1,
AR,0,0x1006F740,64,1,
AR,0,0x1006F780,64,1,
AR,0,0x1006F7C0,64,1,
AR,0,0x1006F800,64,1,
AR,0,0x1006F840,64,1,
AR,0,0x1006F880,64,1,
AR,0,0x1006F8C0,64,1,
AR,0,0x1006F900,64,1,
AR,0,0x1006F940,64,1,
AR,0,0x1006F980,64,1,
AR,0,0x1006F9C0,64,1,
AR,0,0x1006FA00,64,1,
AR,0,0x1006FA40,64,1,
AR,0,0x1006FA80,64,1,
AR,0,0x1006FAC0,64,1,
AR,0,0x1006FB00,64,1,
AR,0,0x1006FB40,64,1,
AR,0,0x1006FB80,64,1,
AR,0,0x1006FBC0,64,1,
AR,0,0x1006FC00,64,1,
AR,0,0x1006FC40,64,1,
AR,0,0x1006FC80,64,1,
AR,0,0x1006FCC0,64,1,
AR,0,0x1006FD00,64,1,
AR,0,0x1006FD40,64,1,
AR,0,0x1006FD80,64,1,
AR,0,0x1006FDC0,64,1,
AR,0,0x1006FE00,64,1,
AR,0,0x1006FE40,64,1,
AR,0,0x1006FE80,64,1,
AR,0,0x1006FEC0,64,1,
AR,0,0x1006FF00,64,1,
AR,0,0x1006FF40,64,1,
AR,0,0x1006FF80,64,1,
AR,0,0x1006FFC0,64,1,
AR,0,0x10070000,64,1,
AR,0,0x10070040,64,1,
AR,0,0x10070080,64,1,
AR,0,0x100700C0,64,1,
AR,0,0x10070100,64,1,
AR,0,0x10070140,64,1,
AR,0,0x10070180,64,1,
AR,0,0x100701C0,64,1,
AR,0,0x10070200,64,1,
AR,0,0x10070240,64,1,
AR,0,0x10070280,64,1,
AR,0,0x100702C0,64,1,
AR,0,0x10070300,64,1,
AR,0,0x10070340,64,1,
AR,0,0x10070380,64,1,
AR,0,0x100703C0,64,1,
AR,0,0x10070400,64,1,
AR,0,0x10070440,64,1,
AR,0,0x10070480,64,1,
AR,0,0x100704C0,64,1,
AR,0,0x10070500,64,1,
AR,0,0x10070540,64,1,
AR,0,0x10070580,64,1,
AR,0,0x100705C0,64,1,
AR,0,0x10070600,64,1,
AR,0,0x10070640,64,1,
AR,0,0x10070680,64,1,
AR,0,0x100706C0,64,1,
AR,0,0x10070700,64,1,
AR,0,0x10070740,64,1,
AR,0,0x10070780,64,1,
AR,0,0x100707C0,64,1,
AR,0,0x10070800,64,1,
AR,0,0x10070840,64,1,
AR,0,0x10070880,64,1,
AR,0,0x100708C0,64,1,
AR,0,0x10070900,64,1,
AR,0,0x10070940,64,1,
AR,0,0x10070980,64,1,
AR,0,0x100709C0,64,1,
AR,0,0x10070A00,64,1,
AR,0,0x10070A40,64,1,
AR,0,0x10070A80,64,1,
AR,0,0x10070AC0,64,1,
AR,0,0x10070B00,64,1,
AR,0,0x10070B40,64,1,
AR,0,0x10070B80,64,1,
AR,0,0x10070BC0,64,1,
AR,0,0x10070C00,64,1,
AR,0,0x10070C40,64,1,
AR,0,0x10070C80,64,1,
AR,0,0x10070CC0,64,1,
AR,0,0x10070D00,64,1,
AR,0,0x10070D40,64,1,
AR,0,0x10070D80,64,1,
AR,0,0x10070DC0,64,1,
AR,0,0x10070E00,64,1,
AR,0,0x10070E40,64,1,
AR,0,0x10070E80,64,1,
AR,0,0x10070EC0,64,1,
AR,0,0x10070F00,64,1,
AR,0,0x10070F40,64,1,
AR,0,0x10070F80,64,1,
AR,0,0x10070FC0,64,1,
AR,0,0x10071000,64,1,
AR,0,0x10071040,64,1,
AR,0,0x10071080,64,1,
AR,0,0x100710C0,64,1,
AR,0,0x10071100,64,1,
AR,0,0x10071140,64,1,
AR,0,0x10071180,64,1,
AR,0,0x100711C0,64,1,
AR,0,0x10071200,64,1,
AR,0,0x10071240,64,1,
AR,0,0x10071280,64,1,
AR,0,0x100712C0,64,1,
AR,0,0x10071300,64,1,
AR,0,0x10071340,64,1,
AR,0,0x10071380,64,1,
AR,0,0x100713C0,64,1,
AR,0,0x10071400,64,1,
AR,0,0x10071440,64,1,
AR,0,0x10071480,64,1,
AR,0,0x100714C0,64,1,
AR,0,0x10071500,64,1,
AR,0,0x10071540,64,1,
AR,0,0x10071580,64,1,
AR,0,0x100715C0,64,1,
AR,0,0x10071600,64,1,
AR,0,0x10071640,64,1,
AR,0,0x10071680,64,1,
AR,0,0x100716C0,64,1,
AR,0,0x10071700,64,1,
AR,0,0x10071740,64,1,
AR,0,0x10071780,64,1,
AR,0,0x100717C0,64,1,
AR,0,0x10071800,64,1,
AR,0,0x10071840,64,1,
AR,0,0x10071880,64,1,
AR,0,0x100718C0,64,1,
AR,0,0x10071900,64,1,
AR,0,0x10071940,64,1,
AR,0,0x10071980,64,1,
AR,0,0x100719C0,64,1,
AR,0,0x10071A00,64,1,
AR,0,0x10071A40,64,1,
AR,0,0x10071A80,64,1,
AR,0,0x10071AC0,64,1,
AR,0,0x10071B00,64,1,
AR,0,0x10071B40,64,1,
AR,0,0x10071B80,64,1,
AR,0,0x10071BC0,64,1,
AR,0,0x10071C00,64,1,
AR,0,0x10071C40,64,1,
AR,0,0x10071C80,64,1,
AR,0,0x10071CC0,64,1,
AR,0,0x10071D00,64,1,
AR,0,0x10071D40,64,1,
AR,0,0x10071D80,64,1,
AR,0,0x10071DC0,64,1,
AR,0,0x10071E00,64,1,
AR,0,0x10071E40,64,1,
AR,0,0x10071E80,64,1,
AR,0,0x10071EC0,64,1,
AR,0,0x10071F00,64,1,
AR,0,0x10071F40,64,1,
AR,0,0x10071F80,64,1,
AR,0,0x10071FC0,64,1,
AR,0,0x10072000,64,1,
AR,0,0x10072040,64,1,
AR,0,0x10072080,64,1,
AR,0,0x100720C0,64,1,
AR,0,0x10072100,64,1,
AR,0,0x10072140,64,1,
AR,0,0x10072180,64,1,
AR,0,0x100721C0,64,1,
AR,0,0x10072200,64,1,
AR,0,0x10072240,64,1,
AR,0,0x10072280,64,1,
AR,0,0x100722C0,64,1,
AR,0,0x10072300,64,1,
AR,0,0x10072340,64,1,
AR,0,0x10072380,64,1,
AR,0,0x100723C0,64,1,
AR,0,0x10072400,64,1,
AR,0,0x10072440,64,1,
AR,0,0x10072480,64,1,
AR,0,0x100724C0,64,1,
AR,0,0x10072500,64,1,
AR,0,0x10072540,64,1,
AR,0,0x10072580,64,1,
AR,0,0x100725C0,64,1,
AR,0,0x10072600,64,1,
AR,0,0x10072640,64,1,
AR,0,0x10072680,64,1,
AR,0,0x100726C0,64,1,
AR,0,0x10072700,64,1,
AR,0,0x10072740,64,1,
AR,0,0x10072780,64,1,
AR,0,0x100727C0,64,1,
AR,0,0x10072800,64,1,
AR,0,0x10072840,64,1,
AR,0,0x10072880,64,1,
AR,0,0x100728C0,64,1,
AR,0,0x10072900,64,1,
AR,0,0x10072940,64,1,
AR,0,0x10072980,64,1,
AR,0,0x100729C0,64,1,
AR,0,0x10072A00,64,1,
AR,0,0x10072A40,64,1,
AR,0,0x10072A80,64,1,
AR,0,0x10072AC0,64,1,
AR,0,0x10072B00,64,1,
AR,0,0x10072B40,64,1,
AR,0,0x10072B80,64,1,
AR,0,0x10072BC0,64,1,
AR,0,0x10072C00,64,1,
AR,0,0x10072C40,64,1,
AR,0,0x10072C80,64,1,
AR,0,0x10072CC0,64,1,
AR,0,0x10072D00,64,1,
AR,0,0x10072D40,64,1,
AR,0,0x10072D80,64,1,
AR,0,0x10072DC0,64,1,
AR,0,0x10072E00,64,1,
AR,0,0x10072E40,64,1,
AR,0,0x10072E80,64,1,
AR,0,0x10072EC0,64,1,
AR,0,0x10072F00,64,1,
AR,0,0x10072F40,64,1,
AR,0,0x10072F80,64,1,
AR,0,0x10072FC0,64,1,
AR,0,0x10073000,64,1,
AR,0,0x10073040,64,1,
AR,0,0x10073080,64,1,
AR,0,0x100730C0,64,1,
AR,0,0x10073100,64,1,
AR,0,0x10073140,64,1,
AR,0,0x10073180,64,1,
AR,0,0x100731C0,64,1,
AR,0,0x10073200,64,1,
AR,0,0x10073240,64,1,
AR,0,0x10073280,64,1,
AR,0,0x100732C0,64,1,
AR,0,0x10073300,64,1,
AR,0,0x10073340,64,1,
AR,0,0x10073380,64,1,
AR,0,0x100733C0,64,1,
AR,0,0x10073400,64,1,
AR,0,0x10073440,64,1,
AR,0,0x10073480,64,1,
AR,0,0x100734C0,64,1,
AR,0,0x10073500,64,1,
AR,0,0x10073540,64,1,
AR,0,0x10073580,64,1,
AR,0,0x100735C0,64,1,
AR,0,0x10073600,64,1,
AR,0,0x10073640,64,1,
AR,0,0x10073680,64,1,
AR,0,0x100736C0,64,1,
AR,0,0x10073700,64,1,
AR,0,0x10073740,64,1,
AR,0,0x10073780,64,1,
AR,0,0x100737C0,64,1,
AR,0,0x10073800,64,1,
AR,0,0x10073840,64,1,
AR,0,0x10073880,64,1,
AR,0,0x100738C0,64,1,
AR,0,0x10073900,64,1,
AR,0,0x10073940,64,1,
AR,0,0x10073980,64,1,
AR,0,0x100739C0,64,1,
AR,0,0x10073A00,64,1,
AR,0,0x10073A40,64,1,
AR,0,0x10073A80,64,1,
AR,0,0x10073AC0,64,1,
AR,0,0x10073B00,64,1,
AR,0,0x10073B40,64,1,
AR,0,0x10073B80,64,1,
AR,0,0x10073BC0,64,1,
AR,0,0x10073C00,64,1,
AR,0,0x10073C40,64,1,
AR,0,0x10073C80,64,1,
AR,0,0x10073CC0,64,1,
AR,0,0x10073D00,64,1,
AR,0,0x10073D40,64,1,
AR,0,0x10073D80,64,1,
AR,0,0x10073DC0,64,1,
AR,0,0x10073E00,64,1,
AR,0,0x10073E40,64,1,
AR,0,0x10073E80,64,1,
AR,0,0x10073EC0,64,1,
AR,0,0x10073F00,64,1,
AR,0,0x10073F40,64,1,
AR,0,0x10073F80,64,1,
AR,0,0x10073FC0,64,1,
AR,0,0x10074000,64,1,
AR,0,0x10074040,64,1,
AR,0,0x10074080,64,1,
AR,0,0x100740C0,64,1,
AR,0,0x10074100,64,1,
AR,0,0x10074140,64,1,
AR,0,0x10074180,64,1,
AR,0,0x100741C0,64,1,
AR,0,0x10074200,64,1,
AR,0,0x10074240,64,1,
AR,0,0x10074280,64,1,
AR,0,0x100742C0,64,1,
AR,0,0x10074300,64,1,
AR,0,0x10074340,64,1,
AR,0,0x10074380,64,1,
AR,0,0x100743C0,64,1,
AR,0,0x10074400,64,1,
AR,0,0x10074440,64,1,
AR,0,0x10074480,64,1,
AR,0,0x100744C0,64,1,
AR,0,0x10074500,64,1,
AR,0,0x10074540,64,1,
AR,0,0x10074580,64,1,
AR,0,0x100745C0,64,1,
AR,0,0x10074600,64,1,
AR,0,0x10074640,64,1,
AR,0,0x10074680,64,1,
AR,0,0x100746C0,64,1,
AR,0,0x10074700,64,1,
AR,0,0x10074740,64,1,
AR,0,0x10074780,64,1,
AR,0,0x100747C0,64,1,
AR,0,0x10074800,64,1,
AR,0,0x10074840,64,1,
AR,0,0x10074880,64,1,
AR,0,0x100748C0,64,1,
AR,0,0x10074900,64,1,
AR,0,0x10074940,64,1,
AR,0,0x10074980,64,1,
AR,0,0x100749C0,64,1,
AR,0,0x10074A00,64,1,
AR,0,0x10074A40,64,1,
AR,0,0x10074A80,64,1,
AR,0,0x10074AC0,64,1,
AR,0,0x10074B00,64,1,
AR,0,0x10074B40,64,1,
AR,0,0x10074B80,64,1,
AR,0,0x10074BC0,64,1,
AR,0,0x10074C00,64,1,
AR,0,0x10074C40,64,1,
AR,0,0x10074C80,64,1,
AR,0,0x10074CC0,64,1,
AR,0,0x10074D00,64,1,
AR,0,0x10074D40,64,1,
AR,0,0x10074D80,64,1,
AR,0,0x10074DC0,64,1,
AR,0,0x10074E00,64,1,
AR,0,0x10074E40,64,1,
AR,0,0x10074E80,64,1,
AR,0,0x10074EC0,64,1,
AR,0,0x10074F00,64,1,
AR,0,0x10074F40,64,1,
AR,0,0x10074F80,64,1,
AR,0,0x10074FC0,64,1,
AR,0,0x10075000,64,1,
AR,0,0x10075040,64,1,
AR,0,0x10075080,64,1,
AR,0,0x100750C0,64,1,
AR,0,0x10075100,64,1,
AR,0,0x10075140,64,1,
AR,0,0x10075180,64,1,
AR,0,0x100751C0,64,1,
AR,0,0x10075200,64,1,
AR,0,0x10075240,64,1,
AR,0,0x10075280,64,1,
AR,0,0x100752C0,64,1,
AR,0,0x10075300,64,1,
AR,0,0x10075340,64,1,
AR,0,0x10075380,64,1,
AR,0,0x100753C0,64,1,
AR,0,0x10075400,64,1,
AR,0,0x10075440,64,1,
AR,0,0x10075480,64,1,
AR,0,0x100754C0,64,1,
AR,0,0x10075500,64,1,
AR,0,0x10075540,64,1,
AR,0,0x10075580,64,1,
AR,0,0x100755C0,64,1,
AR,0,0x10075600,64,1,
AR,0,0x10075640,64,1,
AR,0,0x10075680,64,1,
AR,0,0x100756C0,64,1,
AR,0,0x10075700,64,1,
AR,0,0x10075740,64,1,
AR,0,0x10075780,64,1,
AR,0,0x100757C0,64,1,
AR,0,0x10075800,64,1,
AR,0,0x10075840,64,1,
AR,0,0x10075880,64,1,
AR,0,0x100758C0,64,1,
AR,0,0x10075900,64,1,
AR,0,0x10075940,64,1,
AR,0,0x10075980,64,1,
AR,0,0x100759C0,64,1,
AR,0,0x10075A00,64,1,
AR,0,0x10075A40,64,1,
AR,0,0x10075A80,64,1,
AR,0,0x10075AC0,64,1,
AR,0,0x10075B00,64,1,
AR,0,0x10075B40,64,1,
AR,0,0x10075B80,64,1,
AR,0,0x10075BC0,64,1,
AR,0,0x10075C00,64,1,
AR,0,0x10075C40,64,1,
AR,0,0x10075C80,64,1,
AR,0,0x10075CC0,64,1,
AR,0,0x10075D00,64,1,
AR,0,0x10075D40,64,1,
AR,0,0x10075D80,64,1,
AR,0,0x10075DC0,64,1,
AR,0,0x10075E00,64,1,
AR,0,0x10075E40,64,1,
AR,0,0x10075E80,64,1,
AR,0,0x10075EC0,64,1,
AR,0,0x10075F00,64,1,
AR,0,0x10075F40,64,1,
AR,0,0x10075F80,64,1,
AR,0,0x10075FC0,64,1,
AR,0,0x10076000,64,1,
AR,0,0x10076040,64,1,
AR,0,0x10076080,64,1,
AR,0,0x100760C0,64,1,
AR,0,0x10076100,64,1,
AR,0,0x10076140,64,1,
AR,0,0x10076180,64,1,
AR,0,0x100761C0,64,1,
AR,0,0x10076200,64,1,
AR,0,0x10076240,64,1,
AR,0,0x10076280,64,1,
AR,0,0x100762C0,64,1,
AR,0,0x10076300,64,1,
AR,0,0x10076340,64,1,
AR,0,0x10076380,64,1,
AR,0,0x100763C0,64,1,
AR,0,0x10076400,64,1,
AR,0,0x10076440,64,1,
AR,0,0x10076480,64,1,
AR,0,0x100764C0,64,1,
AR,0,0x10076500,64,1,
AR,0,0x10076540,64,1,
AR,0,0x10076580,64,1,
AR,0,0x100765C0,64,1,
AR,0,0x10076600,64,1,
AR,0,0x10076640,64,1,
AR,0,0x10076680,64,1,
AR,0,0x100766C0,64,1,
AR,0,0x10076700,64,1,
AR,0,0x10076740,64,1,
AR,0,0x10076780,64,1,
AR,0,0x100767C0,64,1,
AR,0,0x10076800,64,1,
AR,0,0x10076840,64,1,
AR,0,0x10076880,64,1,
AR,0,0x100768C0,64,1,
AR,0,0x10076900,64,1,
AR,0,0x10076940,64,1,
AR,0,0x10076980,64,1,
AR,0,0x100769C0,64,1,
AR,0,0x10076A00,64,1,
AR,0,0x10076A40,64,1,
AR,0,0x10076A80,64,1,
AR,0,0x10076AC0,64,1,
AR,0,0x10076B00,64,1,
AR,0,0x10076B40,64,1,
AR,0,0x10076B80,64,1,
AR,0,0x10076BC0,64,1,
AR,0,0x10076C00,64,1,
AR,0,0x10076C40,64,1,
AR,0,0x10076C80,64,1,
AR,0,0x10076CC0,64,1,
AR,0,0x10076D00,64,1,
AR,0,0x10076D40,64,1,
AR,0,0x10076D80,64,1,
AR,0,0x10076DC0,64,1,
AR,0,0x10076E00,64,1,
AR,0,0x10076E40,64,1,
AR,0,0x10076E80,64,1,
AR,0,0x10076EC0,64,1,
AR,0,0x10076F00,64,1,
AR,0,0x10076F40,64,1,
AR,0,0x10076F80,64,1,
AR,0,0x10076FC0,64,1,
AR,0,0x10077000,64,1,
AR,0,0x10077040,64,1,
AR,0,0x10077080,64,1,
AR,0,0x100770C0,64,1,
AR,0,0x10077100,64,1,
AR,0,0x10077140,64,1,
AR,0,0x10077180,64,1,
AR,0,0x100771C0,64,1,
AR,0,0x10077200,64,1,
AR,0,0x10077240,64,1,
AR,0,0x10077280,64,1,
AR,0,0x100772C0,64,1,
AR,0,0x10077300,64,1,
AR,0,0x10077340,64,1,
AR,0,0x10077380,64,1,
AR,0,0x100773C0,64,1,
AR,0,0x10077400,64,1,
AR,0,0x10077440,64,1,
AR,0,0x10077480,64,1,
AR,0,0x100774C0,64,1,
AR,0,0x10077500,64,1,
AR,0,0x10077540,64,1,
AR,0,0x10077580,64,1,
AR,0,0x100775C0,64,1,
AR,0,0x10077600,64,1,
AR,0,0x10077640,64,1,
AR,0,0x10077680,64,1,
AR,0,0x100776C0,64,1,
AR,0,0x10077700,64,1,
AR,0,0x10077740,64,1,
AR,0,0x10077780,64,1,
AR,0,0x100777C0,64,1,
AR,0,0x10077800,64,1,
AR,0,0x10077840,64,1,
AR,0,0x10077880,64,1,
AR,0,0x100778C0,64,1,
AR,0,0x10077900,64,1,
AR,0,0x10077940,64,1,
AR,0,0x10077980,64,1,
AR,0,0x100779C0,64,1,
AR,0,0x10077A00,64,1,
AR,0,0x10077A40,64,1,
AR,0,0x10077A80,64,1,
AR,0,0x10077AC0,64,1,
AR,0,0x10077B00,64,1,
AR,0,0x10077B40,64,1,
AR,0,0x10077B80,64,1,
AR,0,0x10077BC0,64,1,
AR,0,0x10077C00,64,1,
AR,0,0x10077C40,64,1,
AR,0,0x10077C80,64,1,
AR,0,0x10077CC0,64,1,
AR,0,0x10077D00,64,1,
AR,0,0x10077D40,64,1,
AR,0,0x10077D80,64,1,
AR,0,0x10077DC0,64,1,
AR,0,0x10077E00,64,1,
AR,0,0x10077E40,64,1,
AR,0,0x10077E80,64,1,
AR,0,0x10077EC0,64,1,
AR,0,0x10077F00,64,1,
AR,0,0x10077F40,64,1,
AR,0,0x10077F80,64,1,
AR,0,0x10077FC0,64,1,
AR,0,0x10078000,64,1,
AR,0,0x10078040,64,1,
AR,0,0x10078080,64,1,
AR,0,0x100780C0,64,1,
AR,0,0x10078100,64,1,
AR,0,0x10078140,64,1,
AR,0,0x10078180,64,1,
AR,0,0x100781C0,64,1,
AR,0,0x10078200,64,1,
AR,0,0x10078240,64,1,
AR,0,0x10078280,64,1,
AR,0,0x100782C0,64,1,
AR,0,0x10078300,64,1,
AR,0,0x10078340,64,1,
AR,0,0x10078380,64,1,
AR,0,0x100783C0,64,1,
AR,0,0x10078400,64,1,
AR,0,0x10078440,64,1,
AR,0,0x10078480,64,1,
AR,0,0x100784C0,64,1,
AR,0,0x10078500,64,1,
AR,0,0x10078540,64,1,
AR,0,0x10078580,64,1,
AR,0,0x100785C0,64,1,
AR,0,0x10078600,64,1,
AR,0,0x10078640,64,1,
AR,0,0x10078680,64,1,
AR,0,0x100786C0,64,1,
AR,0,0x10078700,64,1,
AR,0,0x10078740,64,1,
AR,0,0x10078780,64,1,
AR,0,0x100787C0,64,1,
AR,0,0x10078800,64,1,
AR,0,0x10078840,64,1,
AR,0,0x10078880,64,1,
AR,0,0x100788C0,64,1,
AR,0,0x10078900,64,1,
AR,0,0x10078940,64,1,
AR,0,0x10078980,64,1,
AR,0,0x100789C0,64,1,
AR,0,0x10078A00,64,1,
AR,0,0x10078A40,64,1,
AR,0,0x10078A80,64,1,
AR,0,0x10078AC0,64,1,
AR,0,0x10078B00,64,1,
AR,0,0x10078B40,64,1,
AR,0,0x10078B80,64,1,
AR,0,0x10078BC0,64,1,
AR,0,0x10078C00,64,1,
AR,0,0x10078C40,64,1,
AR,0,0x10078C80,64,1,
AR,0,0x10078CC0,64,1,
AR,0,0x10078D00,64,1,
AR,0,0x10078D40,64,1,
AR,0,0x10078D80,64,1,
AR,0,0x10078DC0,64,1,
AR,0,0x10078E00,64,1,
AR,0,0x10078E40,64,1,
AR,0,0x10078E80,64,1,
AR,0,0x10078EC0,64,1,
AR,0,0x10078F00,64,1,
AR,0,0x10078F40,64,1,
AR,0,0x10078F80,64,1,
AR,0,0x10078FC0,64,1,
AR,0,0x10079000,64,1,
AR,0,0x10079040,64,1,
AR,0,0x10079080,64,1,
AR,0,0x100790C0,64,1,
AR,0,0x10079100,64,1,
AR,0,0x10079140,64,1,
AR,0,0x10079180,64,1,
AR,0,0x100791C0,64,1,
AR,0,0x10079200,64,1,
AR,0,0x10079240,64,1,
AR,0,0x10079280,64,1,
AR,0,0x100792C0,64,1,
AR,0,0x10079300,64,1,
AR,0,0x10079340,64,1,
AR,0,0x10079380,64,1,
AR,0,0x100793C0,64,1,
AR,0,0x10079400,64,1,
AR,0,0x10079440,64,1,
AR,0,0x10079480,64,1,
AR,0,0x100794C0,64,1,
AR,0,0x10079500,64,1,
AR,0,0x10079540,64,1,
AR,0,0x10079580,64,1,
AR,0,0x100795C0,64,1,
AR,0,0x10079600,64,1,
AR,0,0x10079640,64,1,
AR,0,0x10079680,64,1,
AR,0,0x100796C0,64,1,
AR,0,0x10079700,64,1,
AR,0,0x10079740,64,1,
AR,0,0x10079780,64,1,
AR,0,0x100797C0,64,1,
AR,0,0x10079800,64,1,
AR,0,0x10079840,64,1,
AR,0,0x10079880,64,1,
AR,0,0x100798C0,64,1,
AR,0,0x10079900,64,1,
AR,0,0x10079940,64,1,
AR,0,0x10079980,64,1,
AR,0,0x100799C0,64,1,
AR,0,0x10079A00,64,1,
AR,0,0x10079A40,64,1,
AR,0,0x10079A80,64,1,
AR,0,0x10079AC0,64,1,
AR,0,0x10079B00,64,1,
AR,0,0x10079B40,64,1,
AR,0,0x10079B80,64,1,
AR,0,0x10079BC0,64,1,
AR,0,0x10079C00,64,1,
AR,0,0x10079C40,64,1,
AR,0,0x10079C80,64,1,
AR,0,0x10079CC0,64,1,
AR,0,0x10079D00,64,1,
AR,0,0x10079D40,64,1,
AR,0,0x10079D80,64,1,
AR,0,0x10079DC0,64,1,
AR,0,0x10079E00,64,1,
AR,0,0x10079E40,64,1,
AR,0,0x10079E80,64,1,
AR,0,0x10079EC0,64,1,
AR,0,0x10079F00,64,1,
AR,0,0x10079F40,64,1,
AR,0,0x10079F80,64,1,
AR,0,0x10079FC0,64,1,
AR,0,0x1007A000,64,1,
AR,0,0x1007A040,64,1,
AR,0,0x1007A080,64,1,
AR,0,0x1007A0C0,64,1,
AR,0,0x1007A100,64,1,
AR,0,0x1007A140,64,1,
AR,0,0x1007A180,64,1,
AR,0,0x1007A1C0,64,1,
AR,0,0x1007A200,64,1,
AR,0,0x1007A240,64,1,
AR,0,0x1007A280,64,1,
AR,0,0x1007A2C0,64,1,
AR,0,0x1007A300,64,1,
AR,0,0x1007A340,64,1,
AR,0,0x1007A380,64,1,
AR,0,0x1007A3C0,64,1,
AR,0,0x1007A400,64,1,
AR,0,0x1007A440,64,1,
AR,0,0x1007A480,64,1,
AR,0,0x1007A4C0,64,1,
AR,0,0x1007A500,64,1,
AR,0,0x1007A540,64,1,
AR,0,0x1007A580,64,1,
AR,0,0x1007A5C0,64,1,
AR,0,0x1007A600,64,1,
AR,0,0x1007A640,64,1,
AR,0,0x1007A680,64,1,
AR,0,0x1007A6C0,64,1,
AR,0,0x1007A700,64,1,
AR,0,0x1007A740,64,1,
AR,0,0x1007A780,64,1,
AR,0,0x1007A7C0,64,1,
AR,0,0x1007A800,64,1,
AR,0,0x1007A840,64,1,
AR,0,0x1007A880,64,1,
AR,0,0x1007A8C0,64,1,
AR,0,0x1007A900,64,1,
AR,0,0x1007A940,64,1,
AR,0,0x1007A980,64,1,
AR,0,0x1007A9C0,64,1,
AR,0,0x1007AA00,64,1,
AR,0,0x1007AA40,64,1,
AR,0,0x1007AA80,64,1,
AR,0,0x1007AAC0,64,1,
AR,0,0x1007AB00,64,1,
AR,0,0x1007AB40,64,1,
AR,0,0x1007AB80,64,1,
AR,0,0x1007ABC0,64,1,
AR,0,0x1007AC00,64,1,
AR,0,0x1007AC40,64,1,
AR,0,0x1007AC80,64,1,
AR,0,0x1007ACC0,64,1,
AR,0,0x1007AD00,64,1,
AR,0,0x1007AD40,64,1,
AR,0,0x1007AD80,64,1,
AR,0,0x1007ADC0,64,1,
AR,0,0x1007AE00,64,1,
AR,0,0x1007AE40,64,1,
AR,0,0x1007AE80,64,1,
AR,0,0x1007AEC0,64,1,
AR,0,0x1007AF00,64,1,
AR,0,0x1007AF40,64,1,
AR,0,0x1007AF80,64,1,
AR,0,0x1007AFC0,64,1,
AR,0,0x1007B000,64,1,
AR,0,0x1007B040,64,1,
AR,0,0x1007B080,64,1,
AR,0,0x1007B0C0,64,1,
AR,0,0x1007B100,64,1,
AR,0,0x1007B140,64,1,
AR,0,0x1007B180,64,1,
AR,0,0x1007B1C0,64,1,
AR,0,0x1007B200,64,1,
AR,0,0x1007B240,64,1,
AR,0,0x1007B280,64,1,
AR,0,0x1007B2C0,64,1,
AR,0,0x1007B300,64,1,
AR,0,0x1007B340,64,1,
AR,0,0x1007B380,64,1,
AR,0,0x1007B3C0,64,1,
AR,0,0x1007B400,64,1,
AR,0,0x1007B440,64,1,
AR,0,0x1007B480,64,1,
AR,0,0x1007B4C0,64,1,
AR,0,0x1007B500,64,1,
AR,0,0x1007B540,64,1,
AR,0,0x1007B580,64,1,
AR,0,0x1007B5C0,64,1,
AR,0,0x1007B600,64,1,
AR,0,0x1007B640,64,1,
AR,0,0x1007B680,64,1,
AR,0,0x1007B6C0,64,1,
AR,0,0x1007B700,64,1,
AR,0,0x1007B740,64,1,
AR,0,0x1007B780,64,1,
AR,0,0x1007B7C0,64,1,
AR,0,0x1007B800,64,1,
AR,0,0x1007B840,64,1,
AR,0,0x1007B880,64,1,
AR,0,0x1007B8C0,64,1,
AR,0,0x1007B900,64,1,
AR,0,0x1007B940,64,1,
AR,0,0x1007B980,64,1,
AR,0,0x1007B9C0,64,1,
AR,0,0x1007BA00,64,1,
AR,0,0x1007BA40,64,1,
AR,0,0x1007BA80,64,1,
AR,0,0x1007BAC0,64,1,
AR,0,0x1007BB00,64,1,
AR,0,0x1007BB40,64,1,
AR,0,0x1007BB80,64,1,
AR,0,0x1007BBC0,64,1,
AR,0,0x1007BC00,64,1,
AR,0,0x1007BC40,64,1,
AR,0,0x1007BC80,64,1,
AR,0,0x1007BCC0,64,1,
AR,0,0x1007BD00,64,1,
AR,0,0x1007BD40,64,1,
AR,0,0x1007BD80,64,1,
AR,0,0x1007BDC0,64,1,
AR,0,0x1007BE00,64,1,
AR,0,0x1007BE40,64,1,
AR,0,0x1007BE80,64,1,
AR,0,0x1007BEC0,64,1,
AR,0,0x1007BF00,64,1,
AR,0,0x1007BF40,64,1,
AR,0,0x1007BF80,64,1,
AR,0,0x1007BFC0,64,1,
AR,0,0x1007C000,64,1,
AR,0,0x1007C040,64,1,
AR,0,0x1007C080,64,1,
AR,0,0x1007C0C0,64,1,
AR,0,0x1007C100,64,1,
AR,0,0x1007C140,64,1,
AR,0,0x1007C180,64,1,
AR,0,0x1007C1C0,64,1,
AR,0,0x1007C200,64,1,
AR,0,0x1007C240,64,1,
AR,0,0x1007C280,64,1,
AR,0,0x1007C2C0,64,1,
AR,0,0x1007C300,64,1,
AR,0,0x1007C340,64,1,
AR,0,0x1007C380,64,1,
AR,0,0x1007C3C0,64,1,
AR,0,0x1007C400,64,1,
AR,0,0x1007C440,64,1,
AR,0,0x1007C480,64,1,
AR,0,0x1007C4C0,64,1,
AR,0,0x1007C500,64,1,
AR,0,0x1007C540,64,1,
AR,0,0x1007C580,64,1,
AR,0,0x1007C5C0,64,1,
AR,0,0x1007C600,64,1,
AR,0,0x1007C640,64,1,
AR,0,0x1007C680,64,1,
AR,0,0x1007C6C0,64,1,
AR,0,0x1007C700,64,1,
AR,0,0x1007C740,64,1,
AR,0,0x1007C780,64,1,
AR,0,0x1007C7C0,64,1,
AR,0,0x1007C800,64,1,
AR,0,0x1007C840,64,1,
AR,0,0x1007C880,64,1,
AR,0,0x1007C8C0,64,1,
AR,0,0x1007C900,64,1,
AR,0,0x1007C940,64,1,
AR,0,0x1007C980,64,1,
AR,0,0x1007C9C0,64,1,
AR,0,0x1007CA00,64,1,
AR,0,0x1007CA40,64,1,
AR,0,0x1007CA80,64,1,
AR,0,0x1007CAC0,64,1,
AR,0,0x1007CB00,64,1,
AR,0,0x1007CB40,64,1,
AR,0,0x1007CB80,64,1,
AR,0,0x1007CBC0,64,1,
AR,0,0x1007CC00,64,1,
AR,0,0x1007CC40,64,1,
AR,0,0x1007CC80,64,1,
AR,0,0x1007CCC0,64,1,
AR,0,0x1007CD00,64,1,
AR,0,0x1007CD40,64,1,
AR,0,0x1007CD80,64,1,
AR,0,0x1007CDC0,64,1,
AR,0,0x1007CE00,64,1,
AR,0,0x1007CE40,64,1,
AR,0,0x1007CE80,64,1,
AR,0,0x1007CEC0,64,1,
AR,0,0x1007CF00,64,1,
AR,0,0x1007CF40,64,1,
AR,0,0x1007CF80,64,1,
AR,0,0x1007CFC0,64,1,
