type,id,addr,size,len,wstrb
AR,0,0x40000000,64,1,
AR,0,0x40000800,64,1,
AR,0,0x40001000,64,1,
AR,0,0x40001800,64,1,
AR,0,0x40002000,64,1,
AR,0,0x40002800,64,1,
AR,0,0x40003000,64,1,
AR,0,0x40003800,64,1,
AR,0,0x40004000,64,1,
AR,0,0x40004800,64,1,
AR,0,0x40005000,64,1,
AR,0,0x40005800,64,1,
AR,0,0x40006000,64,1,
AR,0,0x40006800,64,1,
AR,0,0x40007000,64,1,
AR,0,0x40007800,64,1,
AR,0,0x40008000,64,1,
AR,0,0x40008800,64,1,
AR,0,0x40009000,64,1,
AR,0,0x40009800,64,1,
AR,0,0x4000A000,64,1,
AR,0,0x4000A800,64,1,
AR,0,0x4000B000,64,1,
AR,0,0x4000B800,64,1,
AR,0,0x4000C000,64,1,
AR,0,0x4000C800,64,1,
AR,0,0x4000D000,64,1,
AR,0,0x4000D800,64,1,
AR,0,0x4000E000,64,1,
AR,0,0x4000E800,64,1,
AR,0,0x4000F000,64,1,
AR,0,0x4000F800,64,1,
AR,0,0x40010000,64,1,
AR,0,0x40010800,64,1,
AR,0,0x40011000,64,1,
AR,0,0x40011800,64,1,
AR,0,0x40012000,64,1,
AR,0,0x40012800,64,1,
AR,0,0x40013000,64,1,
AR,0,0x40013800,64,1,
AR,0,0x40014000,64,1,
AR,0,0x40014800,64,1,
AR,0,0x40015000,64,1,
AR,0,0x40015800,64,1,
AR,0,0x40016000,64,1,
AR,0,0x40016800,64,1,
AR,0,0x40017000,64,1,
AR,0,0x40017800,64,1,
AR,0,0x40018000,64,1,
AR,0,0x40018800,64,1,
AR,0,0x40019000,64,1,
AR,0,0x40019800,64,1,
AR,0,0x4001A000,64,1,
AR,0,0x4001A800,64,1,
AR,0,0x4001B000,64,1,
AR,0,0x4001B800,64,1,
AR,0,0x4001C000,64,1,
AR,0,0x4001C800,64,1,
AR,0,0x4001D000,64,1,
AR,0,0x4001D800,64,1,
AR,0,0x4001E000,64,1,
AR,0,0x4001E800,64,1,
AR,0,0x4001F000,64,1,
AR,0,0x4001F800,64,1,
AR,0,0x40020000,64,1,
AR,0,0x40020800,64,1,
AR,0,0x40021000,64,1,
AR,0,0x40021800,64,1,
AR,0,0x40022000,64,1,
AR,0,0x40022800,64,1,
AR,0,0x40023000,64,1,
AR,0,0x40023800,64,1,
AR,0,0x40024000,64,1,
AR,0,0x40024800,64,1,
AR,0,0x40025000,64,1,
AR,0,0x40025800,64,1,
AR,0,0x40026000,64,1,
AR,0,0x40026800,64,1,
AR,0,0x40027000,64,1,
AR,0,0x40027800,64,1,
AR,0,0x40028000,64,1,
AR,0,0x40028800,64,1,
AR,0,0x40029000,64,1,
AR,0,0x40029800,64,1,
AR,0,0x4002A000,64,1,
AR,0,0x4002A800,64,1,
AR,0,0x4002B000,64,1,
AR,0,0x4002B800,64,1,
AR,0,0x4002C000,64,1,
AR,0,0x4002C800,64,1,
AR,0,0x4002D000,64,1,
AR,0,0x4002D800,64,1,
AR,0,0x4002E000,64,1,
AR,0,0x4002E800,64,1,
AR,0,0x4002F000,64,1,
AR,0,0x4002F800,64,1,
AR,0,0x40030000,64,1,
AR,0,0x40030800,64,1,
AR,0,0x40031000,64,1,
AR,0,0x40031800,64,1,
AR,0,0x40032000,64,1,
AR,0,0x40032800,64,1,
AR,0,0x40033000,64,1,
AR,0,0x40033800,64,1,
AR,0,0x40034000,64,1,
AR,0,0x40034800,64,1,
AR,0,0x40035000,64,1,
AR,0,0x40035800,64,1,
AR,0,0x40036000,64,1,
AR,0,0x40036800,64,1,
AR,0,0x40037000,64,1,
AR,0,0x40037800,64,1,
AR,0,0x40038000,64,1,
AR,0,0x40038800,64,1,
AR,0,0x40039000,64,1,
AR,0,0x40039800,64,1,
AR,0,0x4003A000,64,1,
AR,0,0x4003A800,64,1,
AR,0,0x4003B000,64,1,
AR,0,0x4003B800,64,1,
AR,0,0x4003C000,64,1,
AR,0,0x4003C800,64,1,
AR,0,0x4003D000,64,1,
AR,0,0x4003D800,64,1,
AR,0,0x4003E000,64,1,
AR,0,0x4003E800,64,1,
AR,0,0x4003F000,64,1,
AR,0,0x4003F800,64,1,
AR,0,0x40040000,64,1,
AR,0,0x40040800,64,1,
AR,0,0x40041000,64,1,
AR,0,0x40041800,64,1,
AR,0,0x40042000,64,1,
AR,0,0x40042800,64,1,
AR,0,0x40043000,64,1,
AR,0,0x40043800,64,1,
AR,0,0x40044000,64,1,
AR,0,0x40044800,64,1,
AR,0,0x40045000,64,1,
AR,0,0x40045800,64,1,
AR,0,0x40046000,64,1,
AR,0,0x40046800,64,1,
AR,0,0x40047000,64,1,
AR,0,0x40047800,64,1,
AR,0,0x40048000,64,1,
AR,0,0x40048800,64,1,
AR,0,0x40049000,64,1,
AR,0,0x40049800,64,1,
AR,0,0x4004A000,64,1,
AR,0,0x4004A800,64,1,
BARRIER,,,,,
AR,0,0x4004B000,64,1,
AR,0,0x4004B800,64,1,
AR,0,0x4004C000,64,1,
AR,0,0x4004C800,64,1,
AR,0,0x4004D000,64,1,
AR,0,0x4004D800,64,1,
AR,0,0x4004E000,64,1,
AR,0,0x4004E800,64,1,
AR,0,0x4004F000,64,1,
AR,0,0x4004F800,64,1,
AR,0,0x40050000,64,1,
AR,0,0x40050800,64,1,
AR,0,0x40051000,64,1,
AR,0,0x40051800,64,1,
AR,0,0x40052000,64,1,
AR,0,0x40052800,64,1,
AR,0,0x40053000,64,1,
AR,0,0x40053800,64,1,
AR,0,0x40054000,64,1,
AR,0,0x40054800,64,1,
AR,0,0x40055000,64,1,
AR,0,0x40055800,64,1,
AR,0,0x40056000,64,1,
AR,0,0x40056800,64,1,
AR,0,0x40057000,64,1,
AR,0,0x40057800,64,1,
AR,0,0x40058000,64,1,
AR,0,0x40058800,64,1,
AR,0,0x40059000,64,1,
AR,0,0x40059800,64,1,
AR,0,0x4005A000,64,1,
AR,0,0x4005A800,64,1,
AR,0,0x4005B000,64,1,
AR,0,0x4005B800,64,1,
AR,0,0x4005C000,64,1,
AR,0,0x4005C800,64,1,
AR,0,0x4005D000,64,1,
AR,0,0x4005D800,64,1,
AR,0,0x4005E000,64,1,
AR,0,0x4005E800,64,1,
AR,0,0x4005F000,64,1,
AR,0,0x4005F800,64,1,
AR,0,0x40060000,64,1,
AR,0,0x40060800,64,1,
AR,0,0x40061000,64,1,
AR,0,0x40061800,64,1,
AR,0,0x40062000,64,1,
AR,0,0x40062800,64,1,
AR,0,0x40063000,64,1,
AR,0,0x40063800,64,1,
AR,0,0x40064000,64,1,
AR,0,0x40064800,64,1,
AR,0,0x40065000,64,1,
AR,0,0x40065800,64,1,
AR,0,0x40066000,64,1,
AR,0,0x40066800,64,1,
AR,0,0x40067000,64,1,
AR,0,0x40067800,64,1,
AR,0,0x40068000,64,1,
AR,0,0x40068800,64,1,
AR,0,0x40069000,64,1,
AR,0,0x40069800,64,1,
AR,0,0x4006A000,64,1,
AR,0,0x4006A800,64,1,
AR,0,0x4006B000,64,1,
AR,0,0x4006B800,64,1,
AR,0,0x4006C000,64,1,
AR,0,0x4006C800,64,1,
AR,0,0x4006D000,64,1,
AR,0,0x4006D800,64,1,
AR,0,0x4006E000,64,1,
AR,0,0x4006E800,64,1,
AR,0,0x4006F000,64,1,
AR,0,0x4006F800,64,1,
AR,0,0x40070000,64,1,
AR,0,0x40070800,64,1,
AR,0,0x40071000,64,1,
AR,0,0x40071800,64,1,
AR,0,0x40072000,64,1,
AR,0,0x40072800,64,1,
AR,0,0x40073000,64,1,
AR,0,0x40073800,64,1,
AR,0,0x40074000,64,1,
AR,0,0x40074800,64,1,
AR,0,0x40075000,64,1,
AR,0,0x40075800,64,1,
AR,0,0x40076000,64,1,
AR,0,0x40076800,64,1,
AR,0,0x40077000,64,1,
AR,0,0x40077800,64,1,
AR,0,0x40078000,64,1,
AR,0,0x40078800,64,1,
AR,0,0x40079000,64,1,
AR,0,0x40079800,64,1,
AR,0,0x4007A000,64,1,
AR,0,0x4007A800,64,1,
AR,0,0x4007B000,64,1,
AR,0,0x4007B800,64,1,
AR,0,0x4007C000,64,1,
AR,0,0x4007C800,64,1,
AR,0,0x4007D000,64,1,
AR,0,0x4007D800,64,1,
AR,0,0x4007E000,64,1,
AR,0,0x4007E800,64,1,
AR,0,0x4007F000,64,1,
AR,0,0x4007F800,64,1,
AR,0,0x40080000,64,1,
AR,0,0x40080800,64,1,
AR,0,0x40081000,64,1,
AR,0,0x40081800,64,1,
AR,0,0x40082000,64,1,
AR,0,0x40082800,64,1,
AR,0,0x40083000,64,1,
AR,0,0x40083800,64,1,
AR,0,0x40084000,64,1,
AR,0,0x40084800,64,1,
AR,0,0x40085000,64,1,
AR,0,0x40085800,64,1,
AR,0,0x40086000,64,1,
AR,0,0x40086800,64,1,
AR,0,0x40087000,64,1,
AR,0,0x40087800,64,1,
AR,0,0x40088000,64,1,
AR,0,0x40088800,64,1,
AR,0,0x40089000,64,1,
AR,0,0x40089800,64,1,
AR,0,0x4008A000,64,1,
AR,0,0x4008A800,64,1,
AR,0,0x4008B000,64,1,
AR,0,0x4008B800,64,1,
AR,0,0x4008C000,64,1,
AR,0,0x4008C800,64,1,
AR,0,0x4008D000,64,1,
AR,0,0x4008D800,64,1,
AR,0,0x4008E000,64,1,
AR,0,0x4008E800,64,1,
AR,0,0x4008F000,64,1,
AR,0,0x4008F800,64,1,
AR,0,0x40090000,64,1,
AR,0,0x40090800,64,1,
AR,0,0x40091000,64,1,
AR,0,0x40091800,64,1,
AR,0,0x40092000,64,1,
AR,0,0x40092800,64,1,
AR,0,0x40093000,64,1,
AR,0,0x40093800,64,1,
AR,0,0x40094000,64,1,
AR,0,0x40094800,64,1,
AR,0,0x40095000,64,1,
AR,0,0x40095800,64,1,
BARRIER,,,,,
AR,0,0x40096000,64,1,
AR,0,0x40096800,64,1,
AR,0,0x40097000,64,1,
AR,0,0x40097800,64,1,
AR,0,0x40098000,64,1,
AR,0,0x40098800,64,1,
AR,0,0x40099000,64,1,
AR,0,0x40099800,64,1,
AR,0,0x4009A000,64,1,
AR,0,0x4009A800,64,1,
AR,0,0x4009B000,64,1,
AR,0,0x4009B800,64,1,
AR,0,0x4009C000,64,1,
AR,0,0x4009C800,64,1,
AR,0,0x4009D000,64,1,
AR,0,0x4009D800,64,1,
AR,0,0x4009E000,64,1,
AR,0,0x4009E800,64,1,
AR,0,0x4009F000,64,1,
AR,0,0x4009F800,64,1,
AR,0,0x400A0000,64,1,
AR,0,0x400A0800,64,1,
AR,0,0x400A1000,64,1,
AR,0,0x400A1800,64,1,
AR,0,0x400A2000,64,1,
AR,0,0x400A2800,64,1,
AR,0,0x400A3000,64,1,
AR,0,0x400A3800,64,1,
AR,0,0x400A4000,64,1,
AR,0,0x400A4800,64,1,
AR,0,0x400A5000,64,1,
AR,0,0x400A5800,64,1,
AR,0,0x400A6000,64,1,
AR,0,0x400A6800,64,1,
AR,0,0x400A7000,64,1,
AR,0,0x400A7800,64,1,
AR,0,0x400A8000,64,1,
AR,0,0x400A8800,64,1,
AR,0,0x400A9000,64,1,
AR,0,0x400A9800,64,1,
AR,0,0x400AA000,64,1,
AR,0,0x400AA800,64,1,
AR,0,0x400AB000,64,1,
AR,0,0x400AB800,64,1,
AR,0,0x400AC000,64,1,
AR,0,0x400AC800,64,1,
AR,0,0x400AD000,64,1,
AR,0,0x400AD800,64,1,
AR,0,0x400AE000,64,1,
AR,0,0x400AE800,64,1,
AR,0,0x400AF000,64,1,
AR,0,0x400AF800,64,1,
AR,0,0x400B0000,64,1,
AR,0,0x400B0800,64,1,
AR,0,0x400B1000,64,1,
AR,0,0x400B1800,64,1,
AR,0,0x400B2000,64,1,
AR,0,0x400B2800,64,1,
AR,0,0x400B3000,64,1,
AR,0,0x400B3800,64,1,
AR,0,0x400B4000,64,1,
AR,0,0x400B4800,64,1,
AR,0,0x400B5000,64,1,
AR,0,0x400B5800,64,1,
AR,0,0x400B6000,64,1,
AR,0,0x400B6800,64,1,
AR,0,0x400B7000,64,1,
AR,0,0x400B7800,64,1,
AR,0,0x400B8000,64,1,
AR,0,0x400B8800,64,1,
AR,0,0x400B9000,64,1,
AR,0,0x400B9800,64,1,
AR,0,0x400BA000,64,1,
AR,0,0x400BA800,64,1,
AR,0,0x400BB000,64,1,
AR,0,0x400BB800,64,1,
AR,0,0x400BC000,64,1,
AR,0,0x400BC800,64,1,
AR,0,0x400BD000,64,1,
AR,0,0x400BD800,64,1,
AR,0,0x400BE000,64,1,
AR,0,0x400BE800,64,1,
AR,0,0x400BF000,64,1,
AR,0,0x400BF800,64,1,
AR,0,0x400C0000,64,1,
AR,0,0x400C0800,64,1,
AR,0,0x400C1000,64,1,
AR,0,0x400C1800,64,1,
AR,0,0x400C2000,64,1,
AR,0,0x400C2800,64,1,
AR,0,0x400C3000,64,1,
AR,0,0x400C3800,64,1,
AR,0,0x400C4000,64,1,
AR,0,0x400C4800,64,1,
AR,0,0x400C5000,64,1,
AR,0,0x400C5800,64,1,
AR,0,0x400C6000,64,1,
AR,0,0x400C6800,64,1,
AR,0,0x400C7000,64,1,
AR,0,0x400C7800,64,1,
AR,0,0x400C8000,64,1,
AR,0,0x400C8800,64,1,
AR,0,0x400C9000,64,1,
AR,0,0x400C9800,64,1,
AR,0,0x400CA000,64,1,
AR,0,0x400CA800,64,1,
AR,0,0x400CB000,64,1,
AR,0,0x400CB800,64,1,
AR,0,0x400CC000,64,1,
AR,0,0x400CC800,64,1,
AR,0,0x400CD000,64,1,
AR,0,0x400CD800,64,1,
AR,0,0x400CE000,64,1,
AR,0,0x400CE800,64,1,
AR,0,0x400CF000,64,1,
AR,0,0x400CF800,64,1,
AR,0,0x400D0000,64,1,
AR,0,0x400D0800,64,1,
AR,0,0x400D1000,64,1,
AR,0,0x400D1800,64,1,
AR,0,0x400D2000,64,1,
AR,0,0x400D2800,64,1,
AR,0,0x400D3000,64,1,
AR,0,0x400D3800,64,1,
AR,0,0x400D4000,64,1,
AR,0,0x400D4800,64,1,
AR,0,0x400D5000,64,1,
AR,0,0x400D5800,64,1,
AR,0,0x400D6000,64,1,
AR,0,0x400D6800,64,1,
AR,0,0x400D7000,64,1,
AR,0,0x400D7800,64,1,
AR,0,0x400D8000,64,1,
AR,0,0x400D8800,64,1,
AR,0,0x400D9000,64,1,
AR,0,0x400D9800,64,1,
AR,0,0x400DA000,64,1,
AR,0,0x400DA800,64,1,
AR,0,0x400DB000,64,1,
AR,0,0x400DB800,64,1,
AR,0,0x400DC000,64,1,
AR,0,0x400DC800,64,1,
AR,0,0x400DD000,64,1,
AR,0,0x400DD800,64,1,
AR,0,0x400DE000,64,1,
AR,0,0x400DE800,64,1,
AR,0,0x400DF000,64,1,
AR,0,0x400DF800,64,1,
AR,0,0x400E0000,64,1,
AR,0,0x400E0800,64,1,
BARRIER,,,,,
AR,0,0x400E1000,64,1,
AR,0,0x400E1800,64,1,
AR,0,0x400E2000,64,1,
AR,0,0x400E2800,64,1,
AR,0,0x400E3000,64,1,
AR,0,0x400E3800,64,1,
AR,0,0x400E4000,64,1,
AR,0,0x400E4800,64,1,
AR,0,0x400E5000,64,1,
AR,0,0x400E5800,64,1,
AR,0,0x400E6000,64,1,
AR,0,0x400E6800,64,1,
AR,0,0x400E7000,64,1,
AR,0,0x400E7800,64,1,
AR,0,0x400E8000,64,1,
AR,0,0x400E8800,64,1,
AR,0,0x400E9000,64,1,
AR,0,0x400E9800,64,1,
AR,0,0x400EA000,64,1,
AR,0,0x400EA800,64,1,
AR,0,0x400EB000,64,1,
AR,0,0x400EB800,64,1,
AR,0,0x400EC000,64,1,
AR,0,0x400EC800,64,1,
AR,0,0x400ED000,64,1,
AR,0,0x400ED800,64,1,
AR,0,0x400EE000,64,1,
AR,0,0x400EE800,64,1,
AR,0,0x400EF000,64,1,
AR,0,0x400EF800,64,1,
AR,0,0x400F0000,64,1,
AR,0,0x400F0800,64,1,
AR,0,0x400F1000,64,1,
AR,0,0x400F1800,64,1,
AR,0,0x400F2000,64,1,
AR,0,0x400F2800,64,1,
AR,0,0x400F3000,64,1,
AR,0,0x400F3800,64,1,
AR,0,0x400F4000,64,1,
AR,0,0x400F4800,64,1,
AR,0,0x400F5000,64,1,
AR,0,0x400F5800,64,1,
AR,0,0x400F6000,64,1,
AR,0,0x400F6800,64,1,
AR,0,0x400F7000,64,1,
AR,0,0x400F7800,64,1,
AR,0,0x400F8000,64,1,
AR,0,0x400F8800,64,1,
AR,0,0x400F9000,64,1,
AR,0,0x400F9800,64,1,
AR,0,0x400FA000,64,1,
AR,0,0x400FA800,64,1,
AR,0,0x400FB000,64,1,
AR,0,0x400FB800,64,1,
AR,0,0x400FC000,64,1,
AR,0,0x400FC800,64,1,
AR,0,0x400FD000,64,1,
AR,0,0x400FD800,64,1,
AR,0,0x400FE000,64,1,
AR,0,0x400FE800,64,1,
AR,0,0x400FF000,64,1,
AR,0,0x400FF800,64,1,
AR,0,0x40100000,64,1,
AR,0,0x40100800,64,1,
AR,0,0x40101000,64,1,
AR,0,0x40101800,64,1,
AR,0,0x40102000,64,1,
AR,0,0x40102800,64,1,
AR,0,0x40103000,64,1,
AR,0,0x40103800,64,1,
AR,0,0x40104000,64,1,
AR,0,0x40104800,64,1,
AR,0,0x40105000,64,1,
AR,0,0x40105800,64,1,
AR,0,0x40106000,64,1,
AR,0,0x40106800,64,1,
AR,0,0x40107000,64,1,
AR,0,0x40107800,64,1,
AR,0,0x40108000,64,1,
AR,0,0x40108800,64,1,
AR,0,0x40109000,64,1,
AR,0,0x40109800,64,1,
AR,0,0x4010A000,64,1,
AR,0,0x4010A800,64,1,
AR,0,0x4010B000,64,1,
AR,0,0x4010B800,64,1,
AR,0,0x4010C000,64,1,
AR,0,0x4010C800,64,1,
AR,0,0x4010D000,64,1,
AR,0,0x4010D800,64,1,
AR,0,0x4010E000,64,1,
AR,0,0x4010E800,64,1,
AR,0,0x4010F000,64,1,
AR,0,0x4010F800,64,1,
AR,0,0x40110000,64,1,
AR,0,0x40110800,64,1,
AR,0,0x40111000,64,1,
AR,0,0x40111800,64,1,
AR,0,0x40112000,64,1,
AR,0,0x40112800,64,1,
AR,0,0x40113000,64,1,
AR,0,0x40113800,64,1,
AR,0,0x40114000,64,1,
AR,0,0x40114800,64,1,
AR,0,0x40115000,64,1,
AR,0,0x40115800,64,1,
AR,0,0x40116000,64,1,
AR,0,0x40116800,64,1,
AR,0,0x40117000,64,1,
AR,0,0x40117800,64,1,
AR,0,0x40118000,64,1,
AR,0,0x40118800,64,1,
AR,0,0x40119000,64,1,
AR,0,0x40119800,64,1,
AR,0,0x4011A000,64,1,
AR,0,0x4011A800,64,1,
AR,0,0x4011B000,64,1,
AR,0,0x4011B800,64,1,
AR,0,0x4011C000,64,1,
AR,0,0x4011C800,64,1,
AR,0,0x4011D000,64,1,
AR,0,0x4011D800,64,1,
AR,0,0x4011E000,64,1,
AR,0,0x4011E800,64,1,
AR,0,0x4011F000,64,1,
AR,0,0x4011F800,64,1,
AR,0,0x40120000,64,1,
AR,0,0x40120800,64,1,
AR,0,0x40121000,64,1,
AR,0,0x40121800,64,1,
AR,0,0x40122000,64,1,
AR,0,0x40122800,64,1,
AR,0,0x40123000,64,1,
AR,0,0x40123800,64,1,
AR,0,0x40124000,64,1,
AR,0,0x40124800,64,1,
AR,0,0x40125000,64,1,
AR,0,0x40125800,64,1,
AR,0,0x40126000,64,1,
AR,0,0x40126800,64,1,
AR,0,0x40127000,64,1,
AR,0,0x40127800,64,1,
AR,0,0x40128000,64,1,
AR,0,0x40128800,64,1,
AR,0,0x40129000,64,1,
AR,0,0x40129800,64,1,
AR,0,0x4012A000,64,1,
AR,0,0x4012A800,64,1,
AR,0,0x4012B000,64,1,
AR,0,0x4012B800,64,1,
BARRIER,,,,,
AR,0,0x4012C000,64,1,
AR,0,0x4012C800,64,1,
AR,0,0x4012D000,64,1,
AR,0,0x4012D800,64,1,
AR,0,0x4012E000,64,1,
AR,0,0x4012E800,64,1,
AR,0,0x4012F000,64,1,
AR,0,0x4012F800,64,1,
AR,0,0x40130000,64,1,
AR,0,0x40130800,64,1,
AR,0,0x40131000,64,1,
AR,0,0x40131800,64,1,
AR,0,0x40132000,64,1,
AR,0,0x40132800,64,1,
AR,0,0x40133000,64,1,
AR,0,0x40133800,64,1,
AR,0,0x40134000,64,1,
AR,0,0x40134800,64,1,
AR,0,0x40135000,64,1,
AR,0,0x40135800,64,1,
AR,0,0x40136000,64,1,
AR,0,0x40136800,64,1,
AR,0,0x40137000,64,1,
AR,0,0x40137800,64,1,
AR,0,0x40138000,64,1,
AR,0,0x40138800,64,1,
AR,0,0x40139000,64,1,
AR,0,0x40139800,64,1,
AR,0,0x4013A000,64,1,
AR,0,0x4013A800,64,1,
AR,0,0x4013B000,64,1,
AR,0,0x4013B800,64,1,
AR,0,0x4013C000,64,1,
AR,0,0x4013C800,64,1,
AR,0,0x4013D000,64,1,
AR,0,0x4013D800,64,1,
AR,0,0x4013E000,64,1,
AR,0,0x4013E800,64,1,
AR,0,0x4013F000,64,1,
AR,0,0x4013F800,64,1,
AR,0,0x40140000,64,1,
AR,0,0x40140800,64,1,
AR,0,0x40141000,64,1,
AR,0,0x40141800,64,1,
AR,0,0x40142000,64,1,
AR,0,0x40142800,64,1,
AR,0,0x40143000,64,1,
AR,0,0x40143800,64,1,
AR,0,0x40144000,64,1,
AR,0,0x40144800,64,1,
AR,0,0x40145000,64,1,
AR,0,0x40145800,64,1,
AR,0,0x40146000,64,1,
AR,0,0x40146800,64,1,
AR,0,0x40147000,64,1,
AR,0,0x40147800,64,1,
AR,0,0x40148000,64,1,
AR,0,0x40148800,64,1,
AR,0,0x40149000,64,1,
AR,0,0x40149800,64,1,
AR,0,0x4014A000,64,1,
AR,0,0x4014A800,64,1,
AR,0,0x4014B000,64,1,
AR,0,0x4014B800,64,1,
AR,0,0x4014C000,64,1,
AR,0,0x4014C800,64,1,
AR,0,0x4014D000,64,1,
AR,0,0x4014D800,64,1,
AR,0,0x4014E000,64,1,
AR,0,0x4014E800,64,1,
AR,0,0x4014F000,64,1,
AR,0,0x4014F800,64,1,
AR,0,0x40150000,64,1,
AR,0,0x40150800,64,1,
AR,0,0x40151000,64,1,
AR,0,0x40151800,64,1,
AR,0,0x40152000,64,1,
AR,0,0x40152800,64,1,
AR,0,0x40153000,64,1,
AR,0,0x40153800,64,1,
AR,0,0x40154000,64,1,
AR,0,0x40154800,64,1,
AR,0,0x40155000,64,1,
AR,0,0x40155800,64,1,
AR,0,0x40156000,64,1,
AR,0,0x40156800,64,1,
AR,0,0x40157000,64,1,
AR,0,0x40157800,64,1,
AR,0,0x40158000,64,1,
AR,0,0x40158800,64,1,
AR,0,0x40159000,64,1,
AR,0,0x40159800,64,1,
AR,0,0x4015A000,64,1,
AR,0,0x4015A800,64,1,
AR,0,0x4015B000,64,1,
AR,0,0x4015B800,64,1,
AR,0,0x4015C000,64,1,
AR,0,0x4015C800,64,1,
AR,0,0x4015D000,64,1,
AR,0,0x4015D800,64,1,
AR,0,0x4015E000,64,1,
AR,0,0x4015E800,64,1,
AR,0,0x4015F000,64,1,
AR,0,0x4015F800,64,1,
AR,0,0x40160000,64,1,
AR,0,0x40160800,64,1,
AR,0,0x40161000,64,1,
AR,0,0x40161800,64,1,
AR,0,0x40162000,64,1,
AR,0,0x40162800,64,1,
AR,0,0x40163000,64,1,
AR,0,0x40163800,64,1,
AR,0,0x40164000,64,1,
AR,0,0x40164800,64,1,
AR,0,0x40165000,64,1,
AR,0,0x40165800,64,1,
AR,0,0x40166000,64,1,
AR,0,0x40166800,64,1,
AR,0,0x40167000,64,1,
AR,0,0x40167800,64,1,
AR,0,0x40168000,64,1,
AR,0,0x40168800,64,1,
AR,0,0x40169000,64,1,
AR,0,0x40169800,64,1,
AR,0,0x4016A000,64,1,
AR,0,0x4016A800,64,1,
AR,0,0x4016B000,64,1,
AR,0,0x4016B800,64,1,
AR,0,0x4016C000,64,1,
AR,0,0x4016C800,64,1,
AR,0,0x4016D000,64,1,
AR,0,0x4016D800,64,1,
AR,0,0x4016E000,64,1,
AR,0,0x4016E800,64,1,
AR,0,0x4016F000,64,1,
AR,0,0x4016F800,64,1,
AR,0,0x40170000,64,1,
AR,0,0x40170800,64,1,
AR,0,0x40171000,64,1,
AR,0,0x40171800,64,1,
AR,0,0x40172000,64,1,
AR,0,0x40172800,64,1,
AR,0,0x40173000,64,1,
AR,0,0x40173800,64,1,
AR,0,0x40174000,64,1,
AR,0,0x40174800,64,1,
AR,0,0x40175000,64,1,
AR,0,0x40175800,64,1,
AR,0,0x40176000,64,1,
AR,0,0x40176800,64,1,
BARRIER,,,,,
AR,0,0x40177000,64,1,
AR,0,0x40177800,64,1,
AR,0,0x40178000,64,1,
AR,0,0x40178800,64,1,
AR,0,0x40179000,64,1,
AR,0,0x40179800,64,1,
AR,0,0x4017A000,64,1,
AR,0,0x4017A800,64,1,
AR,0,0x4017B000,64,1,
AR,0,0x4017B800,64,1,
AR,0,0x4017C000,64,1,
AR,0,0x4017C800,64,1,
AR,0,0x4017D000,64,1,
AR,0,0x4017D800,64,1,
AR,0,0x4017E000,64,1,
AR,0,0x4017E800,64,1,
AR,0,0x4017F000,64,1,
AR,0,0x4017F800,64,1,
AR,0,0x40180000,64,1,
AR,0,0x40180800,64,1,
AR,0,0x40181000,64,1,
AR,0,0x40181800,64,1,
AR,0,0x40182000,64,1,
AR,0,0x40182800,64,1,
AR,0,0x40183000,64,1,
AR,0,0x40183800,64,1,
AR,0,0x40184000,64,1,
AR,0,0x40184800,64,1,
AR,0,0x40185000,64,1,
AR,0,0x40185800,64,1,
AR,0,0x40186000,64,1,
AR,0,0x40186800,64,1,
AR,0,0x40187000,64,1,
AR,0,0x40187800,64,1,
AR,0,0x40188000,64,1,
AR,0,0x40188800,64,1,
AR,0,0x40189000,64,1,
AR,0,0x40189800,64,1,
AR,0,0x4018A000,64,1,
AR,0,0x4018A800,64,1,
AR,0,0x4018B000,64,1,
AR,0,0x4018B800,64,1,
AR,0,0x4018C000,64,1,
AR,0,0x4018C800,64,1,
AR,0,0x4018D000,64,1,
AR,0,0x4018D800,64,1,
AR,0,0x4018E000,64,1,
AR,0,0x4018E800,64,1,
AR,0,0x4018F000,64,1,
AR,0,0x4018F800,64,1,
AR,0,0x40190000,64,1,
AR,0,0x40190800,64,1,
AR,0,0x40191000,64,1,
AR,0,0x40191800,64,1,
AR,0,0x40192000,64,1,
AR,0,0x40192800,64,1,
AR,0,0x40193000,64,1,
AR,0,0x40193800,64,1,
AR,0,0x40194000,64,1,
AR,0,0x40194800,64,1,
AR,0,0x40195000,64,1,
AR,0,0x40195800,64,1,
AR,0,0x40196000,64,1,
AR,0,0x40196800,64,1,
AR,0,0x40197000,64,1,
AR,0,0x40197800,64,1,
AR,0,0x40198000,64,1,
AR,0,0x40198800,64,1,
AR,0,0x40199000,64,1,
AR,0,0x40199800,64,1,
AR,0,0x4019A000,64,1,
AR,0,0x4019A800,64,1,
AR,0,0x4019B000,64,1,
AR,0,0x4019B800,64,1,
AR,0,0x4019C000,64,1,
AR,0,0x4019C800,64,1,
AR,0,0x4019D000,64,1,
AR,0,0x4019D800,64,1,
AR,0,0x4019E000,64,1,
AR,0,0x4019E800,64,1,
AR,0,0x4019F000,64,1,
AR,0,0x4019F800,64,1,
AR,0,0x401A0000,64,1,
AR,0,0x401A0800,64,1,
AR,0,0x401A1000,64,1,
AR,0,0x401A1800,64,1,
AR,0,0x401A2000,64,1,
AR,0,0x401A2800,64,1,
AR,0,0x401A3000,64,1,
AR,0,0x401A3800,64,1,
AR,0,0x401A4000,64,1,
AR,0,0x401A4800,64,1,
AR,0,0x401A5000,64,1,
AR,0,0x401A5800,64,1,
AR,0,0x401A6000,64,1,
AR,0,0x401A6800,64,1,
AR,0,0x401A7000,64,1,
AR,0,0x401A7800,64,1,
AR,0,0x401A8000,64,1,
AR,0,0x401A8800,64,1,
AR,0,0x401A9000,64,1,
AR,0,0x401A9800,64,1,
AR,0,0x401AA000,64,1,
AR,0,0x401AA800,64,1,
AR,0,0x401AB000,64,1,
AR,0,0x401AB800,64,1,
AR,0,0x401AC000,64,1,
AR,0,0x401AC800,64,1,
AR,0,0x401AD000,64,1,
AR,0,0x401AD800,64,1,
AR,0,0x401AE000,64,1,
AR,0,0x401AE800,64,1,
AR,0,0x401AF000,64,1,
AR,0,0x401AF800,64,1,
AR,0,0x401B0000,64,1,
AR,0,0x401B0800,64,1,
AR,0,0x401B1000,64,1,
AR,0,0x401B1800,64,1,
AR,0,0x401B2000,64,1,
AR,0,0x401B2800,64,1,
AR,0,0x401B3000,64,1,
AR,0,0x401B3800,64,1,
AR,0,0x401B4000,64,1,
AR,0,0x401B4800,64,1,
AR,0,0x401B5000,64,1,
AR,0,0x401B5800,64,1,
AR,0,0x401B6000,64,1,
AR,0,0x401B6800,64,1,
AR,0,0x401B7000,64,1,
AR,0,0x401B7800,64,1,
AR,0,0x401B8000,64,1,
AR,0,0x401B8800,64,1,
AR,0,0x401B9000,64,1,
AR,0,0x401B9800,64,1,
AR,0,0x401BA000,64,1,
AR,0,0x401BA800,64,1,
AR,0,0x401BB000,64,1,
AR,0,0x401BB800,64,1,
AR,0,0x401BC000,64,1,
AR,0,0x401BC800,64,1,
AR,0,0x401BD000,64,1,
AR,0,0x401BD800,64,1,
AR,0,0x401BE000,64,1,
AR,0,0x401BE800,64,1,
AR,0,0x401BF000,64,1,
AR,0,0x401BF800,64,1,
AR,0,0x401C0000,64,1,
AR,0,0x401C0800,64,1,
AR,0,0x401C1000,64,1,
AR,0,0x401C1800,64,1,
BARRIER,,,,,
AR,0,0x401C2000,64,1,
AR,0,0x401C2800,64,1,
AR,0,0x401C3000,64,1,
AR,0,0x401C3800,64,1,
AR,0,0x401C4000,64,1,
AR,0,0x401C4800,64,1,
AR,0,0x401C5000,64,1,
AR,0,0x401C5800,64,1,
AR,0,0x401C6000,64,1,
AR,0,0x401C6800,64,1,
AR,0,0x401C7000,64,1,
AR,0,0x401C7800,64,1,
AR,0,0x401C8000,64,1,
AR,0,0x401C8800,64,1,
AR,0,0x401C9000,64,1,
AR,0,0x401C9800,64,1,
AR,0,0x401CA000,64,1,
AR,0,0x401CA800,64,1,
AR,0,0x401CB000,64,1,
AR,0,0x401CB800,64,1,
AR,0,0x401CC000,64,1,
AR,0,0x401CC800,64,1,
AR,0,0x401CD000,64,1,
AR,0,0x401CD800,64,1,
AR,0,0x401CE000,64,1,
AR,0,0x401CE800,64,1,
AR,0,0x401CF000,64,1,
AR,0,0x401CF800,64,1,
AR,0,0x401D0000,64,1,
AR,0,0x401D0800,64,1,
AR,0,0x401D1000,64,1,
AR,0,0x401D1800,64,1,
AR,0,0x401D2000,64,1,
AR,0,0x401D2800,64,1,
AR,0,0x401D3000,64,1,
AR,0,0x401D3800,64,1,
AR,0,0x401D4000,64,1,
AR,0,0x401D4800,64,1,
AR,0,0x401D5000,64,1,
AR,0,0x401D5800,64,1,
AR,0,0x401D6000,64,1,
AR,0,0x401D6800,64,1,
AR,0,0x401D7000,64,1,
AR,0,0x401D7800,64,1,
AR,0,0x401D8000,64,1,
AR,0,0x401D8800,64,1,
AR,0,0x401D9000,64,1,
AR,0,0x401D9800,64,1,
AR,0,0x401DA000,64,1,
AR,0,0x401DA800,64,1,
AR,0,0x401DB000,64,1,
AR,0,0x401DB800,64,1,
AR,0,0x401DC000,64,1,
AR,0,0x401DC800,64,1,
AR,0,0x401DD000,64,1,
AR,0,0x401DD800,64,1,
AR,0,0x401DE000,64,1,
AR,0,0x401DE800,64,1,
AR,0,0x401DF000,64,1,
AR,0,0x401DF800,64,1,
AR,0,0x401E0000,64,1,
AR,0,0x401E0800,64,1,
AR,0,0x401E1000,64,1,
AR,0,0x401E1800,64,1,
AR,0,0x401E2000,64,1,
AR,0,0x401E2800,64,1,
AR,0,0x401E3000,64,1,
AR,0,0x401E3800,64,1,
AR,0,0x401E4000,64,1,
AR,0,0x401E4800,64,1,
AR,0,0x401E5000,64,1,
AR,0,0x401E5800,64,1,
AR,0,0x401E6000,64,1,
AR,0,0x401E6800,64,1,
AR,0,0x401E7000,64,1,
AR,0,0x401E7800,64,1,
AR,0,0x401E8000,64,1,
AR,0,0x401E8800,64,1,
AR,0,0x401E9000,64,1,
AR,0,0x401E9800,64,1,
AR,0,0x401EA000,64,1,
AR,0,0x401EA800,64,1,
AR,0,0x401EB000,64,1,
AR,0,0x401EB800,64,1,
AR,0,0x401EC000,64,1,
AR,0,0x401EC800,64,1,
AR,0,0x401ED000,64,1,
AR,0,0x401ED800,64,1,
AR,0,0x401EE000,64,1,
AR,0,0x401EE800,64,1,
AR,0,0x401EF000,64,1,
AR,0,0x401EF800,64,1,
AR,0,0x401F0000,64,1,
AR,0,0x401F0800,64,1,
AR,0,0x401F1000,64,1,
AR,0,0x401F1800,64,1,
AR,0,0x401F2000,64,1,
AR,0,0x401F2800,64,1,
AR,0,0x401F3000,64,1,
AR,0,0x401F3800,64,1,
AR,0,0x401F4000,64,1,
AR,0,0x401F4800,64,1,
AR,0,0x401F5000,64,1,
AR,0,0x401F5800,64,1,
AR,0,0x401F6000,64,1,
AR,0,0x401F6800,64,1,
AR,0,0x401F7000,64,1,
AR,0,0x401F7800,64,1,
AR,0,0x401F8000,64,1,
AR,0,0x401F8800,64,1,
AR,0,0x401F9000,64,1,
AR,0,0x401F9800,64,1,
AR,0,0x401FA000,64,1,
AR,0,0x401FA800,64,1,
AR,0,0x401FB000,64,1,
AR,0,0x401FB800,64,1,
AR,0,0x401FC000,64,1,
AR,0,0x401FC800,64,1,
AR,0,0x401FD000,64,1,
AR,0,0x401FD800,64,1,
AR,0,0x401FE000,64,1,
AR,0,0x401FE800,64,1,
AR,0,0x401FF000,64,1,
AR,0,0x401FF800,64,1,
AR,0,0x40200000,64,1,
AR,0,0x40200800,64,1,
AR,0,0x40201000,64,1,
AR,0,0x40201800,64,1,
AR,0,0x40202000,64,1,
AR,0,0x40202800,64,1,
AR,0,0x40203000,64,1,
AR,0,0x40203800,64,1,
AR,0,0x40204000,64,1,
AR,0,0x40204800,64,1,
AR,0,0x40205000,64,1,
AR,0,0x40205800,64,1,
AR,0,0x40206000,64,1,
AR,0,0x40206800,64,1,
AR,0,0x40207000,64,1,
AR,0,0x40207800,64,1,
AR,0,0x40208000,64,1,
AR,0,0x40208800,64,1,
AR,0,0x40209000,64,1,
AR,0,0x40209800,64,1,
AR,0,0x4020A000,64,1,
AR,0,0x4020A800,64,1,
AR,0,0x4020B000,64,1,
AR,0,0x4020B800,64,1,
AR,0,0x4020C000,64,1,
AR,0,0x4020C800,64,1,
BARRIER,,,,,
AR,0,0x4020D000,64,1,
AR,0,0x4020D800,64,1,
AR,0,0x4020E000,64,1,
AR,0,0x4020E800,64,1,
AR,0,0x4020F000,64,1,
AR,0,0x4020F800,64,1,
AR,0,0x40210000,64,1,
AR,0,0x40210800,64,1,
AR,0,0x40211000,64,1,
AR,0,0x40211800,64,1,
AR,0,0x40212000,64,1,
AR,0,0x40212800,64,1,
AR,0,0x40213000,64,1,
AR,0,0x40213800,64,1,
AR,0,0x40214000,64,1,
AR,0,0x40214800,64,1,
AR,0,0x40215000,64,1,
AR,0,0x40215800,64,1,
AR,0,0x40216000,64,1,
AR,0,0x40216800,64,1,
AR,0,0x40217000,64,1,
AR,0,0x40217800,64,1,
AR,0,0x40218000,64,1,
AR,0,0x40218800,64,1,
AR,0,0x40219000,64,1,
AR,0,0x40219800,64,1,
AR,0,0x4021A000,64,1,
AR,0,0x4021A800,64,1,
AR,0,0x4021B000,64,1,
AR,0,0x4021B800,64,1,
AR,0,0x4021C000,64,1,
AR,0,0x4021C800,64,1,
AR,0,0x4021D000,64,1,
AR,0,0x4021D800,64,1,
AR,0,0x4021E000,64,1,
AR,0,0x4021E800,64,1,
AR,0,0x4021F000,64,1,
AR,0,0x4021F800,64,1,
AR,0,0x40220000,64,1,
AR,0,0x40220800,64,1,
AR,0,0x40221000,64,1,
AR,0,0x40221800,64,1,
AR,0,0x40222000,64,1,
AR,0,0x40222800,64,1,
AR,0,0x40223000,64,1,
AR,0,0x40223800,64,1,
AR,0,0x40224000,64,1,
AR,0,0x40224800,64,1,
AR,0,0x40225000,64,1,
AR,0,0x40225800,64,1,
AR,0,0x40226000,64,1,
AR,0,0x40226800,64,1,
AR,0,0x40227000,64,1,
AR,0,0x40227800,64,1,
AR,0,0x40228000,64,1,
AR,0,0x40228800,64,1,
AR,0,0x40229000,64,1,
AR,0,0x40229800,64,1,
AR,0,0x4022A000,64,1,
AR,0,0x4022A800,64,1,
AR,0,0x4022B000,64,1,
AR,0,0x4022B800,64,1,
AR,0,0x4022C000,64,1,
AR,0,0x4022C800,64,1,
AR,0,0x4022D000,64,1,
AR,0,0x4022D800,64,1,
AR,0,0x4022E000,64,1,
AR,0,0x4022E800,64,1,
AR,0,0x4022F000,64,1,
AR,0,0x4022F800,64,1,
AR,0,0x40230000,64,1,
AR,0,0x40230800,64,1,
AR,0,0x40231000,64,1,
AR,0,0x40231800,64,1,
AR,0,0x40232000,64,1,
AR,0,0x40232800,64,1,
AR,0,0x40233000,64,1,
AR,0,0x40233800,64,1,
AR,0,0x40234000,64,1,
AR,0,0x40234800,64,1,
AR,0,0x40235000,64,1,
AR,0,0x40235800,64,1,
AR,0,0x40236000,64,1,
AR,0,0x40236800,64,1,
AR,0,0x40237000,64,1,
AR,0,0x40237800,64,1,
AR,0,0x40238000,64,1,
AR,0,0x40238800,64,1,
AR,0,0x40239000,64,1,
AR,0,0x40239800,64,1,
AR,0,0x4023A000,64,1,
AR,0,0x4023A800,64,1,
AR,0,0x4023B000,64,1,
AR,0,0x4023B800,64,1,
AR,0,0x4023C000,64,1,
AR,0,0x4023C800,64,1,
AR,0,0x4023D000,64,1,
AR,0,0x4023D800,64,1,
AR,0,0x4023E000,64,1,
AR,0,0x4023E800,64,1,
AR,0,0x4023F000,64,1,
AR,0,0x4023F800,64,1,
AR,0,0x40240000,64,1,
AR,0,0x40240800,64,1,
AR,0,0x40241000,64,1,
AR,0,0x40241800,64,1,
AR,0,0x40242000,64,1,
AR,0,0x40242800,64,1,
AR,0,0x40243000,64,1,
AR,0,0x40243800,64,1,
AR,0,0x40244000,64,1,
AR,0,0x40244800,64,1,
AR,0,0x40245000,64,1,
AR,0,0x40245800,64,1,
AR,0,0x40246000,64,1,
AR,0,0x40246800,64,1,
AR,0,0x40247000,64,1,
AR,0,0x40247800,64,1,
AR,0,0x40248000,64,1,
AR,0,0x40248800,64,1,
AR,0,0x40249000,64,1,
AR,0,0x40249800,64,1,
AR,0,0x4024A000,64,1,
AR,0,0x4024A800,64,1,
AR,0,0x4024B000,64,1,
AR,0,0x4024B800,64,1,
AR,0,0x4024C000,64,1,
AR,0,0x4024C800,64,1,
AR,0,0x4024D000,64,1,
AR,0,0x4024D800,64,1,
AR,0,0x4024E000,64,1,
AR,0,0x4024E800,64,1,
AR,0,0x4024F000,64,1,
AR,0,0x4024F800,64,1,
AR,0,0x40250000,64,1,
AR,0,0x40250800,64,1,
AR,0,0x40251000,64,1,
AR,0,0x40251800,64,1,
AR,0,0x40252000,64,1,
AR,0,0x40252800,64,1,
AR,0,0x40253000,64,1,
AR,0,0x40253800,64,1,
AR,0,0x40254000,64,1,
AR,0,0x40254800,64,1,
AR,0,0x40255000,64,1,
AR,0,0x40255800,64,1,
AR,0,0x40256000,64,1,
AR,0,0x40256800,64,1,
AR,0,0x40257000,64,1,
AR,0,0x40257800,64,1,
BARRIER,,,,,
AR,0,0x40258000,64,1,
AR,0,0x40258800,64,1,
AR,0,0x40259000,64,1,
AR,0,0x40259800,64,1,
AR,0,0x4025A000,64,1,
AR,0,0x4025A800,64,1,
AR,0,0x4025B000,64,1,
AR,0,0x4025B800,64,1,
AR,0,0x4025C000,64,1,
AR,0,0x4025C800,64,1,
AR,0,0x4025D000,64,1,
AR,0,0x4025D800,64,1,
AR,0,0x4025E000,64,1,
AR,0,0x4025E800,64,1,
AR,0,0x4025F000,64,1,
AR,0,0x4025F800,64,1,
AR,0,0x40260000,64,1,
AR,0,0x40260800,64,1,
AR,0,0x40261000,64,1,
AR,0,0x40261800,64,1,
AR,0,0x40262000,64,1,
AR,0,0x40262800,64,1,
AR,0,0x40263000,64,1,
AR,0,0x40263800,64,1,
AR,0,0x40264000,64,1,
AR,0,0x40264800,64,1,
AR,0,0x40265000,64,1,
AR,0,0x40265800,64,1,
AR,0,0x40266000,64,1,
AR,0,0x40266800,64,1,
AR,0,0x40267000,64,1,
AR,0,0x40267800,64,1,
AR,0,0x40268000,64,1,
AR,0,0x40268800,64,1,
AR,0,0x40269000,64,1,
AR,0,0x40269800,64,1,
AR,0,0x4026A000,64,1,
AR,0,0x4026A800,64,1,
AR,0,0x4026B000,64,1,
AR,0,0x4026B800,64,1,
AR,0,0x4026C000,64,1,
AR,0,0x4026C800,64,1,
AR,0,0x4026D000,64,1,
AR,0,0x4026D800,64,1,
AR,0,0x4026E000,64,1,
AR,0,0x4026E800,64,1,
AR,0,0x4026F000,64,1,
AR,0,0x4026F800,64,1,
AR,0,0x40270000,64,1,
AR,0,0x40270800,64,1,
AR,0,0x40271000,64,1,
AR,0,0x40271800,64,1,
AR,0,0x40272000,64,1,
AR,0,0x40272800,64,1,
AR,0,0x40273000,64,1,
AR,0,0x40273800,64,1,
AR,0,0x40274000,64,1,
AR,0,0x40274800,64,1,
AR,0,0x40275000,64,1,
AR,0,0x40275800,64,1,
AR,0,0x40276000,64,1,
AR,0,0x40276800,64,1,
AR,0,0x40277000,64,1,
AR,0,0x40277800,64,1,
AR,0,0x40278000,64,1,
AR,0,0x40278800,64,1,
AR,0,0x40279000,64,1,
AR,0,0x40279800,64,1,
AR,0,0x4027A000,64,1,
AR,0,0x4027A800,64,1,
AR,0,0x4027B000,64,1,
AR,0,0x4027B800,64,1,
AR,0,0x4027C000,64,1,
AR,0,0x4027C800,64,1,
AR,0,0x4027D000,64,1,
AR,0,0x4027D800,64,1,
AR,0,0x4027E000,64,1,
AR,0,0x4027E800,64,1,
AR,0,0x4027F000,64,1,
AR,0,0x4027F800,64,1,
AR,0,0x40280000,64,1,
AR,0,0x40280800,64,1,
AR,0,0x40281000,64,1,
AR,0,0x40281800,64,1,
AR,0,0x40282000,64,1,
AR,0,0x40282800,64,1,
AR,0,0x40283000,64,1,
AR,0,0x40283800,64,1,
AR,0,0x40284000,64,1,
AR,0,0x40284800,64,1,
AR,0,0x40285000,64,1,
AR,0,0x40285800,64,1,
AR,0,0x40286000,64,1,
AR,0,0x40286800,64,1,
AR,0,0x40287000,64,1,
AR,0,0x40287800,64,1,
AR,0,0x40288000,64,1,
AR,0,0x40288800,64,1,
AR,0,0x40289000,64,1,
AR,0,0x40289800,64,1,
AR,0,0x4028A000,64,1,
AR,0,0x4028A800,64,1,
AR,0,0x4028B000,64,1,
AR,0,0x4028B800,64,1,
AR,0,0x4028C000,64,1,
AR,0,0x4028C800,64,1,
AR,0,0x4028D000,64,1,
AR,0,0x4028D800,64,1,
AR,0,0x4028E000,64,1,
AR,0,0x4028E800,64,1,
AR,0,0x4028F000,64,1,
AR,0,0x4028F800,64,1,
AR,0,0x40290000,64,1,
AR,0,0x40290800,64,1,
AR,0,0x40291000,64,1,
AR,0,0x40291800,64,1,
AR,0,0x40292000,64,1,
AR,0,0x40292800,64,1,
AR,0,0x40293000,64,1,
AR,0,0x40293800,64,1,
AR,0,0x40294000,64,1,
AR,0,0x40294800,64,1,
AR,0,0x40295000,64,1,
AR,0,0x40295800,64,1,
AR,0,0x40296000,64,1,
AR,0,0x40296800,64,1,
AR,0,0x40297000,64,1,
AR,0,0x40297800,64,1,
AR,0,0x40298000,64,1,
AR,0,0x40298800,64,1,
AR,0,0x40299000,64,1,
AR,0,0x40299800,64,1,
AR,0,0x4029A000,64,1,
AR,0,0x4029A800,64,1,
AR,0,0x4029B000,64,1,
AR,0,0x4029B800,64,1,
AR,0,0x4029C000,64,1,
AR,0,0x4029C800,64,1,
AR,0,0x4029D000,64,1,
AR,0,0x4029D800,64,1,
AR,0,0x4029E000,64,1,
AR,0,0x4029E800,64,1,
AR,0,0x4029F000,64,1,
AR,0,0x4029F800,64,1,
AR,0,0x402A0000,64,1,
AR,0,0x402A0800,64,1,
AR,0,0x402A1000,64,1,
AR,0,0x402A1800,64,1,
AR,0,0x402A2000,64,1,
AR,0,0x402A2800,64,1,
BARRIER,,,,,
AR,0,0x402A3000,64,1,
AR,0,0x402A3800,64,1,
AR,0,0x402A4000,64,1,
AR,0,0x402A4800,64,1,
AR,0,0x402A5000,64,1,
AR,0,0x402A5800,64,1,
AR,0,0x402A6000,64,1,
AR,0,0x402A6800,64,1,
AR,0,0x402A7000,64,1,
AR,0,0x402A7800,64,1,
AR,0,0x402A8000,64,1,
AR,0,0x402A8800,64,1,
AR,0,0x402A9000,64,1,
AR,0,0x402A9800,64,1,
AR,0,0x402AA000,64,1,
AR,0,0x402AA800,64,1,
AR,0,0x402AB000,64,1,
AR,0,0x402AB800,64,1,
AR,0,0x402AC000,64,1,
AR,0,0x402AC800,64,1,
AR,0,0x402AD000,64,1,
AR,0,0x402AD800,64,1,
AR,0,0x402AE000,64,1,
AR,0,0x402AE800,64,1,
AR,0,0x402AF000,64,1,
AR,0,0x402AF800,64,1,
AR,0,0x402B0000,64,1,
AR,0,0x402B0800,64,1,
AR,0,0x402B1000,64,1,
AR,0,0x402B1800,64,1,
AR,0,0x402B2000,64,1,
AR,0,0x402B2800,64,1,
AR,0,0x402B3000,64,1,
AR,0,0x402B3800,64,1,
AR,0,0x402B4000,64,1,
AR,0,0x402B4800,64,1,
AR,0,0x402B5000,64,1,
AR,0,0x402B5800,64,1,
AR,0,0x402B6000,64,1,
AR,0,0x402B6800,64,1,
AR,0,0x402B7000,64,1,
AR,0,0x402B7800,64,1,
AR,0,0x402B8000,64,1,
AR,0,0x402B8800,64,1,
AR,0,0x402B9000,64,1,
AR,0,0x402B9800,64,1,
AR,0,0x402BA000,64,1,
AR,0,0x402BA800,64,1,
AR,0,0x402BB000,64,1,
AR,0,0x402BB800,64,1,
AR,0,0x402BC000,64,1,
AR,0,0x402BC800,64,1,
AR,0,0x402BD000,64,1,
AR,0,0x402BD800,64,1,
AR,0,0x402BE000,64,1,
AR,0,0x402BE800,64,1,
AR,0,0x402BF000,64,1,
AR,0,0x402BF800,64,1,
AR,0,0x402C0000,64,1,
AR,0,0x402C0800,64,1,
AR,0,0x402C1000,64,1,
AR,0,0x402C1800,64,1,
AR,0,0x402C2000,64,1,
AR,0,0x402C2800,64,1,
AR,0,0x402C3000,64,1,
AR,0,0x402C3800,64,1,
AR,0,0x402C4000,64,1,
AR,0,0x402C4800,64,1,
AR,0,0x402C5000,64,1,
AR,0,0x402C5800,64,1,
AR,0,0x402C6000,64,1,
AR,0,0x402C6800,64,1,
AR,0,0x402C7000,64,1,
AR,0,0x402C7800,64,1,
AR,0,0x402C8000,64,1,
AR,0,0x402C8800,64,1,
AR,0,0x402C9000,64,1,
AR,0,0x402C9800,64,1,
AR,0,0x402CA000,64,1,
AR,0,0x402CA800,64,1,
AR,0,0x402CB000,64,1,
AR,0,0x402CB800,64,1,
AR,0,0x402CC000,64,1,
AR,0,0x402CC800,64,1,
AR,0,0x402CD000,64,1,
AR,0,0x402CD800,64,1,
AR,0,0x402CE000,64,1,
AR,0,0x402CE800,64,1,
AR,0,0x402CF000,64,1,
AR,0,0x402CF800,64,1,
AR,0,0x402D0000,64,1,
AR,0,0x402D0800,64,1,
AR,0,0x402D1000,64,1,
AR,0,0x402D1800,64,1,
AR,0,0x402D2000,64,1,
AR,0,0x402D2800,64,1,
AR,0,0x402D3000,64,1,
AR,0,0x402D3800,64,1,
AR,0,0x402D4000,64,1,
AR,0,0x402D4800,64,1,
AR,0,0x402D5000,64,1,
AR,0,0x402D5800,64,1,
AR,0,0x402D6000,64,1,
AR,0,0x402D6800,64,1,
AR,0,0x402D7000,64,1,
AR,0,0x402D7800,64,1,
AR,0,0x402D8000,64,1,
AR,0,0x402D8800,64,1,
AR,0,0x402D9000,64,1,
AR,0,0x402D9800,64,1,
AR,0,0x402DA000,64,1,
AR,0,0x402DA800,64,1,
AR,0,0x402DB000,64,1,
AR,0,0x402DB800,64,1,
AR,0,0x402DC000,64,1,
AR,0,0x402DC800,64,1,
AR,0,0x402DD000,64,1,
AR,0,0x402DD800,64,1,
AR,0,0x402DE000,64,1,
AR,0,0x402DE800,64,1,
AR,0,0x402DF000,64,1,
AR,0,0x402DF800,64,1,
AR,0,0x402E0000,64,1,
AR,0,0x402E0800,64,1,
AR,0,0x402E1000,64,1,
AR,0,0x402E1800,64,1,
AR,0,0x402E2000,64,1,
AR,0,0x402E2800,64,1,
AR,0,0x402E3000,64,1,
AR,0,0x402E3800,64,1,
AR,0,0x402E4000,64,1,
AR,0,0x402E4800,64,1,
AR,0,0x402E5000,64,1,
AR,0,0x402E5800,64,1,
AR,0,0x402E6000,64,1,
AR,0,0x402E6800,64,1,
AR,0,0x402E7000,64,1,
AR,0,0x402E7800,64,1,
AR,0,0x402E8000,64,1,
AR,0,0x402E8800,64,1,
AR,0,0x402E9000,64,1,
AR,0,0x402E9800,64,1,
AR,0,0x402EA000,64,1,
AR,0,0x402EA800,64,1,
AR,0,0x402EB000,64,1,
AR,0,0x402EB800,64,1,
AR,0,0x402EC000,64,1,
AR,0,0x402EC800,64,1,
AR,0,0x402ED000,64,1,
AR,0,0x402ED800,64,1,
BARRIER,,,,,
AR,0,0x402EE000,64,1,
AR,0,0x402EE800,64,1,
AR,0,0x402EF000,64,1,
AR,0,0x402EF800,64,1,
AR,0,0x402F0000,64,1,
AR,0,0x402F0800,64,1,
AR,0,0x402F1000,64,1,
AR,0,0x402F1800,64,1,
AR,0,0x402F2000,64,1,
AR,0,0x402F2800,64,1,
AR,0,0x402F3000,64,1,
AR,0,0x402F3800,64,1,
AR,0,0x402F4000,64,1,
AR,0,0x402F4800,64,1,
AR,0,0x402F5000,64,1,
AR,0,0x402F5800,64,1,
AR,0,0x402F6000,64,1,
AR,0,0x402F6800,64,1,
AR,0,0x402F7000,64,1,
AR,0,0x402F7800,64,1,
AR,0,0x402F8000,64,1,
AR,0,0x402F8800,64,1,
AR,0,0x402F9000,64,1,
AR,0,0x402F9800,64,1,
AR,0,0x402FA000,64,1,
AR,0,0x402FA800,64,1,
AR,0,0x402FB000,64,1,
AR,0,0x402FB800,64,1,
AR,0,0x402FC000,64,1,
AR,0,0x402FC800,64,1,
AR,0,0x402FD000,64,1,
AR,0,0x402FD800,64,1,
AR,0,0x402FE000,64,1,
AR,0,0x402FE800,64,1,
AR,0,0x402FF000,64,1,
AR,0,0x402FF800,64,1,
AR,0,0x40300000,64,1,
AR,0,0x40300800,64,1,
AR,0,0x40301000,64,1,
AR,0,0x40301800,64,1,
AR,0,0x40302000,64,1,
AR,0,0x40302800,64,1,
AR,0,0x40303000,64,1,
AR,0,0x40303800,64,1,
AR,0,0x40304000,64,1,
AR,0,0x40304800,64,1,
AR,0,0x40305000,64,1,
AR,0,0x40305800,64,1,
AR,0,0x40306000,64,1,
AR,0,0x40306800,64,1,
AR,0,0x40307000,64,1,
AR,0,0x40307800,64,1,
AR,0,0x40308000,64,1,
AR,0,0x40308800,64,1,
AR,0,0x40309000,64,1,
AR,0,0x40309800,64,1,
AR,0,0x4030A000,64,1,
AR,0,0x4030A800,64,1,
AR,0,0x4030B000,64,1,
AR,0,0x4030B800,64,1,
AR,0,0x4030C000,64,1,
AR,0,0x4030C800,64,1,
AR,0,0x4030D000,64,1,
AR,0,0x4030D800,64,1,
AR,0,0x4030E000,64,1,
AR,0,0x4030E800,64,1,
AR,0,0x4030F000,64,1,
AR,0,0x4030F800,64,1,
AR,0,0x40310000,64,1,
AR,0,0x40310800,64,1,
AR,0,0x40311000,64,1,
AR,0,0x40311800,64,1,
AR,0,0x40312000,64,1,
AR,0,0x40312800,64,1,
AR,0,0x40313000,64,1,
AR,0,0x40313800,64,1,
AR,0,0x40314000,64,1,
AR,0,0x40314800,64,1,
AR,0,0x40315000,64,1,
AR,0,0x40315800,64,1,
AR,0,0x40316000,64,1,
AR,0,0x40316800,64,1,
AR,0,0x40317000,64,1,
AR,0,0x40317800,64,1,
AR,0,0x40318000,64,1,
AR,0,0x40318800,64,1,
AR,0,0x40319000,64,1,
AR,0,0x40319800,64,1,
AR,0,0x4031A000,64,1,
AR,0,0x4031A800,64,1,
AR,0,0x4031B000,64,1,
AR,0,0x4031B800,64,1,
AR,0,0x4031C000,64,1,
AR,0,0x4031C800,64,1,
AR,0,0x4031D000,64,1,
AR,0,0x4031D800,64,1,
AR,0,0x4031E000,64,1,
AR,0,0x4031E800,64,1,
AR,0,0x4031F000,64,1,
AR,0,0x4031F800,64,1,
AR,0,0x40320000,64,1,
AR,0,0x40320800,64,1,
AR,0,0x40321000,64,1,
AR,0,0x40321800,64,1,
AR,0,0x40322000,64,1,
AR,0,0x40322800,64,1,
AR,0,0x40323000,64,1,
AR,0,0x40323800,64,1,
AR,0,0x40324000,64,1,
AR,0,0x40324800,64,1,
AR,0,0x40325000,64,1,
AR,0,0x40325800,64,1,
AR,0,0x40326000,64,1,
AR,0,0x40326800,64,1,
AR,0,0x40327000,64,1,
AR,0,0x40327800,64,1,
AR,0,0x40328000,64,1,
AR,0,0x40328800,64,1,
AR,0,0x40329000,64,1,
AR,0,0x40329800,64,1,
AR,0,0x4032A000,64,1,
AR,0,0x4032A800,64,1,
AR,0,0x4032B000,64,1,
AR,0,0x4032B800,64,1,
AR,0,0x4032C000,64,1,
AR,0,0x4032C800,64,1,
AR,0,0x4032D000,64,1,
AR,0,0x4032D800,64,1,
AR,0,0x4032E000,64,1,
AR,0,0x4032E800,64,1,
AR,0,0x4032F000,64,1,
AR,0,0x4032F800,64,1,
AR,0,0x40330000,64,1,
AR,0,0x40330800,64,1,
AR,0,0x40331000,64,1,
AR,0,0x40331800,64,1,
AR,0,0x40332000,64,1,
AR,0,0x40332800,64,1,
AR,0,0x40333000,64,1,
AR,0,0x40333800,64,1,
AR,0,0x40334000,64,1,
AR,0,0x40334800,64,1,
AR,0,0x40335000,64,1,
AR,0,0x40335800,64,1,
AR,0,0x40336000,64,1,
AR,0,0x40336800,64,1,
AR,0,0x40337000,64,1,
AR,0,0x40337800,64,1,
AR,0,0x40338000,64,1,
AR,0,0x40338800,64,1,
BARRIER,,,,,
AR,0,0x40339000,64,1,
AR,0,0x40339800,64,1,
AR,0,0x4033A000,64,1,
AR,0,0x4033A800,64,1,
AR,0,0x4033B000,64,1,
AR,0,0x4033B800,64,1,
AR,0,0x4033C000,64,1,
AR,0,0x4033C800,64,1,
AR,0,0x4033D000,64,1,
AR,0,0x4033D800,64,1,
AR,0,0x4033E000,64,1,
AR,0,0x4033E800,64,1,
AR,0,0x4033F000,64,1,
AR,0,0x4033F800,64,1,
AR,0,0x40340000,64,1,
AR,0,0x40340800,64,1,
AR,0,0x40341000,64,1,
AR,0,0x40341800,64,1,
AR,0,0x40342000,64,1,
AR,0,0x40342800,64,1,
AR,0,0x40343000,64,1,
AR,0,0x40343800,64,1,
AR,0,0x40344000,64,1,
AR,0,0x40344800,64,1,
AR,0,0x40345000,64,1,
AR,0,0x40345800,64,1,
AR,0,0x40346000,64,1,
AR,0,0x40346800,64,1,
AR,0,0x40347000,64,1,
AR,0,0x40347800,64,1,
AR,0,0x40348000,64,1,
AR,0,0x40348800,64,1,
AR,0,0x40349000,64,1,
AR,0,0x40349800,64,1,
AR,0,0x4034A000,64,1,
AR,0,0x4034A800,64,1,
AR,0,0x4034B000,64,1,
AR,0,0x4034B800,64,1,
AR,0,0x4034C000,64,1,
AR,0,0x4034C800,64,1,
AR,0,0x4034D000,64,1,
AR,0,0x4034D800,64,1,
AR,0,0x4034E000,64,1,
AR,0,0x4034E800,64,1,
AR,0,0x4034F000,64,1,
AR,0,0x4034F800,64,1,
AR,0,0x40350000,64,1,
AR,0,0x40350800,64,1,
AR,0,0x40351000,64,1,
AR,0,0x40351800,64,1,
AR,0,0x40352000,64,1,
AR,0,0x40352800,64,1,
AR,0,0x40353000,64,1,
AR,0,0x40353800,64,1,
AR,0,0x40354000,64,1,
AR,0,0x40354800,64,1,
AR,0,0x40355000,64,1,
AR,0,0x40355800,64,1,
AR,0,0x40356000,64,1,
AR,0,0x40356800,64,1,
AR,0,0x40357000,64,1,
AR,0,0x40357800,64,1,
AR,0,0x40358000,64,1,
AR,0,0x40358800,64,1,
AR,0,0x40359000,64,1,
AR,0,0x40359800,64,1,
AR,0,0x4035A000,64,1,
AR,0,0x4035A800,64,1,
AR,0,0x4035B000,64,1,
AR,0,0x4035B800,64,1,
AR,0,0x4035C000,64,1,
AR,0,0x4035C800,64,1,
AR,0,0x4035D000,64,1,
AR,0,0x4035D800,64,1,
AR,0,0x4035E000,64,1,
AR,0,0x4035E800,64,1,
AR,0,0x4035F000,64,1,
AR,0,0x4035F800,64,1,
AR,0,0x40360000,64,1,
AR,0,0x40360800,64,1,
AR,0,0x40361000,64,1,
AR,0,0x40361800,64,1,
AR,0,0x40362000,64,1,
AR,0,0x40362800,64,1,
AR,0,0x40363000,64,1,
AR,0,0x40363800,64,1,
AR,0,0x40364000,64,1,
AR,0,0x40364800,64,1,
AR,0,0x40365000,64,1,
AR,0,0x40365800,64,1,
AR,0,0x40366000,64,1,
AR,0,0x40366800,64,1,
AR,0,0x40367000,64,1,
AR,0,0x40367800,64,1,
AR,0,0x40368000,64,1,
AR,0,0x40368800,64,1,
AR,0,0x40369000,64,1,
AR,0,0x40369800,64,1,
AR,0,0x4036A000,64,1,
AR,0,0x4036A800,64,1,
AR,0,0x4036B000,64,1,
AR,0,0x4036B800,64,1,
AR,0,0x4036C000,64,1,
AR,0,0x4036C800,64,1,
AR,0,0x4036D000,64,1,
AR,0,0x4036D800,64,1,
AR,0,0x4036E000,64,1,
AR,0,0x4036E800,64,1,
AR,0,0x4036F000,64,1,
AR,0,0x4036F800,64,1,
AR,0,0x40370000,64,1,
AR,0,0x40370800,64,1,
AR,0,0x40371000,64,1,
AR,0,0x40371800,64,1,
AR,0,0x40372000,64,1,
AR,0,0x40372800,64,1,
AR,0,0x40373000,64,1,
AR,0,0x40373800,64,1,
AR,0,0x40374000,64,1,
AR,0,0x40374800,64,1,
AR,0,0x40375000,64,1,
AR,0,0x40375800,64,1,
AR,0,0x40376000,64,1,
AR,0,0x40376800,64,1,
AR,0,0x40377000,64,1,
AR,0,0x40377800,64,1,
AR,0,0x40378000,64,1,
AR,0,0x40378800,64,1,
AR,0,0x40379000,64,1,
AR,0,0x40379800,64,1,
AR,0,0x4037A000,64,1,
AR,0,0x4037A800,64,1,
AR,0,0x4037B000,64,1,
AR,0,0x4037B800,64,1,
AR,0,0x4037C000,64,1,
AR,0,0x4037C800,64,1,
AR,0,0x4037D000,64,1,
AR,0,0x4037D800,64,1,
AR,0,0x4037E000,64,1,
AR,0,0x4037E800,64,1,
AR,0,0x4037F000,64,1,
AR,0,0x4037F800,64,1,
AR,0,0x40380000,64,1,
AR,0,0x40380800,64,1,
AR,0,0x40381000,64,1,
AR,0,0x40381800,64,1,
AR,0,0x40382000,64,1,
AR,0,0x40382800,64,1,
AR,0,0x40383000,64,1,
AR,0,0x40383800,64,1,
BARRIER,,,,,
AR,0,0x40384000,64,1,
AR,0,0x40384800,64,1,
AR,0,0x40385000,64,1,
AR,0,0x40385800,64,1,
AR,0,0x40386000,64,1,
AR,0,0x40386800,64,1,
AR,0,0x40387000,64,1,
AR,0,0x40387800,64,1,
AR,0,0x40388000,64,1,
AR,0,0x40388800,64,1,
AR,0,0x40389000,64,1,
AR,0,0x40389800,64,1,
AR,0,0x4038A000,64,1,
AR,0,0x4038A800,64,1,
AR,0,0x4038B000,64,1,
AR,0,0x4038B800,64,1,
AR,0,0x4038C000,64,1,
AR,0,0x4038C800,64,1,
AR,0,0x4038D000,64,1,
AR,0,0x4038D800,64,1,
AR,0,0x4038E000,64,1,
AR,0,0x4038E800,64,1,
AR,0,0x4038F000,64,1,
AR,0,0x4038F800,64,1,
AR,0,0x40390000,64,1,
AR,0,0x40390800,64,1,
AR,0,0x40391000,64,1,
AR,0,0x40391800,64,1,
AR,0,0x40392000,64,1,
AR,0,0x40392800,64,1,
AR,0,0x40393000,64,1,
AR,0,0x40393800,64,1,
AR,0,0x40394000,64,1,
AR,0,0x40394800,64,1,
AR,0,0x40395000,64,1,
AR,0,0x40395800,64,1,
AR,0,0x40396000,64,1,
AR,0,0x40396800,64,1,
AR,0,0x40397000,64,1,
AR,0,0x40397800,64,1,
AR,0,0x40398000,64,1,
AR,0,0x40398800,64,1,
AR,0,0x40399000,64,1,
AR,0,0x40399800,64,1,
AR,0,0x4039A000,64,1,
AR,0,0x4039A800,64,1,
AR,0,0x4039B000,64,1,
AR,0,0x4039B800,64,1,
AR,0,0x4039C000,64,1,
AR,0,0x4039C800,64,1,
AR,0,0x4039D000,64,1,
AR,0,0x4039D800,64,1,
AR,0,0x4039E000,64,1,
AR,0,0x4039E800,64,1,
AR,0,0x4039F000,64,1,
AR,0,0x4039F800,64,1,
AR,0,0x403A0000,64,1,
AR,0,0x403A0800,64,1,
AR,0,0x403A1000,64,1,
AR,0,0x403A1800,64,1,
AR,0,0x403A2000,64,1,
AR,0,0x403A2800,64,1,
AR,0,0x403A3000,64,1,
AR,0,0x403A3800,64,1,
AR,0,0x403A4000,64,1,
AR,0,0x403A4800,64,1,
AR,0,0x403A5000,64,1,
AR,0,0x403A5800,64,1,
AR,0,0x403A6000,64,1,
AR,0,0x403A6800,64,1,
AR,0,0x403A7000,64,1,
AR,0,0x403A7800,64,1,
AR,0,0x403A8000,64,1,
AR,0,0x403A8800,64,1,
AR,0,0x403A9000,64,1,
AR,0,0x403A9800,64,1,
AR,0,0x403AA000,64,1,
AR,0,0x403AA800,64,1,
AR,0,0x403AB000,64,1,
AR,0,0x403AB800,64,1,
AR,0,0x403AC000,64,1,
AR,0,0x403AC800,64,1,
AR,0,0x403AD000,64,1,
AR,0,0x403AD800,64,1,
AR,0,0x403AE000,64,1,
AR,0,0x403AE800,64,1,
AR,0,0x403AF000,64,1,
AR,0,0x403AF800,64,1,
AR,0,0x403B0000,64,1,
AR,0,0x403B0800,64,1,
AR,0,0x403B1000,64,1,
AR,0,0x403B1800,64,1,
AR,0,0x403B2000,64,1,
AR,0,0x403B2800,64,1,
AR,0,0x403B3000,64,1,
AR,0,0x403B3800,64,1,
AR,0,0x403B4000,64,1,
AR,0,0x403B4800,64,1,
AR,0,0x403B5000,64,1,
AR,0,0x403B5800,64,1,
AR,0,0x403B6000,64,1,
AR,0,0x403B6800,64,1,
AR,0,0x403B7000,64,1,
AR,0,0x403B7800,64,1,
AR,0,0x403B8000,64,1,
AR,0,0x403B8800,64,1,
AR,0,0x403B9000,64,1,
AR,0,0x403B9800,64,1,
AR,0,0x403BA000,64,1,
AR,0,0x403BA800,64,1,
AR,0,0x403BB000,64,1,
AR,0,0x403BB800,64,1,
AR,0,0x403BC000,64,1,
AR,0,0x403BC800,64,1,
AR,0,0x403BD000,64,1,
AR,0,0x403BD800,64,1,
AR,0,0x403BE000,64,1,
AR,0,0x403BE800,64,1,
AR,0,0x403BF000,64,1,
AR,0,0x403BF800,64,1,
AR,0,0x403C0000,64,1,
AR,0,0x403C0800,64,1,
AR,0,0x403C1000,64,1,
AR,0,0x403C1800,64,1,
AR,0,0x403C2000,64,1,
AR,0,0x403C2800,64,1,
AR,0,0x403C3000,64,1,
AR,0,0x403C3800,64,1,
AR,0,0x403C4000,64,1,
AR,0,0x403C4800,64,1,
AR,0,0x403C5000,64,1,
AR,0,0x403C5800,64,1,
AR,0,0x403C6000,64,1,
AR,0,0x403C6800,64,1,
AR,0,0x403C7000,64,1,
AR,0,0x403C7800,64,1,
AR,0,0x403C8000,64,1,
AR,0,0x403C8800,64,1,
AR,0,0x403C9000,64,1,
AR,0,0x403C9800,64,1,
AR,0,0x403CA000,64,1,
AR,0,0x403CA800,64,1,
AR,0,0x403CB000,64,1,
AR,0,0x403CB800,64,1,
AR,0,0x403CC000,64,1,
AR,0,0x403CC800,64,1,
AR,0,0x403CD000,64,1,
AR,0,0x403CD800,64,1,
AR,0,0x403CE000,64,1,
AR,0,0x403CE800,64,1,
BARRIER,,,,,
AR,0,0x403CF000,64,1,
AR,0,0x403CF800,64,1,
AR,0,0x403D0000,64,1,
AR,0,0x403D0800,64,1,
AR,0,0x403D1000,64,1,
AR,0,0x403D1800,64,1,
AR,0,0x403D2000,64,1,
AR,0,0x403D2800,64,1,
AR,0,0x403D3000,64,1,
AR,0,0x403D3800,64,1,
AR,0,0x403D4000,64,1,
AR,0,0x403D4800,64,1,
AR,0,0x403D5000,64,1,
AR,0,0x403D5800,64,1,
AR,0,0x403D6000,64,1,
AR,0,0x403D6800,64,1,
AR,0,0x403D7000,64,1,
AR,0,0x403D7800,64,1,
AR,0,0x403D8000,64,1,
AR,0,0x403D8800,64,1,
AR,0,0x403D9000,64,1,
AR,0,0x403D9800,64,1,
AR,0,0x403DA000,64,1,
AR,0,0x403DA800,64,1,
AR,0,0x403DB000,64,1,
AR,0,0x403DB800,64,1,
AR,0,0x403DC000,64,1,
AR,0,0x403DC800,64,1,
AR,0,0x403DD000,64,1,
AR,0,0x403DD800,64,1,
AR,0,0x403DE000,64,1,
AR,0,0x403DE800,64,1,
AR,0,0x403DF000,64,1,
AR,0,0x403DF800,64,1,
AR,0,0x403E0000,64,1,
AR,0,0x403E0800,64,1,
AR,0,0x403E1000,64,1,
AR,0,0x403E1800,64,1,
AR,0,0x403E2000,64,1,
AR,0,0x403E2800,64,1,
AR,0,0x403E3000,64,1,
AR,0,0x403E3800,64,1,
AR,0,0x403E4000,64,1,
AR,0,0x403E4800,64,1,
AR,0,0x403E5000,64,1,
AR,0,0x403E5800,64,1,
AR,0,0x403E6000,64,1,
AR,0,0x403E6800,64,1,
AR,0,0x403E7000,64,1,
AR,0,0x403E7800,64,1,
AR,0,0x403E8000,64,1,
AR,0,0x403E8800,64,1,
AR,0,0x403E9000,64,1,
AR,0,0x403E9800,64,1,
AR,0,0x403EA000,64,1,
AR,0,0x403EA800,64,1,
AR,0,0x403EB000,64,1,
AR,0,0x403EB800,64,1,
AR,0,0x403EC000,64,1,
AR,0,0x403EC800,64,1,
AR,0,0x403ED000,64,1,
AR,0,0x403ED800,64,1,
AR,0,0x403EE000,64,1,
AR,0,0x403EE800,64,1,
AR,0,0x403EF000,64,1,
AR,0,0x403EF800,64,1,
AR,0,0x403F0000,64,1,
AR,0,0x403F0800,64,1,
AR,0,0x403F1000,64,1,
AR,0,0x403F1800,64,1,
AR,0,0x403F2000,64,1,
AR,0,0x403F2800,64,1,
AR,0,0x403F3000,64,1,
AR,0,0x403F3800,64,1,
AR,0,0x403F4000,64,1,
AR,0,0x403F4800,64,1,
AR,0,0x403F5000,64,1,
AR,0,0x403F5800,64,1,
AR,0,0x403F6000,64,1,
AR,0,0x403F6800,64,1,
AR,0,0x403F7000,64,1,
AR,0,0x403F7800,64,1,
AR,0,0x403F8000,64,1,
AR,0,0x403F8800,64,1,
AR,0,0x403F9000,64,1,
AR,0,0x403F9800,64,1,
AR,0,0x403FA000,64,1,
AR,0,0x403FA800,64,1,
AR,0,0x403FB000,64,1,
AR,0,0x403FB800,64,1,
AR,0,0x403FC000,64,1,
AR,0,0x403FC800,64,1,
AR,0,0x403FD000,64,1,
AR,0,0x403FD800,64,1,
AR,0,0x403FE000,64,1,
AR,0,0x403FE800,64,1,
AR,0,0x403FF000,64,1,
AR,0,0x403FF800,64,1,
AR,0,0x40400000,64,1,
AR,0,0x40400800,64,1,
AR,0,0x40401000,64,1,
AR,0,0x40401800,64,1,
AR,0,0x40402000,64,1,
AR,0,0x40402800,64,1,
AR,0,0x40403000,64,1,
AR,0,0x40403800,64,1,
AR,0,0x40404000,64,1,
AR,0,0x40404800,64,1,
AR,0,0x40405000,64,1,
AR,0,0x40405800,64,1,
AR,0,0x40406000,64,1,
AR,0,0x40406800,64,1,
AR,0,0x40407000,64,1,
AR,0,0x40407800,64,1,
AR,0,0x40408000,64,1,
AR,0,0x40408800,64,1,
AR,0,0x40409000,64,1,
AR,0,0x40409800,64,1,
AR,0,0x4040A000,64,1,
AR,0,0x4040A800,64,1,
AR,0,0x4040B000,64,1,
AR,0,0x4040B800,64,1,
AR,0,0x4040C000,64,1,
AR,0,0x4040C800,64,1,
AR,0,0x4040D000,64,1,
AR,0,0x4040D800,64,1,
AR,0,0x4040E000,64,1,
AR,0,0x4040E800,64,1,
AR,0,0x4040F000,64,1,
AR,0,0x4040F800,64,1,
AR,0,0x40410000,64,1,
AR,0,0x40410800,64,1,
AR,0,0x40411000,64,1,
AR,0,0x40411800,64,1,
AR,0,0x40412000,64,1,
AR,0,0x40412800,64,1,
AR,0,0x40413000,64,1,
AR,0,0x40413800,64,1,
AR,0,0x40414000,64,1,
AR,0,0x40414800,64,1,
AR,0,0x40415000,64,1,
AR,0,0x40415800,64,1,
AR,0,0x40416000,64,1,
AR,0,0x40416800,64,1,
AR,0,0x40417000,64,1,
AR,0,0x40417800,64,1,
AR,0,0x40418000,64,1,
AR,0,0x40418800,64,1,
AR,0,0x40419000,64,1,
AR,0,0x40419800,64,1,
BARRIER,,,,,
AR,0,0x4041A000,64,1,
AR,0,0x4041A800,64,1,
AR,0,0x4041B000,64,1,
AR,0,0x4041B800,64,1,
AR,0,0x4041C000,64,1,
AR,0,0x4041C800,64,1,
AR,0,0x4041D000,64,1,
AR,0,0x4041D800,64,1,
AR,0,0x4041E000,64,1,
AR,0,0x4041E800,64,1,
AR,0,0x4041F000,64,1,
AR,0,0x4041F800,64,1,
AR,0,0x40420000,64,1,
AR,0,0x40420800,64,1,
AR,0,0x40421000,64,1,
AR,0,0x40421800,64,1,
AR,0,0x40422000,64,1,
AR,0,0x40422800,64,1,
AR,0,0x40423000,64,1,
AR,0,0x40423800,64,1,
AR,0,0x40424000,64,1,
AR,0,0x40424800,64,1,
AR,0,0x40425000,64,1,
AR,0,0x40425800,64,1,
AR,0,0x40426000,64,1,
AR,0,0x40426800,64,1,
AR,0,0x40427000,64,1,
AR,0,0x40427800,64,1,
AR,0,0x40428000,64,1,
AR,0,0x40428800,64,1,
AR,0,0x40429000,64,1,
AR,0,0x40429800,64,1,
AR,0,0x4042A000,64,1,
AR,0,0x4042A800,64,1,
AR,0,0x4042B000,64,1,
AR,0,0x4042B800,64,1,
AR,0,0x4042C000,64,1,
AR,0,0x4042C800,64,1,
AR,0,0x4042D000,64,1,
AR,0,0x4042D800,64,1,
AR,0,0x4042E000,64,1,
AR,0,0x4042E800,64,1,
AR,0,0x4042F000,64,1,
AR,0,0x4042F800,64,1,
AR,0,0x40430000,64,1,
AR,0,0x40430800,64,1,
AR,0,0x40431000,64,1,
AR,0,0x40431800,64,1,
AR,0,0x40432000,64,1,
AR,0,0x40432800,64,1,
AR,0,0x40433000,64,1,
AR,0,0x40433800,64,1,
AR,0,0x40434000,64,1,
AR,0,0x40434800,64,1,
AR,0,0x40435000,64,1,
AR,0,0x40435800,64,1,
AR,0,0x40436000,64,1,
AR,0,0x40436800,64,1,
AR,0,0x40437000,64,1,
AR,0,0x40437800,64,1,
AR,0,0x40438000,64,1,
AR,0,0x40438800,64,1,
AR,0,0x40439000,64,1,
AR,0,0x40439800,64,1,
AR,0,0x4043A000,64,1,
AR,0,0x4043A800,64,1,
AR,0,0x4043B000,64,1,
AR,0,0x4043B800,64,1,
AR,0,0x4043C000,64,1,
AR,0,0x4043C800,64,1,
AR,0,0x4043D000,64,1,
AR,0,0x4043D800,64,1,
AR,0,0x4043E000,64,1,
AR,0,0x4043E800,64,1,
AR,0,0x4043F000,64,1,
AR,0,0x4043F800,64,1,
AR,0,0x40440000,64,1,
AR,0,0x40440800,64,1,
AR,0,0x40441000,64,1,
AR,0,0x40441800,64,1,
AR,0,0x40442000,64,1,
AR,0,0x40442800,64,1,
AR,0,0x40443000,64,1,
AR,0,0x40443800,64,1,
AR,0,0x40444000,64,1,
AR,0,0x40444800,64,1,
AR,0,0x40445000,64,1,
AR,0,0x40445800,64,1,
AR,0,0x40446000,64,1,
AR,0,0x40446800,64,1,
AR,0,0x40447000,64,1,
AR,0,0x40447800,64,1,
AR,0,0x40448000,64,1,
AR,0,0x40448800,64,1,
AR,0,0x40449000,64,1,
AR,0,0x40449800,64,1,
AR,0,0x4044A000,64,1,
AR,0,0x4044A800,64,1,
AR,0,0x4044B000,64,1,
AR,0,0x4044B800,64,1,
AR,0,0x4044C000,64,1,
AR,0,0x4044C800,64,1,
AR,0,0x4044D000,64,1,
AR,0,0x4044D800,64,1,
AR,0,0x4044E000,64,1,
AR,0,0x4044E800,64,1,
AR,0,0x4044F000,64,1,
AR,0,0x4044F800,64,1,
AR,0,0x40450000,64,1,
AR,0,0x40450800,64,1,
AR,0,0x40451000,64,1,
AR,0,0x40451800,64,1,
AR,0,0x40452000,64,1,
AR,0,0x40452800,64,1,
AR,0,0x40453000,64,1,
AR,0,0x40453800,64,1,
AR,0,0x40454000,64,1,
AR,0,0x40454800,64,1,
AR,0,0x40455000,64,1,
AR,0,0x40455800,64,1,
AR,0,0x40456000,64,1,
AR,0,0x40456800,64,1,
AR,0,0x40457000,64,1,
AR,0,0x40457800,64,1,
AR,0,0x40458000,64,1,
AR,0,0x40458800,64,1,
AR,0,0x40459000,64,1,
AR,0,0x40459800,64,1,
AR,0,0x4045A000,64,1,
AR,0,0x4045A800,64,1,
AR,0,0x4045B000,64,1,
AR,0,0x4045B800,64,1,
AR,0,0x4045C000,64,1,
AR,0,0x4045C800,64,1,
AR,0,0x4045D000,64,1,
AR,0,0x4045D800,64,1,
AR,0,0x4045E000,64,1,
AR,0,0x4045E800,64,1,
AR,0,0x4045F000,64,1,
AR,0,0x4045F800,64,1,
AR,0,0x40460000,64,1,
AR,0,0x40460800,64,1,
AR,0,0x40461000,64,1,
AR,0,0x40461800,64,1,
AR,0,0x40462000,64,1,
AR,0,0x40462800,64,1,
AR,0,0x40463000,64,1,
AR,0,0x40463800,64,1,
AR,0,0x40464000,64,1,
AR,0,0x40464800,64,1,
BARRIER,,,,,
AR,0,0x40465000,64,1,
AR,0,0x40465800,64,1,
AR,0,0x40466000,64,1,
AR,0,0x40466800,64,1,
AR,0,0x40467000,64,1,
AR,0,0x40467800,64,1,
AR,0,0x40468000,64,1,
AR,0,0x40468800,64,1,
AR,0,0x40469000,64,1,
AR,0,0x40469800,64,1,
AR,0,0x4046A000,64,1,
AR,0,0x4046A800,64,1,
AR,0,0x4046B000,64,1,
AR,0,0x4046B800,64,1,
AR,0,0x4046C000,64,1,
AR,0,0x4046C800,64,1,
AR,0,0x4046D000,64,1,
AR,0,0x4046D800,64,1,
AR,0,0x4046E000,64,1,
AR,0,0x4046E800,64,1,
AR,0,0x4046F000,64,1,
AR,0,0x4046F800,64,1,
AR,0,0x40470000,64,1,
AR,0,0x40470800,64,1,
AR,0,0x40471000,64,1,
AR,0,0x40471800,64,1,
AR,0,0x40472000,64,1,
AR,0,0x40472800,64,1,
AR,0,0x40473000,64,1,
AR,0,0x40473800,64,1,
AR,0,0x40474000,64,1,
AR,0,0x40474800,64,1,
AR,0,0x40475000,64,1,
AR,0,0x40475800,64,1,
AR,0,0x40476000,64,1,
AR,0,0x40476800,64,1,
AR,0,0x40477000,64,1,
AR,0,0x40477800,64,1,
AR,0,0x40478000,64,1,
AR,0,0x40478800,64,1,
AR,0,0x40479000,64,1,
AR,0,0x40479800,64,1,
AR,0,0x4047A000,64,1,
AR,0,0x4047A800,64,1,
AR,0,0x4047B000,64,1,
AR,0,0x4047B800,64,1,
AR,0,0x4047C000,64,1,
AR,0,0x4047C800,64,1,
AR,0,0x4047D000,64,1,
AR,0,0x4047D800,64,1,
AR,0,0x4047E000,64,1,
AR,0,0x4047E800,64,1,
AR,0,0x4047F000,64,1,
AR,0,0x4047F800,64,1,
AR,0,0x40480000,64,1,
AR,0,0x40480800,64,1,
AR,0,0x40481000,64,1,
AR,0,0x40481800,64,1,
AR,0,0x40482000,64,1,
AR,0,0x40482800,64,1,
AR,0,0x40483000,64,1,
AR,0,0x40483800,64,1,
AR,0,0x40484000,64,1,
AR,0,0x40484800,64,1,
AR,0,0x40485000,64,1,
AR,0,0x40485800,64,1,
AR,0,0x40486000,64,1,
AR,0,0x40486800,64,1,
AR,0,0x40487000,64,1,
AR,0,0x40487800,64,1,
AR,0,0x40488000,64,1,
AR,0,0x40488800,64,1,
AR,0,0x40489000,64,1,
AR,0,0x40489800,64,1,
AR,0,0x4048A000,64,1,
AR,0,0x4048A800,64,1,
AR,0,0x4048B000,64,1,
AR,0,0x4048B800,64,1,
AR,0,0x4048C000,64,1,
AR,0,0x4048C800,64,1,
AR,0,0x4048D000,64,1,
AR,0,0x4048D800,64,1,
AR,0,0x4048E000,64,1,
AR,0,0x4048E800,64,1,
AR,0,0x4048F000,64,1,
AR,0,0x4048F800,64,1,
AR,0,0x40490000,64,1,
AR,0,0x40490800,64,1,
AR,0,0x40491000,64,1,
AR,0,0x40491800,64,1,
AR,0,0x40492000,64,1,
AR,0,0x40492800,64,1,
AR,0,0x40493000,64,1,
AR,0,0x40493800,64,1,
AR,0,0x40494000,64,1,
AR,0,0x40494800,64,1,
AR,0,0x40495000,64,1,
AR,0,0x40495800,64,1,
AR,0,0x40496000,64,1,
AR,0,0x40496800,64,1,
AR,0,0x40497000,64,1,
AR,0,0x40497800,64,1,
AR,0,0x40498000,64,1,
AR,0,0x40498800,64,1,
AR,0,0x40499000,64,1,
AR,0,0x40499800,64,1,
AR,0,0x4049A000,64,1,
AR,0,0x4049A800,64,1,
AR,0,0x4049B000,64,1,
AR,0,0x4049B800,64,1,
AR,0,0x4049C000,64,1,
AR,0,0x4049C800,64,1,
AR,0,0x4049D000,64,1,
AR,0,0x4049D800,64,1,
AR,0,0x4049E000,64,1,
AR,0,0x4049E800,64,1,
AR,0,0x4049F000,64,1,
AR,0,0x4049F800,64,1,
AR,0,0x404A0000,64,1,
AR,0,0x404A0800,64,1,
AR,0,0x404A1000,64,1,
AR,0,0x404A1800,64,1,
AR,0,0x404A2000,64,1,
AR,0,0x404A2800,64,1,
AR,0,0x404A3000,64,1,
AR,0,0x404A3800,64,1,
AR,0,0x404A4000,64,1,
AR,0,0x404A4800,64,1,
AR,0,0x404A5000,64,1,
AR,0,0x404A5800,64,1,
AR,0,0x404A6000,64,1,
AR,0,0x404A6800,64,1,
AR,0,0x404A7000,64,1,
AR,0,0x404A7800,64,1,
AR,0,0x404A8000,64,1,
AR,0,0x404A8800,64,1,
AR,0,0x404A9000,64,1,
AR,0,0x404A9800,64,1,
AR,0,0x404AA000,64,1,
AR,0,0x404AA800,64,1,
AR,0,0x404AB000,64,1,
AR,0,0x404AB800,64,1,
AR,0,0x404AC000,64,1,
AR,0,0x404AC800,64,1,
AR,0,0x404AD000,64,1,
AR,0,0x404AD800,64,1,
AR,0,0x404AE000,64,1,
AR,0,0x404AE800,64,1,
AR,0,0x404AF000,64,1,
AR,0,0x404AF800,64,1,
BARRIER,,,,,
AR,0,0x404B0000,64,1,
AR,0,0x404B0800,64,1,
AR,0,0x404B1000,64,1,
AR,0,0x404B1800,64,1,
AR,0,0x404B2000,64,1,
AR,0,0x404B2800,64,1,
AR,0,0x404B3000,64,1,
AR,0,0x404B3800,64,1,
AR,0,0x404B4000,64,1,
AR,0,0x404B4800,64,1,
AR,0,0x404B5000,64,1,
AR,0,0x404B5800,64,1,
AR,0,0x404B6000,64,1,
AR,0,0x404B6800,64,1,
AR,0,0x404B7000,64,1,
AR,0,0x404B7800,64,1,
AR,0,0x404B8000,64,1,
AR,0,0x404B8800,64,1,
AR,0,0x404B9000,64,1,
AR,0,0x404B9800,64,1,
AR,0,0x404BA000,64,1,
AR,0,0x404BA800,64,1,
AR,0,0x404BB000,64,1,
AR,0,0x404BB800,64,1,
AR,0,0x404BC000,64,1,
AR,0,0x404BC800,64,1,
AR,0,0x404BD000,64,1,
AR,0,0x404BD800,64,1,
AR,0,0x404BE000,64,1,
AR,0,0x404BE800,64,1,
AR,0,0x404BF000,64,1,
AR,0,0x404BF800,64,1,
AR,0,0x404C0000,64,1,
AR,0,0x404C0800,64,1,
AR,0,0x404C1000,64,1,
AR,0,0x404C1800,64,1,
AR,0,0x404C2000,64,1,
AR,0,0x404C2800,64,1,
AR,0,0x404C3000,64,1,
AR,0,0x404C3800,64,1,
AR,0,0x404C4000,64,1,
AR,0,0x404C4800,64,1,
AR,0,0x404C5000,64,1,
AR,0,0x404C5800,64,1,
AR,0,0x404C6000,64,1,
AR,0,0x404C6800,64,1,
AR,0,0x404C7000,64,1,
AR,0,0x404C7800,64,1,
AR,0,0x404C8000,64,1,
AR,0,0x404C8800,64,1,
AR,0,0x404C9000,64,1,
AR,0,0x404C9800,64,1,
AR,0,0x404CA000,64,1,
AR,0,0x404CA800,64,1,
AR,0,0x404CB000,64,1,
AR,0,0x404CB800,64,1,
AR,0,0x404CC000,64,1,
AR,0,0x404CC800,64,1,
AR,0,0x404CD000,64,1,
AR,0,0x404CD800,64,1,
AR,0,0x404CE000,64,1,
AR,0,0x404CE800,64,1,
AR,0,0x404CF000,64,1,
AR,0,0x404CF800,64,1,
AR,0,0x404D0000,64,1,
AR,0,0x404D0800,64,1,
AR,0,0x404D1000,64,1,
AR,0,0x404D1800,64,1,
AR,0,0x404D2000,64,1,
AR,0,0x404D2800,64,1,
AR,0,0x404D3000,64,1,
AR,0,0x404D3800,64,1,
AR,0,0x404D4000,64,1,
AR,0,0x404D4800,64,1,
AR,0,0x404D5000,64,1,
AR,0,0x404D5800,64,1,
AR,0,0x404D6000,64,1,
AR,0,0x404D6800,64,1,
AR,0,0x404D7000,64,1,
AR,0,0x404D7800,64,1,
AR,0,0x404D8000,64,1,
AR,0,0x404D8800,64,1,
AR,0,0x404D9000,64,1,
AR,0,0x404D9800,64,1,
AR,0,0x404DA000,64,1,
AR,0,0x404DA800,64,1,
AR,0,0x404DB000,64,1,
AR,0,0x404DB800,64,1,
AR,0,0x404DC000,64,1,
AR,0,0x404DC800,64,1,
AR,0,0x404DD000,64,1,
AR,0,0x404DD800,64,1,
AR,0,0x404DE000,64,1,
AR,0,0x404DE800,64,1,
AR,0,0x404DF000,64,1,
AR,0,0x404DF800,64,1,
AR,0,0x404E0000,64,1,
AR,0,0x404E0800,64,1,
AR,0,0x404E1000,64,1,
AR,0,0x404E1800,64,1,
AR,0,0x404E2000,64,1,
AR,0,0x404E2800,64,1,
AR,0,0x404E3000,64,1,
AR,0,0x404E3800,64,1,
AR,0,0x404E4000,64,1,
AR,0,0x404E4800,64,1,
AR,0,0x404E5000,64,1,
AR,0,0x404E5800,64,1,
AR,0,0x404E6000,64,1,
AR,0,0x404E6800,64,1,
AR,0,0x404E7000,64,1,
AR,0,0x404E7800,64,1,
AR,0,0x404E8000,64,1,
AR,0,0x404E8800,64,1,
AR,0,0x404E9000,64,1,
AR,0,0x404E9800,64,1,
AR,0,0x404EA000,64,1,
AR,0,0x404EA800,64,1,
AR,0,0x404EB000,64,1,
AR,0,0x404EB800,64,1,
AR,0,0x404EC000,64,1,
AR,0,0x404EC800,64,1,
AR,0,0x404ED000,64,1,
AR,0,0x404ED800,64,1,
AR,0,0x404EE000,64,1,
AR,0,0x404EE800,64,1,
AR,0,0x404EF000,64,1,
AR,0,0x404EF800,64,1,
AR,0,0x404F0000,64,1,
AR,0,0x404F0800,64,1,
AR,0,0x404F1000,64,1,
AR,0,0x404F1800,64,1,
AR,0,0x404F2000,64,1,
AR,0,0x404F2800,64,1,
AR,0,0x404F3000,64,1,
AR,0,0x404F3800,64,1,
AR,0,0x404F4000,64,1,
AR,0,0x404F4800,64,1,
AR,0,0x404F5000,64,1,
AR,0,0x404F5800,64,1,
AR,0,0x404F6000,64,1,
AR,0,0x404F6800,64,1,
AR,0,0x404F7000,64,1,
AR,0,0x404F7800,64,1,
AR,0,0x404F8000,64,1,
AR,0,0x404F8800,64,1,
AR,0,0x404F9000,64,1,
AR,0,0x404F9800,64,1,
AR,0,0x404FA000,64,1,
AR,0,0x404FA800,64,1,
BARRIER,,,,,
AR,0,0x404FB000,64,1,
AR,0,0x404FB800,64,1,
AR,0,0x404FC000,64,1,
AR,0,0x404FC800,64,1,
AR,0,0x404FD000,64,1,
AR,0,0x404FD800,64,1,
AR,0,0x404FE000,64,1,
AR,0,0x404FE800,64,1,
AR,0,0x404FF000,64,1,
AR,0,0x404FF800,64,1,
AR,0,0x40500000,64,1,
AR,0,0x40500800,64,1,
AR,0,0x40501000,64,1,
AR,0,0x40501800,64,1,
AR,0,0x40502000,64,1,
AR,0,0x40502800,64,1,
AR,0,0x40503000,64,1,
AR,0,0x40503800,64,1,
AR,0,0x40504000,64,1,
AR,0,0x40504800,64,1,
AR,0,0x40505000,64,1,
AR,0,0x40505800,64,1,
AR,0,0x40506000,64,1,
AR,0,0x40506800,64,1,
AR,0,0x40507000,64,1,
AR,0,0x40507800,64,1,
AR,0,0x40508000,64,1,
AR,0,0x40508800,64,1,
AR,0,0x40509000,64,1,
AR,0,0x40509800,64,1,
AR,0,0x4050A000,64,1,
AR,0,0x4050A800,64,1,
AR,0,0x4050B000,64,1,
AR,0,0x4050B800,64,1,
AR,0,0x4050C000,64,1,
AR,0,0x4050C800,64,1,
AR,0,0x4050D000,64,1,
AR,0,0x4050D800,64,1,
AR,0,0x4050E000,64,1,
AR,0,0x4050E800,64,1,
AR,0,0x4050F000,64,1,
AR,0,0x4050F800,64,1,
AR,0,0x40510000,64,1,
AR,0,0x40510800,64,1,
AR,0,0x40511000,64,1,
AR,0,0x40511800,64,1,
AR,0,0x40512000,64,1,
AR,0,0x40512800,64,1,
AR,0,0x40513000,64,1,
AR,0,0x40513800,64,1,
AR,0,0x40514000,64,1,
AR,0,0x40514800,64,1,
AR,0,0x40515000,64,1,
AR,0,0x40515800,64,1,
AR,0,0x40516000,64,1,
AR,0,0x40516800,64,1,
AR,0,0x40517000,64,1,
AR,0,0x40517800,64,1,
AR,0,0x40518000,64,1,
AR,0,0x40518800,64,1,
AR,0,0x40519000,64,1,
AR,0,0x40519800,64,1,
AR,0,0x4051A000,64,1,
AR,0,0x4051A800,64,1,
AR,0,0x4051B000,64,1,
AR,0,0x4051B800,64,1,
AR,0,0x4051C000,64,1,
AR,0,0x4051C800,64,1,
AR,0,0x4051D000,64,1,
AR,0,0x4051D800,64,1,
AR,0,0x4051E000,64,1,
AR,0,0x4051E800,64,1,
AR,0,0x4051F000,64,1,
AR,0,0x4051F800,64,1,
AR,0,0x40520000,64,1,
AR,0,0x40520800,64,1,
AR,0,0x40521000,64,1,
AR,0,0x40521800,64,1,
AR,0,0x40522000,64,1,
AR,0,0x40522800,64,1,
AR,0,0x40523000,64,1,
AR,0,0x40523800,64,1,
AR,0,0x40524000,64,1,
AR,0,0x40524800,64,1,
AR,0,0x40525000,64,1,
AR,0,0x40525800,64,1,
AR,0,0x40526000,64,1,
AR,0,0x40526800,64,1,
AR,0,0x40527000,64,1,
AR,0,0x40527800,64,1,
AR,0,0x40528000,64,1,
AR,0,0x40528800,64,1,
AR,0,0x40529000,64,1,
AR,0,0x40529800,64,1,
AR,0,0x4052A000,64,1,
AR,0,0x4052A800,64,1,
AR,0,0x4052B000,64,1,
AR,0,0x4052B800,64,1,
AR,0,0x4052C000,64,1,
AR,0,0x4052C800,64,1,
AR,0,0x4052D000,64,1,
AR,0,0x4052D800,64,1,
AR,0,0x4052E000,64,1,
AR,0,0x4052E800,64,1,
AR,0,0x4052F000,64,1,
AR,0,0x4052F800,64,1,
AR,0,0x40530000,64,1,
AR,0,0x40530800,64,1,
AR,0,0x40531000,64,1,
AR,0,0x40531800,64,1,
AR,0,0x40532000,64,1,
AR,0,0x40532800,64,1,
AR,0,0x40533000,64,1,
AR,0,0x40533800,64,1,
AR,0,0x40534000,64,1,
AR,0,0x40534800,64,1,
AR,0,0x40535000,64,1,
AR,0,0x40535800,64,1,
AR,0,0x40536000,64,1,
AR,0,0x40536800,64,1,
AR,0,0x40537000,64,1,
AR,0,0x40537800,64,1,
AR,0,0x40538000,64,1,
AR,0,0x40538800,64,1,
AR,0,0x40539000,64,1,
AR,0,0x40539800,64,1,
AR,0,0x4053A000,64,1,
AR,0,0x4053A800,64,1,
AR,0,0x4053B000,64,1,
AR,0,0x4053B800,64,1,
AR,0,0x4053C000,64,1,
AR,0,0x4053C800,64,1,
AR,0,0x4053D000,64,1,
AR,0,0x4053D800,64,1,
AR,0,0x4053E000,64,1,
AR,0,0x4053E800,64,1,
AR,0,0x4053F000,64,1,
AR,0,0x4053F800,64,1,
AR,0,0x40540000,64,1,
AR,0,0x40540800,64,1,
AR,0,0x40541000,64,1,
AR,0,0x40541800,64,1,
AR,0,0x40542000,64,1,
AR,0,0x40542800,64,1,
AR,0,0x40543000,64,1,
AR,0,0x40543800,64,1,
AR,0,0x40544000,64,1,
AR,0,0x40544800,64,1,
AR,0,0x40545000,64,1,
AR,0,0x40545800,64,1,
BARRIER,,,,,
AR,0,0x40546000,64,1,
AR,0,0x40546800,64,1,
AR,0,0x40547000,64,1,
AR,0,0x40547800,64,1,
AR,0,0x40548000,64,1,
AR,0,0x40548800,64,1,
AR,0,0x40549000,64,1,
AR,0,0x40549800,64,1,
AR,0,0x4054A000,64,1,
AR,0,0x4054A800,64,1,
AR,0,0x4054B000,64,1,
AR,0,0x4054B800,64,1,
AR,0,0x4054C000,64,1,
AR,0,0x4054C800,64,1,
AR,0,0x4054D000,64,1,
AR,0,0x4054D800,64,1,
AR,0,0x4054E000,64,1,
AR,0,0x4054E800,64,1,
AR,0,0x4054F000,64,1,
AR,0,0x4054F800,64,1,
AR,0,0x40550000,64,1,
AR,0,0x40550800,64,1,
AR,0,0x40551000,64,1,
AR,0,0x40551800,64,1,
AR,0,0x40552000,64,1,
AR,0,0x40552800,64,1,
AR,0,0x40553000,64,1,
AR,0,0x40553800,64,1,
AR,0,0x40554000,64,1,
AR,0,0x40554800,64,1,
AR,0,0x40555000,64,1,
AR,0,0x40555800,64,1,
AR,0,0x40556000,64,1,
AR,0,0x40556800,64,1,
AR,0,0x40557000,64,1,
AR,0,0x40557800,64,1,
AR,0,0x40558000,64,1,
AR,0,0x40558800,64,1,
AR,0,0x40559000,64,1,
AR,0,0x40559800,64,1,
AR,0,0x4055A000,64,1,
AR,0,0x4055A800,64,1,
AR,0,0x4055B000,64,1,
AR,0,0x4055B800,64,1,
AR,0,0x4055C000,64,1,
AR,0,0x4055C800,64,1,
AR,0,0x4055D000,64,1,
AR,0,0x4055D800,64,1,
AR,0,0x4055E000,64,1,
AR,0,0x4055E800,64,1,
AR,0,0x4055F000,64,1,
AR,0,0x4055F800,64,1,
AR,0,0x40560000,64,1,
AR,0,0x40560800,64,1,
AR,0,0x40561000,64,1,
AR,0,0x40561800,64,1,
AR,0,0x40562000,64,1,
AR,0,0x40562800,64,1,
AR,0,0x40563000,64,1,
AR,0,0x40563800,64,1,
AR,0,0x40564000,64,1,
AR,0,0x40564800,64,1,
AR,0,0x40565000,64,1,
AR,0,0x40565800,64,1,
AR,0,0x40566000,64,1,
AR,0,0x40566800,64,1,
AR,0,0x40567000,64,1,
AR,0,0x40567800,64,1,
AR,0,0x40568000,64,1,
AR,0,0x40568800,64,1,
AR,0,0x40569000,64,1,
AR,0,0x40569800,64,1,
AR,0,0x4056A000,64,1,
AR,0,0x4056A800,64,1,
AR,0,0x4056B000,64,1,
AR,0,0x4056B800,64,1,
AR,0,0x4056C000,64,1,
AR,0,0x4056C800,64,1,
AR,0,0x4056D000,64,1,
AR,0,0x4056D800,64,1,
AR,0,0x4056E000,64,1,
AR,0,0x4056E800,64,1,
AR,0,0x4056F000,64,1,
AR,0,0x4056F800,64,1,
AR,0,0x40570000,64,1,
AR,0,0x40570800,64,1,
AR,0,0x40571000,64,1,
AR,0,0x40571800,64,1,
AR,0,0x40572000,64,1,
AR,0,0x40572800,64,1,
AR,0,0x40573000,64,1,
AR,0,0x40573800,64,1,
AR,0,0x40574000,64,1,
AR,0,0x40574800,64,1,
AR,0,0x40575000,64,1,
AR,0,0x40575800,64,1,
AR,0,0x40576000,64,1,
AR,0,0x40576800,64,1,
AR,0,0x40577000,64,1,
AR,0,0x40577800,64,1,
AR,0,0x40578000,64,1,
AR,0,0x40578800,64,1,
AR,0,0x40579000,64,1,
AR,0,0x40579800,64,1,
AR,0,0x4057A000,64,1,
AR,0,0x4057A800,64,1,
AR,0,0x4057B000,64,1,
AR,0,0x4057B800,64,1,
AR,0,0x4057C000,64,1,
AR,0,0x4057C800,64,1,
AR,0,0x4057D000,64,1,
AR,0,0x4057D800,64,1,
AR,0,0x4057E000,64,1,
AR,0,0x4057E800,64,1,
AR,0,0x4057F000,64,1,
AR,0,0x4057F800,64,1,
AR,0,0x40580000,64,1,
AR,0,0x40580800,64,1,
AR,0,0x40581000,64,1,
AR,0,0x40581800,64,1,
AR,0,0x40582000,64,1,
AR,0,0x40582800,64,1,
AR,0,0x40583000,64,1,
AR,0,0x40583800,64,1,
AR,0,0x40584000,64,1,
AR,0,0x40584800,64,1,
AR,0,0x40585000,64,1,
AR,0,0x40585800,64,1,
AR,0,0x40586000,64,1,
AR,0,0x40586800,64,1,
AR,0,0x40587000,64,1,
AR,0,0x40587800,64,1,
AR,0,0x40588000,64,1,
AR,0,0x40588800,64,1,
AR,0,0x40589000,64,1,
AR,0,0x40589800,64,1,
AR,0,0x4058A000,64,1,
AR,0,0x4058A800,64,1,
AR,0,0x4058B000,64,1,
AR,0,0x4058B800,64,1,
AR,0,0x4058C000,64,1,
AR,0,0x4058C800,64,1,
AR,0,0x4058D000,64,1,
AR,0,0x4058D800,64,1,
AR,0,0x4058E000,64,1,
AR,0,0x4058E800,64,1,
AR,0,0x4058F000,64,1,
AR,0,0x4058F800,64,1,
AR,0,0x40590000,64,1,
AR,0,0x40590800,64,1,
BARRIER,,,,,
AR,0,0x40591000,64,1,
AR,0,0x40591800,64,1,
AR,0,0x40592000,64,1,
AR,0,0x40592800,64,1,
AR,0,0x40593000,64,1,
AR,0,0x40593800,64,1,
AR,0,0x40594000,64,1,
AR,0,0x40594800,64,1,
AR,0,0x40595000,64,1,
AR,0,0x40595800,64,1,
AR,0,0x40596000,64,1,
AR,0,0x40596800,64,1,
AR,0,0x40597000,64,1,
AR,0,0x40597800,64,1,
AR,0,0x40598000,64,1,
AR,0,0x40598800,64,1,
AR,0,0x40599000,64,1,
AR,0,0x40599800,64,1,
AR,0,0x4059A000,64,1,
AR,0,0x4059A800,64,1,
AR,0,0x4059B000,64,1,
AR,0,0x4059B800,64,1,
AR,0,0x4059C000,64,1,
AR,0,0x4059C800,64,1,
AR,0,0x4059D000,64,1,
AR,0,0x4059D800,64,1,
AR,0,0x4059E000,64,1,
AR,0,0x4059E800,64,1,
AR,0,0x4059F000,64,1,
AR,0,0x4059F800,64,1,
AR,0,0x405A0000,64,1,
AR,0,0x405A0800,64,1,
AR,0,0x405A1000,64,1,
AR,0,0x405A1800,64,1,
AR,0,0x405A2000,64,1,
AR,0,0x405A2800,64,1,
AR,0,0x405A3000,64,1,
AR,0,0x405A3800,64,1,
AR,0,0x405A4000,64,1,
AR,0,0x405A4800,64,1,
AR,0,0x405A5000,64,1,
AR,0,0x405A5800,64,1,
AR,0,0x405A6000,64,1,
AR,0,0x405A6800,64,1,
AR,0,0x405A7000,64,1,
AR,0,0x405A7800,64,1,
AR,0,0x405A8000,64,1,
AR,0,0x405A8800,64,1,
AR,0,0x405A9000,64,1,
AR,0,0x405A9800,64,1,
AR,0,0x405AA000,64,1,
AR,0,0x405AA800,64,1,
AR,0,0x405AB000,64,1,
AR,0,0x405AB800,64,1,
AR,0,0x405AC000,64,1,
AR,0,0x405AC800,64,1,
AR,0,0x405AD000,64,1,
AR,0,0x405AD800,64,1,
AR,0,0x405AE000,64,1,
AR,0,0x405AE800,64,1,
AR,0,0x405AF000,64,1,
AR,0,0x405AF800,64,1,
AR,0,0x405B0000,64,1,
AR,0,0x405B0800,64,1,
AR,0,0x405B1000,64,1,
AR,0,0x405B1800,64,1,
AR,0,0x405B2000,64,1,
AR,0,0x405B2800,64,1,
AR,0,0x405B3000,64,1,
AR,0,0x405B3800,64,1,
AR,0,0x405B4000,64,1,
AR,0,0x405B4800,64,1,
AR,0,0x405B5000,64,1,
AR,0,0x405B5800,64,1,
AR,0,0x405B6000,64,1,
AR,0,0x405B6800,64,1,
AR,0,0x405B7000,64,1,
AR,0,0x405B7800,64,1,
AR,0,0x405B8000,64,1,
AR,0,0x405B8800,64,1,
AR,0,0x405B9000,64,1,
AR,0,0x405B9800,64,1,
AR,0,0x405BA000,64,1,
AR,0,0x405BA800,64,1,
AR,0,0x405BB000,64,1,
AR,0,0x405BB800,64,1,
AR,0,0x405BC000,64,1,
AR,0,0x405BC800,64,1,
AR,0,0x405BD000,64,1,
AR,0,0x405BD800,64,1,
AR,0,0x405BE000,64,1,
AR,0,0x405BE800,64,1,
AR,0,0x405BF000,64,1,
AR,0,0x405BF800,64,1,
AR,0,0x405C0000,64,1,
AR,0,0x405C0800,64,1,
AR,0,0x405C1000,64,1,
AR,0,0x405C1800,64,1,
AR,0,0x405C2000,64,1,
AR,0,0x405C2800,64,1,
AR,0,0x405C3000,64,1,
AR,0,0x405C3800,64,1,
AR,0,0x405C4000,64,1,
AR,0,0x405C4800,64,1,
AR,0,0x405C5000,64,1,
AR,0,0x405C5800,64,1,
AR,0,0x405C6000,64,1,
AR,0,0x405C6800,64,1,
AR,0,0x405C7000,64,1,
AR,0,0x405C7800,64,1,
AR,0,0x405C8000,64,1,
AR,0,0x405C8800,64,1,
AR,0,0x405C9000,64,1,
AR,0,0x405C9800,64,1,
AR,0,0x405CA000,64,1,
AR,0,0x405CA800,64,1,
AR,0,0x405CB000,64,1,
AR,0,0x405CB800,64,1,
AR,0,0x405CC000,64,1,
AR,0,0x405CC800,64,1,
AR,0,0x405CD000,64,1,
AR,0,0x405CD800,64,1,
AR,0,0x405CE000,64,1,
AR,0,0x405CE800,64,1,
AR,0,0x405CF000,64,1,
AR,0,0x405CF800,64,1,
AR,0,0x405D0000,64,1,
AR,0,0x405D0800,64,1,
AR,0,0x405D1000,64,1,
AR,0,0x405D1800,64,1,
AR,0,0x405D2000,64,1,
AR,0,0x405D2800,64,1,
AR,0,0x405D3000,64,1,
AR,0,0x405D3800,64,1,
AR,0,0x405D4000,64,1,
AR,0,0x405D4800,64,1,
AR,0,0x405D5000,64,1,
AR,0,0x405D5800,64,1,
AR,0,0x405D6000,64,1,
AR,0,0x405D6800,64,1,
AR,0,0x405D7000,64,1,
AR,0,0x405D7800,64,1,
AR,0,0x405D8000,64,1,
AR,0,0x405D8800,64,1,
AR,0,0x405D9000,64,1,
AR,0,0x405D9800,64,1,
AR,0,0x405DA000,64,1,
AR,0,0x405DA800,64,1,
AR,0,0x405DB000,64,1,
AR,0,0x405DB800,64,1,
BARRIER,,,,,
AR,0,0x405DC000,64,1,
AR,0,0x405DC800,64,1,
AR,0,0x405DD000,64,1,
AR,0,0x405DD800,64,1,
AR,0,0x405DE000,64,1,
AR,0,0x405DE800,64,1,
AR,0,0x405DF000,64,1,
AR,0,0x405DF800,64,1,
AR,0,0x405E0000,64,1,
AR,0,0x405E0800,64,1,
AR,0,0x405E1000,64,1,
AR,0,0x405E1800,64,1,
AR,0,0x405E2000,64,1,
AR,0,0x405E2800,64,1,
AR,0,0x405E3000,64,1,
AR,0,0x405E3800,64,1,
AR,0,0x405E4000,64,1,
AR,0,0x405E4800,64,1,
AR,0,0x405E5000,64,1,
AR,0,0x405E5800,64,1,
AR,0,0x405E6000,64,1,
AR,0,0x405E6800,64,1,
AR,0,0x405E7000,64,1,
AR,0,0x405E7800,64,1,
AR,0,0x405E8000,64,1,
AR,0,0x405E8800,64,1,
AR,0,0x405E9000,64,1,
AR,0,0x405E9800,64,1,
AR,0,0x405EA000,64,1,
AR,0,0x405EA800,64,1,
AR,0,0x405EB000,64,1,
AR,0,0x405EB800,64,1,
AR,0,0x405EC000,64,1,
AR,0,0x405EC800,64,1,
AR,0,0x405ED000,64,1,
AR,0,0x405ED800,64,1,
AR,0,0x405EE000,64,1,
AR,0,0x405EE800,64,1,
AR,0,0x405EF000,64,1,
AR,0,0x405EF800,64,1,
AR,0,0x405F0000,64,1,
AR,0,0x405F0800,64,1,
AR,0,0x405F1000,64,1,
AR,0,0x405F1800,64,1,
AR,0,0x405F2000,64,1,
AR,0,0x405F2800,64,1,
AR,0,0x405F3000,64,1,
AR,0,0x405F3800,64,1,
AR,0,0x405F4000,64,1,
AR,0,0x405F4800,64,1,
AR,0,0x405F5000,64,1,
AR,0,0x405F5800,64,1,
AR,0,0x405F6000,64,1,
AR,0,0x405F6800,64,1,
AR,0,0x405F7000,64,1,
AR,0,0x405F7800,64,1,
AR,0,0x405F8000,64,1,
AR,0,0x405F8800,64,1,
AR,0,0x405F9000,64,1,
AR,0,0x405F9800,64,1,
AR,0,0x405FA000,64,1,
AR,0,0x405FA800,64,1,
AR,0,0x405FB000,64,1,
AR,0,0x405FB800,64,1,
AR,0,0x405FC000,64,1,
AR,0,0x405FC800,64,1,
AR,0,0x405FD000,64,1,
AR,0,0x405FD800,64,1,
AR,0,0x405FE000,64,1,
AR,0,0x405FE800,64,1,
AR,0,0x405FF000,64,1,
AR,0,0x405FF800,64,1,
AR,0,0x40600000,64,1,
AR,0,0x40600800,64,1,
AR,0,0x40601000,64,1,
AR,0,0x40601800,64,1,
AR,0,0x40602000,64,1,
AR,0,0x40602800,64,1,
AR,0,0x40603000,64,1,
AR,0,0x40603800,64,1,
AR,0,0x40604000,64,1,
AR,0,0x40604800,64,1,
AR,0,0x40605000,64,1,
AR,0,0x40605800,64,1,
AR,0,0x40606000,64,1,
AR,0,0x40606800,64,1,
AR,0,0x40607000,64,1,
AR,0,0x40607800,64,1,
AR,0,0x40608000,64,1,
AR,0,0x40608800,64,1,
AR,0,0x40609000,64,1,
AR,0,0x40609800,64,1,
AR,0,0x4060A000,64,1,
AR,0,0x4060A800,64,1,
AR,0,0x4060B000,64,1,
AR,0,0x4060B800,64,1,
AR,0,0x4060C000,64,1,
AR,0,0x4060C800,64,1,
AR,0,0x4060D000,64,1,
AR,0,0x4060D800,64,1,
AR,0,0x4060E000,64,1,
AR,0,0x4060E800,64,1,
AR,0,0x4060F000,64,1,
AR,0,0x4060F800,64,1,
AR,0,0x40610000,64,1,
AR,0,0x40610800,64,1,
AR,0,0x40611000,64,1,
AR,0,0x40611800,64,1,
AR,0,0x40612000,64,1,
AR,0,0x40612800,64,1,
AR,0,0x40613000,64,1,
AR,0,0x40613800,64,1,
AR,0,0x40614000,64,1,
AR,0,0x40614800,64,1,
AR,0,0x40615000,64,1,
AR,0,0x40615800,64,1,
AR,0,0x40616000,64,1,
AR,0,0x40616800,64,1,
AR,0,0x40617000,64,1,
AR,0,0x40617800,64,1,
AR,0,0x40618000,64,1,
AR,0,0x40618800,64,1,
AR,0,0x40619000,64,1,
AR,0,0x40619800,64,1,
AR,0,0x4061A000,64,1,
AR,0,0x4061A800,64,1,
AR,0,0x4061B000,64,1,
AR,0,0x4061B800,64,1,
AR,0,0x4061C000,64,1,
AR,0,0x4061C800,64,1,
AR,0,0x4061D000,64,1,
AR,0,0x4061D800,64,1,
AR,0,0x4061E000,64,1,
AR,0,0x4061E800,64,1,
AR,0,0x4061F000,64,1,
AR,0,0x4061F800,64,1,
AR,0,0x40620000,64,1,
AR,0,0x40620800,64,1,
AR,0,0x40621000,64,1,
AR,0,0x40621800,64,1,
AR,0,0x40622000,64,1,
AR,0,0x40622800,64,1,
AR,0,0x40623000,64,1,
AR,0,0x40623800,64,1,
AR,0,0x40624000,64,1,
AR,0,0x40624800,64,1,
AR,0,0x40625000,64,1,
AR,0,0x40625800,64,1,
AR,0,0x40626000,64,1,
AR,0,0x40626800,64,1,
BARRIER,,,,,
AR,0,0x40627000,64,1,
AR,0,0x40627800,64,1,
AR,0,0x40628000,64,1,
AR,0,0x40628800,64,1,
AR,0,0x40629000,64,1,
AR,0,0x40629800,64,1,
AR,0,0x4062A000,64,1,
AR,0,0x4062A800,64,1,
AR,0,0x4062B000,64,1,
AR,0,0x4062B800,64,1,
AR,0,0x4062C000,64,1,
AR,0,0x4062C800,64,1,
AR,0,0x4062D000,64,1,
AR,0,0x4062D800,64,1,
AR,0,0x4062E000,64,1,
AR,0,0x4062E800,64,1,
AR,0,0x4062F000,64,1,
AR,0,0x4062F800,64,1,
AR,0,0x40630000,64,1,
AR,0,0x40630800,64,1,
AR,0,0x40631000,64,1,
AR,0,0x40631800,64,1,
AR,0,0x40632000,64,1,
AR,0,0x40632800,64,1,
AR,0,0x40633000,64,1,
AR,0,0x40633800,64,1,
AR,0,0x40634000,64,1,
AR,0,0x40634800,64,1,
AR,0,0x40635000,64,1,
AR,0,0x40635800,64,1,
AR,0,0x40636000,64,1,
AR,0,0x40636800,64,1,
AR,0,0x40637000,64,1,
AR,0,0x40637800,64,1,
AR,0,0x40638000,64,1,
AR,0,0x40638800,64,1,
AR,0,0x40639000,64,1,
AR,0,0x40639800,64,1,
AR,0,0x4063A000,64,1,
AR,0,0x4063A800,64,1,
AR,0,0x4063B000,64,1,
AR,0,0x4063B800,64,1,
AR,0,0x4063C000,64,1,
AR,0,0x4063C800,64,1,
AR,0,0x4063D000,64,1,
AR,0,0x4063D800,64,1,
AR,0,0x4063E000,64,1,
AR,0,0x4063E800,64,1,
AR,0,0x4063F000,64,1,
AR,0,0x4063F800,64,1,
AR,0,0x40640000,64,1,
AR,0,0x40640800,64,1,
AR,0,0x40641000,64,1,
AR,0,0x40641800,64,1,
AR,0,0x40642000,64,1,
AR,0,0x40642800,64,1,
AR,0,0x40643000,64,1,
AR,0,0x40643800,64,1,
AR,0,0x40644000,64,1,
AR,0,0x40644800,64,1,
AR,0,0x40645000,64,1,
AR,0,0x40645800,64,1,
AR,0,0x40646000,64,1,
AR,0,0x40646800,64,1,
AR,0,0x40647000,64,1,
AR,0,0x40647800,64,1,
AR,0,0x40648000,64,1,
AR,0,0x40648800,64,1,
AR,0,0x40649000,64,1,
AR,0,0x40649800,64,1,
AR,0,0x4064A000,64,1,
AR,0,0x4064A800,64,1,
AR,0,0x4064B000,64,1,
AR,0,0x4064B800,64,1,
AR,0,0x4064C000,64,1,
AR,0,0x4064C800,64,1,
AR,0,0x4064D000,64,1,
AR,0,0x4064D800,64,1,
AR,0,0x4064E000,64,1,
AR,0,0x4064E800,64,1,
AR,0,0x4064F000,64,1,
AR,0,0x4064F800,64,1,
AR,0,0x40650000,64,1,
AR,0,0x40650800,64,1,
AR,0,0x40651000,64,1,
AR,0,0x40651800,64,1,
AR,0,0x40652000,64,1,
AR,0,0x40652800,64,1,
AR,0,0x40653000,64,1,
AR,0,0x40653800,64,1,
AR,0,0x40654000,64,1,
AR,0,0x40654800,64,1,
AR,0,0x40655000,64,1,
AR,0,0x40655800,64,1,
AR,0,0x40656000,64,1,
AR,0,0x40656800,64,1,
AR,0,0x40657000,64,1,
AR,0,0x40657800,64,1,
AR,0,0x40658000,64,1,
AR,0,0x40658800,64,1,
AR,0,0x40659000,64,1,
AR,0,0x40659800,64,1,
AR,0,0x4065A000,64,1,
AR,0,0x4065A800,64,1,
AR,0,0x4065B000,64,1,
AR,0,0x4065B800,64,1,
AR,0,0x4065C000,64,1,
AR,0,0x4065C800,64,1,
AR,0,0x4065D000,64,1,
AR,0,0x4065D800,64,1,
AR,0,0x4065E000,64,1,
AR,0,0x4065E800,64,1,
AR,0,0x4065F000,64,1,
AR,0,0x4065F800,64,1,
AR,0,0x40660000,64,1,
AR,0,0x40660800,64,1,
AR,0,0x40661000,64,1,
AR,0,0x40661800,64,1,
AR,0,0x40662000,64,1,
AR,0,0x40662800,64,1,
AR,0,0x40663000,64,1,
AR,0,0x40663800,64,1,
AR,0,0x40664000,64,1,
AR,0,0x40664800,64,1,
AR,0,0x40665000,64,1,
AR,0,0x40665800,64,1,
AR,0,0x40666000,64,1,
AR,0,0x40666800,64,1,
AR,0,0x40667000,64,1,
AR,0,0x40667800,64,1,
AR,0,0x40668000,64,1,
AR,0,0x40668800,64,1,
AR,0,0x40669000,64,1,
AR,0,0x40669800,64,1,
AR,0,0x4066A000,64,1,
AR,0,0x4066A800,64,1,
AR,0,0x4066B000,64,1,
AR,0,0x4066B800,64,1,
AR,0,0x4066C000,64,1,
AR,0,0x4066C800,64,1,
AR,0,0x4066D000,64,1,
AR,0,0x4066D800,64,1,
AR,0,0x4066E000,64,1,
AR,0,0x4066E800,64,1,
AR,0,0x4066F000,64,1,
AR,0,0x4066F800,64,1,
AR,0,0x40670000,64,1,
AR,0,0x40670800,64,1,
AR,0,0x40671000,64,1,
AR,0,0x40671800,64,1,
BARRIER,,,,,
AR,0,0x40672000,64,1,
AR,0,0x40672800,64,1,
AR,0,0x40673000,64,1,
AR,0,0x40673800,64,1,
AR,0,0x40674000,64,1,
AR,0,0x40674800,64,1,
AR,0,0x40675000,64,1,
AR,0,0x40675800,64,1,
AR,0,0x40676000,64,1,
AR,0,0x40676800,64,1,
AR,0,0x40677000,64,1,
AR,0,0x40677800,64,1,
AR,0,0x40678000,64,1,
AR,0,0x40678800,64,1,
AR,0,0x40679000,64,1,
AR,0,0x40679800,64,1,
AR,0,0x4067A000,64,1,
AR,0,0x4067A800,64,1,
AR,0,0x4067B000,64,1,
AR,0,0x4067B800,64,1,
AR,0,0x4067C000,64,1,
AR,0,0x4067C800,64,1,
AR,0,0x4067D000,64,1,
AR,0,0x4067D800,64,1,
AR,0,0x4067E000,64,1,
AR,0,0x4067E800,64,1,
AR,0,0x4067F000,64,1,
AR,0,0x4067F800,64,1,
AR,0,0x40680000,64,1,
AR,0,0x40680800,64,1,
AR,0,0x40681000,64,1,
AR,0,0x40681800,64,1,
AR,0,0x40682000,64,1,
AR,0,0x40682800,64,1,
AR,0,0x40683000,64,1,
AR,0,0x40683800,64,1,
AR,0,0x40684000,64,1,
AR,0,0x40684800,64,1,
AR,0,0x40685000,64,1,
AR,0,0x40685800,64,1,
AR,0,0x40686000,64,1,
AR,0,0x40686800,64,1,
AR,0,0x40687000,64,1,
AR,0,0x40687800,64,1,
AR,0,0x40688000,64,1,
AR,0,0x40688800,64,1,
AR,0,0x40689000,64,1,
AR,0,0x40689800,64,1,
AR,0,0x4068A000,64,1,
AR,0,0x4068A800,64,1,
AR,0,0x4068B000,64,1,
AR,0,0x4068B800,64,1,
AR,0,0x4068C000,64,1,
AR,0,0x4068C800,64,1,
AR,0,0x4068D000,64,1,
AR,0,0x4068D800,64,1,
AR,0,0x4068E000,64,1,
AR,0,0x4068E800,64,1,
AR,0,0x4068F000,64,1,
AR,0,0x4068F800,64,1,
AR,0,0x40690000,64,1,
AR,0,0x40690800,64,1,
AR,0,0x40691000,64,1,
AR,0,0x40691800,64,1,
AR,0,0x40692000,64,1,
AR,0,0x40692800,64,1,
AR,0,0x40693000,64,1,
AR,0,0x40693800,64,1,
AR,0,0x40694000,64,1,
AR,0,0x40694800,64,1,
AR,0,0x40695000,64,1,
AR,0,0x40695800,64,1,
AR,0,0x40696000,64,1,
AR,0,0x40696800,64,1,
AR,0,0x40697000,64,1,
AR,0,0x40697800,64,1,
AR,0,0x40698000,64,1,
AR,0,0x40698800,64,1,
AR,0,0x40699000,64,1,
AR,0,0x40699800,64,1,
AR,0,0x4069A000,64,1,
AR,0,0x4069A800,64,1,
AR,0,0x4069B000,64,1,
AR,0,0x4069B800,64,1,
AR,0,0x4069C000,64,1,
AR,0,0x4069C800,64,1,
AR,0,0x4069D000,64,1,
AR,0,0x4069D800,64,1,
AR,0,0x4069E000,64,1,
AR,0,0x4069E800,64,1,
AR,0,0x4069F000,64,1,
AR,0,0x4069F800,64,1,
AR,0,0x406A0000,64,1,
AR,0,0x406A0800,64,1,
AR,0,0x406A1000,64,1,
AR,0,0x406A1800,64,1,
AR,0,0x406A2000,64,1,
AR,0,0x406A2800,64,1,
AR,0,0x406A3000,64,1,
AR,0,0x406A3800,64,1,
AR,0,0x406A4000,64,1,
AR,0,0x406A4800,64,1,
AR,0,0x406A5000,64,1,
AR,0,0x406A5800,64,1,
AR,0,0x406A6000,64,1,
AR,0,0x406A6800,64,1,
AR,0,0x406A7000,64,1,
AR,0,0x406A7800,64,1,
AR,0,0x406A8000,64,1,
AR,0,0x406A8800,64,1,
AR,0,0x406A9000,64,1,
AR,0,0x406A9800,64,1,
AR,0,0x406AA000,64,1,
AR,0,0x406AA800,64,1,
AR,0,0x406AB000,64,1,
AR,0,0x406AB800,64,1,
AR,0,0x406AC000,64,1,
AR,0,0x406AC800,64,1,
AR,0,0x406AD000,64,1,
AR,0,0x406AD800,64,1,
AR,0,0x406AE000,64,1,
AR,0,0x406AE800,64,1,
AR,0,0x406AF000,64,1,
AR,0,0x406AF800,64,1,
AR,0,0x406B0000,64,1,
AR,0,0x406B0800,64,1,
AR,0,0x406B1000,64,1,
AR,0,0x406B1800,64,1,
AR,0,0x406B2000,64,1,
AR,0,0x406B2800,64,1,
AR,0,0x406B3000,64,1,
AR,0,0x406B3800,64,1,
AR,0,0x406B4000,64,1,
AR,0,0x406B4800,64,1,
AR,0,0x406B5000,64,1,
AR,0,0x406B5800,64,1,
AR,0,0x406B6000,64,1,
AR,0,0x406B6800,64,1,
AR,0,0x406B7000,64,1,
AR,0,0x406B7800,64,1,
AR,0,0x406B8000,64,1,
AR,0,0x406B8800,64,1,
AR,0,0x406B9000,64,1,
AR,0,0x406B9800,64,1,
AR,0,0x406BA000,64,1,
AR,0,0x406BA800,64,1,
AR,0,0x406BB000,64,1,
AR,0,0x406BB800,64,1,
AR,0,0x406BC000,64,1,
AR,0,0x406BC800,64,1,
BARRIER,,,,,
AR,0,0x406BD000,64,1,
AR,0,0x406BD800,64,1,
AR,0,0x406BE000,64,1,
AR,0,0x406BE800,64,1,
AR,0,0x406BF000,64,1,
AR,0,0x406BF800,64,1,
AR,0,0x406C0000,64,1,
AR,0,0x406C0800,64,1,
AR,0,0x406C1000,64,1,
AR,0,0x406C1800,64,1,
AR,0,0x406C2000,64,1,
AR,0,0x406C2800,64,1,
AR,0,0x406C3000,64,1,
AR,0,0x406C3800,64,1,
AR,0,0x406C4000,64,1,
AR,0,0x406C4800,64,1,
AR,0,0x406C5000,64,1,
AR,0,0x406C5800,64,1,
AR,0,0x406C6000,64,1,
AR,0,0x406C6800,64,1,
AR,0,0x406C7000,64,1,
AR,0,0x406C7800,64,1,
AR,0,0x406C8000,64,1,
AR,0,0x406C8800,64,1,
AR,0,0x406C9000,64,1,
AR,0,0x406C9800,64,1,
AR,0,0x406CA000,64,1,
AR,0,0x406CA800,64,1,
AR,0,0x406CB000,64,1,
AR,0,0x406CB800,64,1,
AR,0,0x406CC000,64,1,
AR,0,0x406CC800,64,1,
AR,0,0x406CD000,64,1,
AR,0,0x406CD800,64,1,
AR,0,0x406CE000,64,1,
AR,0,0x406CE800,64,1,
AR,0,0x406CF000,64,1,
AR,0,0x406CF800,64,1,
AR,0,0x406D0000,64,1,
AR,0,0x406D0800,64,1,
AR,0,0x406D1000,64,1,
AR,0,0x406D1800,64,1,
AR,0,0x406D2000,64,1,
AR,0,0x406D2800,64,1,
AR,0,0x406D3000,64,1,
AR,0,0x406D3800,64,1,
AR,0,0x406D4000,64,1,
AR,0,0x406D4800,64,1,
AR,0,0x406D5000,64,1,
AR,0,0x406D5800,64,1,
AR,0,0x406D6000,64,1,
AR,0,0x406D6800,64,1,
AR,0,0x406D7000,64,1,
AR,0,0x406D7800,64,1,
AR,0,0x406D8000,64,1,
AR,0,0x406D8800,64,1,
AR,0,0x406D9000,64,1,
AR,0,0x406D9800,64,1,
AR,0,0x406DA000,64,1,
AR,0,0x406DA800,64,1,
AR,0,0x406DB000,64,1,
AR,0,0x406DB800,64,1,
AR,0,0x406DC000,64,1,
AR,0,0x406DC800,64,1,
AR,0,0x406DD000,64,1,
AR,0,0x406DD800,64,1,
AR,0,0x406DE000,64,1,
AR,0,0x406DE800,64,1,
AR,0,0x406DF000,64,1,
AR,0,0x406DF800,64,1,
AR,0,0x406E0000,64,1,
AR,0,0x406E0800,64,1,
AR,0,0x406E1000,64,1,
AR,0,0x406E1800,64,1,
AR,0,0x406E2000,64,1,
AR,0,0x406E2800,64,1,
AR,0,0x406E3000,64,1,
AR,0,0x406E3800,64,1,
AR,0,0x406E4000,64,1,
AR,0,0x406E4800,64,1,
AR,0,0x406E5000,64,1,
AR,0,0x406E5800,64,1,
AR,0,0x406E6000,64,1,
AR,0,0x406E6800,64,1,
AR,0,0x406E7000,64,1,
AR,0,0x406E7800,64,1,
AR,0,0x406E8000,64,1,
AR,0,0x406E8800,64,1,
AR,0,0x406E9000,64,1,
AR,0,0x406E9800,64,1,
AR,0,0x406EA000,64,1,
AR,0,0x406EA800,64,1,
AR,0,0x406EB000,64,1,
AR,0,0x406EB800,64,1,
AR,0,0x406EC000,64,1,
AR,0,0x406EC800,64,1,
AR,0,0x406ED000,64,1,
AR,0,0x406ED800,64,1,
AR,0,0x406EE000,64,1,
AR,0,0x406EE800,64,1,
AR,0,0x406EF000,64,1,
AR,0,0x406EF800,64,1,
AR,0,0x406F0000,64,1,
AR,0,0x406F0800,64,1,
AR,0,0x406F1000,64,1,
AR,0,0x406F1800,64,1,
AR,0,0x406F2000,64,1,
AR,0,0x406F2800,64,1,
AR,0,0x406F3000,64,1,
AR,0,0x406F3800,64,1,
AR,0,0x406F4000,64,1,
AR,0,0x406F4800,64,1,
AR,0,0x406F5000,64,1,
AR,0,0x406F5800,64,1,
AR,0,0x406F6000,64,1,
AR,0,0x406F6800,64,1,
AR,0,0x406F7000,64,1,
AR,0,0x406F7800,64,1,
AR,0,0x406F8000,64,1,
AR,0,0x406F8800,64,1,
AR,0,0x406F9000,64,1,
AR,0,0x406F9800,64,1,
AR,0,0x406FA000,64,1,
AR,0,0x406FA800,64,1,
AR,0,0x406FB000,64,1,
AR,0,0x406FB800,64,1,
AR,0,0x406FC000,64,1,
AR,0,0x406FC800,64,1,
AR,0,0x406FD000,64,1,
AR,0,0x406FD800,64,1,
AR,0,0x406FE000,64,1,
AR,0,0x406FE800,64,1,
AR,0,0x406FF000,64,1,
AR,0,0x406FF800,64,1,
AR,0,0x40700000,64,1,
AR,0,0x40700800,64,1,
AR,0,0x40701000,64,1,
AR,0,0x40701800,64,1,
AR,0,0x40702000,64,1,
AR,0,0x40702800,64,1,
AR,0,0x40703000,64,1,
AR,0,0x40703800,64,1,
AR,0,0x40704000,64,1,
AR,0,0x40704800,64,1,
AR,0,0x40705000,64,1,
AR,0,0x40705800,64,1,
AR,0,0x40706000,64,1,
AR,0,0x40706800,64,1,
AR,0,0x40707000,64,1,
AR,0,0x40707800,64,1,
BARRIER,,,,,
AR,0,0x40708000,64,1,
AR,0,0x40708800,64,1,
AR,0,0x40709000,64,1,
AR,0,0x40709800,64,1,
AR,0,0x4070A000,64,1,
AR,0,0x4070A800,64,1,
AR,0,0x4070B000,64,1,
AR,0,0x4070B800,64,1,
AR,0,0x4070C000,64,1,
AR,0,0x4070C800,64,1,
AR,0,0x4070D000,64,1,
AR,0,0x4070D800,64,1,
AR,0,0x4070E000,64,1,
AR,0,0x4070E800,64,1,
AR,0,0x4070F000,64,1,
AR,0,0x4070F800,64,1,
AR,0,0x40710000,64,1,
AR,0,0x40710800,64,1,
AR,0,0x40711000,64,1,
AR,0,0x40711800,64,1,
AR,0,0x40712000,64,1,
AR,0,0x40712800,64,1,
AR,0,0x40713000,64,1,
AR,0,0x40713800,64,1,
AR,0,0x40714000,64,1,
AR,0,0x40714800,64,1,
AR,0,0x40715000,64,1,
AR,0,0x40715800,64,1,
AR,0,0x40716000,64,1,
AR,0,0x40716800,64,1,
AR,0,0x40717000,64,1,
AR,0,0x40717800,64,1,
AR,0,0x40718000,64,1,
AR,0,0x40718800,64,1,
AR,0,0x40719000,64,1,
AR,0,0x40719800,64,1,
AR,0,0x4071A000,64,1,
AR,0,0x4071A800,64,1,
AR,0,0x4071B000,64,1,
AR,0,0x4071B800,64,1,
AR,0,0x4071C000,64,1,
AR,0,0x4071C800,64,1,
AR,0,0x4071D000,64,1,
AR,0,0x4071D800,64,1,
AR,0,0x4071E000,64,1,
AR,0,0x4071E800,64,1,
AR,0,0x4071F000,64,1,
AR,0,0x4071F800,64,1,
AR,0,0x40720000,64,1,
AR,0,0x40720800,64,1,
AR,0,0x40721000,64,1,
AR,0,0x40721800,64,1,
AR,0,0x40722000,64,1,
AR,0,0x40722800,64,1,
AR,0,0x40723000,64,1,
AR,0,0x40723800,64,1,
AR,0,0x40724000,64,1,
AR,0,0x40724800,64,1,
AR,0,0x40725000,64,1,
AR,0,0x40725800,64,1,
AR,0,0x40726000,64,1,
AR,0,0x40726800,64,1,
AR,0,0x40727000,64,1,
AR,0,0x40727800,64,1,
AR,0,0x40728000,64,1,
AR,0,0x40728800,64,1,
AR,0,0x40729000,64,1,
AR,0,0x40729800,64,1,
AR,0,0x4072A000,64,1,
AR,0,0x4072A800,64,1,
AR,0,0x4072B000,64,1,
AR,0,0x4072B800,64,1,
AR,0,0x4072C000,64,1,
AR,0,0x4072C800,64,1,
AR,0,0x4072D000,64,1,
AR,0,0x4072D800,64,1,
AR,0,0x4072E000,64,1,
AR,0,0x4072E800,64,1,
AR,0,0x4072F000,64,1,
AR,0,0x4072F800,64,1,
AR,0,0x40730000,64,1,
AR,0,0x40730800,64,1,
AR,0,0x40731000,64,1,
AR,0,0x40731800,64,1,
AR,0,0x40732000,64,1,
AR,0,0x40732800,64,1,
AR,0,0x40733000,64,1,
AR,0,0x40733800,64,1,
AR,0,0x40734000,64,1,
AR,0,0x40734800,64,1,
AR,0,0x40735000,64,1,
AR,0,0x40735800,64,1,
AR,0,0x40736000,64,1,
AR,0,0x40736800,64,1,
AR,0,0x40737000,64,1,
AR,0,0x40737800,64,1,
AR,0,0x40738000,64,1,
AR,0,0x40738800,64,1,
AR,0,0x40739000,64,1,
AR,0,0x40739800,64,1,
AR,0,0x4073A000,64,1,
AR,0,0x4073A800,64,1,
AR,0,0x4073B000,64,1,
AR,0,0x4073B800,64,1,
AR,0,0x4073C000,64,1,
AR,0,0x4073C800,64,1,
AR,0,0x4073D000,64,1,
AR,0,0x4073D800,64,1,
AR,0,0x4073E000,64,1,
AR,0,0x4073E800,64,1,
AR,0,0x4073F000,64,1,
AR,0,0x4073F800,64,1,
AR,0,0x40740000,64,1,
AR,0,0x40740800,64,1,
AR,0,0x40741000,64,1,
AR,0,0x40741800,64,1,
AR,0,0x40742000,64,1,
AR,0,0x40742800,64,1,
AR,0,0x40743000,64,1,
AR,0,0x40743800,64,1,
AR,0,0x40744000,64,1,
AR,0,0x40744800,64,1,
AR,0,0x40745000,64,1,
AR,0,0x40745800,64,1,
AR,0,0x40746000,64,1,
AR,0,0x40746800,64,1,
AR,0,0x40747000,64,1,
AR,0,0x40747800,64,1,
AR,0,0x40748000,64,1,
AR,0,0x40748800,64,1,
AR,0,0x40749000,64,1,
AR,0,0x40749800,64,1,
AR,0,0x4074A000,64,1,
AR,0,0x4074A800,64,1,
AR,0,0x4074B000,64,1,
AR,0,0x4074B800,64,1,
AR,0,0x4074C000,64,1,
AR,0,0x4074C800,64,1,
AR,0,0x4074D000,64,1,
AR,0,0x4074D800,64,1,
AR,0,0x4074E000,64,1,
AR,0,0x4074E800,64,1,
AR,0,0x4074F000,64,1,
AR,0,0x4074F800,64,1,
AR,0,0x40750000,64,1,
AR,0,0x40750800,64,1,
AR,0,0x40751000,64,1,
AR,0,0x40751800,64,1,
AR,0,0x40752000,64,1,
AR,0,0x40752800,64,1,
BARRIER,,,,,
AR,0,0x40753000,64,1,
AR,0,0x40753800,64,1,
AR,0,0x40754000,64,1,
AR,0,0x40754800,64,1,
AR,0,0x40755000,64,1,
AR,0,0x40755800,64,1,
AR,0,0x40756000,64,1,
AR,0,0x40756800,64,1,
AR,0,0x40757000,64,1,
AR,0,0x40757800,64,1,
AR,0,0x40758000,64,1,
AR,0,0x40758800,64,1,
AR,0,0x40759000,64,1,
AR,0,0x40759800,64,1,
AR,0,0x4075A000,64,1,
AR,0,0x4075A800,64,1,
AR,0,0x4075B000,64,1,
AR,0,0x4075B800,64,1,
AR,0,0x4075C000,64,1,
AR,0,0x4075C800,64,1,
AR,0,0x4075D000,64,1,
AR,0,0x4075D800,64,1,
AR,0,0x4075E000,64,1,
AR,0,0x4075E800,64,1,
AR,0,0x4075F000,64,1,
AR,0,0x4075F800,64,1,
AR,0,0x40760000,64,1,
AR,0,0x40760800,64,1,
AR,0,0x40761000,64,1,
AR,0,0x40761800,64,1,
AR,0,0x40762000,64,1,
AR,0,0x40762800,64,1,
AR,0,0x40763000,64,1,
AR,0,0x40763800,64,1,
AR,0,0x40764000,64,1,
AR,0,0x40764800,64,1,
AR,0,0x40765000,64,1,
AR,0,0x40765800,64,1,
AR,0,0x40766000,64,1,
AR,0,0x40766800,64,1,
AR,0,0x40767000,64,1,
AR,0,0x40767800,64,1,
AR,0,0x40768000,64,1,
AR,0,0x40768800,64,1,
AR,0,0x40769000,64,1,
AR,0,0x40769800,64,1,
AR,0,0x4076A000,64,1,
AR,0,0x4076A800,64,1,
AR,0,0x4076B000,64,1,
AR,0,0x4076B800,64,1,
AR,0,0x4076C000,64,1,
AR,0,0x4076C800,64,1,
AR,0,0x4076D000,64,1,
AR,0,0x4076D800,64,1,
AR,0,0x4076E000,64,1,
AR,0,0x4076E800,64,1,
AR,0,0x4076F000,64,1,
AR,0,0x4076F800,64,1,
AR,0,0x40770000,64,1,
AR,0,0x40770800,64,1,
AR,0,0x40771000,64,1,
AR,0,0x40771800,64,1,
AR,0,0x40772000,64,1,
AR,0,0x40772800,64,1,
AR,0,0x40773000,64,1,
AR,0,0x40773800,64,1,
AR,0,0x40774000,64,1,
AR,0,0x40774800,64,1,
AR,0,0x40775000,64,1,
AR,0,0x40775800,64,1,
AR,0,0x40776000,64,1,
AR,0,0x40776800,64,1,
AR,0,0x40777000,64,1,
AR,0,0x40777800,64,1,
AR,0,0x40778000,64,1,
AR,0,0x40778800,64,1,
AR,0,0x40779000,64,1,
AR,0,0x40779800,64,1,
AR,0,0x4077A000,64,1,
AR,0,0x4077A800,64,1,
AR,0,0x4077B000,64,1,
AR,0,0x4077B800,64,1,
AR,0,0x4077C000,64,1,
AR,0,0x4077C800,64,1,
AR,0,0x4077D000,64,1,
AR,0,0x4077D800,64,1,
AR,0,0x4077E000,64,1,
AR,0,0x4077E800,64,1,
AR,0,0x4077F000,64,1,
AR,0,0x4077F800,64,1,
AR,0,0x40780000,64,1,
AR,0,0x40780800,64,1,
AR,0,0x40781000,64,1,
AR,0,0x40781800,64,1,
AR,0,0x40782000,64,1,
AR,0,0x40782800,64,1,
AR,0,0x40783000,64,1,
AR,0,0x40783800,64,1,
AR,0,0x40784000,64,1,
AR,0,0x40784800,64,1,
AR,0,0x40785000,64,1,
AR,0,0x40785800,64,1,
AR,0,0x40786000,64,1,
AR,0,0x40786800,64,1,
AR,0,0x40787000,64,1,
AR,0,0x40787800,64,1,
AR,0,0x40788000,64,1,
AR,0,0x40788800,64,1,
AR,0,0x40789000,64,1,
AR,0,0x40789800,64,1,
AR,0,0x4078A000,64,1,
AR,0,0x4078A800,64,1,
AR,0,0x4078B000,64,1,
AR,0,0x4078B800,64,1,
AR,0,0x4078C000,64,1,
AR,0,0x4078C800,64,1,
AR,0,0x4078D000,64,1,
AR,0,0x4078D800,64,1,
AR,0,0x4078E000,64,1,
AR,0,0x4078E800,64,1,
AR,0,0x4078F000,64,1,
AR,0,0x4078F800,64,1,
AR,0,0x40790000,64,1,
AR,0,0x40790800,64,1,
AR,0,0x40791000,64,1,
AR,0,0x40791800,64,1,
AR,0,0x40792000,64,1,
AR,0,0x40792800,64,1,
AR,0,0x40793000,64,1,
AR,0,0x40793800,64,1,
AR,0,0x40794000,64,1,
AR,0,0x40794800,64,1,
AR,0,0x40795000,64,1,
AR,0,0x40795800,64,1,
AR,0,0x40796000,64,1,
AR,0,0x40796800,64,1,
AR,0,0x40797000,64,1,
AR,0,0x40797800,64,1,
AR,0,0x40798000,64,1,
AR,0,0x40798800,64,1,
AR,0,0x40799000,64,1,
AR,0,0x40799800,64,1,
AR,0,0x4079A000,64,1,
AR,0,0x4079A800,64,1,
AR,0,0x4079B000,64,1,
AR,0,0x4079B800,64,1,
AR,0,0x4079C000,64,1,
AR,0,0x4079C800,64,1,
AR,0,0x4079D000,64,1,
AR,0,0x4079D800,64,1,
BARRIER,,,,,
AR,0,0x4079E000,64,1,
AR,0,0x4079E800,64,1,
AR,0,0x4079F000,64,1,
AR,0,0x4079F800,64,1,
AR,0,0x407A0000,64,1,
AR,0,0x407A0800,64,1,
AR,0,0x407A1000,64,1,
AR,0,0x407A1800,64,1,
AR,0,0x407A2000,64,1,
AR,0,0x407A2800,64,1,
AR,0,0x407A3000,64,1,
AR,0,0x407A3800,64,1,
AR,0,0x407A4000,64,1,
AR,0,0x407A4800,64,1,
AR,0,0x407A5000,64,1,
AR,0,0x407A5800,64,1,
AR,0,0x407A6000,64,1,
AR,0,0x407A6800,64,1,
AR,0,0x407A7000,64,1,
AR,0,0x407A7800,64,1,
AR,0,0x407A8000,64,1,
AR,0,0x407A8800,64,1,
AR,0,0x407A9000,64,1,
AR,0,0x407A9800,64,1,
AR,0,0x407AA000,64,1,
AR,0,0x407AA800,64,1,
AR,0,0x407AB000,64,1,
AR,0,0x407AB800,64,1,
AR,0,0x407AC000,64,1,
AR,0,0x407AC800,64,1,
AR,0,0x407AD000,64,1,
AR,0,0x407AD800,64,1,
AR,0,0x407AE000,64,1,
AR,0,0x407AE800,64,1,
AR,0,0x407AF000,64,1,
AR,0,0x407AF800,64,1,
AR,0,0x407B0000,64,1,
AR,0,0x407B0800,64,1,
AR,0,0x407B1000,64,1,
AR,0,0x407B1800,64,1,
AR,0,0x407B2000,64,1,
AR,0,0x407B2800,64,1,
AR,0,0x407B3000,64,1,
AR,0,0x407B3800,64,1,
AR,0,0x407B4000,64,1,
AR,0,0x407B4800,64,1,
AR,0,0x407B5000,64,1,
AR,0,0x407B5800,64,1,
AR,0,0x407B6000,64,1,
AR,0,0x407B6800,64,1,
AR,0,0x407B7000,64,1,
AR,0,0x407B7800,64,1,
AR,0,0x407B8000,64,1,
AR,0,0x407B8800,64,1,
AR,0,0x407B9000,64,1,
AR,0,0x407B9800,64,1,
AR,0,0x407BA000,64,1,
AR,0,0x407BA800,64,1,
AR,0,0x407BB000,64,1,
AR,0,0x407BB800,64,1,
AR,0,0x407BC000,64,1,
AR,0,0x407BC800,64,1,
AR,0,0x407BD000,64,1,
AR,0,0x407BD800,64,1,
AR,0,0x407BE000,64,1,
AR,0,0x407BE800,64,1,
AR,0,0x407BF000,64,1,
AR,0,0x407BF800,64,1,
AR,0,0x407C0000,64,1,
AR,0,0x407C0800,64,1,
AR,0,0x407C1000,64,1,
AR,0,0x407C1800,64,1,
AR,0,0x407C2000,64,1,
AR,0,0x407C2800,64,1,
AR,0,0x407C3000,64,1,
AR,0,0x407C3800,64,1,
AR,0,0x407C4000,64,1,
AR,0,0x407C4800,64,1,
AR,0,0x407C5000,64,1,
AR,0,0x407C5800,64,1,
AR,0,0x407C6000,64,1,
AR,0,0x407C6800,64,1,
AR,0,0x407C7000,64,1,
AR,0,0x407C7800,64,1,
AR,0,0x407C8000,64,1,
AR,0,0x407C8800,64,1,
AR,0,0x407C9000,64,1,
AR,0,0x407C9800,64,1,
AR,0,0x407CA000,64,1,
AR,0,0x407CA800,64,1,
AR,0,0x407CB000,64,1,
AR,0,0x407CB800,64,1,
AR,0,0x407CC000,64,1,
AR,0,0x407CC800,64,1,
AR,0,0x407CD000,64,1,
AR,0,0x407CD800,64,1,
AR,0,0x407CE000,64,1,
AR,0,0x407CE800,64,1,
AR,0,0x407CF000,64,1,
AR,0,0x407CF800,64,1,
AR,0,0x407D0000,64,1,
AR,0,0x407D0800,64,1,
AR,0,0x407D1000,64,1,
AR,0,0x407D1800,64,1,
AR,0,0x407D2000,64,1,
AR,0,0x407D2800,64,1,
AR,0,0x407D3000,64,1,
AR,0,0x407D3800,64,1,
AR,0,0x407D4000,64,1,
AR,0,0x407D4800,64,1,
AR,0,0x407D5000,64,1,
AR,0,0x407D5800,64,1,
AR,0,0x407D6000,64,1,
AR,0,0x407D6800,64,1,
AR,0,0x407D7000,64,1,
AR,0,0x407D7800,64,1,
AR,0,0x407D8000,64,1,
AR,0,0x407D8800,64,1,
AR,0,0x407D9000,64,1,
AR,0,0x407D9800,64,1,
AR,0,0x407DA000,64,1,
AR,0,0x407DA800,64,1,
AR,0,0x407DB000,64,1,
AR,0,0x407DB800,64,1,
AR,0,0x407DC000,64,1,
AR,0,0x407DC800,64,1,
AR,0,0x407DD000,64,1,
AR,0,0x407DD800,64,1,
AR,0,0x407DE000,64,1,
AR,0,0x407DE800,64,1,
AR,0,0x407DF000,64,1,
AR,0,0x407DF800,64,1,
AR,0,0x407E0000,64,1,
AR,0,0x407E0800,64,1,
AR,0,0x407E1000,64,1,
AR,0,0x407E1800,64,1,
AR,0,0x407E2000,64,1,
AR,0,0x407E2800,64,1,
AR,0,0x407E3000,64,1,
AR,0,0x407E3800,64,1,
AR,0,0x407E4000,64,1,
AR,0,0x407E4800,64,1,
AR,0,0x407E5000,64,1,
AR,0,0x407E5800,64,1,
AR,0,0x407E6000,64,1,
AR,0,0x407E6800,64,1,
AR,0,0x407E7000,64,1,
AR,0,0x407E7800,64,1,
AR,0,0x407E8000,64,1,
AR,0,0x407E8800,64,1,
BARRIER,,,,,
AR,0,0x407E9000,64,1,
AR,0,0x407E9800,64,1,
AR,0,0x407EA000,64,1,
AR,0,0x407EA800,64,1,
AR,0,0x407EB000,64,1,
AR,0,0x407EB800,64,1,
AR,0,0x407EC000,64,1,
AR,0,0x407EC800,64,1,
AR,0,0x407ED000,64,1,
AR,0,0x407ED800,64,1,
AR,0,0x407EE000,64,1,
AR,0,0x407EE800,64,1,
AR,0,0x407EF000,64,1,
AR,0,0x407EF800,64,1,
AR,0,0x407F0000,64,1,
AR,0,0x407F0800,64,1,
AR,0,0x407F1000,64,1,
AR,0,0x407F1800,64,1,
AR,0,0x407F2000,64,1,
AR,0,0x407F2800,64,1,
AR,0,0x407F3000,64,1,
AR,0,0x407F3800,64,1,
AR,0,0x407F4000,64,1,
AR,0,0x407F4800,64,1,
AR,0,0x407F5000,64,1,
AR,0,0x407F5800,64,1,
AR,0,0x407F6000,64,1,
AR,0,0x407F6800,64,1,
AR,0,0x407F7000,64,1,
AR,0,0x407F7800,64,1,
AR,0,0x407F8000,64,1,
AR,0,0x407F8800,64,1,
AR,0,0x407F9000,64,1,
AR,0,0x407F9800,64,1,
AR,0,0x407FA000,64,1,
AR,0,0x407FA800,64,1,
AR,0,0x407FB000,64,1,
AR,0,0x407FB800,64,1,
AR,0,0x407FC000,64,1,
AR,0,0x407FC800,64,1,
AR,0,0x407FD000,64,1,
AR,0,0x407FD800,64,1,
AR,0,0x407FE000,64,1,
AR,0,0x407FE800,64,1,
AR,0,0x407FF000,64,1,
AR,0,0x407FF800,64,1,
AR,0,0x40800000,64,1,
AR,0,0x40800800,64,1,
AR,0,0x40801000,64,1,
AR,0,0x40801800,64,1,
AR,0,0x40802000,64,1,
AR,0,0x40802800,64,1,
AR,0,0x40803000,64,1,
AR,0,0x40803800,64,1,
AR,0,0x40804000,64,1,
AR,0,0x40804800,64,1,
AR,0,0x40805000,64,1,
AR,0,0x40805800,64,1,
AR,0,0x40806000,64,1,
AR,0,0x40806800,64,1,
AR,0,0x40807000,64,1,
AR,0,0x40807800,64,1,
AR,0,0x40808000,64,1,
AR,0,0x40808800,64,1,
AR,0,0x40809000,64,1,
AR,0,0x40809800,64,1,
AR,0,0x4080A000,64,1,
AR,0,0x4080A800,64,1,
AR,0,0x4080B000,64,1,
AR,0,0x4080B800,64,1,
AR,0,0x4080C000,64,1,
AR,0,0x4080C800,64,1,
AR,0,0x4080D000,64,1,
AR,0,0x4080D800,64,1,
AR,0,0x4080E000,64,1,
AR,0,0x4080E800,64,1,
AR,0,0x4080F000,64,1,
AR,0,0x4080F800,64,1,
AR,0,0x40810000,64,1,
AR,0,0x40810800,64,1,
AR,0,0x40811000,64,1,
AR,0,0x40811800,64,1,
AR,0,0x40812000,64,1,
AR,0,0x40812800,64,1,
AR,0,0x40813000,64,1,
AR,0,0x40813800,64,1,
AR,0,0x40814000,64,1,
AR,0,0x40814800,64,1,
AR,0,0x40815000,64,1,
AR,0,0x40815800,64,1,
AR,0,0x40816000,64,1,
AR,0,0x40816800,64,1,
AR,0,0x40817000,64,1,
AR,0,0x40817800,64,1,
AR,0,0x40818000,64,1,
AR,0,0x40818800,64,1,
AR,0,0x40819000,64,1,
AR,0,0x40819800,64,1,
AR,0,0x4081A000,64,1,
AR,0,0x4081A800,64,1,
AR,0,0x4081B000,64,1,
AR,0,0x4081B800,64,1,
AR,0,0x4081C000,64,1,
AR,0,0x4081C800,64,1,
AR,0,0x4081D000,64,1,
AR,0,0x4081D800,64,1,
AR,0,0x4081E000,64,1,
AR,0,0x4081E800,64,1,
AR,0,0x4081F000,64,1,
AR,0,0x4081F800,64,1,
AR,0,0x40820000,64,1,
AR,0,0x40820800,64,1,
AR,0,0x40821000,64,1,
AR,0,0x40821800,64,1,
AR,0,0x40822000,64,1,
AR,0,0x40822800,64,1,
AR,0,0x40823000,64,1,
AR,0,0x40823800,64,1,
AR,0,0x40824000,64,1,
AR,0,0x40824800,64,1,
AR,0,0x40825000,64,1,
AR,0,0x40825800,64,1,
AR,0,0x40826000,64,1,
AR,0,0x40826800,64,1,
AR,0,0x40827000,64,1,
AR,0,0x40827800,64,1,
AR,0,0x40828000,64,1,
AR,0,0x40828800,64,1,
AR,0,0x40829000,64,1,
AR,0,0x40829800,64,1,
AR,0,0x4082A000,64,1,
AR,0,0x4082A800,64,1,
AR,0,0x4082B000,64,1,
AR,0,0x4082B800,64,1,
AR,0,0x4082C000,64,1,
AR,0,0x4082C800,64,1,
AR,0,0x4082D000,64,1,
AR,0,0x4082D800,64,1,
AR,0,0x4082E000,64,1,
AR,0,0x4082E800,64,1,
AR,0,0x4082F000,64,1,
AR,0,0x4082F800,64,1,
AR,0,0x40830000,64,1,
AR,0,0x40830800,64,1,
AR,0,0x40831000,64,1,
AR,0,0x40831800,64,1,
AR,0,0x40832000,64,1,
AR,0,0x40832800,64,1,
AR,0,0x40833000,64,1,
AR,0,0x40833800,64,1,
BARRIER,,,,,
AR,0,0x40834000,64,1,
AR,0,0x40834800,64,1,
AR,0,0x40835000,64,1,
AR,0,0x40835800,64,1,
AR,0,0x40836000,64,1,
AR,0,0x40836800,64,1,
AR,0,0x40837000,64,1,
AR,0,0x40837800,64,1,
AR,0,0x40838000,64,1,
AR,0,0x40838800,64,1,
AR,0,0x40839000,64,1,
AR,0,0x40839800,64,1,
AR,0,0x4083A000,64,1,
AR,0,0x4083A800,64,1,
AR,0,0x4083B000,64,1,
AR,0,0x4083B800,64,1,
AR,0,0x4083C000,64,1,
AR,0,0x4083C800,64,1,
AR,0,0x4083D000,64,1,
AR,0,0x4083D800,64,1,
AR,0,0x4083E000,64,1,
AR,0,0x4083E800,64,1,
AR,0,0x4083F000,64,1,
AR,0,0x4083F800,64,1,
AR,0,0x40840000,64,1,
AR,0,0x40840800,64,1,
AR,0,0x40841000,64,1,
AR,0,0x40841800,64,1,
AR,0,0x40842000,64,1,
AR,0,0x40842800,64,1,
AR,0,0x40843000,64,1,
AR,0,0x40843800,64,1,
AR,0,0x40844000,64,1,
AR,0,0x40844800,64,1,
AR,0,0x40845000,64,1,
AR,0,0x40845800,64,1,
AR,0,0x40846000,64,1,
AR,0,0x40846800,64,1,
AR,0,0x40847000,64,1,
AR,0,0x40847800,64,1,
AR,0,0x40848000,64,1,
AR,0,0x40848800,64,1,
AR,0,0x40849000,64,1,
AR,0,0x40849800,64,1,
AR,0,0x4084A000,64,1,
AR,0,0x4084A800,64,1,
AR,0,0x4084B000,64,1,
AR,0,0x4084B800,64,1,
AR,0,0x4084C000,64,1,
AR,0,0x4084C800,64,1,
AR,0,0x4084D000,64,1,
AR,0,0x4084D800,64,1,
AR,0,0x4084E000,64,1,
AR,0,0x4084E800,64,1,
AR,0,0x4084F000,64,1,
AR,0,0x4084F800,64,1,
AR,0,0x40850000,64,1,
AR,0,0x40850800,64,1,
AR,0,0x40851000,64,1,
AR,0,0x40851800,64,1,
AR,0,0x40852000,64,1,
AR,0,0x40852800,64,1,
AR,0,0x40853000,64,1,
AR,0,0x40853800,64,1,
AR,0,0x40854000,64,1,
AR,0,0x40854800,64,1,
AR,0,0x40855000,64,1,
AR,0,0x40855800,64,1,
AR,0,0x40856000,64,1,
AR,0,0x40856800,64,1,
AR,0,0x40857000,64,1,
AR,0,0x40857800,64,1,
AR,0,0x40858000,64,1,
AR,0,0x40858800,64,1,
AR,0,0x40859000,64,1,
AR,0,0x40859800,64,1,
AR,0,0x4085A000,64,1,
AR,0,0x4085A800,64,1,
AR,0,0x4085B000,64,1,
AR,0,0x4085B800,64,1,
AR,0,0x4085C000,64,1,
AR,0,0x4085C800,64,1,
AR,0,0x4085D000,64,1,
AR,0,0x4085D800,64,1,
AR,0,0x4085E000,64,1,
AR,0,0x4085E800,64,1,
AR,0,0x4085F000,64,1,
AR,0,0x4085F800,64,1,
AR,0,0x40860000,64,1,
AR,0,0x40860800,64,1,
AR,0,0x40861000,64,1,
AR,0,0x40861800,64,1,
AR,0,0x40862000,64,1,
AR,0,0x40862800,64,1,
AR,0,0x40863000,64,1,
AR,0,0x40863800,64,1,
AR,0,0x40864000,64,1,
AR,0,0x40864800,64,1,
AR,0,0x40865000,64,1,
AR,0,0x40865800,64,1,
AR,0,0x40866000,64,1,
AR,0,0x40866800,64,1,
AR,0,0x40867000,64,1,
AR,0,0x40867800,64,1,
AR,0,0x40868000,64,1,
AR,0,0x40868800,64,1,
AR,0,0x40869000,64,1,
AR,0,0x40869800,64,1,
AR,0,0x4086A000,64,1,
AR,0,0x4086A800,64,1,
AR,0,0x4086B000,64,1,
AR,0,0x4086B800,64,1,
AR,0,0x4086C000,64,1,
AR,0,0x4086C800,64,1,
AR,0,0x4086D000,64,1,
AR,0,0x4086D800,64,1,
AR,0,0x4086E000,64,1,
AR,0,0x4086E800,64,1,
AR,0,0x4086F000,64,1,
AR,0,0x4086F800,64,1,
AR,0,0x40870000,64,1,
AR,0,0x40870800,64,1,
AR,0,0x40871000,64,1,
AR,0,0x40871800,64,1,
AR,0,0x40872000,64,1,
AR,0,0x40872800,64,1,
AR,0,0x40873000,64,1,
AR,0,0x40873800,64,1,
AR,0,0x40874000,64,1,
AR,0,0x40874800,64,1,
AR,0,0x40875000,64,1,
AR,0,0x40875800,64,1,
AR,0,0x40876000,64,1,
AR,0,0x40876800,64,1,
AR,0,0x40877000,64,1,
AR,0,0x40877800,64,1,
AR,0,0x40878000,64,1,
AR,0,0x40878800,64,1,
AR,0,0x40879000,64,1,
AR,0,0x40879800,64,1,
AR,0,0x4087A000,64,1,
AR,0,0x4087A800,64,1,
AR,0,0x4087B000,64,1,
AR,0,0x4087B800,64,1,
AR,0,0x4087C000,64,1,
AR,0,0x4087C800,64,1,
AR,0,0x4087D000,64,1,
AR,0,0x4087D800,64,1,
AR,0,0x4087E000,64,1,
AR,0,0x4087E800,64,1,
BARRIER,,,,,
AR,0,0x4087F000,64,1,
AR,0,0x4087F800,64,1,
AR,0,0x40880000,64,1,
AR,0,0x40880800,64,1,
AR,0,0x40881000,64,1,
AR,0,0x40881800,64,1,
AR,0,0x40882000,64,1,
AR,0,0x40882800,64,1,
AR,0,0x40883000,64,1,
AR,0,0x40883800,64,1,
AR,0,0x40884000,64,1,
AR,0,0x40884800,64,1,
AR,0,0x40885000,64,1,
AR,0,0x40885800,64,1,
AR,0,0x40886000,64,1,
AR,0,0x40886800,64,1,
AR,0,0x40887000,64,1,
AR,0,0x40887800,64,1,
AR,0,0x40888000,64,1,
AR,0,0x40888800,64,1,
AR,0,0x40889000,64,1,
AR,0,0x40889800,64,1,
AR,0,0x4088A000,64,1,
AR,0,0x4088A800,64,1,
AR,0,0x4088B000,64,1,
AR,0,0x4088B800,64,1,
AR,0,0x4088C000,64,1,
AR,0,0x4088C800,64,1,
AR,0,0x4088D000,64,1,
AR,0,0x4088D800,64,1,
AR,0,0x4088E000,64,1,
AR,0,0x4088E800,64,1,
AR,0,0x4088F000,64,1,
AR,0,0x4088F800,64,1,
AR,0,0x40890000,64,1,
AR,0,0x40890800,64,1,
AR,0,0x40891000,64,1,
AR,0,0x40891800,64,1,
AR,0,0x40892000,64,1,
AR,0,0x40892800,64,1,
AR,0,0x40893000,64,1,
AR,0,0x40893800,64,1,
AR,0,0x40894000,64,1,
AR,0,0x40894800,64,1,
AR,0,0x40895000,64,1,
AR,0,0x40895800,64,1,
AR,0,0x40896000,64,1,
AR,0,0x40896800,64,1,
AR,0,0x40897000,64,1,
AR,0,0x40897800,64,1,
AR,0,0x40898000,64,1,
AR,0,0x40898800,64,1,
AR,0,0x40899000,64,1,
AR,0,0x40899800,64,1,
AR,0,0x4089A000,64,1,
AR,0,0x4089A800,64,1,
AR,0,0x4089B000,64,1,
AR,0,0x4089B800,64,1,
AR,0,0x4089C000,64,1,
AR,0,0x4089C800,64,1,
AR,0,0x4089D000,64,1,
AR,0,0x4089D800,64,1,
AR,0,0x4089E000,64,1,
AR,0,0x4089E800,64,1,
AR,0,0x4089F000,64,1,
AR,0,0x4089F800,64,1,
AR,0,0x408A0000,64,1,
AR,0,0x408A0800,64,1,
AR,0,0x408A1000,64,1,
AR,0,0x408A1800,64,1,
AR,0,0x408A2000,64,1,
AR,0,0x408A2800,64,1,
AR,0,0x408A3000,64,1,
AR,0,0x408A3800,64,1,
AR,0,0x408A4000,64,1,
AR,0,0x408A4800,64,1,
AR,0,0x408A5000,64,1,
AR,0,0x408A5800,64,1,
AR,0,0x408A6000,64,1,
AR,0,0x408A6800,64,1,
AR,0,0x408A7000,64,1,
AR,0,0x408A7800,64,1,
AR,0,0x408A8000,64,1,
AR,0,0x408A8800,64,1,
AR,0,0x408A9000,64,1,
AR,0,0x408A9800,64,1,
AR,0,0x408AA000,64,1,
AR,0,0x408AA800,64,1,
AR,0,0x408AB000,64,1,
AR,0,0x408AB800,64,1,
AR,0,0x408AC000,64,1,
AR,0,0x408AC800,64,1,
AR,0,0x408AD000,64,1,
AR,0,0x408AD800,64,1,
AR,0,0x408AE000,64,1,
AR,0,0x408AE800,64,1,
AR,0,0x408AF000,64,1,
AR,0,0x408AF800,64,1,
AR,0,0x408B0000,64,1,
AR,0,0x408B0800,64,1,
AR,0,0x408B1000,64,1,
AR,0,0x408B1800,64,1,
AR,0,0x408B2000,64,1,
AR,0,0x408B2800,64,1,
AR,0,0x408B3000,64,1,
AR,0,0x408B3800,64,1,
AR,0,0x408B4000,64,1,
AR,0,0x408B4800,64,1,
AR,0,0x408B5000,64,1,
AR,0,0x408B5800,64,1,
AR,0,0x408B6000,64,1,
AR,0,0x408B6800,64,1,
AR,0,0x408B7000,64,1,
AR,0,0x408B7800,64,1,
AR,0,0x408B8000,64,1,
AR,0,0x408B8800,64,1,
AR,0,0x408B9000,64,1,
AR,0,0x408B9800,64,1,
AR,0,0x408BA000,64,1,
AR,0,0x408BA800,64,1,
AR,0,0x408BB000,64,1,
AR,0,0x408BB800,64,1,
AR,0,0x408BC000,64,1,
AR,0,0x408BC800,64,1,
AR,0,0x408BD000,64,1,
AR,0,0x408BD800,64,1,
AR,0,0x408BE000,64,1,
AR,0,0x408BE800,64,1,
AR,0,0x408BF000,64,1,
AR,0,0x408BF800,64,1,
AR,0,0x408C0000,64,1,
AR,0,0x408C0800,64,1,
AR,0,0x408C1000,64,1,
AR,0,0x408C1800,64,1,
AR,0,0x408C2000,64,1,
AR,0,0x408C2800,64,1,
AR,0,0x408C3000,64,1,
AR,0,0x408C3800,64,1,
AR,0,0x408C4000,64,1,
AR,0,0x408C4800,64,1,
AR,0,0x408C5000,64,1,
AR,0,0x408C5800,64,1,
AR,0,0x408C6000,64,1,
AR,0,0x408C6800,64,1,
AR,0,0x408C7000,64,1,
AR,0,0x408C7800,64,1,
AR,0,0x408C8000,64,1,
AR,0,0x408C8800,64,1,
AR,0,0x408C9000,64,1,
AR,0,0x408C9800,64,1,
BARRIER,,,,,
AR,0,0x408CA000,64,1,
AR,0,0x408CA800,64,1,
AR,0,0x408CB000,64,1,
AR,0,0x408CB800,64,1,
AR,0,0x408CC000,64,1,
AR,0,0x408CC800,64,1,
AR,0,0x408CD000,64,1,
AR,0,0x408CD800,64,1,
AR,0,0x408CE000,64,1,
AR,0,0x408CE800,64,1,
AR,0,0x408CF000,64,1,
AR,0,0x408CF800,64,1,
AR,0,0x408D0000,64,1,
AR,0,0x408D0800,64,1,
AR,0,0x408D1000,64,1,
AR,0,0x408D1800,64,1,
AR,0,0x408D2000,64,1,
AR,0,0x408D2800,64,1,
AR,0,0x408D3000,64,1,
AR,0,0x408D3800,64,1,
AR,0,0x408D4000,64,1,
AR,0,0x408D4800,64,1,
AR,0,0x408D5000,64,1,
AR,0,0x408D5800,64,1,
AR,0,0x408D6000,64,1,
AR,0,0x408D6800,64,1,
AR,0,0x408D7000,64,1,
AR,0,0x408D7800,64,1,
AR,0,0x408D8000,64,1,
AR,0,0x408D8800,64,1,
AR,0,0x408D9000,64,1,
AR,0,0x408D9800,64,1,
AR,0,0x408DA000,64,1,
AR,0,0x408DA800,64,1,
AR,0,0x408DB000,64,1,
AR,0,0x408DB800,64,1,
AR,0,0x408DC000,64,1,
AR,0,0x408DC800,64,1,
AR,0,0x408DD000,64,1,
AR,0,0x408DD800,64,1,
AR,0,0x408DE000,64,1,
AR,0,0x408DE800,64,1,
AR,0,0x408DF000,64,1,
AR,0,0x408DF800,64,1,
AR,0,0x408E0000,64,1,
AR,0,0x408E0800,64,1,
AR,0,0x408E1000,64,1,
AR,0,0x408E1800,64,1,
AR,0,0x408E2000,64,1,
AR,0,0x408E2800,64,1,
AR,0,0x408E3000,64,1,
AR,0,0x408E3800,64,1,
AR,0,0x408E4000,64,1,
AR,0,0x408E4800,64,1,
AR,0,0x408E5000,64,1,
AR,0,0x408E5800,64,1,
AR,0,0x408E6000,64,1,
AR,0,0x408E6800,64,1,
AR,0,0x408E7000,64,1,
AR,0,0x408E7800,64,1,
AR,0,0x408E8000,64,1,
AR,0,0x408E8800,64,1,
AR,0,0x408E9000,64,1,
AR,0,0x408E9800,64,1,
AR,0,0x408EA000,64,1,
AR,0,0x408EA800,64,1,
AR,0,0x408EB000,64,1,
AR,0,0x408EB800,64,1,
AR,0,0x408EC000,64,1,
AR,0,0x408EC800,64,1,
AR,0,0x408ED000,64,1,
AR,0,0x408ED800,64,1,
AR,0,0x408EE000,64,1,
AR,0,0x408EE800,64,1,
AR,0,0x408EF000,64,1,
AR,0,0x408EF800,64,1,
AR,0,0x408F0000,64,1,
AR,0,0x408F0800,64,1,
AR,0,0x408F1000,64,1,
AR,0,0x408F1800,64,1,
AR,0,0x408F2000,64,1,
AR,0,0x408F2800,64,1,
AR,0,0x408F3000,64,1,
AR,0,0x408F3800,64,1,
AR,0,0x408F4000,64,1,
AR,0,0x408F4800,64,1,
AR,0,0x408F5000,64,1,
AR,0,0x408F5800,64,1,
AR,0,0x408F6000,64,1,
AR,0,0x408F6800,64,1,
AR,0,0x408F7000,64,1,
AR,0,0x408F7800,64,1,
AR,0,0x408F8000,64,1,
AR,0,0x408F8800,64,1,
AR,0,0x408F9000,64,1,
AR,0,0x408F9800,64,1,
AR,0,0x408FA000,64,1,
AR,0,0x408FA800,64,1,
AR,0,0x408FB000,64,1,
AR,0,0x408FB800,64,1,
AR,0,0x408FC000,64,1,
AR,0,0x408FC800,64,1,
AR,0,0x408FD000,64,1,
AR,0,0x408FD800,64,1,
AR,0,0x408FE000,64,1,
AR,0,0x408FE800,64,1,
AR,0,0x408FF000,64,1,
AR,0,0x408FF800,64,1,
AR,0,0x40900000,64,1,
AR,0,0x40900800,64,1,
AR,0,0x40901000,64,1,
AR,0,0x40901800,64,1,
AR,0,0x40902000,64,1,
AR,0,0x40902800,64,1,
AR,0,0x40903000,64,1,
AR,0,0x40903800,64,1,
AR,0,0x40904000,64,1,
AR,0,0x40904800,64,1,
AR,0,0x40905000,64,1,
AR,0,0x40905800,64,1,
AR,0,0x40906000,64,1,
AR,0,0x40906800,64,1,
AR,0,0x40907000,64,1,
AR,0,0x40907800,64,1,
AR,0,0x40908000,64,1,
AR,0,0x40908800,64,1,
AR,0,0x40909000,64,1,
AR,0,0x40909800,64,1,
AR,0,0x4090A000,64,1,
AR,0,0x4090A800,64,1,
AR,0,0x4090B000,64,1,
AR,0,0x4090B800,64,1,
AR,0,0x4090C000,64,1,
AR,0,0x4090C800,64,1,
AR,0,0x4090D000,64,1,
AR,0,0x4090D800,64,1,
AR,0,0x4090E000,64,1,
AR,0,0x4090E800,64,1,
AR,0,0x4090F000,64,1,
AR,0,0x4090F800,64,1,
AR,0,0x40910000,64,1,
AR,0,0x40910800,64,1,
AR,0,0x40911000,64,1,
AR,0,0x40911800,64,1,
AR,0,0x40912000,64,1,
AR,0,0x40912800,64,1,
AR,0,0x40913000,64,1,
AR,0,0x40913800,64,1,
AR,0,0x40914000,64,1,
AR,0,0x40914800,64,1,
BARRIER,,,,,
AR,0,0x40915000,64,1,
AR,0,0x40915800,64,1,
AR,0,0x40916000,64,1,
AR,0,0x40916800,64,1,
AR,0,0x40917000,64,1,
AR,0,0x40917800,64,1,
AR,0,0x40918000,64,1,
AR,0,0x40918800,64,1,
AR,0,0x40919000,64,1,
AR,0,0x40919800,64,1,
AR,0,0x4091A000,64,1,
AR,0,0x4091A800,64,1,
AR,0,0x4091B000,64,1,
AR,0,0x4091B800,64,1,
AR,0,0x4091C000,64,1,
AR,0,0x4091C800,64,1,
AR,0,0x4091D000,64,1,
AR,0,0x4091D800,64,1,
AR,0,0x4091E000,64,1,
AR,0,0x4091E800,64,1,
AR,0,0x4091F000,64,1,
AR,0,0x4091F800,64,1,
AR,0,0x40920000,64,1,
AR,0,0x40920800,64,1,
AR,0,0x40921000,64,1,
AR,0,0x40921800,64,1,
AR,0,0x40922000,64,1,
AR,0,0x40922800,64,1,
AR,0,0x40923000,64,1,
AR,0,0x40923800,64,1,
AR,0,0x40924000,64,1,
AR,0,0x40924800,64,1,
AR,0,0x40925000,64,1,
AR,0,0x40925800,64,1,
AR,0,0x40926000,64,1,
AR,0,0x40926800,64,1,
AR,0,0x40927000,64,1,
AR,0,0x40927800,64,1,
AR,0,0x40928000,64,1,
AR,0,0x40928800,64,1,
AR,0,0x40929000,64,1,
AR,0,0x40929800,64,1,
AR,0,0x4092A000,64,1,
AR,0,0x4092A800,64,1,
AR,0,0x4092B000,64,1,
AR,0,0x4092B800,64,1,
AR,0,0x4092C000,64,1,
AR,0,0x4092C800,64,1,
AR,0,0x4092D000,64,1,
AR,0,0x4092D800,64,1,
AR,0,0x4092E000,64,1,
AR,0,0x4092E800,64,1,
AR,0,0x4092F000,64,1,
AR,0,0x4092F800,64,1,
AR,0,0x40930000,64,1,
AR,0,0x40930800,64,1,
AR,0,0x40931000,64,1,
AR,0,0x40931800,64,1,
AR,0,0x40932000,64,1,
AR,0,0x40932800,64,1,
AR,0,0x40933000,64,1,
AR,0,0x40933800,64,1,
AR,0,0x40934000,64,1,
AR,0,0x40934800,64,1,
AR,0,0x40935000,64,1,
AR,0,0x40935800,64,1,
AR,0,0x40936000,64,1,
AR,0,0x40936800,64,1,
AR,0,0x40937000,64,1,
AR,0,0x40937800,64,1,
AR,0,0x40938000,64,1,
AR,0,0x40938800,64,1,
AR,0,0x40939000,64,1,
AR,0,0x40939800,64,1,
AR,0,0x4093A000,64,1,
AR,0,0x4093A800,64,1,
AR,0,0x4093B000,64,1,
AR,0,0x4093B800,64,1,
AR,0,0x4093C000,64,1,
AR,0,0x4093C800,64,1,
AR,0,0x4093D000,64,1,
AR,0,0x4093D800,64,1,
AR,0,0x4093E000,64,1,
AR,0,0x4093E800,64,1,
AR,0,0x4093F000,64,1,
AR,0,0x4093F800,64,1,
AR,0,0x40940000,64,1,
AR,0,0x40940800,64,1,
AR,0,0x40941000,64,1,
AR,0,0x40941800,64,1,
AR,0,0x40942000,64,1,
AR,0,0x40942800,64,1,
AR,0,0x40943000,64,1,
AR,0,0x40943800,64,1,
AR,0,0x40944000,64,1,
AR,0,0x40944800,64,1,
AR,0,0x40945000,64,1,
AR,0,0x40945800,64,1,
AR,0,0x40946000,64,1,
AR,0,0x40946800,64,1,
AR,0,0x40947000,64,1,
AR,0,0x40947800,64,1,
AR,0,0x40948000,64,1,
AR,0,0x40948800,64,1,
AR,0,0x40949000,64,1,
AR,0,0x40949800,64,1,
AR,0,0x4094A000,64,1,
AR,0,0x4094A800,64,1,
AR,0,0x4094B000,64,1,
AR,0,0x4094B800,64,1,
AR,0,0x4094C000,64,1,
AR,0,0x4094C800,64,1,
AR,0,0x4094D000,64,1,
AR,0,0x4094D800,64,1,
AR,0,0x4094E000,64,1,
AR,0,0x4094E800,64,1,
AR,0,0x4094F000,64,1,
AR,0,0x4094F800,64,1,
AR,0,0x40950000,64,1,
AR,0,0x40950800,64,1,
AR,0,0x40951000,64,1,
AR,0,0x40951800,64,1,
AR,0,0x40952000,64,1,
AR,0,0x40952800,64,1,
AR,0,0x40953000,64,1,
AR,0,0x40953800,64,1,
AR,0,0x40954000,64,1,
AR,0,0x40954800,64,1,
AR,0,0x40955000,64,1,
AR,0,0x40955800,64,1,
AR,0,0x40956000,64,1,
AR,0,0x40956800,64,1,
AR,0,0x40957000,64,1,
AR,0,0x40957800,64,1,
AR,0,0x40958000,64,1,
AR,0,0x40958800,64,1,
AR,0,0x40959000,64,1,
AR,0,0x40959800,64,1,
AR,0,0x4095A000,64,1,
AR,0,0x4095A800,64,1,
AR,0,0x4095B000,64,1,
AR,0,0x4095B800,64,1,
AR,0,0x4095C000,64,1,
AR,0,0x4095C800,64,1,
AR,0,0x4095D000,64,1,
AR,0,0x4095D800,64,1,
AR,0,0x4095E000,64,1,
AR,0,0x4095E800,64,1,
AR,0,0x4095F000,64,1,
AR,0,0x4095F800,64,1,
BARRIER,,,,,
AR,0,0x40960000,64,1,
AR,0,0x40960800,64,1,
AR,0,0x40961000,64,1,
AR,0,0x40961800,64,1,
AR,0,0x40962000,64,1,
AR,0,0x40962800,64,1,
AR,0,0x40963000,64,1,
AR,0,0x40963800,64,1,
AR,0,0x40964000,64,1,
AR,0,0x40964800,64,1,
AR,0,0x40965000,64,1,
AR,0,0x40965800,64,1,
AR,0,0x40966000,64,1,
AR,0,0x40966800,64,1,
AR,0,0x40967000,64,1,
AR,0,0x40967800,64,1,
AR,0,0x40968000,64,1,
AR,0,0x40968800,64,1,
AR,0,0x40969000,64,1,
AR,0,0x40969800,64,1,
AR,0,0x4096A000,64,1,
AR,0,0x4096A800,64,1,
AR,0,0x4096B000,64,1,
AR,0,0x4096B800,64,1,
AR,0,0x4096C000,64,1,
AR,0,0x4096C800,64,1,
AR,0,0x4096D000,64,1,
AR,0,0x4096D800,64,1,
AR,0,0x4096E000,64,1,
AR,0,0x4096E800,64,1,
AR,0,0x4096F000,64,1,
AR,0,0x4096F800,64,1,
AR,0,0x40970000,64,1,
AR,0,0x40970800,64,1,
AR,0,0x40971000,64,1,
AR,0,0x40971800,64,1,
AR,0,0x40972000,64,1,
AR,0,0x40972800,64,1,
AR,0,0x40973000,64,1,
AR,0,0x40973800,64,1,
AR,0,0x40974000,64,1,
AR,0,0x40974800,64,1,
AR,0,0x40975000,64,1,
AR,0,0x40975800,64,1,
AR,0,0x40976000,64,1,
AR,0,0x40976800,64,1,
AR,0,0x40977000,64,1,
AR,0,0x40977800,64,1,
AR,0,0x40978000,64,1,
AR,0,0x40978800,64,1,
AR,0,0x40979000,64,1,
AR,0,0x40979800,64,1,
AR,0,0x4097A000,64,1,
AR,0,0x4097A800,64,1,
AR,0,0x4097B000,64,1,
AR,0,0x4097B800,64,1,
AR,0,0x4097C000,64,1,
AR,0,0x4097C800,64,1,
AR,0,0x4097D000,64,1,
AR,0,0x4097D800,64,1,
AR,0,0x4097E000,64,1,
AR,0,0x4097E800,64,1,
AR,0,0x4097F000,64,1,
AR,0,0x4097F800,64,1,
AR,0,0x40980000,64,1,
AR,0,0x40980800,64,1,
AR,0,0x40981000,64,1,
AR,0,0x40981800,64,1,
AR,0,0x40982000,64,1,
AR,0,0x40982800,64,1,
AR,0,0x40983000,64,1,
AR,0,0x40983800,64,1,
AR,0,0x40984000,64,1,
AR,0,0x40984800,64,1,
AR,0,0x40985000,64,1,
AR,0,0x40985800,64,1,
AR,0,0x40986000,64,1,
AR,0,0x40986800,64,1,
AR,0,0x40987000,64,1,
AR,0,0x40987800,64,1,
AR,0,0x40988000,64,1,
AR,0,0x40988800,64,1,
AR,0,0x40989000,64,1,
AR,0,0x40989800,64,1,
AR,0,0x4098A000,64,1,
AR,0,0x4098A800,64,1,
AR,0,0x4098B000,64,1,
AR,0,0x4098B800,64,1,
AR,0,0x4098C000,64,1,
AR,0,0x4098C800,64,1,
AR,0,0x4098D000,64,1,
AR,0,0x4098D800,64,1,
AR,0,0x4098E000,64,1,
AR,0,0x4098E800,64,1,
AR,0,0x4098F000,64,1,
AR,0,0x4098F800,64,1,
AR,0,0x40990000,64,1,
AR,0,0x40990800,64,1,
AR,0,0x40991000,64,1,
AR,0,0x40991800,64,1,
AR,0,0x40992000,64,1,
AR,0,0x40992800,64,1,
AR,0,0x40993000,64,1,
AR,0,0x40993800,64,1,
AR,0,0x40994000,64,1,
AR,0,0x40994800,64,1,
AR,0,0x40995000,64,1,
AR,0,0x40995800,64,1,
AR,0,0x40996000,64,1,
AR,0,0x40996800,64,1,
AR,0,0x40997000,64,1,
AR,0,0x40997800,64,1,
AR,0,0x40998000,64,1,
AR,0,0x40998800,64,1,
AR,0,0x40999000,64,1,
AR,0,0x40999800,64,1,
AR,0,0x4099A000,64,1,
AR,0,0x4099A800,64,1,
AR,0,0x4099B000,64,1,
AR,0,0x4099B800,64,1,
AR,0,0x4099C000,64,1,
AR,0,0x4099C800,64,1,
AR,0,0x4099D000,64,1,
AR,0,0x4099D800,64,1,
AR,0,0x4099E000,64,1,
AR,0,0x4099E800,64,1,
AR,0,0x4099F000,64,1,
AR,0,0x4099F800,64,1,
AR,0,0x409A0000,64,1,
AR,0,0x409A0800,64,1,
AR,0,0x409A1000,64,1,
AR,0,0x409A1800,64,1,
AR,0,0x409A2000,64,1,
AR,0,0x409A2800,64,1,
AR,0,0x409A3000,64,1,
AR,0,0x409A3800,64,1,
AR,0,0x409A4000,64,1,
AR,0,0x409A4800,64,1,
AR,0,0x409A5000,64,1,
AR,0,0x409A5800,64,1,
AR,0,0x409A6000,64,1,
AR,0,0x409A6800,64,1,
AR,0,0x409A7000,64,1,
AR,0,0x409A7800,64,1,
AR,0,0x409A8000,64,1,
AR,0,0x409A8800,64,1,
AR,0,0x409A9000,64,1,
AR,0,0x409A9800,64,1,
AR,0,0x409AA000,64,1,
AR,0,0x409AA800,64,1,
BARRIER,,,,,
AR,0,0x409AB000,64,1,
AR,0,0x409AB800,64,1,
AR,0,0x409AC000,64,1,
AR,0,0x409AC800,64,1,
AR,0,0x409AD000,64,1,
AR,0,0x409AD800,64,1,
AR,0,0x409AE000,64,1,
AR,0,0x409AE800,64,1,
AR,0,0x409AF000,64,1,
AR,0,0x409AF800,64,1,
AR,0,0x409B0000,64,1,
AR,0,0x409B0800,64,1,
AR,0,0x409B1000,64,1,
AR,0,0x409B1800,64,1,
AR,0,0x409B2000,64,1,
AR,0,0x409B2800,64,1,
AR,0,0x409B3000,64,1,
AR,0,0x409B3800,64,1,
AR,0,0x409B4000,64,1,
AR,0,0x409B4800,64,1,
AR,0,0x409B5000,64,1,
AR,0,0x409B5800,64,1,
AR,0,0x409B6000,64,1,
AR,0,0x409B6800,64,1,
AR,0,0x409B7000,64,1,
AR,0,0x409B7800,64,1,
AR,0,0x409B8000,64,1,
AR,0,0x409B8800,64,1,
AR,0,0x409B9000,64,1,
AR,0,0x409B9800,64,1,
AR,0,0x409BA000,64,1,
AR,0,0x409BA800,64,1,
AR,0,0x409BB000,64,1,
AR,0,0x409BB800,64,1,
AR,0,0x409BC000,64,1,
AR,0,0x409BC800,64,1,
AR,0,0x409BD000,64,1,
AR,0,0x409BD800,64,1,
AR,0,0x409BE000,64,1,
AR,0,0x409BE800,64,1,
AR,0,0x409BF000,64,1,
AR,0,0x409BF800,64,1,
AR,0,0x409C0000,64,1,
AR,0,0x409C0800,64,1,
AR,0,0x409C1000,64,1,
AR,0,0x409C1800,64,1,
AR,0,0x409C2000,64,1,
AR,0,0x409C2800,64,1,
AR,0,0x409C3000,64,1,
AR,0,0x409C3800,64,1,
AR,0,0x409C4000,64,1,
AR,0,0x409C4800,64,1,
AR,0,0x409C5000,64,1,
AR,0,0x409C5800,64,1,
AR,0,0x409C6000,64,1,
AR,0,0x409C6800,64,1,
AR,0,0x409C7000,64,1,
AR,0,0x409C7800,64,1,
AR,0,0x409C8000,64,1,
AR,0,0x409C8800,64,1,
AR,0,0x409C9000,64,1,
AR,0,0x409C9800,64,1,
AR,0,0x409CA000,64,1,
AR,0,0x409CA800,64,1,
AR,0,0x409CB000,64,1,
AR,0,0x409CB800,64,1,
AR,0,0x409CC000,64,1,
AR,0,0x409CC800,64,1,
AR,0,0x409CD000,64,1,
AR,0,0x409CD800,64,1,
AR,0,0x409CE000,64,1,
AR,0,0x409CE800,64,1,
AR,0,0x409CF000,64,1,
AR,0,0x409CF800,64,1,
AR,0,0x409D0000,64,1,
AR,0,0x409D0800,64,1,
AR,0,0x409D1000,64,1,
AR,0,0x409D1800,64,1,
AR,0,0x409D2000,64,1,
AR,0,0x409D2800,64,1,
AR,0,0x409D3000,64,1,
AR,0,0x409D3800,64,1,
AR,0,0x409D4000,64,1,
AR,0,0x409D4800,64,1,
AR,0,0x409D5000,64,1,
AR,0,0x409D5800,64,1,
AR,0,0x409D6000,64,1,
AR,0,0x409D6800,64,1,
AR,0,0x409D7000,64,1,
AR,0,0x409D7800,64,1,
AR,0,0x409D8000,64,1,
AR,0,0x409D8800,64,1,
AR,0,0x409D9000,64,1,
AR,0,0x409D9800,64,1,
AR,0,0x409DA000,64,1,
AR,0,0x409DA800,64,1,
AR,0,0x409DB000,64,1,
AR,0,0x409DB800,64,1,
AR,0,0x409DC000,64,1,
AR,0,0x409DC800,64,1,
AR,0,0x409DD000,64,1,
AR,0,0x409DD800,64,1,
AR,0,0x409DE000,64,1,
AR,0,0x409DE800,64,1,
AR,0,0x409DF000,64,1,
AR,0,0x409DF800,64,1,
AR,0,0x409E0000,64,1,
AR,0,0x409E0800,64,1,
AR,0,0x409E1000,64,1,
AR,0,0x409E1800,64,1,
AR,0,0x409E2000,64,1,
AR,0,0x409E2800,64,1,
AR,0,0x409E3000,64,1,
AR,0,0x409E3800,64,1,
AR,0,0x409E4000,64,1,
AR,0,0x409E4800,64,1,
AR,0,0x409E5000,64,1,
AR,0,0x409E5800,64,1,
AR,0,0x409E6000,64,1,
AR,0,0x409E6800,64,1,
AR,0,0x409E7000,64,1,
AR,0,0x409E7800,64,1,
AR,0,0x409E8000,64,1,
AR,0,0x409E8800,64,1,
AR,0,0x409E9000,64,1,
AR,0,0x409E9800,64,1,
AR,0,0x409EA000,64,1,
AR,0,0x409EA800,64,1,
AR,0,0x409EB000,64,1,
AR,0,0x409EB800,64,1,
AR,0,0x409EC000,64,1,
AR,0,0x409EC800,64,1,
AR,0,0x409ED000,64,1,
AR,0,0x409ED800,64,1,
AR,0,0x409EE000,64,1,
AR,0,0x409EE800,64,1,
AR,0,0x409EF000,64,1,
AR,0,0x409EF800,64,1,
AR,0,0x409F0000,64,1,
AR,0,0x409F0800,64,1,
AR,0,0x409F1000,64,1,
AR,0,0x409F1800,64,1,
AR,0,0x409F2000,64,1,
AR,0,0x409F2800,64,1,
AR,0,0x409F3000,64,1,
AR,0,0x409F3800,64,1,
AR,0,0x409F4000,64,1,
AR,0,0x409F4800,64,1,
AR,0,0x409F5000,64,1,
AR,0,0x409F5800,64,1,
BARRIER,,,,,
AR,0,0x409F6000,64,1,
AR,0,0x409F6800,64,1,
AR,0,0x409F7000,64,1,
AR,0,0x409F7800,64,1,
AR,0,0x409F8000,64,1,
AR,0,0x409F8800,64,1,
AR,0,0x409F9000,64,1,
AR,0,0x409F9800,64,1,
AR,0,0x409FA000,64,1,
AR,0,0x409FA800,64,1,
AR,0,0x409FB000,64,1,
AR,0,0x409FB800,64,1,
AR,0,0x409FC000,64,1,
AR,0,0x409FC800,64,1,
AR,0,0x409FD000,64,1,
AR,0,0x409FD800,64,1,
AR,0,0x409FE000,64,1,
AR,0,0x409FE800,64,1,
AR,0,0x409FF000,64,1,
AR,0,0x409FF800,64,1,
AR,0,0x40A00000,64,1,
AR,0,0x40A00800,64,1,
AR,0,0x40A01000,64,1,
AR,0,0x40A01800,64,1,
AR,0,0x40A02000,64,1,
AR,0,0x40A02800,64,1,
AR,0,0x40A03000,64,1,
AR,0,0x40A03800,64,1,
AR,0,0x40A04000,64,1,
AR,0,0x40A04800,64,1,
AR,0,0x40A05000,64,1,
AR,0,0x40A05800,64,1,
AR,0,0x40A06000,64,1,
AR,0,0x40A06800,64,1,
AR,0,0x40A07000,64,1,
AR,0,0x40A07800,64,1,
AR,0,0x40A08000,64,1,
AR,0,0x40A08800,64,1,
AR,0,0x40A09000,64,1,
AR,0,0x40A09800,64,1,
AR,0,0x40A0A000,64,1,
AR,0,0x40A0A800,64,1,
AR,0,0x40A0B000,64,1,
AR,0,0x40A0B800,64,1,
AR,0,0x40A0C000,64,1,
AR,0,0x40A0C800,64,1,
AR,0,0x40A0D000,64,1,
AR,0,0x40A0D800,64,1,
AR,0,0x40A0E000,64,1,
AR,0,0x40A0E800,64,1,
AR,0,0x40A0F000,64,1,
AR,0,0x40A0F800,64,1,
AR,0,0x40A10000,64,1,
AR,0,0x40A10800,64,1,
AR,0,0x40A11000,64,1,
AR,0,0x40A11800,64,1,
AR,0,0x40A12000,64,1,
AR,0,0x40A12800,64,1,
AR,0,0x40A13000,64,1,
AR,0,0x40A13800,64,1,
AR,0,0x40A14000,64,1,
AR,0,0x40A14800,64,1,
AR,0,0x40A15000,64,1,
AR,0,0x40A15800,64,1,
AR,0,0x40A16000,64,1,
AR,0,0x40A16800,64,1,
AR,0,0x40A17000,64,1,
AR,0,0x40A17800,64,1,
AR,0,0x40A18000,64,1,
AR,0,0x40A18800,64,1,
AR,0,0x40A19000,64,1,
AR,0,0x40A19800,64,1,
AR,0,0x40A1A000,64,1,
AR,0,0x40A1A800,64,1,
AR,0,0x40A1B000,64,1,
AR,0,0x40A1B800,64,1,
AR,0,0x40A1C000,64,1,
AR,0,0x40A1C800,64,1,
AR,0,0x40A1D000,64,1,
AR,0,0x40A1D800,64,1,
AR,0,0x40A1E000,64,1,
AR,0,0x40A1E800,64,1,
AR,0,0x40A1F000,64,1,
AR,0,0x40A1F800,64,1,
AR,0,0x40A20000,64,1,
AR,0,0x40A20800,64,1,
AR,0,0x40A21000,64,1,
AR,0,0x40A21800,64,1,
AR,0,0x40A22000,64,1,
AR,0,0x40A22800,64,1,
AR,0,0x40A23000,64,1,
AR,0,0x40A23800,64,1,
AR,0,0x40A24000,64,1,
AR,0,0x40A24800,64,1,
AR,0,0x40A25000,64,1,
AR,0,0x40A25800,64,1,
AR,0,0x40A26000,64,1,
AR,0,0x40A26800,64,1,
AR,0,0x40A27000,64,1,
AR,0,0x40A27800,64,1,
AR,0,0x40A28000,64,1,
AR,0,0x40A28800,64,1,
AR,0,0x40A29000,64,1,
AR,0,0x40A29800,64,1,
AR,0,0x40A2A000,64,1,
AR,0,0x40A2A800,64,1,
AR,0,0x40A2B000,64,1,
AR,0,0x40A2B800,64,1,
AR,0,0x40A2C000,64,1,
AR,0,0x40A2C800,64,1,
AR,0,0x40A2D000,64,1,
AR,0,0x40A2D800,64,1,
AR,0,0x40A2E000,64,1,
AR,0,0x40A2E800,64,1,
AR,0,0x40A2F000,64,1,
AR,0,0x40A2F800,64,1,
AR,0,0x40A30000,64,1,
AR,0,0x40A30800,64,1,
AR,0,0x40A31000,64,1,
AR,0,0x40A31800,64,1,
AR,0,0x40A32000,64,1,
AR,0,0x40A32800,64,1,
AR,0,0x40A33000,64,1,
AR,0,0x40A33800,64,1,
AR,0,0x40A34000,64,1,
AR,0,0x40A34800,64,1,
AR,0,0x40A35000,64,1,
AR,0,0x40A35800,64,1,
AR,0,0x40A36000,64,1,
AR,0,0x40A36800,64,1,
AR,0,0x40A37000,64,1,
AR,0,0x40A37800,64,1,
AR,0,0x40A38000,64,1,
AR,0,0x40A38800,64,1,
AR,0,0x40A39000,64,1,
AR,0,0x40A39800,64,1,
AR,0,0x40A3A000,64,1,
AR,0,0x40A3A800,64,1,
AR,0,0x40A3B000,64,1,
AR,0,0x40A3B800,64,1,
AR,0,0x40A3C000,64,1,
AR,0,0x40A3C800,64,1,
AR,0,0x40A3D000,64,1,
AR,0,0x40A3D800,64,1,
AR,0,0x40A3E000,64,1,
AR,0,0x40A3E800,64,1,
AR,0,0x40A3F000,64,1,
AR,0,0x40A3F800,64,1,
AR,0,0x40A40000,64,1,
AR,0,0x40A40800,64,1,
BARRIER,,,,,
AR,0,0x40A41000,64,1,
AR,0,0x40A41800,64,1,
AR,0,0x40A42000,64,1,
AR,0,0x40A42800,64,1,
AR,0,0x40A43000,64,1,
AR,0,0x40A43800,64,1,
AR,0,0x40A44000,64,1,
AR,0,0x40A44800,64,1,
AR,0,0x40A45000,64,1,
AR,0,0x40A45800,64,1,
AR,0,0x40A46000,64,1,
AR,0,0x40A46800,64,1,
AR,0,0x40A47000,64,1,
AR,0,0x40A47800,64,1,
AR,0,0x40A48000,64,1,
AR,0,0x40A48800,64,1,
AR,0,0x40A49000,64,1,
AR,0,0x40A49800,64,1,
AR,0,0x40A4A000,64,1,
AR,0,0x40A4A800,64,1,
AR,0,0x40A4B000,64,1,
AR,0,0x40A4B800,64,1,
AR,0,0x40A4C000,64,1,
AR,0,0x40A4C800,64,1,
AR,0,0x40A4D000,64,1,
AR,0,0x40A4D800,64,1,
AR,0,0x40A4E000,64,1,
AR,0,0x40A4E800,64,1,
AR,0,0x40A4F000,64,1,
AR,0,0x40A4F800,64,1,
AR,0,0x40A50000,64,1,
AR,0,0x40A50800,64,1,
AR,0,0x40A51000,64,1,
AR,0,0x40A51800,64,1,
AR,0,0x40A52000,64,1,
AR,0,0x40A52800,64,1,
AR,0,0x40A53000,64,1,
AR,0,0x40A53800,64,1,
AR,0,0x40A54000,64,1,
AR,0,0x40A54800,64,1,
AR,0,0x40A55000,64,1,
AR,0,0x40A55800,64,1,
AR,0,0x40A56000,64,1,
AR,0,0x40A56800,64,1,
AR,0,0x40A57000,64,1,
AR,0,0x40A57800,64,1,
AR,0,0x40A58000,64,1,
AR,0,0x40A58800,64,1,
AR,0,0x40A59000,64,1,
AR,0,0x40A59800,64,1,
AR,0,0x40A5A000,64,1,
AR,0,0x40A5A800,64,1,
AR,0,0x40A5B000,64,1,
AR,0,0x40A5B800,64,1,
AR,0,0x40A5C000,64,1,
AR,0,0x40A5C800,64,1,
AR,0,0x40A5D000,64,1,
AR,0,0x40A5D800,64,1,
AR,0,0x40A5E000,64,1,
AR,0,0x40A5E800,64,1,
AR,0,0x40A5F000,64,1,
AR,0,0x40A5F800,64,1,
AR,0,0x40A60000,64,1,
AR,0,0x40A60800,64,1,
AR,0,0x40A61000,64,1,
AR,0,0x40A61800,64,1,
AR,0,0x40A62000,64,1,
AR,0,0x40A62800,64,1,
AR,0,0x40A63000,64,1,
AR,0,0x40A63800,64,1,
AR,0,0x40A64000,64,1,
AR,0,0x40A64800,64,1,
AR,0,0x40A65000,64,1,
AR,0,0x40A65800,64,1,
AR,0,0x40A66000,64,1,
AR,0,0x40A66800,64,1,
AR,0,0x40A67000,64,1,
AR,0,0x40A67800,64,1,
AR,0,0x40A68000,64,1,
AR,0,0x40A68800,64,1,
AR,0,0x40A69000,64,1,
AR,0,0x40A69800,64,1,
AR,0,0x40A6A000,64,1,
AR,0,0x40A6A800,64,1,
AR,0,0x40A6B000,64,1,
AR,0,0x40A6B800,64,1,
AR,0,0x40A6C000,64,1,
AR,0,0x40A6C800,64,1,
AR,0,0x40A6D000,64,1,
AR,0,0x40A6D800,64,1,
AR,0,0x40A6E000,64,1,
AR,0,0x40A6E800,64,1,
AR,0,0x40A6F000,64,1,
AR,0,0x40A6F800,64,1,
AR,0,0x40A70000,64,1,
AR,0,0x40A70800,64,1,
AR,0,0x40A71000,64,1,
AR,0,0x40A71800,64,1,
AR,0,0x40A72000,64,1,
AR,0,0x40A72800,64,1,
AR,0,0x40A73000,64,1,
AR,0,0x40A73800,64,1,
AR,0,0x40A74000,64,1,
AR,0,0x40A74800,64,1,
AR,0,0x40A75000,64,1,
AR,0,0x40A75800,64,1,
AR,0,0x40A76000,64,1,
AR,0,0x40A76800,64,1,
AR,0,0x40A77000,64,1,
AR,0,0x40A77800,64,1,
AR,0,0x40A78000,64,1,
AR,0,0x40A78800,64,1,
AR,0,0x40A79000,64,1,
AR,0,0x40A79800,64,1,
AR,0,0x40A7A000,64,1,
AR,0,0x40A7A800,64,1,
AR,0,0x40A7B000,64,1,
AR,0,0x40A7B800,64,1,
AR,0,0x40A7C000,64,1,
AR,0,0x40A7C800,64,1,
AR,0,0x40A7D000,64,1,
AR,0,0x40A7D800,64,1,
AR,0,0x40A7E000,64,1,
AR,0,0x40A7E800,64,1,
AR,0,0x40A7F000,64,1,
AR,0,0x40A7F800,64,1,
AR,0,0x40A80000,64,1,
AR,0,0x40A80800,64,1,
AR,0,0x40A81000,64,1,
AR,0,0x40A81800,64,1,
AR,0,0x40A82000,64,1,
AR,0,0x40A82800,64,1,
AR,0,0x40A83000,64,1,
AR,0,0x40A83800,64,1,
AR,0,0x40A84000,64,1,
AR,0,0x40A84800,64,1,
AR,0,0x40A85000,64,1,
AR,0,0x40A85800,64,1,
AR,0,0x40A86000,64,1,
AR,0,0x40A86800,64,1,
AR,0,0x40A87000,64,1,
AR,0,0x40A87800,64,1,
AR,0,0x40A88000,64,1,
AR,0,0x40A88800,64,1,
AR,0,0x40A89000,64,1,
AR,0,0x40A89800,64,1,
AR,0,0x40A8A000,64,1,
AR,0,0x40A8A800,64,1,
AR,0,0x40A8B000,64,1,
AR,0,0x40A8B800,64,1,
BARRIER,,,,,
AR,0,0x40A8C000,64,1,
AR,0,0x40A8C800,64,1,
AR,0,0x40A8D000,64,1,
AR,0,0x40A8D800,64,1,
AR,0,0x40A8E000,64,1,
AR,0,0x40A8E800,64,1,
AR,0,0x40A8F000,64,1,
AR,0,0x40A8F800,64,1,
AR,0,0x40A90000,64,1,
AR,0,0x40A90800,64,1,
AR,0,0x40A91000,64,1,
AR,0,0x40A91800,64,1,
AR,0,0x40A92000,64,1,
AR,0,0x40A92800,64,1,
AR,0,0x40A93000,64,1,
AR,0,0x40A93800,64,1,
AR,0,0x40A94000,64,1,
AR,0,0x40A94800,64,1,
AR,0,0x40A95000,64,1,
AR,0,0x40A95800,64,1,
AR,0,0x40A96000,64,1,
AR,0,0x40A96800,64,1,
AR,0,0x40A97000,64,1,
AR,0,0x40A97800,64,1,
AR,0,0x40A98000,64,1,
AR,0,0x40A98800,64,1,
AR,0,0x40A99000,64,1,
AR,0,0x40A99800,64,1,
AR,0,0x40A9A000,64,1,
AR,0,0x40A9A800,64,1,
AR,0,0x40A9B000,64,1,
AR,0,0x40A9B800,64,1,
AR,0,0x40A9C000,64,1,
AR,0,0x40A9C800,64,1,
AR,0,0x40A9D000,64,1,
AR,0,0x40A9D800,64,1,
AR,0,0x40A9E000,64,1,
AR,0,0x40A9E800,64,1,
AR,0,0x40A9F000,64,1,
AR,0,0x40A9F800,64,1,
AR,0,0x40AA0000,64,1,
AR,0,0x40AA0800,64,1,
AR,0,0x40AA1000,64,1,
AR,0,0x40AA1800,64,1,
AR,0,0x40AA2000,64,1,
AR,0,0x40AA2800,64,1,
AR,0,0x40AA3000,64,1,
AR,0,0x40AA3800,64,1,
AR,0,0x40AA4000,64,1,
AR,0,0x40AA4800,64,1,
AR,0,0x40AA5000,64,1,
AR,0,0x40AA5800,64,1,
AR,0,0x40AA6000,64,1,
AR,0,0x40AA6800,64,1,
AR,0,0x40AA7000,64,1,
AR,0,0x40AA7800,64,1,
AR,0,0x40AA8000,64,1,
AR,0,0x40AA8800,64,1,
AR,0,0x40AA9000,64,1,
AR,0,0x40AA9800,64,1,
AR,0,0x40AAA000,64,1,
AR,0,0x40AAA800,64,1,
AR,0,0x40AAB000,64,1,
AR,0,0x40AAB800,64,1,
AR,0,0x40AAC000,64,1,
AR,0,0x40AAC800,64,1,
AR,0,0x40AAD000,64,1,
AR,0,0x40AAD800,64,1,
AR,0,0x40AAE000,64,1,
AR,0,0x40AAE800,64,1,
AR,0,0x40AAF000,64,1,
AR,0,0x40AAF800,64,1,
AR,0,0x40AB0000,64,1,
AR,0,0x40AB0800,64,1,
AR,0,0x40AB1000,64,1,
AR,0,0x40AB1800,64,1,
AR,0,0x40AB2000,64,1,
AR,0,0x40AB2800,64,1,
AR,0,0x40AB3000,64,1,
AR,0,0x40AB3800,64,1,
AR,0,0x40AB4000,64,1,
AR,0,0x40AB4800,64,1,
AR,0,0x40AB5000,64,1,
AR,0,0x40AB5800,64,1,
AR,0,0x40AB6000,64,1,
AR,0,0x40AB6800,64,1,
AR,0,0x40AB7000,64,1,
AR,0,0x40AB7800,64,1,
AR,0,0x40AB8000,64,1,
AR,0,0x40AB8800,64,1,
AR,0,0x40AB9000,64,1,
AR,0,0x40AB9800,64,1,
AR,0,0x40ABA000,64,1,
AR,0,0x40ABA800,64,1,
AR,0,0x40ABB000,64,1,
AR,0,0x40ABB800,64,1,
AR,0,0x40ABC000,64,1,
AR,0,0x40ABC800,64,1,
AR,0,0x40ABD000,64,1,
AR,0,0x40ABD800,64,1,
AR,0,0x40ABE000,64,1,
AR,0,0x40ABE800,64,1,
AR,0,0x40ABF000,64,1,
AR,0,0x40ABF800,64,1,
AR,0,0x40AC0000,64,1,
AR,0,0x40AC0800,64,1,
AR,0,0x40AC1000,64,1,
AR,0,0x40AC1800,64,1,
AR,0,0x40AC2000,64,1,
AR,0,0x40AC2800,64,1,
AR,0,0x40AC3000,64,1,
AR,0,0x40AC3800,64,1,
AR,0,0x40AC4000,64,1,
AR,0,0x40AC4800,64,1,
AR,0,0x40AC5000,64,1,
AR,0,0x40AC5800,64,1,
AR,0,0x40AC6000,64,1,
AR,0,0x40AC6800,64,1,
AR,0,0x40AC7000,64,1,
AR,0,0x40AC7800,64,1,
AR,0,0x40AC8000,64,1,
AR,0,0x40AC8800,64,1,
AR,0,0x40AC9000,64,1,
AR,0,0x40AC9800,64,1,
AR,0,0x40ACA000,64,1,
AR,0,0x40ACA800,64,1,
AR,0,0x40ACB000,64,1,
AR,0,0x40ACB800,64,1,
AR,0,0x40ACC000,64,1,
AR,0,0x40ACC800,64,1,
AR,0,0x40ACD000,64,1,
AR,0,0x40ACD800,64,1,
AR,0,0x40ACE000,64,1,
AR,0,0x40ACE800,64,1,
AR,0,0x40ACF000,64,1,
AR,0,0x40ACF800,64,1,
AR,0,0x40AD0000,64,1,
AR,0,0x40AD0800,64,1,
AR,0,0x40AD1000,64,1,
AR,0,0x40AD1800,64,1,
AR,0,0x40AD2000,64,1,
AR,0,0x40AD2800,64,1,
AR,0,0x40AD3000,64,1,
AR,0,0x40AD3800,64,1,
AR,0,0x40AD4000,64,1,
AR,0,0x40AD4800,64,1,
AR,0,0x40AD5000,64,1,
AR,0,0x40AD5800,64,1,
AR,0,0x40AD6000,64,1,
AR,0,0x40AD6800,64,1,
BARRIER,,,,,
AR,0,0x40AD7000,64,1,
AR,0,0x40AD7800,64,1,
AR,0,0x40AD8000,64,1,
AR,0,0x40AD8800,64,1,
AR,0,0x40AD9000,64,1,
AR,0,0x40AD9800,64,1,
AR,0,0x40ADA000,64,1,
AR,0,0x40ADA800,64,1,
AR,0,0x40ADB000,64,1,
AR,0,0x40ADB800,64,1,
AR,0,0x40ADC000,64,1,
AR,0,0x40ADC800,64,1,
AR,0,0x40ADD000,64,1,
AR,0,0x40ADD800,64,1,
AR,0,0x40ADE000,64,1,
AR,0,0x40ADE800,64,1,
AR,0,0x40ADF000,64,1,
AR,0,0x40ADF800,64,1,
AR,0,0x40AE0000,64,1,
AR,0,0x40AE0800,64,1,
AR,0,0x40AE1000,64,1,
AR,0,0x40AE1800,64,1,
AR,0,0x40AE2000,64,1,
AR,0,0x40AE2800,64,1,
AR,0,0x40AE3000,64,1,
AR,0,0x40AE3800,64,1,
AR,0,0x40AE4000,64,1,
AR,0,0x40AE4800,64,1,
AR,0,0x40AE5000,64,1,
AR,0,0x40AE5800,64,1,
AR,0,0x40AE6000,64,1,
AR,0,0x40AE6800,64,1,
AR,0,0x40AE7000,64,1,
AR,0,0x40AE7800,64,1,
AR,0,0x40AE8000,64,1,
AR,0,0x40AE8800,64,1,
AR,0,0x40AE9000,64,1,
AR,0,0x40AE9800,64,1,
AR,0,0x40AEA000,64,1,
AR,0,0x40AEA800,64,1,
AR,0,0x40AEB000,64,1,
AR,0,0x40AEB800,64,1,
AR,0,0x40AEC000,64,1,
AR,0,0x40AEC800,64,1,
AR,0,0x40AED000,64,1,
AR,0,0x40AED800,64,1,
AR,0,0x40AEE000,64,1,
AR,0,0x40AEE800,64,1,
AR,0,0x40AEF000,64,1,
AR,0,0x40AEF800,64,1,
AR,0,0x40AF0000,64,1,
AR,0,0x40AF0800,64,1,
AR,0,0x40AF1000,64,1,
AR,0,0x40AF1800,64,1,
AR,0,0x40AF2000,64,1,
AR,0,0x40AF2800,64,1,
AR,0,0x40AF3000,64,1,
AR,0,0x40AF3800,64,1,
AR,0,0x40AF4000,64,1,
AR,0,0x40AF4800,64,1,
AR,0,0x40AF5000,64,1,
AR,0,0x40AF5800,64,1,
AR,0,0x40AF6000,64,1,
AR,0,0x40AF6800,64,1,
AR,0,0x40AF7000,64,1,
AR,0,0x40AF7800,64,1,
AR,0,0x40AF8000,64,1,
AR,0,0x40AF8800,64,1,
AR,0,0x40AF9000,64,1,
AR,0,0x40AF9800,64,1,
AR,0,0x40AFA000,64,1,
AR,0,0x40AFA800,64,1,
AR,0,0x40AFB000,64,1,
AR,0,0x40AFB800,64,1,
AR,0,0x40AFC000,64,1,
AR,0,0x40AFC800,64,1,
AR,0,0x40AFD000,64,1,
AR,0,0x40AFD800,64,1,
AR,0,0x40AFE000,64,1,
AR,0,0x40AFE800,64,1,
AR,0,0x40AFF000,64,1,
AR,0,0x40AFF800,64,1,
AR,0,0x40B00000,64,1,
AR,0,0x40B00800,64,1,
AR,0,0x40B01000,64,1,
AR,0,0x40B01800,64,1,
AR,0,0x40B02000,64,1,
AR,0,0x40B02800,64,1,
AR,0,0x40B03000,64,1,
AR,0,0x40B03800,64,1,
AR,0,0x40B04000,64,1,
AR,0,0x40B04800,64,1,
AR,0,0x40B05000,64,1,
AR,0,0x40B05800,64,1,
AR,0,0x40B06000,64,1,
AR,0,0x40B06800,64,1,
AR,0,0x40B07000,64,1,
AR,0,0x40B07800,64,1,
AR,0,0x40B08000,64,1,
AR,0,0x40B08800,64,1,
AR,0,0x40B09000,64,1,
AR,0,0x40B09800,64,1,
AR,0,0x40B0A000,64,1,
AR,0,0x40B0A800,64,1,
AR,0,0x40B0B000,64,1,
AR,0,0x40B0B800,64,1,
AR,0,0x40B0C000,64,1,
AR,0,0x40B0C800,64,1,
AR,0,0x40B0D000,64,1,
AR,0,0x40B0D800,64,1,
AR,0,0x40B0E000,64,1,
AR,0,0x40B0E800,64,1,
AR,0,0x40B0F000,64,1,
AR,0,0x40B0F800,64,1,
AR,0,0x40B10000,64,1,
AR,0,0x40B10800,64,1,
AR,0,0x40B11000,64,1,
AR,0,0x40B11800,64,1,
AR,0,0x40B12000,64,1,
AR,0,0x40B12800,64,1,
AR,0,0x40B13000,64,1,
AR,0,0x40B13800,64,1,
AR,0,0x40B14000,64,1,
AR,0,0x40B14800,64,1,
AR,0,0x40B15000,64,1,
AR,0,0x40B15800,64,1,
AR,0,0x40B16000,64,1,
AR,0,0x40B16800,64,1,
AR,0,0x40B17000,64,1,
AR,0,0x40B17800,64,1,
AR,0,0x40B18000,64,1,
AR,0,0x40B18800,64,1,
AR,0,0x40B19000,64,1,
AR,0,0x40B19800,64,1,
AR,0,0x40B1A000,64,1,
AR,0,0x40B1A800,64,1,
AR,0,0x40B1B000,64,1,
AR,0,0x40B1B800,64,1,
AR,0,0x40B1C000,64,1,
AR,0,0x40B1C800,64,1,
AR,0,0x40B1D000,64,1,
AR,0,0x40B1D800,64,1,
AR,0,0x40B1E000,64,1,
AR,0,0x40B1E800,64,1,
AR,0,0x40B1F000,64,1,
AR,0,0x40B1F800,64,1,
AR,0,0x40B20000,64,1,
AR,0,0x40B20800,64,1,
AR,0,0x40B21000,64,1,
AR,0,0x40B21800,64,1,
BARRIER,,,,,
AR,0,0x40B22000,64,1,
AR,0,0x40B22800,64,1,
AR,0,0x40B23000,64,1,
AR,0,0x40B23800,64,1,
AR,0,0x40B24000,64,1,
AR,0,0x40B24800,64,1,
AR,0,0x40B25000,64,1,
AR,0,0x40B25800,64,1,
AR,0,0x40B26000,64,1,
AR,0,0x40B26800,64,1,
AR,0,0x40B27000,64,1,
AR,0,0x40B27800,64,1,
AR,0,0x40B28000,64,1,
AR,0,0x40B28800,64,1,
AR,0,0x40B29000,64,1,
AR,0,0x40B29800,64,1,
AR,0,0x40B2A000,64,1,
AR,0,0x40B2A800,64,1,
AR,0,0x40B2B000,64,1,
AR,0,0x40B2B800,64,1,
AR,0,0x40B2C000,64,1,
AR,0,0x40B2C800,64,1,
AR,0,0x40B2D000,64,1,
AR,0,0x40B2D800,64,1,
AR,0,0x40B2E000,64,1,
AR,0,0x40B2E800,64,1,
AR,0,0x40B2F000,64,1,
AR,0,0x40B2F800,64,1,
AR,0,0x40B30000,64,1,
AR,0,0x40B30800,64,1,
AR,0,0x40B31000,64,1,
AR,0,0x40B31800,64,1,
AR,0,0x40B32000,64,1,
AR,0,0x40B32800,64,1,
AR,0,0x40B33000,64,1,
AR,0,0x40B33800,64,1,
AR,0,0x40B34000,64,1,
AR,0,0x40B34800,64,1,
AR,0,0x40B35000,64,1,
AR,0,0x40B35800,64,1,
AR,0,0x40B36000,64,1,
AR,0,0x40B36800,64,1,
AR,0,0x40B37000,64,1,
AR,0,0x40B37800,64,1,
AR,0,0x40B38000,64,1,
AR,0,0x40B38800,64,1,
AR,0,0x40B39000,64,1,
AR,0,0x40B39800,64,1,
AR,0,0x40B3A000,64,1,
AR,0,0x40B3A800,64,1,
AR,0,0x40B3B000,64,1,
AR,0,0x40B3B800,64,1,
AR,0,0x40B3C000,64,1,
AR,0,0x40B3C800,64,1,
AR,0,0x40B3D000,64,1,
AR,0,0x40B3D800,64,1,
AR,0,0x40B3E000,64,1,
AR,0,0x40B3E800,64,1,
AR,0,0x40B3F000,64,1,
AR,0,0x40B3F800,64,1,
AR,0,0x40B40000,64,1,
AR,0,0x40B40800,64,1,
AR,0,0x40B41000,64,1,
AR,0,0x40B41800,64,1,
AR,0,0x40B42000,64,1,
AR,0,0x40B42800,64,1,
AR,0,0x40B43000,64,1,
AR,0,0x40B43800,64,1,
AR,0,0x40B44000,64,1,
AR,0,0x40B44800,64,1,
AR,0,0x40B45000,64,1,
AR,0,0x40B45800,64,1,
AR,0,0x40B46000,64,1,
AR,0,0x40B46800,64,1,
AR,0,0x40B47000,64,1,
AR,0,0x40B47800,64,1,
AR,0,0x40B48000,64,1,
AR,0,0x40B48800,64,1,
AR,0,0x40B49000,64,1,
AR,0,0x40B49800,64,1,
AR,0,0x40B4A000,64,1,
AR,0,0x40B4A800,64,1,
AR,0,0x40B4B000,64,1,
AR,0,0x40B4B800,64,1,
AR,0,0x40B4C000,64,1,
AR,0,0x40B4C800,64,1,
AR,0,0x40B4D000,64,1,
AR,0,0x40B4D800,64,1,
AR,0,0x40B4E000,64,1,
AR,0,0x40B4E800,64,1,
AR,0,0x40B4F000,64,1,
AR,0,0x40B4F800,64,1,
AR,0,0x40B50000,64,1,
AR,0,0x40B50800,64,1,
AR,0,0x40B51000,64,1,
AR,0,0x40B51800,64,1,
AR,0,0x40B52000,64,1,
AR,0,0x40B52800,64,1,
AR,0,0x40B53000,64,1,
AR,0,0x40B53800,64,1,
AR,0,0x40B54000,64,1,
AR,0,0x40B54800,64,1,
AR,0,0x40B55000,64,1,
AR,0,0x40B55800,64,1,
AR,0,0x40B56000,64,1,
AR,0,0x40B56800,64,1,
AR,0,0x40B57000,64,1,
AR,0,0x40B57800,64,1,
AR,0,0x40B58000,64,1,
AR,0,0x40B58800,64,1,
AR,0,0x40B59000,64,1,
AR,0,0x40B59800,64,1,
AR,0,0x40B5A000,64,1,
AR,0,0x40B5A800,64,1,
AR,0,0x40B5B000,64,1,
AR,0,0x40B5B800,64,1,
AR,0,0x40B5C000,64,1,
AR,0,0x40B5C800,64,1,
AR,0,0x40B5D000,64,1,
AR,0,0x40B5D800,64,1,
AR,0,0x40B5E000,64,1,
AR,0,0x40B5E800,64,1,
AR,0,0x40B5F000,64,1,
AR,0,0x40B5F800,64,1,
AR,0,0x40B60000,64,1,
AR,0,0x40B60800,64,1,
AR,0,0x40B61000,64,1,
AR,0,0x40B61800,64,1,
AR,0,0x40B62000,64,1,
AR,0,0x40B62800,64,1,
AR,0,0x40B63000,64,1,
AR,0,0x40B63800,64,1,
AR,0,0x40B64000,64,1,
AR,0,0x40B64800,64,1,
AR,0,0x40B65000,64,1,
AR,0,0x40B65800,64,1,
AR,0,0x40B66000,64,1,
AR,0,0x40B66800,64,1,
AR,0,0x40B67000,64,1,
AR,0,0x40B67800,64,1,
AR,0,0x40B68000,64,1,
AR,0,0x40B68800,64,1,
AR,0,0x40B69000,64,1,
AR,0,0x40B69800,64,1,
AR,0,0x40B6A000,64,1,
AR,0,0x40B6A800,64,1,
AR,0,0x40B6B000,64,1,
AR,0,0x40B6B800,64,1,
AR,0,0x40B6C000,64,1,
AR,0,0x40B6C800,64,1,
BARRIER,,,,,
AR,0,0x40B6D000,64,1,
AR,0,0x40B6D800,64,1,
AR,0,0x40B6E000,64,1,
AR,0,0x40B6E800,64,1,
AR,0,0x40B6F000,64,1,
AR,0,0x40B6F800,64,1,
AR,0,0x40B70000,64,1,
AR,0,0x40B70800,64,1,
AR,0,0x40B71000,64,1,
AR,0,0x40B71800,64,1,
AR,0,0x40B72000,64,1,
AR,0,0x40B72800,64,1,
AR,0,0x40B73000,64,1,
AR,0,0x40B73800,64,1,
AR,0,0x40B74000,64,1,
AR,0,0x40B74800,64,1,
AR,0,0x40B75000,64,1,
AR,0,0x40B75800,64,1,
AR,0,0x40B76000,64,1,
AR,0,0x40B76800,64,1,
AR,0,0x40B77000,64,1,
AR,0,0x40B77800,64,1,
AR,0,0x40B78000,64,1,
AR,0,0x40B78800,64,1,
AR,0,0x40B79000,64,1,
AR,0,0x40B79800,64,1,
AR,0,0x40B7A000,64,1,
AR,0,0x40B7A800,64,1,
AR,0,0x40B7B000,64,1,
AR,0,0x40B7B800,64,1,
AR,0,0x40B7C000,64,1,
AR,0,0x40B7C800,64,1,
AR,0,0x40B7D000,64,1,
AR,0,0x40B7D800,64,1,
AR,0,0x40B7E000,64,1,
AR,0,0x40B7E800,64,1,
AR,0,0x40B7F000,64,1,
AR,0,0x40B7F800,64,1,
AR,0,0x40B80000,64,1,
AR,0,0x40B80800,64,1,
AR,0,0x40B81000,64,1,
AR,0,0x40B81800,64,1,
AR,0,0x40B82000,64,1,
AR,0,0x40B82800,64,1,
AR,0,0x40B83000,64,1,
AR,0,0x40B83800,64,1,
AR,0,0x40B84000,64,1,
AR,0,0x40B84800,64,1,
AR,0,0x40B85000,64,1,
AR,0,0x40B85800,64,1,
AR,0,0x40B86000,64,1,
AR,0,0x40B86800,64,1,
AR,0,0x40B87000,64,1,
AR,0,0x40B87800,64,1,
AR,0,0x40B88000,64,1,
AR,0,0x40B88800,64,1,
AR,0,0x40B89000,64,1,
AR,0,0x40B89800,64,1,
AR,0,0x40B8A000,64,1,
AR,0,0x40B8A800,64,1,
AR,0,0x40B8B000,64,1,
AR,0,0x40B8B800,64,1,
AR,0,0x40B8C000,64,1,
AR,0,0x40B8C800,64,1,
AR,0,0x40B8D000,64,1,
AR,0,0x40B8D800,64,1,
AR,0,0x40B8E000,64,1,
AR,0,0x40B8E800,64,1,
AR,0,0x40B8F000,64,1,
AR,0,0x40B8F800,64,1,
AR,0,0x40B90000,64,1,
AR,0,0x40B90800,64,1,
AR,0,0x40B91000,64,1,
AR,0,0x40B91800,64,1,
AR,0,0x40B92000,64,1,
AR,0,0x40B92800,64,1,
AR,0,0x40B93000,64,1,
AR,0,0x40B93800,64,1,
AR,0,0x40B94000,64,1,
AR,0,0x40B94800,64,1,
AR,0,0x40B95000,64,1,
AR,0,0x40B95800,64,1,
AR,0,0x40B96000,64,1,
AR,0,0x40B96800,64,1,
AR,0,0x40B97000,64,1,
AR,0,0x40B97800,64,1,
AR,0,0x40B98000,64,1,
AR,0,0x40B98800,64,1,
AR,0,0x40B99000,64,1,
AR,0,0x40B99800,64,1,
AR,0,0x40B9A000,64,1,
AR,0,0x40B9A800,64,1,
AR,0,0x40B9B000,64,1,
AR,0,0x40B9B800,64,1,
AR,0,0x40B9C000,64,1,
AR,0,0x40B9C800,64,1,
AR,0,0x40B9D000,64,1,
AR,0,0x40B9D800,64,1,
AR,0,0x40B9E000,64,1,
AR,0,0x40B9E800,64,1,
AR,0,0x40B9F000,64,1,
AR,0,0x40B9F800,64,1,
AR,0,0x40BA0000,64,1,
AR,0,0x40BA0800,64,1,
AR,0,0x40BA1000,64,1,
AR,0,0x40BA1800,64,1,
AR,0,0x40BA2000,64,1,
AR,0,0x40BA2800,64,1,
AR,0,0x40BA3000,64,1,
AR,0,0x40BA3800,64,1,
AR,0,0x40BA4000,64,1,
AR,0,0x40BA4800,64,1,
AR,0,0x40BA5000,64,1,
AR,0,0x40BA5800,64,1,
AR,0,0x40BA6000,64,1,
AR,0,0x40BA6800,64,1,
AR,0,0x40BA7000,64,1,
AR,0,0x40BA7800,64,1,
AR,0,0x40BA8000,64,1,
AR,0,0x40BA8800,64,1,
AR,0,0x40BA9000,64,1,
AR,0,0x40BA9800,64,1,
AR,0,0x40BAA000,64,1,
AR,0,0x40BAA800,64,1,
AR,0,0x40BAB000,64,1,
AR,0,0x40BAB800,64,1,
AR,0,0x40BAC000,64,1,
AR,0,0x40BAC800,64,1,
AR,0,0x40BAD000,64,1,
AR,0,0x40BAD800,64,1,
AR,0,0x40BAE000,64,1,
AR,0,0x40BAE800,64,1,
AR,0,0x40BAF000,64,1,
AR,0,0x40BAF800,64,1,
AR,0,0x40BB0000,64,1,
AR,0,0x40BB0800,64,1,
AR,0,0x40BB1000,64,1,
AR,0,0x40BB1800,64,1,
AR,0,0x40BB2000,64,1,
AR,0,0x40BB2800,64,1,
AR,0,0x40BB3000,64,1,
AR,0,0x40BB3800,64,1,
AR,0,0x40BB4000,64,1,
AR,0,0x40BB4800,64,1,
AR,0,0x40BB5000,64,1,
AR,0,0x40BB5800,64,1,
AR,0,0x40BB6000,64,1,
AR,0,0x40BB6800,64,1,
AR,0,0x40BB7000,64,1,
AR,0,0x40BB7800,64,1,
BARRIER,,,,,
